key	th	en	cn	ja	km	ko	lo	my	vi	ms	id	fil
#	#	#	#	#	#	#	#	#	#	#	#	#
acc_balance_type	ด้านบัญชี	Account Balance Type	账户余额类型	口座残高タイプ	ប្រភេទសមតុល្យគណនី	계정 잔액 유형	ປະເພດຍອດເຫຼືອບັນຊີ	အကောင့်လက်ကျန်အမျိုးအစား	Loại số dư tài khoản	Account Balance Type	Account Balance Type	Account Balance Type
acc_cat	หมวดบัญชี	Account Category	账户类别	アカウントカテゴリ	ប្រភេទគណនី	계정 범주	ໝວດບັນຊີ	အကောင့်အမျိုးအစား	Danh mục tài khoản	Account Category	Account Category	Account Category
acc_level	ระดับบัญชี	Account Level	账户级别	アカウントレベル	កម្រិតគណនី	계정 수준	ລະດັບບັນຊີ	အကောင့်အဆင့်	Cấp tài khoản	Account Level	Account Level	Account Level
acc_period	งวดบัญชี	Account Period	会计期间	会計期間	dរយៈ​ពេល​គណនេយ្យ	회계 기간	ງວດບັນຊີ	စာရင်းကာလ	Kỳ kế toán	Account Period	Account Period	Account Period
acc_years	ปีบัญชี	Account Year	会计年度	会計年度	ឆ្នាំគណនេយ្យ	회계 연도	ປີບັນຊີ	စာရင်းနှစ်	Năm tài chính	Account Year	Account Year	Account Year
accept_term	เมื่อดำเนินการต่อไป คุณได้ยอมรับ 	By continuing, you accept	继续即表示您接受	続行することで、あなたは同意したことになります	ដោយបន្ត អ្នកយល់ព្រម	계속하면 동의하는 것으로 간주됩니다	ເມື່ອດຳເນີນການຕໍ່ໄປ ທ່ານໄດ້ຍອມຮັບ	ဆက်လက်လုပ်ဆောင်ခြင်းဖြင့် သင်လက်ခံပါသည်။	Bằng cách tiếp tục, bạn chấp nhận	By continuing, you accept	By continuing, you accept	By continuing, you accept
access_code	ACCESS CODE	ACCESS CODE	访问代码	アクセスコード	លេខកូដចូលប្រើ	액세스 코드	ລະຫັດເຂົ້າເຖິງ	ဝင်ရောက်ခွင့်ကုဒ်	MÃ TRUY CẬP	ACCESS CODE	ACCESS CODE	ACCESS CODE
accgroup	สำหรับชุดบัญชี :	Account Group	账户组	アカウントグループ	ក្រុមគណនី	계정 그룹	ກຸ່ມບັນຊີ	အကောင့်အုပ်စု	Nhóm tài khoản	Account Group	Account Group	Account Group
account_book	สมุดบัญชี	Account Book	账簿	会計帳簿	សៀវភៅគណនី	회계 장부	ປຶ້ມບັນຊີ	စာရင်းစာအုပ်	Sổ tài khoản	Account Book	Account Book	Account Book
account_chart	ผังบัญชี	Chart of Accounts	会计科目表	勘定科目表	តារាងគណនី	계정 차트	ຜັງບັນຊີ	အကောင့်ဇယား	Hệ thống tài khoản	Chart of Accounts	Chart of Accounts	Chart of Accounts
account_code	รหัสบัญชี	Account Code	账户代码	アカウントコード	លេខកូដគណនី	계정 코드	ລະຫັດບັນຊີ	အကောင့်ကုဒ်	Mã tài khoản	Account Code	Account Code	Account Code
account_deletion_app_name	BC Ai Account	BC Ai Account	BC Ai Account	BC Ai Account	BC Ai Account	BC Ai Account	BC Ai Account	BC Ai Account	BC Ai Account	BC Ai Account	BC Ai Account	BC Ai Account
account_deletion_contact_desc	หากคุณต้องการความช่วยเหลือในการลบบัญชี กรุณาติดต่อทีมงานผ่านช่องทางด้านล่าง	If you need help deleting your account, please contact our support team through the channels below	如果您需要帮助删除帐户，请通过以下渠道联系我们的支持团队	アカウントの削除にサポートが必要な場合は、以下のチャンネルからサポートチームにお問い合わせください	ប្រសិនបើអ្នកត្រូវការជំនួយក្នុងការលុបគណនី សូមទាក់ទងក្រុមការងារតាមច្រកខាងក្រោម	계정 삭제에 도움이 필요하시면 아래 채널을 통해 지원팀에 문의하세요	ຖ້າທ່ານຕ້ອງການຄວາಮ​ຊ່ວຍ​ເຫຼືອ​ໃນ​ການ​ລົບ​ບັນ​ຊີ ກະ​ລຸ​ນາ​ຕິດ​ຕໍ່​ທີ​ມ​ງານ​ຜ່ານ​ຊ່ອງ​ທາງ​ດ້ານ​ລຸ່ມ	အကောင့်ဖျက်ရာတွင် အကူအညီလိုအပ်ပါက အောက်ပါချန်နယ်များမှ ပံ့ပိုးကူညီရေးအဖွဲ့သို့ ဆက်သွယ်ပါ	Nếu bạn cần trợ giúp xóa tài khoản, vui lòng liên hệ đội hỗ trợ qua các kênh bên dưới	If you need help deleting your account, please contact our support team through the channels below	If you need help deleting your account, please contact our support team through the channels below	If you need help deleting your account, please contact our support team through the channels below
account_deletion_contact_title	ติดต่อเราเพื่อขอความช่วยเหลือ	Contact Us for Help	联系我们寻求帮助	ヘルプのためにお問い合わせください	ទាក់ទងមកយើងសម្រាប់ជំនួយ	도움을 요청하려면 문의하세요	ຕິດຕໍ່ພວກເຮົາເພື່ອຂໍຄວາມຊ່ວຍເຫຼືອ	အကူအညီအတွက် ကျွန်ုပ်တို့ကို ဆက်သွယ်ပါ	Liên hệ chúng tôi để được hỗ trợ	Contact Us for Help	Contact Us for Help	Contact Us for Help
account_deletion_copied	คัดลอก LINE ID แล้ว	LINE ID Copied	LINE ID 已复制	LINE IDをコピーしました	បានចម្លង LINE ID	LINE ID가 복사되었습니다	ຄັດລອກ LINE ID ແລ້ວ	LINE ID ကူးယူပြီးပါပြီ	Đã sao chép LINE ID	LINE ID Copied	LINE ID Copied	LINE ID Copied
account_deletion_copy_line_id	คัดลอก LINE ID	Copy LINE ID	复制 LINE ID	LINE IDをコピー	ចម្លង LINE ID	LINE ID 복사	ຄັດລອກ LINE ID	LINE ID ကူးယူရန်	Sao chép LINE ID	Copy LINE ID	Copy LINE ID	Copy LINE ID
account_deletion_intro	คุณสามารถลบบัญชีของคุณได้ภายในแอป โดยทำตามขั้นตอนด้านล่าง หรือติดต่อทีมงานของเราเพื่อขอความช่วยเหลือ	You can delete your account within the app by following the steps below, or contact our support team for assistance	您可以按照以下步骤在应用内删除您的帐户，或联系我们的支持团队寻求帮助	以下の手順でアプリ内からアカウントを削除できます。サポートチームにお問い合わせいただくこともできます	អ្នកអាចលុបគណនីរបស់អ្នកនៅក្នុងកម្មវិធី ដោយធ្វើតាមជំហានខាងក្រោម ឬទាក់ទងក្រុមការងារ	아래 단계를 따라 앱에서 계정을 삭제하거나 지원팀에 문의하세요	ທ່ານສາມາດລົບບັນຊີຂອງທ່ານໄດ້ພາຍໃນແອັບ ໂດຍເຮັດຕາມຂັ້ນຕອນດ້ານລຸ່ມ ຫຼືຕິດຕໍ່ທີมງານເພື່ອຂໍຄວາມຊ່ວຍເຫຼືອ	အောက်ပါအဆင့်များကို လိုက်နာ၍ အက်ပ်အတွင်းမှ သင့်အကောင့်ကို ဖျက်နိုင်သည်	Bạn có thể xóa tài khoản trong ứng dụng bằng cách làm theo các bước bên dưới, hoặc liên hệ đội hỗ trợ	You can delete your account within the app by following the steps below, or contact our support team for assistance	You can delete your account within the app by following the steps below, or contact our support team for assistance	You can delete your account within the app by following the steps below, or contact our support team for assistance
account_deletion_line_id	LINE ID	LINE ID	LINE ID	LINE ID	LINE ID	LINE ID	LINE ID	LINE ID	LINE ID	LINE ID	LINE ID	LINE ID
account_deletion_line_topic	หัวข้อ: ขอลบบัญชีผู้ใช้งาน	Topic: Account Deletion Request	主题：请求删除帐户	件名：アカウント削除リクエスト	ប្រធានបទ: សំណើលុបគណនី	제목: 계정 삭제 요청	ຫົວຂໍ້: ຂໍລົບບັນຊີຜູ້ໃຊ້	ခေါင်းစဉ်: အကောင့်ဖျက်ရန် တောင်းဆိုချက်	Chủ đề: Yêu cầu xóa tài khoản	Topic: Account Deletion Request	Topic: Account Deletion Request	Topic: Account Deletion Request
account_deletion_open_line	เปิด LINE	Open LINE	打开 LINE	LINEを開く	បើក LINE	LINE 열기	ເປີດ LINE	LINE ဖွင့်ရန်	Mở LINE	Open LINE	Open LINE	Open LINE
account_deletion_privacy_note	หมายเหตุ: เมื่อลบบัญชีแล้ว ข้อมูลส่วนตัวทั้งหมดจะถูกลบออกจากระบบภายใน 30 วัน ตามนโยบายความเป็นส่วนตัวของเรา	Note: Once your account is deleted, all personal data will be removed from our system within 30 days according to our privacy policy	注意：帐户删除后，所有个人数据将在30天内根据我们的隐私政策从系统中删除	注意：アカウント削除後、プライバシーポリシーに基づき30日以内にすべての個人データがシステムから削除されます	ចំណាំ: នៅពេលគណនីត្រូវបានលុប ទិន្នន័យផ្ទាល់ខ្លួនទាំងអស់នឹងត្រូវបានដកចេញពីប្រព័ន្ធក្នុងរយៈពេល 30 ថ្ងៃ	참고: 계정이 삭제되면 개인정보 보호 정책에 따라 30일 이내에 모든 개인 데이터가 시스템에서 삭제됩니다	ໝາຍເຫດ: ເມື່ອລົບບັນຊີແລ້ວ ຂໍ້ມູນສ່ວນຕົວທັງໝົດຈະຖືກລົບອອກຈາກລະບົບພາຍໃນ 30 ວັນ	မှတ်ချက်: အကောင့်ဖျက်ပြီးနောက် ကိုယ်ရေးကိုယ်တာအချက်အလက်အားလုံးကို 30 ရက်အတွင်း စနစ်မှ ဖယ်ရှားပါမည်	Lưu ý: Khi tài khoản bị xóa, tất cả dữ liệu cá nhân sẽ bị xóa khỏi hệ thống trong vòng 30 ngày theo chính sách bảo mật	Note: Once your account is deleted, all personal data will be removed from our system within 30 days according to our privacy policy	Note: Once your account is deleted, all personal data will be removed from our system within 30 days according to our privacy policy	Note: Once your account is deleted, all personal data will be removed from our system within 30 days according to our privacy policy
account_deletion_step	ขั้นตอนที่	Step	Step	Step	Step	Step	Step	Step	Step	Step	Step	Step
account_deletion_step_1	เข้าสู่ระบบด้วยบัญชีของคุณ	Login with your account	使用您的帐户登录	あなたのアカウントでログイン	ចូលប្រើដោយគណនីរបស់អ្នក	계정으로 로그인	ເຂົ້າສູ່ລະບົບດ້ວຍບັນຊີຂອງທ່ານ	သင့်အကောင့်ဖြင့် ဝင်ရောက်ပါ	Đăng nhập bằng tài khoản của bạn	Login with your account	Login with your account	Login with your account
account_deletion_step_2	เลือกร้านค้า และไปที่เมนูการตั้งค่า	Select your store and go to Settings menu	选择您的商店并前往设置菜单	店舗を選択し、設定メニューに移動	ជ្រើសរើសហាងរបស់អ្នក ហើយទៅកាន់ម៉ឺនុយកំណត់	매장을 선택하고 설정 메뉴로 이동	ເລືອກຮ້ານຄ້າ ແລະໄປທີ່ເມນູການຕັ້ງຄ່າ	သင့်ဆိုင်ကို ရွေးချယ်ပြီး ဆက်တင်မီနူးသို့ သွားပါ	Chọn cửa hàng và vào menu Cài đặt	Select your store and go to Settings menu	Select your store and go to Settings menu	Select your store and go to Settings menu
account_deletion_step_3	กดปุ่ม 'ลบบัญชี' และยืนยันการลบ	Tap 'Delete Account' button and confirm	点击'删除帐户'按钮并确认	「アカウント削除」ボタンをタップして確認	ចុចប៊ូតុង 'លុបគណនី' ហើយបញ្ជាក់	'계정 삭제' 버튼을 탭하고 확인	ກົດປຸ່ມ 'ລົບບັນຊີ' ແລະຢືນຢັນການລົບ	'အကောင့်ဖျက်ရန်' ခလုတ်ကို နှိပ်ပြီး အတည်ပြုပါ	Nhấn nút 'Xóa tài khoản' và xác nhận	Tap 'Delete Account' button and confirm	Tap 'Delete Account' button and confirm	Tap 'Delete Account' button and confirm
account_deletion_steps_title	ขั้นตอนการลบบัญชี	Account Deletion Steps	Account Deletion Steps	Account Deletion Steps	Account Deletion Steps	Account Deletion Steps	Account Deletion Steps	Account Deletion Steps	Account Deletion Steps	Account Deletion Steps	Account Deletion Steps	Account Deletion Steps
account_deletion_title	วิธีการลบบัญชี	How to Delete Your Account	如何删除您的帐户	アカウントの削除方法	វិធីលុបគណនី	계정 삭제 방법	ວິທີການລົບບັນຊີ	အကောင့်ဖျက်နည်း	Cách xóa tài khoản	How to Delete Your Account	How to Delete Your Account	How to Delete Your Account
account_entry	บันทึกรายการบัญชี	Account Entry	会计分录	会計仕訳	ការបញ្ចូលគណនី	계정 항목	ບັນທຶກລາຍການບັນຊີ	စာရင်းသွင်းခြင်း	Bút toán	Account Entry	Account Entry	Account Entry
account_group	ชุดบัญชี	Account Group	账户组	アカウントグループ	ក្រុមគណនី	계정 그룹	ຊຸດບັນຊີ	အကောင့်အုပ်စု	Nhóm tài khoản	Account Group	Account Group	Account Group
account_name	ชื่อบัญชี	Account Name	账户名称	アカウント名	ឈ្មោះគណនី	계정 이름	ຊື່ບັນຊີ	အကောင့်အမည်	Tên tài khoản	Account Name	Account Name	Account Name
account_number	เลขที่บัญชี	Account Number	账号	口座番号	លេខគណនី	계좌 번호	ເລກບັນຊີ	အကောင့်နံပါတ်	Số tài khoản	Account Number	Account Number	Account Number
accounting	บัญชี	Accounting	会计	会計	គណនេយ្យ	회계	ບັນຊີ	စာရင်းကိုင်	Kế toán	Accounting	Accounting	Accounting
access_control	การเข้าถึง	Access	访问权限	アクセス	ការចូលប្រើ	접근 권한	ການເຂົ້າເຖິງ	အသုံးပြုခွင့်	Truy cập	Akses	Akses	Access
accounting_list	รายการบัญชี	Accounting List	会计清单	会計リスト	បញ្ជីគណនេយ្យ	회계 목록	ລາຍການບັນຊີ	စာရင်းကိုင်စာရင်း	Danh sách kế toán	Accounting List	Accounting List	Accounting List
accounts_payable	เจ้าหนี้การค้า	Accounts Payable	Accounts Payable	Accounts Payable	Accounts Payable	Accounts Payable	Accounts Payable	Accounts Payable	Accounts Payable	Accounts Payable	Accounts Payable	Accounts Payable
accounts_receivable	ลูกหนี้การค้า	Accounts Receivable	Accounts Receivable	Accounts Receivable	Accounts Receivable	Accounts Receivable	Accounts Receivable	Accounts Receivable	Accounts Receivable	Accounts Receivable	Accounts Receivable	Accounts Receivable
accrual_receive	รับค้างรับ	Accrual Receive	应收款项	未収金受取	ការទទួលបង្គរ	미수금 수령	ການຮັບສະສົມ	စုဆောင်းငွေလက်ခံ	Nhận dồn tích	Accrual Receive	Accrual Receive	Accrual Receive
acctive_ac	ผังบัญชีที่ี่ไม่เคลื่อนไหว	Inactive Chart of Accounts	非活动会计科目表	非アクティブな勘定科目表	តារាងគណនីអសកម្ម	비활성 계정 차트	ຜັງບັນຊີທີ່ບໍ່ເຄື່ອນໄຫວ	မလှုပ်ရှားသော အကောင့်ဇယား	Hệ thống tài khoản không hoạt động	Inactive Chart of Accounts	Inactive Chart of Accounts	Inactive Chart of Accounts
action	Acton	Acton	Acton	Acton	Acton	Acton	Acton	Acton	Acton	Acton	Acton	Acton
action_code	รหัสหน้าจอ	Screen Code	屏幕代码	画面コード	កូដអេក្រង់	화면 코드	ລະຫັດໜ້າຈໍ	မျက်နှာပြင်ကုဒ်	Mã màn hình	Screen Code	Screen Code	Screen Code
action_history	ประวัติการดำเนินการ	Action History	操作历史	アクション履歴	ប្រវត្តិសកម្មភាព	작업 이력	ປະຫວັດການດຳເນີນການ	လုပ်ဆောင်ချက်မှတ်တမ်း	Lịch sử hành động	Action History	Action History	Action History
activate	เปิดใช้งาน	Activate	启用	有効化	បើក	활성화	ເປີດໃຊ້	ဖွင့်ပါ	Kích hoạt	Activate	Activate	Activate
active	ใช้งาน	Active	启用	有効	សកម្ម	활성	ໃຊ້ງານ	အသုံးပြု	Hoạt động	Active	Active	Active
active_languages	ภาษาที่ใช้งาน	Active Languages	启用语言	使用言語	ភាសាដែលកំពុងប្រើ	사용 언어	ພາສາທີ່ໃຊ້ງານ	အသုံးပြုနေသော ဘာသာစကားများ	Ngôn ngữ đang dùng	Bahasa aktif	Bahasa aktif	Mga aktibong wika
access_enabled	เข้าใช้งานได้	Can access	允许访问	アクセス可能	អាចចូលប្រើបាន	접속 가능	ເຂົ້າໃຊ້ງານໄດ້	ဝင်ရောက်အသုံးပြုနိုင်သည်	Có thể truy cập	Boleh akses	Dapat mengakses	Maaaring maka-access
access_status	สถานะเข้าใช้งาน	Access status	访问状态	アクセス状態	ស្ថានភាពចូលប្រើ	접속 상태	ສະຖານະການເຂົ້າໃຊ້ງານ	ဝင်ရောက်အသုံးပြုမှုအခြေအနေ	Trạng thái truy cập	Status akses	Status akses	Katayuan ng access
access_temporarily_disabled	เข้าใช้งานไม่ได้ชั่วคราว	Temporarily disabled	暂时禁止访问	一時的に無効	បិទការចូលប្រើបណ្តោះអាសន្ន	일시적으로 접속 중지	ປິດການເຂົ້າໃຊ້ງານຊົ່ວຄາວ	ယာယီဝင်ရောက်ခွင့်ပိတ်ထားသည်	Tạm thời bị khóa	Dilumpuhkan sementara	Dinonaktifkan sementara	Pansamantalang hindi pinapayagan
active_pin	ยีนยัน	Confirm	确认	確認	បញ្ជាក់	확인	ຢືນຢັນ	အတည်ပြု	Xác nhận	Confirm	Confirm	Confirm
active_pin_success	ยีนยันสำเร็จ	Confirm Success	确认成功	確認成功	ការបញ្ជាក់ជោគជ័យ	확인 성공	ຢືນຢັນສຳເລັດ	အတည်ပြုမှု အောင်မြင်သည်	Xác nhận thành công	Confirm Success	Confirm Success	Confirm Success
active_status	สถานะใช้งาน	Active Status	Active Status	Active Status	Active Status	Active Status	Active Status	Active Status	Active Status	Active Status	Active Status	Active Status
add	เพิ่ม	Add	添加	追加	បន្ថែម	추가	ເພີ່ມ	ထည့်	Thêm	Add	Add	Add
add 	เพิ่ม	Add	添加	追加	បន្ថែម	추가	ເພີ່ມ	ထည့်	Thêm	Add	Add	Add
add_addon_option	เพิ่มตัวเลือกเสริม	Add Add-on Option	添加附加选项	追加オプションを追加	បន្ថែមជម្រើសបន្ថែម	추가 옵션 추가	ເພີ່ມຕົວເລືອກເສີມ	ထပ်တိုးရွေးချယ်မှုထည့်ပါ	Thêm tùy chọn bổ sung	Add Add-on Option	Add Add-on Option	Add Add-on Option
add_address_shipping	เพิ่มที่อยู่ส่งสินค้า	Add Shipping Address	添加送货地址	配送先住所を追加	បន្ថែមអាសយដ្ឋានដឹកជញ្ជូន	배송 주소 추가	ເພີ່ມທີ່ຢູ່ຈັດສົ່ງ	ပို့ဆောင်ရန်လိပ်စာထည့်ပါ	Thêm địa chỉ giao hàng	Add Shipping Address	Add Shipping Address	Add Shipping Address
add_all	เพิ่มทั้งหมด	Add All	Add All	Add All	Add All	Add All	Add All	Add All	Add All	Add All	Add All	Add All
add_all_products	เพิ่มสินค้าทั้งหมด	Add All Products	添加所有产品	全商品を追加	បន្ថែមផលិតផលទាំងអស់	모든 제품 추가	ເພີ່ມສິນຄ້າທັງໝົດ	ကုန်ပစ္စည်းအားလုံးထည့်ပါ	Thêm tất cả sản phẩm	Add All Products	Add All Products	Add All Products
add_attachment	เพิ่มไฟล์แนบ	Add Attachment	Add Attachment	Add Attachment	Add Attachment	Add Attachment	Add Attachment	Add Attachment	Add Attachment	Add Attachment	Add Attachment	Add Attachment
add_barcode	เพิ่ม บาร์โค้ด	Add Barcode	添加条形码	バーコードを追加	បន្ថែមបាកូដ	바코드 추가	ເພີ່ມບາໂຄດ	ဘားကုဒ်ထည့်ပါ	Thêm mã vạch	Add Barcode	Add Barcode	Add Barcode
add_branch	เพิ่มสาขา	Add Branch	添加分店	支店を追加	បន្ថែមសាខា	지점 추가	ເພີ່ມສາຂາ	ဆိုင်ခွဲထည့်ပါ	Thêm chi nhánh	Add Branch	Add Branch	Add Branch
add_cash_to_drawer	เพิ่มเงินในลิ้นชัก	Add Cash to Drawer	Add Cash to Drawer	Add Cash to Drawer	Add Cash to Drawer	Add Cash to Drawer	Add Cash to Drawer	Add Cash to Drawer	Add Cash to Drawer	Add Cash to Drawer	Add Cash to Drawer	Add Cash to Drawer
add_cheque	เพิ่มเช็ค	Add Cheque	添加支票	小切手を追加	បន្ថែមមូលប្បទានប័ត្រ	수표 추가	ເພີ່ມເຊັກ	ချက်လက်မှတ်ထည့်ပါ	Thêm séc	Add Cheque	Add Cheque	Add Cheque
add_choice	เพิ่มทางเลือก	Add Choice	添加选择	選択肢を追加	បន្ថែមជម្រើស	선택 추가	ເພີ່ມທາງເລືອກ	ရွေးချယ်မှုထည့်ပါ	Thêm lựa chọn	Add Choice	Add Choice	Add Choice
add_coupon	เพิ่มคูปอง	Add Coupon	添加优惠券	クーポンを追加	បន្ថែមគូប៉ុង	쿠폰 추가	ເພີ່ມຄູປອງ	ကူပွန်ထည့်ပါ	Thêm phiếu giảm giá	Add Coupon	Add Coupon	Add Coupon
add_credit	เพิ่มบัตรเครดิต	Add Credit Card	添加信用卡	クレジットカードを追加	បន្ថែមប័ណ្ណឥណទាន	신용카드 추가	ເພີ່ມບັດເຄຣດິດ	ခရက်ဒစ်ကတ်ထည့်ပါ	Thêm thẻ tín dụng	Add Credit Card	Add Credit Card	Add Credit Card
add_creditcard	เพิ่มบัตรเครดิต	Add Credit Card	添加信用卡	クレジットカードを追加	បន្ថែមប័ណ្ណឥណទាន	신용카드 추가	ເພີ່ມບັດເຄຣດິດ	ခရက်ဒစ်ကတ်ထည့်ပါ	Thêm thẻ tín dụng	Add Credit Card	Add Credit Card	Add Credit Card
add_currency	เพิ่มสกุลเงิน	Add Currency	添加货币	通貨を追加	បន្ថែមរូបិយប័ណ្ណ	통화 추가	ເພີ່ມສະກຸນເງິນ	ငွေကြေးထည့်ပါ	Thêm tiền tệ	Add Currency	Add Currency	Add Currency
add_currency_success	เพิ่มสกุลเงินสำเร็จ	Add Currency Success	添加货币成功	通貨の追加に成功	បន្ថែមរូបិយប័ណ្ណជោគជ័យ	통화 추가 성공	ເພີ່ມສະກຸນເງິນສຳເລັດ	ငွေကြေးထည့်သွင်းပြီးပါပြီ	Thêm tiền tệ thành công	Add Currency Success	Add Currency Success	Add Currency Success
add_customer	เพิ่มลูกค้า	Add Customer	添加客户	顧客を追加	បន្ថែមអតិថិជន	고객 추가	ເພີ່ມລູກຄ້າ	ဖောက်သည်ထည့်ပါ	Thêm khách hàng	Add Customer	Add Customer	Add Customer
add_department_to_branch	เพิ่มแผนกในสาขา	Add Department to Branch	添加部门到分店	支店に部門を追加	បន្ថែមនាយកដ្ឋានទៅសាខា	지점에 부서 추가	ເພີ່ມແຜນກໃຫ້ສາຂາ	ဆိုင်ခွဲသို့ ဌာနထည့်ပါ	Thêm bộ phận vào chi nhánh	Add Department to Branch	Add Department to Branch	Add Department to Branch
add_description	เพิ่มรายละเอียด	Add Details	添加详情	詳細を追加	បន្ថែមព័ត៌មានលម្អិត	세부 정보 추가	ເພີ່ມລາຍລະອຽດ	အသေးစိတ်ထည့်ပါ	Thêm chi tiết	Add Details	Add Details	Add Details
add_detail	เพิ่มเงื่อนไข	Add Condition	添加条件	条件を追加	បន្ថែមលក្ខខណ្ឌ	조건 추가	ເພີ່ມເງື່ອນໄຂ	အခြေအနေထည့်ပါ	Thêm điều kiện	Add Condition	Add Condition	Add Condition
add_dimension	เพิ่มรายละเอียดมิติ	Add Dimension Details	添加维度详情	寸法詳細を追加	បន្ថែមព័ត៌មានលម្អិតវិមាត្រ	치수 세부 정보 추가	ເພີ່ມລາຍລະອຽດມິຕິ	အတိုင်းအတာအသေးစိတ်ထည့်ပါ	Thêm chi tiết kích thước	Add Dimension Details	Add Dimension Details	Add Dimension Details
add_docref	ดึงเอกสารอ้างอิง	Pull Reference Document	拉取参考文档	参照ドキュメントを取得	ទាញឯកសារយោង	참조 문서 가져오기	ດຶງເອກະສານອ້າງອີງ	ကိုးကားစာရွက်စာတမ်းဆွဲယူပါ	Lấy tài liệu tham chiếu	Pull Reference Document	Pull Reference Document	Pull Reference Document
add_docref_purchasereturn	อ้างอิงเอกสารซื้อสินค้า	Reference Purchase Document	参考采购文档	購入ドキュメントを参照	យោងឯកសារទិញ	구매 문서 참조	ອ້າງອີງເອກະສານຊື້	ဝယ်ယူမှုစာရွက်စာတမ်းကိုးကားပါ	Tham chiếu tài liệu mua hàng	Reference Purchase Document	Reference Purchase Document	Reference Purchase Document
add_docref_salereturn	อ้างอิงเอกสารขายสินค้า	Reference Sale Document	参考销售文档	販売ドキュメントを参照	យោងឯកសារលក់	판매 문서 참조	ອ້າງອີງເອກະສານຂາຍ	အရောင်းစာရွက်စာတမ်းကိုးကားပါ	Tham chiếu tài liệu bán hàng	Reference Sale Document	Reference Sale Document	Reference Sale Document
add_docref_stockreturnproduct	อ้างอิงเอกสารเบิกสินค้า	Reference Stock Withdrawal Document	参考提货文档	在庫出庫ドキュメントを参照	យោងឯកសារដកស្តុក	재고 출고 문서 참조	ອ້າງອີງເອກະສານເບີກສິນຄ້າ	ကုန်ပစ္စည်းထုတ်ယူမှုစာရွက်စာတမ်းကိုးကားပါ	Tham chiếu tài liệu xuất kho	Reference Stock Withdrawal Document	Reference Stock Withdrawal Document	Reference Stock Withdrawal Document
add_employee	เพิ่มพนักงาน	Add Employee	添加员工	従業員を追加	បន្ថែមបុគ្គលិក	직원 추가	ເພີ່ມພະນັກງານ	ဝန်ထမ်းထည့်ပါ	Thêm nhân viên	Add Employee	Add Employee	Add Employee
add_exchange_rate	เพิ่มอัตราแลกเปลี่ยน	Add Exchange Rate	添加汇率	為替レートを追加	បន្ថែមអត្រាប្តូរប្រាក់	환율 추가	ເພີ່ມອັດຕາແລກປ່ຽນ	ငွေလဲနှုန်းထည့်ရန်	Thêm tỷ giá	Add Exchange Rate	Add Exchange Rate	Add Exchange Rate
add_exchange_rate_success	เพิ่มอัตราแลกเปลี่ยนสำเร็จ	Exchange rate added successfully	汇率添加成功	為替レートの追加に成功しました	បន្ថែមអត្រាប្តូរប្រាក់ជោគជ័យ	환율이 성공적으로 추가되었습니다	ເພີ່ມອັດຕາແລກປ່ຽນສຳເລັດ	ငွေလဲနှုန်းအောင်မြင်စွာထည့်ပြီး	Thêm tỷ giá thành công	Exchange rate added successfully	Exchange rate added successfully	Exchange rate added successfully
add_failed	เพิ่มไม่สำเร็จ	Failed to add	添加失败	追加に失敗しました	បរាជ័យក្នុងការបន្ថែម	추가 실패	ເພີ່ມບໍ່ສຳເລັດ	ထည့်သွင်းမှု မအောင်မြင်ပါ	Thêm không thành công	Failed to add	Failed to add	Failed to add
add_filter	เพิ่มตัวกรอง	Add Filter	Add Filter	Add Filter	Add Filter	Add Filter	Add Filter	Add Filter	Add Filter	Add Filter	Add Filter	Add Filter
add_first_special_rule	เพิ่มกฎพิเศษแรก	Add first special rule	添加第一个特殊规则	最初の特別ルールを追加	បន្ថែមច្បាប់ពិសេសដំបូង	첫 번째 특별 규칙 추가	ເພີ່ມກົດພິເສດທຳອິດ	ပထမအထူးစည်းမျဉ်းထည့်ရန်	Thêm quy tắc đặc biệt đầu tiên	Add first special rule	Add first special rule	Add first special rule
add_from_shelf	เพิ่มจากชั้นวาง	Add from Shelf	从货架添加	棚から追加	បន្ថែមពីធ្នើ	선반에서 추가	ເພີ່ມຈາກຊັ້ນວາງ	စင်မှထည့်ပါ	Thêm từ kệ	Add from Shelf	Add from Shelf	Add from Shelf
add_image	เพิ่มรูปภาพ	Add Image	添加图片	画像を追加	បន្ថែមរូបភាព	이미지 추가	ເພີ່ມຮູບພາບ	ပုံထည့်ပါ	Thêm hình ảnh	Add Image	Add Image	Add Image
add_language	เพิ่ม ภาษา	Add Language	添加语言	言語を追加	បន្ថែមភាសា	언어 추가	ເພີ່ມພາສາ	ဘာသာစကားထည့်ပါ	Thêm ngôn ngữ	Add Language	Add Language	Add Language
add_line_oa_friend	เพิ่มเพื่อน LINE OA (ถ้ายังไม่ได้เพิ่ม)	Add LINE OA Friend (if not added)	Add LINE OA Friend (if not added)	Add LINE OA Friend (if not added)	Add LINE OA Friend (if not added)	Add LINE OA Friend (if not added)	Add LINE OA Friend (if not added)	Add LINE OA Friend (if not added)	Add LINE OA Friend (if not added)	Add LINE OA Friend (if not added)	Add LINE OA Friend (if not added)	Add LINE OA Friend (if not added)
add_list	เพิ่มรายการ	Add List	添加列表	リストを追加	បន្ថែមបញ្ជី	목록 추가	ເພີ່ມລາຍການ	စာရင်းထည့်ပါ	Thêm danh sách	Add List	Add List	Add List
add_media	เพิ่มสื่อโฆษณา	Add Advertising Media	添加广告媒体	広告メディアを追加	បន្ថែមប្រព័ន្ធផ្សព្វផ្សាយ	광고 매체 추가	ເພີ່ມສື່ໂຄສະນາ	ကြော်ငြာမီဒီယာထည့်ပါ	Thêm phương tiện quảng cáo	Add Advertising Media	Add Advertising Media	Add Advertising Media
add_new	เพิ่มใหม่	New	新增	新規	បន្ថែមថ្មី	새로 추가	ເພີ່ມໃໝ່	အသစ်ထည့်	Thêm mới	New	New	New
add_new_exchange_rate	เพิ่มอัตราแลกเปลี่ยนใหม่	Add New Exchange Rate	添加新汇率	新しい為替レートを追加	បន្ថែមអត្រាប្តូរប្រាក់ថ្មី	새 환율 추가	ເພີ່ມອັດຕາແລກປ່ຽນໃໝ່	ငွေလဲနှုန်းအသစ်ထည့်ရန်	Thêm tỷ giá mới	Add New Exchange Rate	Add New Exchange Rate	Add New Exchange Rate
add_new_line	เพิ่มรายการใหม่	Add New Line	添加新行	新しい行を追加	បន្ថែមបន្ទាត់ថ្មី	새 줄 추가	ເພີ່ມແຖວໃໝ່	လိုင်းသစ်ထည့်ပါ	Thêm dòng mới	Add New Line	Add New Line	Add New Line
add_new_line_by_barcode	เพิ่มรายการใหม่ด้วยบาร์โค้ด	Add New Line by Barcode	通过条形码添加新行	バーコードで新しい行を追加	បន្ថែមបន្ទាត់ថ្មីដោយបាកូដ	바코드로 새 줄 추가	ເພີ່ມແຖວໃໝ່ດ້ວຍບາໂຄດ	ဘားကုဒ်ဖြင့် လိုင်းသစ်ထည့်ပါ	Thêm dòng mới bằng mã vạch	Add New Line by Barcode	Add New Line by Barcode	Add New Line by Barcode
add_new_line_by_search	เพิ่มรายการใหม่ด้วยการค้นหา	Add New Line by Search	通过搜索添加新行	検索で新しい行を追加	បន្ថែមបន្ទាត់ថ្មីដោយការស្វែងរក	검색으로 새 줄 추가	ເພີ່ມແຖວໃໝ່ດ້ວຍການຄົ້ນຫາ	ရှာဖွေမှုဖြင့် လိုင်းသစ်ထည့်ပါ	Thêm dòng mới bằng tìm kiếm	Add New Line by Search	Add New Line by Search	Add New Line by Search
add_new_line_with_barcode	เพิ่มบรรทัดใหม่ด้วยบาร์โค้ด	Add New Line with Barcode	使用条形码添加新行	バーコードで新しい行を追加	បន្ថែមបន្ទាត់ថ្មីជាមួយបាកូដ	바코드로 새 줄 추가	ເພີ່ມແຖວໃໝ່ດ້ວຍບາໂຄດ	ဘားကုဒ်ဖြင့် လိုင်းအသစ်ထည့်ပါ	Thêm dòng mới với mã vạch	Add New Line with Barcode	Add New Line with Barcode	Add New Line with Barcode
add_new_permission	เพิ่มสิทธิ์ใหม่	Add New Permission	Add New Permission	Add New Permission	Add New Permission	Add New Permission	Add New Permission	Add New Permission	Add New Permission	Add New Permission	Add New Permission	Add New Permission
add_new_purchase_type	เพิ่มประเภทการจัดซื้อใหม่	Add New Purchase Type	Add New Purchase Type	Add New Purchase Type	Add New Purchase Type	Add New Purchase Type	Add New Purchase Type	Add New Purchase Type	Add New Purchase Type	Add New Purchase Type	Add New Purchase Type	Add New Purchase Type
add_new_quotation_type	เพิ่มประเภทใบเสนอราคาใหม่	Add New Quotation Type	Add New Quotation Type	Add New Quotation Type	Add New Quotation Type	Add New Quotation Type	Add New Quotation Type	Add New Quotation Type	Add New Quotation Type	Add New Quotation Type	Add New Quotation Type	Add New Quotation Type
add_new_sale_order_type	เพิ่มประเภทใบสั่งขายใหม่	Add New Sale Order Type	Add New Sale Order Type	Add New Sale Order Type	Add New Sale Order Type	Add New Sale Order Type	Add New Sale Order Type	Add New Sale Order Type	Add New Sale Order Type	Add New Sale Order Type	Add New Sale Order Type	Add New Sale Order Type
add_option	เพิ่มตัวเลือก	Add Options	添加选项	オプションを追加	បន្ថែមជម្រើស	옵션 추가	ເພີ່ມທາງເລືອກ	ရွေးချယ်မှုများထည့်ပါ	Thêm tùy chọn	Add Options	Add Options	Add Options
add_order_station	เพิ่มเครื่อง Order Station	Add Order Station	添加点餐台	オーダーステーションを追加	បន្ថែមស្ថានីយបញ្ជាទិញ	주문 스테이션 추가	ເພີ່ມສະຖານີສັ່ງຊື້	အော်ဒါစခန်းထည့်ပါ	Thêm trạm đặt hàng	Add Order Station	Add Order Station	Add Order Station
add_order_type	เพิ่มประเภทการ Order Station / เครื่องดื่ม	Add Order Station / Drink Type	添加点餐/饮料类型	オーダーステーション/ドリンクタイプを追加	បន្ថែមប្រភេទស្ថានីយបញ្ជាទិញ / ភេសជ្ជៈ	주문 스테이션 / 음료 유형 추가	ເພີ່ມປະເພດສະຖານີສັ່ງຊື້ / ເຄື່ອງດື່ມ	အော်ဒါစခန်း / အချိုရည်အမျိုးအစားထည့်ပါ	Thêm loại trạm đặt hàng / đồ uống	Add Order Station / Drink Type	Add Order Station / Drink Type	Add Order Station / Drink Type
add_payment_entry	เพิ่มรายการรับชำระ	Add Payment Entry	添加付款条目	支払い入力の追加	បន្ថែមការទូទាត់	지불 항목 추가	ເພີ່ມລາຍການຮັບຊໍາລະ	ပေးချေမှုအသစ်ထည့်ရန်	Thêm mục thanh toán	Add Payment Entry	Add Payment Entry	Add Payment Entry
add_permission_success	เพิ่มสิทธิ์สำเร็จ	Permission added successfully	Permission added successfully	Permission added successfully	Permission added successfully	Permission added successfully	Permission added successfully	Permission added successfully	Permission added successfully	Permission added successfully	Permission added successfully	Permission added successfully
add_picture	เพิ่มรูปภาพ	Add Image	添加图片	画像を追加	បន្ថែមរូបភាព	이미지 추가	ເພີ່ມຮູບພາບ	ပုံထည့်ပါ	Thêm hình ảnh	Add Image	Add Image	Add Image
add_point_success	เพิ่มแต้มสำเร็จ	Points added successfully	Points added successfully	Points added successfully	Points added successfully	Points added successfully	Points added successfully	Points added successfully	Points added successfully	Points added successfully	Points added successfully	Points added successfully
add_points	เพิ่มแต้ม	Add Points	添加积分	ポイントを追加	បន្ថែមពិន្ទុ	포인트 추가	ເພີ່ມຄະແນນ	အမှတ်ထည့်ပါ	Thêm điểm	Add Points	Add Points	Add Points
add_points_failed	เพิ่มแต้มไม่สำเร็จ	Failed to add points	Failed to add points	Failed to add points	Failed to add points	Failed to add points	Failed to add points	Failed to add points	Failed to add points	Failed to add points	Failed to add points	Failed to add points
add_product	เพิ่มสินค้า	Add Products	添加产品	商品を追加	បន្ថែមផលិតផល	제품 추가	ເພີ່ມສິນຄ້າ	ကုန်ပစ္စည်းထည့်ပါ	Thêm sản phẩm	Add Products	Add Products	Add Products
add_product_from_data_center	เพิ่มสินค้าจากฐานข้อมูลกลาง	Add Product from Data Center	从数据中心添加产品	データセンターから商品を追加	បន្ថែមផលិតផលពីមជ្ឈមណ្ឌលទិន្នន័យ	데이터 센터에서 제품 추가	ເພີ່ມສິນຄ້າຈາກຖານຂໍ້ມູນກາງ	ဒေတာစင်တာမှ ကုန်ပစ္စည်းထည့်ပါ	Thêm sản phẩm từ trung tâm dữ liệu	Add Product from Data Center	Add Product from Data Center	Add Product from Data Center
add_product_to_branch	เพิ่มสินค้าให้สาขา	Add Product to Branch	添加产品到分店	支店に商品を追加	បន្ថែមផលិតផលទៅសាខា	지점에 제품 추가	ເພີ່ມສິນຄ້າໃຫ້ສາຂາ	ဆိုင်ခွဲသို့ ကုန်ပစ္စည်းထည့်ပါ	Thêm sản phẩm vào chi nhánh	Add Product to Branch	Add Product to Branch	Add Product to Branch
add_product_to_cart	เพิ่มสินค้าเข้าตะกร้า	Add Product to Cart	添加商品到购物车	カートに商品を追加	បន្ថែមផលិតផលទៅកន្ត្រក	장바구니에 상품 추가	ເພີ່ມສິນຄ້າເຂົ້າກະຕ່າ	ဈေးခြင်းထဲသို့ ကုန်ပစ္စည်းထည့်ပါ	Thêm sản phẩm vào giỏ hàng	Add Product to Cart	Add Product to Cart	Add Product to Cart
add_product_to_cart_success	เพิ่มสินค้าเข้าตะกร้าสำเร็จ	Product added to cart successfully	商品已成功添加到购物车	カートに商品を追加しました	បានបន្ថែមផលិតផលទៅកន្ត្រកដោយជោគជ័យ	장바구니에 상품이 추가되었습니다	ເພີ່ມສິນຄ້າເຂົ້າກະຕ່າສຳເລັດ	ဈေးခြင်းထဲသို့ ကုန်ပစ္စည်းထည့်ပြီးပါပြီ	Đã thêm sản phẩm vào giỏ hàng thành công	Product added to cart successfully	Product added to cart successfully	Product added to cart successfully
add_product_to_department	เพิ่มสินค้าให้แผนก	Add Product to Department	添加产品到部门	部門に商品を追加	បន្ថែមផលិតផលទៅនាយកដ្ឋាន	부서에 제품 추가	ເພີ່ມສິນຄ້າໃຫ້ແຜນກ	ဌာနသို့ ကုန်ပစ္စည်းထည့်ပါ	Thêm sản phẩm vào bộ phận	Add Product to Department	Add Product to Department	Add Product to Department
add_product_to_kitchen	เพิ่มสินค้าให้ครัว	Add Product to Kitchen	添加产品到厨房	キッチンに商品を追加	បន្ថែមផលិតផលទៅផ្ទះបាយ	주방에 제품 추가	ເພີ່ມສິນຄ້າໃຫ້ເຮືອນຄົວ	မီးဖိုချောင်သို့ ကုန်ပစ္စည်းထည့်ပါ	Thêm sản phẩm vào bếp	Add Product to Kitchen	Add Product to Kitchen	Add Product to Kitchen
add_purchase_type	เพิ่มประเภทการจัดซื้อ	Add Purchase Type	Add Purchase Type	Add Purchase Type	Add Purchase Type	Add Purchase Type	Add Purchase Type	Add Purchase Type	Add Purchase Type	Add Purchase Type	Add Purchase Type	Add Purchase Type
add_qr	เพิ่ม QR CODE	Add QR Code	添加二维码	QRコードを追加	បន្ថែម QR Code	QR 코드 추가	ເພີ່ມ QR CODE	QR ကုဒ်ထည့်ပါ	Thêm mã QR	Add QR Code	Add QR Code	Add QR Code
add_qrcode	เพิ่ม QR CODE	Add QR Code	添加二维码	QRコードを追加	បន្ថែម QR Code	QR 코드 추가	ເພີ່ມ QR CODE	QR ကုဒ်ထည့်ပါ	Thêm mã QR	Add QR Code	Add QR Code	Add QR Code
add_quotation_type	เพิ่มประเภทใบเสนอราคา	Add Quotation Type	Add Quotation Type	Add Quotation Type	Add Quotation Type	Add Quotation Type	Add Quotation Type	Add Quotation Type	Add Quotation Type	Add Quotation Type	Add Quotation Type	Add Quotation Type
add_rectangle	เพิ่มกรอบ	Add Rectangle	添加矩形	長方形を追加	បន្ថែមកម្រង	사각형 추가	ເພີ່ມກອບ	ဘောင် ထည့်ပါ	Thêm khung	Add Rectangle	Add Rectangle	Add Rectangle
add_remark	เพิ่มหมายเหตุ	Add Remark	添加备注	備考を追加	បន្ថែមចំណាំ	비고 추가	ເພີ່ມໝາຍເຫດ	မှတ်ချက်ထည့်ပါ	Thêm ghi chú	Add Remark	Add Remark	Add Remark
add_rule	เพิ่มการปัดเศษ	Add Rounding Rule	添加舍入规则	端数処理ルールを追加	បន្ថែមច្បាប់បង្គត់	반올림 규칙 추가	ເພີ່ມການປັດເສດ	အဝိုင်းစည်းမျဉ်းထည့်ပါ	Thêm quy tắc làm tròn	Add Rounding Rule	Add Rounding Rule	Add Rounding Rule
add_sale_channel	เพิ่มช่องทางการขาย	Add Sales Channel	添加销售渠道	販売チャネルを追加	បន្ថែមឆានែលលក់	판매 채널 추가	ເພີ່ມຊ່ອງທາງການຂາຍ	အရောင်းလမ်းကြောင်းထည့်ပါ	Thêm kênh bán hàng	Add Sales Channel	Add Sales Channel	Add Sales Channel
add_sale_order_type	เพิ่มประเภทใบสั่งขาย	Add Sale Order Type	Add Sale Order Type	Add Sale Order Type	Add Sale Order Type	Add Sale Order Type	Add Sale Order Type	Add Sale Order Type	Add Sale Order Type	Add Sale Order Type	Add Sale Order Type	Add Sale Order Type
add_shelf	เพิ่มชั้นวาง	Add Shelf	添加货架	棚を追加	បន្ថែមធ្នើ	선반 추가	ເພີ່ມຊັ້ນວາງ	စင် ထည့်ပါ	Thêm kệ	Add Shelf	Add Shelf	Add Shelf
add_slip	เพิ่ม SLIP	Add Slip	添加收据	スリップを追加	បន្ថែម SLIP	슬립 추가	ເພີ່ມ SLIP	စလစ်ထည့်ရန်	Thêm phiếu	Add Slip	Add Slip	Add Slip
add_special_rule	เพิ่มกฎพิเศษ	Add Special Rule	添加特殊规则	特別ルールを追加	បន្ថែមច្បាប់ពិសេស	특별 규칙 추가	ເພີ່ມກົດພິເສດ	အထူးစည်းမျဉ်းထည့်ရန်	Thêm quy tắc đặc biệt	Add Special Rule	Add Special Rule	Add Special Rule
add_special_rule_for_promotion	เพิ่มกฎพิเศษสำหรับโปรโมชั่น	Add special rule for promotion	为促销添加特殊规则	プロモーション用の特別ルールを追加	បន្ថែមច្បាប់ពិសេសសម្រាប់ការផ្សព្វផ្សាយ	프로모션 특별 규칙 추가	ເພີ່ມກົດພິເສດສຳລັບໂປຣໂມຊັ່ນ	ပရိုမိုးရှင်းအတွက်အထူးစည်းမျဉ်းထည့်ရန်	Thêm quy tắc đặc biệt cho khuyến mãi	Add special rule for promotion	Add special rule for promotion	Add special rule for promotion
add_sub_item	เพิ่มรายการย่อย	Add Sub Item	添加子项	サブアイテムを追加	បន្ថែមធាតុរង	하위 항목 추가	ເພີ່ມລາຍການຍ່ອຍ	ခွဲစာရင်းထည့်ရန်	Thêm mục phụ	Add Sub Item	Add Sub Item	Add Sub Item
add_sub_option	เพิ่มตัวเลือกย่อย	Add Sub-option	添加子选项	サブオプションを追加	បន្ថែមជម្រើសរង	하위 옵션 추가	ເພີ່ມທາງເລືອກຍ່ອຍ	ခွဲရွေးချယ်မှု ထည့်ရန်	Thêm tùy chọn phụ	Add Sub-option	Add Sub-option	Add Sub-option
add_success	เพิ่มสำเร็จ	Added successfully	Added successfully	Added successfully	Added successfully	Added successfully	Added successfully	Added successfully	Added successfully	Added successfully	Added successfully	Added successfully
add_supplement_option	เพิ่มตัวเลือกเสริม	Add Supplement Option	添加补充选项	追加オプション	បន្ថែមជម្រើសបំពេញ	추가 옵션	ເພີ່ມທາງເລືອກເສີມ	ထပ်တိုးရွေးချယ်မှု	Thêm tùy chọn bổ sung	Add Supplement Option	Add Supplement Option	Add Supplement Option
add_table	เพิ่มตาราง	Add Table	添加表格	テーブルを追加	បន្ថែមតារាង	테이블 추가	ເພີ່ມຕາຕະລາງ	ဇယားထည့်ပါ	Thêm bảng	Add Table	Add Table	Add Table
add_template_order_setting	เพิ่มตั้งค่าเครื่อง Order Station	Add Order Station Settings	添加点餐台设置	オーダーステーション設定を追加	បន្ថែមការកំណត់ស្ថានីយបញ្ជាទិញ	주문 스테이션 설정 추가	ເພີ່ມການຕັ້ງຄ່າສະຖານີສັ່ງຊື້	အော်ဒါစခန်းဆက်တင်များထည့်ပါ	Thêm cài đặt trạm đặt hàng	Add Order Station Settings	Add Order Station Settings	Add Order Station Settings
add_text	เพิ่มข้อความ	Add Text	添加文本	テキストを追加	បន្ថែមអត្ថបទ	텍스트 추가	ເພີ່ມຂໍ້ຄວາມ	စာသားထည့်ပါ	Thêm văn bản	Add Text	Add Text	Add Text
add_time_for_sale	เพิ่มเวลาการขาย	Add Sales Time	添加销售时间	販売時間を追加	បន្ថែមពេលវេលាលក់	판매 시간 추가	ເພີ່ມເວລາຂາຍ	အရောင်းအချိန်ထည့်ပါ	Thêm thời gian bán hàng	Add Sales Time	Add Sales Time	Add Sales Time
add_to_cart	เพิ่มเข้าตะกร้า	Add to Cart	加入购物车	カートに追加	បន្ថែមទៅកន្ត្រក	장바구니에 추가	ເພີ່ມເຂົ້າກະຕ່າ	ဈေးခြင်းထဲသို့ ထည့်ပါ	Thêm vào giỏ hàng	Add to Cart	Add to Cart	Add to Cart
add_to_shelf	เพิ่มเข้าชั้นวาง	Add to Shelf	添加到货架	棚に追加	បន្ថែមទៅធ្នើ	선반에 추가	ເພີ່ມເຂົ້າຊັ້ນວາງ	စင်သို့ထည့်ပါ	Thêm vào kệ	Add to Shelf	Add to Shelf	Add to Shelf
add_transfer	เพิ่มรายการโอน	Add Transfer Item	添加转账项目	振替項目を追加	បន្ថែមធាតុផ្ទេរ	이체 항목 추가	ເພີ່ມລາຍການໂອນ	လွှဲပြောင်းမှုစာရင်းထည့်ပါ	Thêm mục chuyển khoản	Add Transfer Item	Add Transfer Item	Add Transfer Item
add_vendor	เพิ่มผู้จำหน่าย	Add Vendor	添加供应商	ベンダー追加	បន្ថែមអ្នកផ្គត់ផ្គង់	벤더 추가	ເພີ່ມ Vendor	ရောင်းချသူထည့်	Thêm nhà cung cấp	Add Vendor	Add Vendor	Add Vendor
add_wht	เพิ่มรายการหัก ณ ที่จ่าย	Add WHT	添加预扣税	源泉徴収税を追加	បន្ថែមពន្ធកាត់ទុក	원천징수세 추가	ເພີ່ມພາສີຫັກ ນ ທີ່ຈ່າຍ	အခွန်ဖြတ်တောက်ထည့်	Thêm thuế khấu trừ	Add WHT	Add WHT	Add WHT
added	เพิ่มแล้ว	Added	已添加	追加済み	បានបន្ថែម	추가됨	ເພີ່ມແລ້ວ	ထည့်သွင်းပြီး	Đã thêm	Added	Added	Added
added_customer	เพิ่มลูกค้าแล้ว	Customer Added	已添加客户	顧客が追加されました	អតិថិជនត្រូវបានបន្ថែម	고객이 추가되었습니다	ເພີ່ມລູກຄ້າແລ້ວ	ဖောက်သည်ထည့်သွင်းပြီးပါပြီ	Đã thêm khách hàng	Customer Added	Customer Added	Customer Added
additional_description_optional	คำอธิบายเพิ่มเติม (ไม่บังคับ)	Additional description (Optional)	Additional description (Optional)	Additional description (Optional)	Additional description (Optional)	Additional description (Optional)	Additional description (Optional)	Additional description (Optional)	Additional description (Optional)	Additional description (Optional)	Additional description (Optional)	Additional description (Optional)
additional_features	ฟีเจอร์เพิ่มเติม	Additional Features	附加功能	追加機能	មុខងារបន្ថែម	추가 기능	ຄຸນສົມບັດເພີ່ມເຕີມ	နောက်ထပ်လုပ်ဆောင်ချက်များ	Tính năng bổ sung	Additional Features	Additional Features	Additional Features
additional_items	รายการเพิ่มเติม	Additional Items	Additional Items	Additional Items	Additional Items	Additional Items	Additional Items	Additional Items	Additional Items	Additional Items	Additional Items	Additional Items
additional_language	ภาษาเพิ่มเติม	Additional Language	附加语言	追加言語	ភាសាបន្ថែម	추가 언어	ພາສາເພີ່ມເຕີມ	နောက်ထပ်ဘာသာစကား	Ngôn ngữ bổ sung	Additional Language	Additional Language	Additional Language
additional_options	ตัวเลือกเพิ่มเติม	Additional Options	附加选项	追加オプション	ជម្រើសបន្ថែម	추가 옵션	ຕົວເລືອກເພີ່ມເຕີມ	နောက်ထပ်ရွေးချယ်စရာများ	Tùy chọn bổ sung	Additional Options	Additional Options	Additional Options
additional_options_count	ตัวเลือกเพิ่มเติม	Additional Options	附加选项	追加オプション	ជម្រើសបន្ថែម	추가 옵션	ທາງເລືອກເພີ່ມເຕີມ	နောက်ထပ်ရွေးချယ်စရာများ	Tùy chọn bổ sung	Additional Options	Additional Options	Additional Options
additonal	ยื่นเพิ่มเติม	Additional Filing	补充提交	追加提出	ការដាក់ឯកសារបន្ថែម	추가 제출	ຍື່ນເພີ່ມເຕີມ	နောက်ထပ်တင်ပြခြင်း	Nộp bổ sung	Additional Filing	Additional Filing	Additional Filing
address	ที่อยู่	Address	地址	住所	អាសយដ្ឋាន	주소	ທີ່ຢູ່	လိပ်စာ	Địa chỉ	Address	Address	Address
address_country	ประเทศ	Country	国家	国	ប្រទេស	국가	ປະເທດ	နိုင်ငံ	Quốc gia	Country	Country	Country
address_district	อำเภอ	District	区/县	地区	ស្រុក	구/군	ເມືອງ	ခရိုင်	Quận/Huyện	District	District	District
address_for_billing	ที่อยู่ในการออกใบกำกับ	Billing Address	账单地址	請求先住所	អាសយដ្ឋានវិក្កយបត្រ	청구지 주소	ທີ່ຢູ່ອອກໃບຮັບເງິນ	ငွေတောင်းခံလွှာလိပ်စာ	Địa chỉ thanh toán	Billing Address	Billing Address	Billing Address
address_for_shipping	ที่อยู่จัดส่ง	Shipping Address	送货地址	配送先住所	អាសយដ្ឋានដឹកជញ្ជូន	배송 주소	ທີ່ຢູ່ຈັດສົ່ງ	ပို့ဆောင်ရန်လိပ်စာ	Địa chỉ giao hàng	Shipping Address	Shipping Address	Shipping Address
address_for_shipping 1	ที่อยู่สำหรับจัดส่ง 1	Shipping Address 1	送货地址 1	配送先住所 1	អាសយដ្ឋានដឹកជញ្ជូន 1	배송 주소 1	ທີ່ຢູ່ຈັດສົ່ງ 1	ပို့ဆောင်ရန်လိပ်စာ ၁	Địa chỉ giao hàng 1	Shipping Address 1	Shipping Address 1	Shipping Address 1
address_for_shipping 10	ที่อยู่สำหรับจัดส่ง 10	Shipping Address 10	送货地址 10	配送先住所 10	អាសយដ្ឋានដឹកជញ្ជូន 10	배송 주소 10	ທີ່ຢູ່ຈັດສົ່ງ 10	ပို့ဆောင်ရန်လိပ်စာ ၁၀	Địa chỉ giao hàng 10	Shipping Address 10	Shipping Address 10	Shipping Address 10
address_for_shipping 11	ที่อยู่สำหรับจัดส่ง 11	Shipping Address 11	送货地址 11	配送先住所 11	អាសយដ្ឋានដឹកជញ្ជូន 11	배송 주소 11	ທີ່ຢູ່ຈັດສົ່ງ 11	ပို့ဆောင်ရန်လိပ်စာ ၁၁	Địa chỉ giao hàng 11	Shipping Address 11	Shipping Address 11	Shipping Address 11
address_for_shipping 2	ที่อยู่สำหรับจัดส่ง 2	Shipping Address 2	送货地址 2	配送先住所 2	អាសយដ្ឋានដឹកជញ្ជូន 2	배송 주소 2	ທີ່ຢູ່ຈັດສົ່ງ 2	ပို့ဆောင်ရန်လိပ်စာ ၂	Địa chỉ giao hàng 2	Shipping Address 2	Shipping Address 2	Shipping Address 2
address_for_shipping 3	ที่อยู่สำหรับจัดส่ง 3	Shipping Address 3	送货地址 3	配送先住所 3	អាសយដ្ឋានដឹកជញ្ជូន 3	배송 주소 3	ທີ່ຢູ່ຈັດສົ່ງ 3	ပို့ဆောင်ရန်လိပ်စာ ၃	Địa chỉ giao hàng 3	Shipping Address 3	Shipping Address 3	Shipping Address 3
address_for_shipping 4	ที่อยู่สำหรับจัดส่ง 4	Shipping Address 4	送货地址 4	配送先住所 4	អាសយដ្ឋានដឹកជញ្ជូន 4	배송 주소 4	ທີ່ຢູ່ຈັດສົ່ງ 4	ပို့ဆောင်ရန်လိပ်စာ ၄	Địa chỉ giao hàng 4	Shipping Address 4	Shipping Address 4	Shipping Address 4
address_for_shipping 5	ที่อยู่สำหรับจัดส่ง 5	Shipping Address 5	送货地址 5	配送先住所 5	អាសយដ្ឋានដឹកជញ្ជូន 5	배송 주소 5	ທີ່ຢູ່ຈັດສົ່ງ 5	ပို့ဆောင်ရန်လိပ်စာ ၅	Địa chỉ giao hàng 5	Shipping Address 5	Shipping Address 5	Shipping Address 5
address_for_shipping 6	ที่อยู่สำหรับจัดส่ง 6	Shipping Address 6	送货地址 6	配送先住所 6	អាសយដ្ឋានដឹកជញ្ជូន 6	배송 주소 6	ທີ່ຢູ່ຈັດສົ່ງ 6	ပို့ဆောင်ရန်လိပ်စာ ၆	Địa chỉ giao hàng 6	Shipping Address 6	Shipping Address 6	Shipping Address 6
address_for_shipping 7	ที่อยู่สำหรับจัดส่ง 7	Shipping Address 7	送货地址 7	配送先住所 7	អាសយដ្ឋានដឹកជញ្ជូន 7	배송 주소 7	ທີ່ຢູ່ຈັດສົ່ງ 7	ပို့ဆောင်ရန်လိပ်စာ ၇	Địa chỉ giao hàng 7	Shipping Address 7	Shipping Address 7	Shipping Address 7
address_for_shipping 8	ที่อยู่สำหรับจัดส่ง 8	Shipping Address 8	送货地址 8	配送先住所 8	អាសយដ្ឋានដឹកជញ្ជូន 8	배송 주소 8	ທີ່ຢູ່ຈັດສົ່ງ 8	ပို့ဆောင်ရန်လိပ်စာ ၈	Địa chỉ giao hàng 8	Shipping Address 8	Shipping Address 8	Shipping Address 8
address_for_shipping 9	ที่อยู่สำหรับจัดส่ง 9	Shipping Address 9	送货地址 9	配送先住所 9	អាសយដ្ឋានដឹកជញ្ជូន 9	배송 주소 9	ທີ່ຢູ່ຈັດສົ່ງ 9	ပို့ဆောင်ရန်လိပ်စာ ၉	Địa chỉ giao hàng 9	Shipping Address 9	Shipping Address 9	Shipping Address 9
address_location_pin	ตำแหน่งในแผนที่	Map Location Pin	地图位置	地図上の位置	ទីតាំងផែនទី	지도 위치 핀	ຕຳແໜ່ງໃນແຜນທີ່	မြေပုံတည်နေရာ	Ghim vị trí bản đồ	Map Location Pin	Map Location Pin	Map Location Pin
address_location_pin_sucess	กำหนดตำแหน่งแล้ว	Location Set	已设定位置	位置が設定されました	ទីតាំងត្រូវបានកំណត់	위치 설정됨	ກຳນົດຕຳແໜ່ງແລ້ວ	တည်နေရာသတ်မှတ်ပြီး	Đã thiết lập vị trí	Location Set	Location Set	Location Set
address_province	จังหวัด	Province	省份	県	ខេត្ត	도	ແຂວງ	ပြည်နယ်	Tỉnh	Province	Province	Province
address_sub_district	ตำบล	Sub-district	街道/乡镇	町/村	ឃុំ/សង្កាត់	읍/면/동	ບ້ານ	မြို့နယ်ခွဲ	Xã/Phường	Sub-district	Sub-district	Sub-district
address_zipcode	รหัสไปรษณีย์	Zip Code	邮政编码	郵便番号	លេខកូដប្រៃសណីយ៍	우편 번호	ລະຫັດໄປສະນີ	စာတိုက်သင်္ကေတ	Mã bưu chính	Zip Code	Zip Code	Zip Code
adjust_cost	ปรับปรุงต้นทุน	Adjust Cost	调整成本	コスト調整	កែសម្រួលថ្លៃដើម	비용 조정	ປັບປຸງຕົ້ນທຶນ	ကုန်ကျစရိတ်ညှိနှိုင်းပါ	Điều chỉnh chi phí	Adjust Cost	Adjust Cost	Adjust Cost
adjust_type	ประเภทการปรับปรุง	Adjustment Type	调整类型	調整タイプ	ប្រភេទកែសម្រួល	조정 유형	ປະເພດການປັບປຸງ	ညှိနှိုင်းမှုအမျိုးအစား	Loại điều chỉnh	Adjustment Type	Adjustment Type	Adjustment Type
adjust_value_decrease	ปรับปรุงมูลค่าลด	Adjust Value Decrease	调减价值	減額調整	កែសម្រួលតម្លៃថយចុះ	감액 조정	ປັບປຸງມູນຄ່າລົດ	တန်ဖိုးလျှော့ချခြင်း ညှိနှိုင်း	Điều chỉnh giảm giá trị	Adjust Value Decrease	Adjust Value Decrease	Adjust Value Decrease
adjust_value_increase	ปรับปรุงมูลค่าเพิ่ม	Adjust Value Increase	调增价值	増額調整	កែសម្រួលតម្លៃកើនឡើង	증액 조정	ປັບປຸງມູນຄ່າເພີ່ມ	တန်ဖိုးတိုးမြှင့်ခြင်း ညှိနှိုင်း	Điều chỉnh tăng giá trị	Adjust Value Increase	Adjust Value Increase	Adjust Value Increase
advance_payment	เงินล่วงหน้า	Advance Payment	预付款	前払金	ប្រាក់បុរេបង់	선급금	ເງິນລ່ວງໜ້າ	ကြိုတင်ငွေ	Tiền ứng trước	Advance Payment	Advance Payment	Advance Payment
advance_payment_amount	ยอดเงินล่วงหน้า:	Advance Payment Amount:	Advance Payment Amount:	Advance Payment Amount:	Advance Payment Amount:	Advance Payment Amount:	Advance Payment Amount:	Advance Payment Amount:	Advance Payment Amount:	Advance Payment Amount:	Advance Payment Amount:	Advance Payment Amount:
advance_payment_deduction	ยอดตัดเงินล่วงหน้า	Advance Payment Deduction	Advance Payment Deduction	Advance Payment Deduction	Advance Payment Deduction	Advance Payment Deduction	Advance Payment Deduction	Advance Payment Deduction	Advance Payment Deduction	Advance Payment Deduction	Advance Payment Deduction	Advance Payment Deduction
advance_payment_deduction_label	ยอดตัดเงินล่วงหน้า	Advance Payment Deduction	预付款扣除	前払金控除	កាត់ប្រាក់បង់មុន	선급금 공제	ຫັກເງິນລ່ວງໜ້າ	ကြိုတင်ငွေပေးချေမှု နုတ်ယူ	Khấu trừ thanh toán trước	Advance Payment Deduction	Advance Payment Deduction	Advance Payment Deduction
advance_setting	กำหนดเอง	Advanced Settings	高级设置	詳細設定	ការកំណត់កម្រិតខ្ពស់	고급 설정	ກຳນົດເອງ	အဆင့်မြင့်ဆက်တင်များ	Cài đặt nâng cao	Advanced Settings	Advanced Settings	Advanced Settings
advanced_filter	ตัวกรองขั้นสูง	Advanced Filter	Advanced Filter	Advanced Filter	Advanced Filter	Advanced Filter	Advanced Filter	Advanced Filter	Advanced Filter	Advanced Filter	Advanced Filter	Advanced Filter
advanced_settings	กำหนดค่าเพิ่มเติม	Advanced Settings	高级设置	詳細設定	ការកំណត់កម្រិតខ្ពស់	고급 설정	ການຕັ້ງຄ່າເພີ່ມເຕີມ	အဆင့်မြင့် ဆက်တင်များ	Cài đặt nâng cao	Advanced Settings	Advanced Settings	Advanced Settings
after_discount	หลังหักส่วนลด	After Discount	折后	割引後	បន្ទាប់ពីការបញ្ចុះតម្លៃ	할인 후	ຫຼັງຫັກສ່ວນຫຼຸດ	လျှော့စျေးပြီးနောက်	Sau khi giảm giá	After Discount	After Discount	After Discount
ai_analysis	วิเคราะห์ AI	AI Analysis	AI Analysis	AI Analysis	AI Analysis	AI Analysis	AI Analysis	AI Analysis	AI Analysis	AI Analysis	AI Analysis	AI Analysis
ai_analysis_open_from_document	สามารถวิเคราะห์เอกสารได้โดยเปิดจากหน้าเอกสาร	You can analyze documents by opening from the document page	可以从文档页面打开来分析文档	ドキュメントページから開いてドキュメントを分析できます	អាចវិភាគឯកសារបានដោយបើកពីទំព័រឯកសារ	문서 페이지에서 열어 문서를 분석할 수 있습니다	ສາມາດວິເຄາະເອກະສານໄດ້ໂດຍເປີດຈາກໜ້າເອກະສານ	စာရွက်စာတမ်းစာမျက်နှာမှ ဖွင့်၍ စာရွက်စာတမ်းများ ပိုင်းခြားစိတ်ဖြာနိုင်သည်	Có thể phân tích tài liệu bằng cách mở từ trang tài liệu	You can analyze documents by opening from the document page	You can analyze documents by opening from the document page	You can analyze documents by opening from the document page
ai_auto_translate	AI แปลภาษาอัตโนมัติ	AI Auto Translate	AI自动翻译	AI自動翻訳	AI បកប្រែស្វ័យប្រវត្តិ	AI 자동 번역	AI ແປພາສາອັດຕະໂນມັດ	AI အလိုအလျောက်ဘာသာပြန်	AI dịch tự động	AI Auto Translate	AI Auto Translate	AI Auto Translate
ai_chat_assistant	ผู้ช่วย AI Chat	AI Chat Assistant	AI Chat Assistant	AI Chat Assistant	AI Chat Assistant	AI Chat Assistant	AI Chat Assistant	AI Chat Assistant	AI Chat Assistant	AI Chat Assistant	AI Chat Assistant	AI Chat Assistant
ai_data_source	AI ใช้ข้อมูลจาก:	AI used data from:	AI使用的数据来自:	AIが使用したデータ:	AI ប្រើទិន្នន័យពី:	AI가 사용한 데이터:	AI ໃຊ້ຂໍ້ມູນຈາກ:	AI အသုံးပြုသည့်ဒေတာ:	AI sử dụng dữ liệu từ:	AI used data from:	AI used data from:	AI used data from:
ai_smart_system	AI & ระบบอัจฉริยะ	AI & Smart System	AI & Smart System	AI & Smart System	AI & Smart System	AI & Smart System	AI & Smart System	AI & Smart System	AI & Smart System	AI & Smart System	AI & Smart System	AI & Smart System
ai_thinking	AI กำลังคิด...	AI is thinking...	AI is thinking...	AI is thinking...	AI is thinking...	AI is thinking...	AI is thinking...	AI is thinking...	AI is thinking...	AI is thinking...	AI is thinking...	AI is thinking...
alacarte	อลาระดับ	A La Carte	单点	アラカルト	អាឡាខាត	일품 요리	ອາລາຄາດ	အယ်လာကတ်	Gọi món	A La Carte	A La Carte	A La Carte
alcohol	เครื่องดื่มแอลกอฮอล์	Alcoholic Beverage	酒精饮料	アルコール飲料	ភេសជ្ជៈមានជាតិអាល់កុល	주류	ເຄື່ອງດື່ມທີ່ມີທາດເຫຼົ້າ	အရက်ယမကာ	Đồ uống có cồn	Alcoholic Beverage	Alcoholic Beverage	Alcoholic Beverage
alert	ยืนยันการทำรายการ	Alert	警告	警告	ជូនដំណឹង	알림	ແຈ້ງເຕືອນ	သတိပေးချက်	Cảnh báo	Alert	Alert	Alert
alert_24_times_per_day	24 ครั้ง/วัน	24 times/day	24次/天	24回/日	24 ដង/ថ្ងៃ	24회/일	24 ເທື່ອ/ມື້	24 ကြိမ်/ရက်	24 lần/ngày	24 times/day	24 times/day	24 times/day
alert_2_times_per_hour	2 ครั้ง/ชม.	2 times/hr	2次/小时	2回/時	2 ដង/ម៉ោង	2회/시간	2 ເທື່ອ/ຊມ.	2 ကြိမ်/နာရီ	2 lần/giờ	2 times/hr	2 times/hr	2 times/hr
alert_4_times_per_hour	4 ครั้ง/ชม.	4 times/hr	4次/小时	4回/時	4 ដង/ម៉ោង	4회/시간	4 ເທື່ອ/ຊມ.	4 ကြိမ်/နာရီ	4 lần/giờ	4 times/hr	4 times/hr	4 times/hr
alert_add_date	เพิ่มวันที่	Add Date	添加日期	日付を追加	បន្ថែមកាលបរិច្ឆេទ	날짜 추가	ເພີ່ມວັນທີ	ရက်စွဲထည့်ရန်	Thêm ngày	Add Date	Add Date	Add Date
alert_add_email_required	กรุณาเพิ่ม Email อย่างน้อย 1 รายการ	Please add at least 1 email	请至少添加1个邮箱	メールアドレスを1つ以上追加してください	សូមបន្ថែមអ៊ីមែលយ៉ាងហោចណាស់ 1	이메일을 1개 이상 추가해주세요	ກະລຸນາເພີ່ມ Email ຢ່າງໜ້ອຍ 1 ລາຍການ	အီးမေးလ် အနည်းဆုံး 1 ခု ထည့်ပါ	Vui lòng thêm ít nhất 1 email	Please add at least 1 email	Please add at least 1 email	Please add at least 1 email
alert_add_line_required	กรุณาเพิ่ม LINE Token อย่างน้อย 1 รายการ	Please add at least 1 LINE Token	请至少添加1个LINE Token	LINE Tokenを1つ以上追加してください	សូមបន្ថែម LINE Token យ៉ាងហោចណាស់ 1	LINE Token을 1개 이상 추가해주세요	ກະລຸນາເພີ່ມ LINE Token ຢ່າງໜ້ອຍ 1 ລາຍການ	LINE Token အနည်းဆုံး 1 ခု ထည့်ပါ	Vui lòng thêm ít nhất 1 LINE Token	Please add at least 1 LINE Token	Please add at least 1 LINE Token	Please add at least 1 LINE Token
alert_add_line_user_success	เพิ่ม LINE User สำเร็จ	LINE User added successfully	LINE用户添加成功	LINEユーザーを追加しました	បន្ថែម LINE User ជោគជ័យ	LINE 사용자가 추가되었습니다	ເພີ່ມ LINE User ສຳເລັດ	LINE User ထည့်ခြင်း အောင်မြင်ပါသည်	Thêm LINE User thành công	LINE User added successfully	LINE User added successfully	LINE User added successfully
alert_add_time	เพิ่มเวลา	Add Time	添加时间	時間を追加	បន្ថែមពេលវេលា	시간 추가	ເພີ່ມເວລາ	အချိန်ထည့်ရန်	Thêm thời gian	Add Time	Add Time	Add Time
alert_confirm_delete	ยืนยันการลบ	Confirm Delete	确认删除	削除確認	បញ្ជាក់ការលុប	삭제 확인	ຢືນຢັນການລຶບ	ဖျက်ရန် အတည်ပြုပါ	Xác nhận xóa	Confirm Delete	Confirm Delete	Confirm Delete
alert_confirm_delete_msg	คุณต้องการลบ "{name}" หรือไม่?	Do you want to delete "{name}"?	您要删除"{name}"吗？	「{name}」を削除しますか？	តើអ្នកចង់លុប "{name}" ឬទេ?	"{name}"을(를) 삭제하시겠습니까?	ທ່ານຕ້ອງການລຶບ "{name}" ຫຼືບໍ່?	"{name}" ကို ဖျက်လိုပါသလား?	Bạn có muốn xóa "{name}" không?	Do you want to delete "{name}"?	Do you want to delete "{name}"?	Do you want to delete "{name}"?
alert_create_new	สร้างการแจ้งเตือนใหม่	Create New Notification	创建新通知	新しい通知を作成	បង្កើតការជូនដំណឹងថ្មី	새 알림 만들기	ສ້າງການແຈ້ງເຕືອນໃໝ່	အကြောင်းကြားချက်အသစ် ဖန်တီးရန်	Tạo thông báo mới	Create New Notification	Create New Notification	Create New Notification
alert_create_registration_code	สร้างรหัสลงทะเบียน	Create Registration Code	创建注册码	登録コードを作成	បង្កើតលេខកូដចុះឈ្មោះ	등록 코드 생성	ສ້າງລະຫັດລົງທະບຽນ	မှတ်ပုံတင်ကုဒ် ဖန်တီးရန်	Tạo mã đăng ký	Create Registration Code	Create Registration Code	Create Registration Code
alert_create_success	สร้างการแจ้งเตือนสำเร็จ	Notification created successfully	通知创建成功	通知が正常に作成されました	បង្កើតការជូនដំណឹងជោគជ័យ	알림이 성공적으로 생성되었습니다	ສ້າງການແຈ້ງເຕືອນສຳເລັດ	အကြောင်းကြားချက် ဖန်တီးခြင်း အောင်မြင်ပါသည်	Tạo thông báo thành công	Notification created successfully	Notification created successfully	Notification created successfully
alert_data_period	ช่วงเวลาของข้อมูล	Data Period	数据期间	データ期間	រយៈពេលទិន្នន័យ	데이터 기간	ໄລຍະເວລາຂອງຂໍ້ມູນ	ဒေတာကာလ	Khoảng thời gian dữ liệu	Data Period	Data Period	Data Period
alert_date_1_31	วันที่ 1-31	Date 1-31	日期 1-31	日付 1-31	កាលបរិច្ឆេទ 1-31	날짜 1-31	ວັນທີ 1-31	ရက်စွဲ 1-31	Ngày 1-31	Date 1-31	Date 1-31	Date 1-31
alert_date_input_hint	เช่น 1, 15, 25	e.g. 1, 15, 25	例如 1, 15, 25	例: 1, 15, 25	ឧ. 1, 15, 25	예: 1, 15, 25	ເຊັ່ນ 1, 15, 25	ဥပမာ 1, 15, 25	Ví dụ: 1, 15, 25	e.g. 1, 15, 25	e.g. 1, 15, 25	e.g. 1, 15, 25
alert_date_input_label	วันที่ (1-31)	Date (1-31)	日期 (1-31)	日付 (1-31)	កាលបរិច្ឆេទ (1-31)	날짜 (1-31)	ວັນທີ (1-31)	ရက်စွဲ (1-31)	Ngày (1-31)	Date (1-31)	Date (1-31)	Date (1-31)
alert_date_label	วันที่ {date}	Date {date}	日期 {date}	日付 {date}	កាលបរិច្ឆេទ {date}	날짜 {date}	ວັນທີ {date}	ရက်စွဲ {date}	Ngày {date}	Date {date}	Date {date}	Date {date}
alert_delete_success	ลบการแจ้งเตือนสำเร็จ	Notification deleted successfully	通知删除成功	通知が正常に削除されました	លុបការជូនដំណឹងជោគជ័យ	알림이 성공적으로 삭제되었습니다	ລຶບການແຈ້ງເຕືອນສຳເລັດ	အကြောင်းကြားချက် ဖျက်ခြင်း အောင်မြင်ပါသည်	Xóa thông báo thành công	Notification deleted successfully	Notification deleted successfully	Notification deleted successfully
alert_delete_this_date	ลบวันที่นี้	Delete this date	删除此日期	この日付を削除	លុបកាលបរិច្ឆេទនេះ	이 날짜 삭제	ລຶບວັນທີນີ້	ဤရက်စွဲကို ဖျက်ရန်	Xóa ngày này	Delete this date	Delete this date	Delete this date
alert_description	รายละเอียดคำเตือน	Alert Details	警告详情	警告詳細	ព័ត៌មានលម្អិតការជូនដំណឹង	알림 세부 정보	ລາຍລະອຽດການແຈ້ງເຕືອນ	သတိပေးချက်အသေးစိတ်	Chi tiết cảnh báo	Alert Details	Alert Details	Alert Details
alert_disabled	ปิดใช้งาน	Disabled	已禁用	無効	បិទដំណើរការ	비활성화됨	ປິດໃຊ້ງານ	ပိတ်ထားသည်	Đã tắt	Disabled	Disabled	Disabled
alert_disabled_notification	ปิดการแจ้งเตือนแล้ว	Notification disabled	通知已关闭	通知が無効になりました	បានបិទការជូនដំណឹង	알림이 비활성화되었습니다	ປິດການແຈ້ງເຕືອນແລ້ວ	အကြောင်းကြားချက် ပိတ်ပြီးပါပြီ	Đã tắt thông báo	Notification disabled	Notification disabled	Notification disabled
alert_edit_notification	แก้ไขการแจ้งเตือน	Edit Notification	编辑通知	通知を編集	កែសម្រួលការជូនដំណឹង	알림 편집	ແກ້ໄຂການແຈ້ງເຕືອນ	အကြောင်းကြားချက် ပြင်ဆင်ရန်	Chỉnh sửa thông báo	Edit Notification	Edit Notification	Edit Notification
alert_enabled	เปิดใช้งาน	Enabled	已启用	有効	បើកដំណើរការ	활성화됨	ເປີດໃຊ້ງານ	ဖွင့်ထားသည်	Đã bật	Enabled	Enabled	Enabled
alert_enabled_notification	เปิดการแจ้งเตือนแล้ว	Notification enabled	通知已开启	通知が有効になりました	បានបើកការជូនដំណឹង	알림이 활성화되었습니다	ເປີດການແຈ້ງເຕືອນແລ້ວ	အကြောင်းကြားချက် ဖွင့်ပြီးပါပြီ	Đã bật thông báo	Notification enabled	Notification enabled	Notification enabled
alert_end_of_month	วันสิ้นเดือน	End of Month	月末	月末	ចុងខែ	월말	ວັນສິ້ນເດືອນ	လကုန်ရက်	Cuối tháng	End of Month	End of Month	End of Month
alert_enter_email	กรอก Email	Enter Email	输入邮箱	メールアドレスを入力	បញ្ចូលអ៊ីមែល	이메일 입력	ກະລຸນາໃສ່ Email	အီးမေးလ် ထည့်ပါ	Nhập Email	Enter Email	Enter Email	Enter Email
alert_enter_line_user_id	กรอก LINE User ID	Enter LINE User ID	输入LINE用户ID	LINE User IDを入力	បញ្ចូល LINE User ID	LINE User ID 입력	ກະລຸນາໃສ່ LINE User ID	LINE User ID ထည့်ပါ	Nhập LINE User ID	Enter LINE User ID	Enter LINE User ID	Enter LINE User ID
alert_every_15_min	ทุก 15 นาที	Every 15 minutes	每15分钟	15分ごと	រៀងរាល់ 15 នាទី	매 15분	ທຸກ 15 ນາທີ	15 မိနစ်တိုင်း	Mỗi 15 phút	Every 15 minutes	Every 15 minutes	Every 15 minutes
alert_every_1_hour	ทุก 1 ชั่วโมง	Every 1 hour	每1小时	1時間ごと	រៀងរាល់ 1 ម៉ោង	매 1시간	ທຸກ 1 ຊົ່ວໂມງ	1 နာရီတိုင်း	Mỗi 1 giờ	Every 1 hour	Every 1 hour	Every 1 hour
alert_every_1_min	ทุก 1 นาที	Every 1 minute	每1分钟	1分ごと	រៀងរាល់ 1 នាទី	매 1분	ທຸກ 1 ນາທີ	1 မိနစ်တိုင်း	Mỗi 1 phút	Every 1 minute	Every 1 minute	Every 1 minute
alert_every_30_min	ทุก 30 นาที	Every 30 minutes	每30分钟	30分ごと	រៀងរាល់ 30 នាទី	매 30분	ທຸກ 30 ນາທີ	30 မိနစ်တိုင်း	Mỗi 30 phút	Every 30 minutes	Every 30 minutes	Every 30 minutes
alert_every_5_min	ทุก 5 นาที	Every 5 minutes	每5分钟	5分ごと	រៀងរាល់ 5 នាទី	매 5분	ທຸກ 5 ນາທີ	5 မိနစ်တိုင်း	Mỗi 5 phút	Every 5 minutes	Every 5 minutes	Every 5 minutes
alert_every_x_min	ทุก {minutes} นาที	Every {minutes} minutes	每{minutes}分钟	{minutes}分ごと	រៀងរាល់ {minutes} នាទី	매 {minutes}분	ທຸກ {minutes} ນາທີ	{minutes} မိနစ်တိုင်း	Mỗi {minutes} phút	Every {minutes} minutes	Every {minutes} minutes	Every {minutes} minutes
alert_every_x_minutes	ทุก X นาที	Every X minutes	每X分钟	X分ごと	រៀងរាល់ X នាទី	매 X분	ທຸກ X ນາທີ	X မိနစ်တိုင်း	Mỗi X phút	Every X minutes	Every X minutes	Every X minutes
alert_for_production	สำหรับใช้งานจริง:	For production:	用于生产环境：	本番用：	សម្រាប់ប្រើប្រាស់ជាក់ស្តែង:	프로덕션용:	ສຳລັບໃຊ້ງານຈິງ:	ထုတ်လုပ်မှုအတွက်:	Dùng cho sản xuất:	For production:	For production:	For production:
alert_for_testing	สำหรับทดสอบ:	For testing:	用于测试：	テスト用：	សម្រាប់ធ្វើតេស្ត:	테스트용:	ສຳລັບທົດສອບ:	စမ်းသပ်ရန်အတွက်:	Dùng để thử nghiệm:	For testing:	For testing:	For testing:
alert_general_info	ข้อมูลทั่วไป	General Information	基本信息	一般情報	ព័ត៌មានទូទៅ	일반 정보	ຂໍ້ມູນທົ່ວໄປ	အထွေထွေအချက်အလက်	Thông tin chung	General Information	General Information	General Information
alert_generating_code	กำลังสร้างรหัสลงทะเบียน...	Generating registration code...	正在生成注册码...	登録コードを生成中...	កំពុងបង្កើតលេខកូដចុះឈ្មោះ...	등록 코드 생성 중...	ກຳລັງສ້າງລະຫັດລົງທະບຽນ...	မှတ်ပုံတင်ကုဒ် ဖန်တီးနေသည်...	Đang tạo mã đăng ký...	Generating registration code...	Generating registration code...	Generating registration code...
alert_gross_profit_report	รายงานกำไรขั้นต้น	Gross Profit Report	毛利报告	粗利益レポート	របាយការណ៍ប្រាក់ចំណេញសរុប	매출총이익 보고서	ລາຍງານກຳໄລລວມ	အကြမ်းအမြတ် အစီရင်ခံစာ	Báo cáo lợi nhuận gộp	Gross Profit Report	Gross Profit Report	Gross Profit Report
alert_interval_15_min	ทุก 15 นาที (4 ครั้ง/ชม.)	Every 15 min (4 times/hr)	每15分钟（4次/小时）	15分ごと（4回/時）	រៀងរាល់ 15 នាទី (4 ដង/ម៉ោង)	매 15분 (4회/시간)	ທຸກ 15 ນາທີ (4 ເທື່ອ/ຊມ.)	15 မိနစ်တိုင်း (4 ကြိမ်/နာရီ)	Mỗi 15 phút (4 lần/giờ)	Every 15 min (4 times/hr)	Every 15 min (4 times/hr)	Every 15 min (4 times/hr)
alert_interval_1_min_test	ทุก 1 นาที (ทดสอบ)	Every 1 min (test)	每1分钟（测试）	1分ごと（テスト）	រៀងរាល់ 1 នាទី (តេស្ត)	매 1분 (테스트)	ທຸກ 1 ນາທີ (ທົດສອບ)	1 မိနစ်တိုင်း (စမ်းသပ်)	Mỗi 1 phút (thử nghiệm)	Every 1 min (test)	Every 1 min (test)	Every 1 min (test)
alert_interval_30_min	ทุก 30 นาที (2 ครั้ง/ชม.)	Every 30 min (2 times/hr)	每30分钟（2次/小时）	30分ごと（2回/時）	រៀងរាល់ 30 នាទី (2 ដង/ម៉ោង)	매 30분 (2회/시간)	ທຸກ 30 ນາທີ (2 ເທື່ອ/ຊມ.)	30 မိနစ်တိုင်း (2 ကြိမ်/နာရီ)	Mỗi 30 phút (2 lần/giờ)	Every 30 min (2 times/hr)	Every 30 min (2 times/hr)	Every 30 min (2 times/hr)
alert_interval_5_min_test	ทุก 5 นาที (ทดสอบ)	Every 5 min (test)	每5分钟（测试）	5分ごと（テスト）	រៀងរាល់ 5 នាទី (តេស្ត)	매 5분 (테스트)	ທຸກ 5 ນາທີ (ທົດສອບ)	5 မိနစ်တိုင်း (စမ်းသပ်)	Mỗi 5 phút (thử nghiệm)	Every 5 min (test)	Every 5 min (test)	Every 5 min (test)
alert_interval_60_min	ทุก 1 ชั่วโมง (24 ครั้ง/วัน)	Every 1 hour (24 times/day)	每1小时（24次/天）	1時間ごと（24回/日）	រៀងរាល់ 1 ម៉ោង (24 ដង/ថ្ងៃ)	매 1시간 (24회/일)	ທຸກ 1 ຊົ່ວໂມງ (24 ເທື່ອ/ມື້)	1 နာရီတိုင်း (24 ကြိမ်/ရက်)	Mỗi 1 giờ (24 lần/ngày)	Every 1 hour (24 times/day)	Every 1 hour (24 times/day)	Every 1 hour (24 times/day)
alert_interval_desc	ส่งซ้ำอัตโนมัติทุก X นาที/ชั่วโมง เหมาะสำหรับติดตามข้อมูลแบบ real-time	Auto-repeat every X minutes/hours, ideal for real-time monitoring	每X分钟/小时自动重复，适合实时监控	X分/時間ごとに自動繰り返し、リアルタイム監視に最適	ផ្ញើម្តងទៀតដោយស្វ័យប្រវត្តិរៀងរាល់ X នាទី/ម៉ោង សមស្របសម្រាប់ការតាមដានទិន្នន័យពេលវេលាជាក់ស្តែង	X분/시간마다 자동 반복, 실시간 모니터링에 적합	ສົ່ງຊ້ຳອັດຕະໂນມັດທຸກ X ນາທີ/ຊົ່ວໂມງ ເໝາະສຳລັບຕິດຕາມຂໍ້ມູນແບບ real-time	X မိနစ်/နာရီတိုင်း အလိုအလျောက်ထပ်ပို့မည်၊ real-time စောင့်ကြည့်ရန် သင့်လျော်သည်	Tự động lặp lại mỗi X phút/giờ, lý tưởng để giám sát thời gian thực	Auto-repeat every X minutes/hours, ideal for real-time monitoring	Auto-repeat every X minutes/hours, ideal for real-time monitoring	Auto-repeat every X minutes/hours, ideal for real-time monitoring
alert_last_run	ทำงานล่าสุด	Last Run	上次运行	最終実行	ដំណើរការចុងក្រោយ	마지막 실행	ເຮັດວຽກລ່າສຸດ	နောက်ဆုံးလုပ်ဆောင်ချိန်	Lần chạy cuối	Last Run	Last Run	Last Run
alert_line_name	ชื่อ LINE:	LINE Name:	LINE名称：	LINE名：	ឈ្មោះ LINE:	LINE 이름:	ຊື່ LINE:	LINE အမည်:	Tên LINE:	LINE Name:	LINE Name:	LINE Name:
alert_line_oa_cost	การส่งผ่าน LINE OA มีค่าใช้จ่าย 0.50 บาท/ข้อความ/คน	Sending via LINE OA costs 0.50 baht/message/person	通过LINE OA发送费用为0.50泰铢/消息/人	LINE OA経由の送信は0.50バーツ/メッセージ/人かかります	ការផ្ញើតាម LINE OA មានតម្លៃ 0.50 បាត/សារ/នាក់	LINE OA를 통한 전송 비용은 0.50바트/메시지/사람입니다	ການສົ່ງຜ່ານ LINE OA ມີຄ່າໃຊ້ຈ່າຍ 0.50 ບາດ/ຂໍ້ຄວາມ/ຄົນ	LINE OA မှတဆင့်ပို့ခြင်း 0.50 ဘတ်/မက်ဆေ့ဂျ်/လူ	Gửi qua LINE OA tốn 0.50 baht/tin nhắn/người	Sending via LINE OA costs 0.50 baht/message/person	Sending via LINE OA costs 0.50 baht/message/person	Sending via LINE OA costs 0.50 baht/message/person
alert_monthly	รายเดือน	Monthly	每月	月次	ប្រចាំខែ	월간	ລາຍເດືອນ	လစဉ်	Hàng tháng	Monthly	Monthly	Monthly
alert_monthly_desc	กำหนดวันที่ในเดือนและเวลาที่ต้องการ เหมาะสำหรับรายงานสิ้นเดือน/ประจำเดือน	Set date and time, ideal for end-of-month/monthly reports	设置月份中的日期和时间，适合月末/月度报告	日付と時間を設定、月末/月次レポートに最適	កំណត់កាលបរិច្ឆេទក្នុងខែនិងពេលវេលា សមស្របសម្រាប់របាយការណ៍ចុងខែ/ប្រចាំខែ	날짜와 시간 설정, 월말/월간 보고서에 적합	ກຳນົດວັນທີໃນເດືອນແລະເວລາທີ່ຕ້ອງການ ເໝາະສຳລັບລາຍງານສິ້ນເດືອນ/ປະຈຳເດືອນ	လရက်စွဲနှင့်အချိန်သတ်မှတ်ရန်၊ လကုန်/လစဉ်အစီရင်ခံစာများအတွက် သင့်လျော်သည်	Đặt ngày và giờ trong tháng, lý tưởng cho báo cáo cuối tháng/hàng tháng	Set date and time, ideal for end-of-month/monthly reports	Set date and time, ideal for end-of-month/monthly reports	Set date and time, ideal for end-of-month/monthly reports
alert_no_channel_set	ยังไม่ได้ตั้งค่าช่องทาง	No channel configured	尚未配置渠道	チャネルが設定されていません	មិនទាន់បានកំណត់ប៉ុស្តិ៍	채널이 설정되지 않았습니다	ຍັງບໍ່ໄດ້ຕັ້ງຄ່າຊ່ອງທາງ	ချန်နယ် မသတ်မှတ်ရသေးပါ	Chưa cấu hình kênh	No channel configured	No channel configured	No channel configured
alert_no_date_defined	ยังไม่กำหนดวันที่	No date defined	尚未设定日期	日付が未設定	មិនទាន់កំណត់កាលបរិច្ឆេទ	날짜가 정의되지 않았습니다	ຍັງບໍ່ໄດ້ກຳນົດວັນທີ	ရက်စွဲ မသတ်မှတ်ရသေးပါ	Chưa xác định ngày	No date defined	No date defined	No date defined
alert_no_date_set	ยังไม่มีการตั้งค่าวันที่	No date configured	尚未设置日期	日付が設定されていません	មិនទាន់បានកំណត់កាលបរិច្ឆេទ	날짜가 설정되지 않았습니다	ຍັງບໍ່ມີການຕັ້ງຄ່າວັນທີ	ရက်စွဲ မသတ်မှတ်ထားသေးပါ	Chưa cấu hình ngày	No date configured	No date configured	No date configured
alert_no_notifications	ยังไม่มีการแจ้งเตือน	No notifications yet	暂无通知	通知はまだありません	មិនទាន់មានការជូនដំណឹង	아직 알림이 없습니다	ຍັງບໍ່ມີການແຈ້ງເຕືອນ	အကြောင်းကြားချက် မရှိသေးပါ	Chưa có thông báo	No notifications yet	No notifications yet	No notifications yet
alert_no_resend_note	หมายเหตุ: ถ้าข้อมูลไม่เปลี่ยนแปลง ระบบจะไม่ส่งซ้ำ	Note: If data doesn't change, system won't resend	注意：如果数据没有变化，系统不会重复发送	注：データが変わらない場合、システムは再送信しません	ចំណាំ: បើទិន្នន័យមិនផ្លាស់ប្តូរ ប្រព័ន្ធនឹងមិនផ្ញើម្តងទៀតទេ	참고: 데이터가 변경되지 않으면 시스템이 재전송하지 않습니다	ໝາຍເຫດ: ຖ້າຂໍ້ມູນບໍ່ປ່ຽນແປງ ລະບົບຈະບໍ່ສົ່ງຊ້ຳ	မှတ်ချက်: ဒေတာမပြောင်းလဲပါက စနစ်က ထပ်မပို့ပါ	Lưu ý: Nếu dữ liệu không thay đổi, hệ thống sẽ không gửi lại	Note: If data doesn't change, system won't resend	Note: If data doesn't change, system won't resend	Note: If data doesn't change, system won't resend
alert_no_time_defined	ยังไม่กำหนดเวลา	No time defined	尚未设定时间	時間が未設定	មិនទាន់កំណត់ពេលវេលា	시간이 정의되지 않았습니다	ຍັງບໍ່ໄດ້ກຳນົດເວລາ	အချိန် မသတ်မှတ်ရသေးပါ	Chưa xác định thời gian	No time defined	No time defined	No time defined
alert_not_specified	ไม่ระบุ	Not specified	未指定	未指定	មិនបានបញ្ជាក់	미지정	ບໍ່ໄດ້ລະບຸ	မသတ်မှတ်ထားပါ	Không xác định	Not specified	Not specified	Not specified
alert_notification_channel	ช่องทางการแจ้งเตือน	Notification Channel	通知渠道	通知チャネル	ប៉ុស្តិ៍ជូនដំណឹង	알림 채널	ຊ່ອງທາງການແຈ້ງເຕືອນ	အကြောင်းကြားချက် ချန်နယ်	Kênh thông báo	Notification Channel	Notification Channel	Notification Channel
alert_notification_list	รายการแจ้งเตือน	Notification List	通知列表	通知リスト	បញ្ជីការជូនដំណឹង	알림 목록	ລາຍການແຈ້ງເຕືອນ	အကြောင်းကြားချက် စာရင်း	Danh sách thông báo	Notification List	Notification List	Notification List
alert_or_add_new	หรือกดปุ่ม "เพิ่ม" เพื่อสร้างใหม่	Or press "Add" to create new	或点击"添加"按钮创建新的	または「追加」ボタンを押して新規作成	ឬចុចប៊ូតុង "បន្ថែម" ដើម្បីបង្កើតថ្មី	또는 "추가" 버튼을 눌러 새로 만들기	ຫຼືກົດປຸ່ມ "ເພີ່ມ" ເພື່ອສ້າງໃໝ່	သို့မဟုတ် "ထည့်" ခလုတ်ကိုနှိပ်၍ အသစ်ဖန်တီးပါ	Hoặc nhấn nút "Thêm" để tạo mới	Or press "Add" to create new	Or press "Add" to create new	Or press "Add" to create new
alert_please_add_time	กรุณาเพิ่มเวลา	Please add time	请添加时间	時間を追加してください	សូមបន្ថែមពេលវេលា	시간을 추가해주세요	ກະລຸນາເພີ່ມເວລາ	ကျေးဇူးပြု၍ အချိန်ထည့်ပါ	Vui lòng thêm thời gian	Please add time	Please add time	Please add time
alert_register_line_hint	กดปุ่มด้านล่างเพื่อรับรหัส 4 หลักสำหรับลงทะเบียน	Press button below to get 4-digit code for registration	点击下方按钮获取4位注册码	下のボタンを押して登録用4桁コードを取得	ចុចប៊ូតុងខាងក្រោមដើម្បីទទួលលេខកូដ 4 ខ្ទង់សម្រាប់ចុះឈ្មោះ	아래 버튼을 눌러 등록용 4자리 코드를 받으세요	ກົດປຸ່ມດ້ານລຸ່ມເພື່ອຮັບລະຫັດ 4 ຫຼັກສຳລັບລົງທະບຽນ	မှတ်ပုံတင်ရန် ဂဏန်း 4 လုံးကုဒ်ရယူရန် အောက်ပါခလုတ်ကိုနှိပ်ပါ	Nhấn nút bên dưới để nhận mã 4 chữ số đăng ký	Press button below to get 4-digit code for registration	Press button below to get 4-digit code for registration	Press button below to get 4-digit code for registration
alert_register_line_oa	ลงทะเบียน LINE OA	Register LINE OA	注册LINE OA	LINE OAに登録	ចុះឈ្មោះ LINE OA	LINE OA 등록	ລົງທະບຽນ LINE OA	LINE OA မှတ်ပုံတင်ရန်	Đăng ký LINE OA	Register LINE OA	Register LINE OA	Register LINE OA
alert_register_line_user_id	ลงทะเบียนรับ LINE User ID	Register LINE User ID	注册LINE用户ID	LINE User IDを登録	ចុះឈ្មោះទទួល LINE User ID	LINE User ID 등록	ລົງທະບຽນຮັບ LINE User ID	LINE User ID မှတ်ပုံတင်ရန်	Đăng ký nhận LINE User ID	Register LINE User ID	Register LINE User ID	Register LINE User ID
alert_registration_success	ลงทะเบียนสำเร็จ!	Registration successful!	注册成功！	登録成功！	ចុះឈ្មោះជោគជ័យ!	등록 성공!	ລົງທະບຽນສຳເລັດ!	မှတ်ပုံတင်ခြင်း အောင်မြင်ပါသည်!	Đăng ký thành công!	Registration successful!	Registration successful!	Registration successful!
alert_registration_timeout	หมดเวลาลงทะเบียน กรุณาลองใหม่	Registration timed out, please try again	注册超时，请重试	登録がタイムアウトしました。もう一度お試しください	ការចុះឈ្មោះអស់ពេល សូមព្យាយាមម្តងទៀត	등록 시간이 초과되었습니다. 다시 시도해주세요	ໝົດເວລາລົງທະບຽນ ກະລຸນາລອງໃໝ່	မှတ်ပုံတင်ချိန် ကုန်ဆုံးသွားပါပြီ၊ ထပ်စမ်းကြည့်ပါ	Đăng ký hết thời gian, vui lòng thử lại	Registration timed out, please try again	Registration timed out, please try again	Registration timed out, please try again
alert_report_type	ประเภทรายงาน	Report Type	报告类型	レポートタイプ	ប្រភេទរបាយការណ៍	보고서 유형	ປະເພດລາຍງານ	အစီရင်ခံစာ အမျိုးအစား	Loại báo cáo	Report Type	Report Type	Report Type
alert_sales_summary	สรุปยอดขาย	Sales Summary	销售摘要	売上サマリー	សង្ខេបការលក់	매출 요약	ສະຫຼຸບຍອດຂາຍ	အရောင်း အနှစ်ချုပ်	Tóm tắt doanh số	Sales Summary	Sales Summary	Sales Summary
alert_save_success	บันทึกการเปลี่ยนแปลงสำเร็จ	Changes saved successfully	更改保存成功	変更が正常に保存されました	រក្សាទុកការផ្លាស់ប្តូរជោគជ័យ	변경사항이 성공적으로 저장되었습니다	ບັນທຶກການປ່ຽນແປງສຳເລັດ	ပြောင်းလဲမှုများ သိမ်းဆည်းခြင်း အောင်မြင်ပါသည်	Lưu thay đổi thành công	Changes saved successfully	Changes saved successfully	Changes saved successfully
alert_scan_qr_search	Scan QR Code หรือค้นหา @bcaccount	Scan QR Code or search @bcaccount	扫描QR码或搜索@bcaccount	QRコードをスキャンまたは@bcaccountを検索	ស្កេន QR Code ឬស្វែងរក @bcaccount	QR 코드를 스캔하거나 @bcaccount를 검색하세요	Scan QR Code ຫຼືຄົ້ນຫາ @bcaccount	QR Code စကင်ဖတ်ပါ သို့မဟုတ် @bcaccount ရှာပါ	Quét mã QR hoặc tìm @bcaccount	Scan QR Code or search @bcaccount	Scan QR Code or search @bcaccount	Scan QR Code or search @bcaccount
alert_schedule_format	รูปแบบ	Format	格式	フォーマット	ទម្រង់	형식	ຮູບແບບ	ပုံစံ	Định dạng	Format	Format	Format
alert_select_channel_required	กรุณาเลือกช่องทางแจ้งเตือนอย่างน้อย 1 อย่าง	Please select at least 1 notification channel	请至少选择1个通知渠道	通知チャネルを1つ以上選択してください	សូមជ្រើសរើសប៉ុស្តិ៍ជូនដំណឹងយ៉ាងហោចណាស់ 1	알림 채널을 1개 이상 선택해주세요	ກະລຸນາເລືອກຊ່ອງທາງແຈ້ງເຕືອນຢ່າງໜ້ອຍ 1 ຢ່າງ	အကြောင်းကြားချက် ချန်နယ် အနည်းဆုံး 1 ခု ရွေးပါ	Vui lòng chọn ít nhất 1 kênh thông báo	Please select at least 1 notification channel	Please select at least 1 notification channel	Please select at least 1 notification channel
alert_select_date_time_required	กรุณาเลือกวันที่และเวลาอย่างน้อย 1 รายการ	Please select at least 1 date and time	请至少选择1个日期和时间	日付と時間を1つ以上選択してください	សូមជ្រើសរើសកាលបរិច្ឆេទនិងពេលវេលាយ៉ាងហោចណាស់ 1	날짜와 시간을 1개 이상 선택해주세요	ກະລຸນາເລືອກວັນທີແລະເວລາຢ່າງໜ້ອຍ 1 ລາຍການ	ရက်စွဲနှင့်အချိန် အနည်းဆုံး 1 ခု ရွေးပါ	Vui lòng chọn ít nhất 1 ngày và giờ	Please select at least 1 date and time	Please select at least 1 date and time	Please select at least 1 date and time
alert_select_day_time_required	กรุณาเลือกวันและเวลาอย่างน้อย 1 รายการ	Please select at least 1 day and time	请至少选择1天和时间	日と時間を1つ以上選択してください	សូមជ្រើសរើសថ្ងៃនិងពេលវេលាយ៉ាងហោចណាស់ 1	요일과 시간을 1개 이상 선택해주세요	ກະລຸນາເລືອກວັນແລະເວລາຢ່າງໜ້ອຍ 1 ລາຍການ	ရက်နှင့်အချိန် အနည်းဆုံး 1 ခု ရွေးပါ	Vui lòng chọn ít nhất 1 ngày và giờ	Please select at least 1 day and time	Please select at least 1 day and time	Please select at least 1 day and time
alert_select_from_left	เลือกรายการจากด้านซ้าย	Select an item from the left	从左侧选择一项	左側から項目を選択してください	ជ្រើសរើសធាតុពីខាងឆ្វេង	왼쪽에서 항목을 선택하세요	ເລືອກລາຍການຈາກດ້ານຊ້າຍ	ဘယ်ဘက်မှ အရာတစ်ခုကို ရွေးပါ	Chọn một mục từ bên trái	Select an item from the left	Select an item from the left	Select an item from the left
alert_select_send_format	เลือกรูปแบบการส่ง (เลือกได้ 1 รูปแบบ)	Select sending format (1 format only)	选择发送格式（仅限1种格式）	送信フォーマットを選択（1つのみ）	ជ្រើសរើសទម្រង់ផ្ញើ (ទម្រង់ 1 ប៉ុណ្ណោះ)	전송 형식 선택 (1가지만)	ເລືອກຮູບແບບການສົ່ງ (ເລືອກໄດ້ 1 ຮູບແບບ)	ပို့မည့်ပုံစံ ရွေးပါ (1 ပုံစံသာ)	Chọn định dạng gửi (chỉ 1 định dạng)	Select sending format (1 format only)	Select sending format (1 format only)	Select sending format (1 format only)
alert_send_format_note	หมายเหตุ: สามารถตั้งค่าไว้ได้ทุกรูปแบบ แต่ระบบจะทำงานตามรูปแบบที่เลือกเท่านั้น	Note: All formats can be configured but only the selected format will be active	注意：所有格式均可配置，但只有选中的格式会生效	注：すべてのフォーマットを設定できますが、選択したフォーマットのみがアクティブになります	ចំណាំ: ទម្រង់ទាំងអស់អាចកំណត់បាន ប៉ុន្តែមានតែទម្រង់ដែលបានជ្រើសរើសប៉ុណ្ណោះដែលដំណើរការ	참고: 모든 형식을 설정할 수 있지만 선택한 형식만 활성화됩니다	ໝາຍເຫດ: ສາມາດຕັ້ງຄ່າໄດ້ທຸກຮູບແບບ ແຕ່ລະບົບຈະເຮັດວຽກຕາມຮູບແບບທີ່ເລືອກເທົ່ານັ້ນ	မှတ်ချက်: ပုံစံအားလုံး သတ်မှတ်နိုင်သော်လည်း ရွေးချယ်ထားသော ပုံစံသာ အလုပ်လုပ်ပါမည်	Lưu ý: Tất cả định dạng đều có thể cấu hình nhưng chỉ định dạng được chọn mới hoạt động	Note: All formats can be configured but only the selected format will be active	Note: All formats can be configured but only the selected format will be active	Note: All formats can be configured but only the selected format will be active
alert_sending_settings	ตั้งค่าการส่ง	Sending Settings	发送设置	送信設定	ការកំណត់ការផ្ញើ	전송 설정	ຕັ້ງຄ່າການສົ່ງ	ပို့ဆောင်မှု ဆက်တင်များ	Cài đặt gửi	Sending Settings	Sending Settings	Sending Settings
alert_step1_add_friend	ขั้นตอนที่ 1: เพิ่มเพื่อน LINE OA	Step 1: Add LINE OA as friend	步骤1：添加LINE OA为好友	ステップ1：LINE OAを友達に追加	ជំហានទី 1: បន្ថែម LINE OA ជាមិត្ត	1단계: LINE OA를 친구로 추가	ຂັ້ນຕອນທີ 1: ເພີ່ມເພື່ອນ LINE OA	အဆင့် 1: LINE OA ကို သူငယ်ချင်းအဖြစ် ထည့်ပါ	Bước 1: Thêm LINE OA làm bạn	Step 1: Add LINE OA as friend	Step 1: Add LINE OA as friend	Step 1: Add LINE OA as friend
alert_step2_send_code	ขั้นตอนที่ 2: พิมพ์รหัสนี้ส่งในแชท	Step 2: Type this code in chat	步骤2：在聊天中输入此代码	ステップ2：チャットでこのコードを入力	ជំហានទី 2: វាយលេខកូដនេះក្នុងការជជែក	2단계: 채팅에서 이 코드를 입력	ຂັ້ນຕອນທີ 2: ພິมລະຫັດນີ້ສົ່ງໃນແຊັດ	အဆင့် 2: ဤကုဒ်ကို ချတ်တွင် ရိုက်ထည့်ပါ	Bước 2: Nhập mã này trong cuộc trò chuyện	Step 2: Type this code in chat	Step 2: Type this code in chat	Step 2: Type this code in chat
alert_sun_sat	อา.-ส.	Sun-Sat	周日-周六	日-土	អា.-ស.	일-토	ອາ.-ສ.	တနင်္ဂနွေ-စနေ	CN-T7	Sun-Sat	Sun-Sat	Sun-Sat
alert_task_name	ชื่องาน	Task Name	任务名称	タスク名	ឈ្មោះការងារ	작업 이름	ຊື່ວຽກ	လုပ်ငန်းအမည်	Tên công việc	Task Name	Task Name	Task Name
alert_task_name_hint	เช่น สรุปยอดขายประจำวัน	e.g. Daily Sales Summary	例如：每日销售摘要	例：日次売上サマリー	ឧ. សង្ខេបការលក់ប្រចាំថ្ងៃ	예: 일일 매출 요약	ເຊັ່ນ ສະຫຼຸບຍອດຂາຍປະຈຳວັນ	ဥပမာ နေ့စဉ်အရောင်း အနှစ်ချုပ်	Ví dụ: Tóm tắt doanh số hàng ngày	e.g. Daily Sales Summary	e.g. Daily Sales Summary	e.g. Daily Sales Summary
alert_task_name_required	กรุณากรอกชื่องาน	Please enter task name	请输入任务名称	タスク名を入力してください	សូមបញ្ចូលឈ្មោះការងារ	작업 이름을 입력해주세요	ກະລຸນາກອກຊື່ວຽກ	ကျေးဇူးပြု၍ လုပ်ငန်းအမည် ထည့်ပါ	Vui lòng nhập tên công việc	Please enter task name	Please enter task name	Please enter task name
alert_testing	ทดสอบ	Testing	测试	テスト	តេស្ត	테스트	ທົດສອບ	စမ်းသပ်ခြင်း	Thử nghiệm	Testing	Testing	Testing
alert_this_month	เดือนนี้	This Month	本月	今月	ខែនេះ	이번 달	ເດືອນນີ້	ဤလ	Tháng này	This Month	This Month	This Month
alert_this_week	สัปดาห์นี้	This Week	本周	今週	សប្តាហ៍នេះ	이번 주	ອາທິດນີ້	ဤအပတ်	Tuần này	This Week	This Week	This Week
alert_timeout_seconds	หมดเวลาใน {seconds} วินาที	Timeout in {seconds} seconds	将在{seconds}秒后超时	{seconds}秒でタイムアウト	អស់ពេលក្នុង {seconds} វិនាទី	{seconds}초 후 시간 초과	ໝົດເວລາໃນ {seconds} ວິນາທີ	{seconds} စက္ကန့်အတွင်း အချိန်ကုန်မည်	Hết thời gian trong {seconds} giây	Timeout in {seconds} seconds	Timeout in {seconds} seconds	Timeout in {seconds} seconds
alert_today	วันนี้	Today	今天	今日	ថ្ងៃនេះ	오늘	ມື້ນີ້	ယနေ့	Hôm nay	Today	Today	Today
alert_use_this_user_id	ใช้ User ID นี้	Use this User ID	使用此用户ID	このUser IDを使用	ប្រើ User ID នេះ	이 User ID 사용	ໃຊ້ User ID ນີ້	ဤ User ID ကို အသုံးပြုပါ	Sử dụng User ID này	Use this User ID	Use this User ID	Use this User ID
alert_waiting_registration	กำลังรอการลงทะเบียน...	Waiting for registration...	等待注册中...	登録を待機中...	កំពុងរង់ចាំការចុះឈ្មោះ...	등록 대기 중...	ກຳລັງລໍຖ້າການລົງທະບຽນ...	မှတ်ပုံတင်ခြင်းကို စောင့်နေသည်...	Đang chờ đăng ký...	Waiting for registration...	Waiting for registration...	Waiting for registration...
alert_weekly	รายสัปดาห์	Weekly	每周	週次	ប្រចាំសប្តាហ៍	주간	ລາຍອາທິດ	အပတ်စဉ်	Hàng tuần	Weekly	Weekly	Weekly
alert_weekly_desc	กำหนดวันในสัปดาห์และเวลาที่ต้องการ เหมาะสำหรับรายงานประจำวัน/สัปดาห์	Set weekday and time, ideal for daily/weekly reports	设置星期和时间，适合每日/每周报告	曜日と時間を設定、日次/週次レポートに最適	កំណត់ថ្ងៃក្នុងសប្តាហ៍និងពេលវេលា សមស្របសម្រាប់របាយការណ៍ប្រចាំថ្ងៃ/សប្តាហ៍	요일과 시간 설정, 일일/주간 보고서에 적합	ກຳນົດວັນໃນອາທິດແລະເວລາທີ່ຕ້ອງການ ເໝາະສຳລັບລາຍງານປະຈຳວັນ/ອາທິດ	ရက်သတ္တပတ်နှင့်အချိန်သတ်မှတ်ရန်၊ နေ့စဉ်/အပတ်စဉ်အစီရင်ခံစာများအတွက် သင့်လျော်သည်	Đặt ngày trong tuần và giờ, lý tưởng cho báo cáo hàng ngày/hàng tuần	Set weekday and time, ideal for daily/weekly reports	Set weekday and time, ideal for daily/weekly reports	Set weekday and time, ideal for daily/weekly reports
alert_yesterday	เมื่อวาน	Yesterday	昨天	昨日	ម្សិលមិញ	어제	ມື້ວານ	မနေ့က	Hôm qua	Yesterday	Yesterday	Yesterday
align_center	กลาง	Center	Center	Center	Center	Center	Center	Center	Center	Center	Center	Center
align_left	ซ้าย	Left	Left	Left	Left	Left	Left	Left	Left	Left	Left	Left
align_right	ขวา	Right	Right	Right	Right	Right	Right	Right	Right	Right	Right	Right
all	ทั้งหมด	All	全部	すべて	ទាំងអស់	전체	ທັງໝົດ	အားလုံး	Tất cả	All	All	All
all_acc	แสดงผังบัญชีทั้งหมด	Show All Chart of Accounts	显示所有会计科目	すべての勘定科目を表示	បង្ហាញតារាងគណនីទាំងអស់	모든 계정 차트 표시	ສະແດງຜັງບັນຊີທັງໝົດ	အကောင့်ဇယားအားလုံးပြပါ	Hiển thị tất cả hệ thống tài khoản	Show All Chart of Accounts	Show All Chart of Accounts	Show All Chart of Accounts
all_items_will_be_deleted	รายการสินค้าทั้งหมดจะถูกลบ	All items will be deleted	所有商品将被删除	すべての商品が削除されます	ផលិតផលទាំងអស់នឹងត្រូវបានលុប	모든 상품이 삭제됩니다	ສິນຄ້າທັງໝົດຈະຖືກລຶບ	ကုန်ပစ္စည်းအားလုံး ဖျက်ခံရမည်	Tất cả sản phẩm sẽ bị xóa	All items will be deleted	All items will be deleted	All items will be deleted
alternative_vendor	ร้านสำรอง	Alternative Vendor	备选供应商	代替ベンダー	អ្នកផ្គត់ផ្គង់ជំនួស	대체 벤더	ຮ້ານສຳຮອງ	အခြားရောင်းချသူ	Nhà cung cấp thay thế	Alternative Vendor	Alternative Vendor	Alternative Vendor
approval_deadline	กำหนดวันอนุมัติ	Approval Deadline	审批截止日期	承認期限	កំណត់ពេលអនុម័ត	승인 기한	ກຳນົດວັນອະນຸມັດ	အတည်ပြုရက်သတ်မှတ်	Thời hạn phê duyệt	Approval Deadline	Approval Deadline	Approval Deadline
all_permissions	ทุกสิทธิ์	All Permissions	All Permissions	All Permissions	All Permissions	All Permissions	All Permissions	All Permissions	All Permissions	All Permissions	All Permissions	All Permissions
all_products	สินค้าทั้งหมด	All Products	All Products	All Products	All Products	All Products	All Products	All Products	All Products	All Products	All Products	All Products
allow_negative_stock	อนุญาตสต็อกติดลบ	Allow Negative Stock	允许负库存	マイナス在庫を許可	អនុញ្ញាតស្តុកអវិជ្ជមាន	마이너스 재고 허용	ອະນຸຍາດສິນຄ້າຕິດລົບ	အနုတ်စတော့ခွင့်ပြု	Cho phép tồn kho âm	Allow Negative Stock	Allow Negative Stock	Allow Negative Stock
allow_negative_stock_desc	อนุญาตให้ตัดสินค้าแม้สต็อกไม่เพียงพอ	Allow issuing stock even when balance is insufficient	即使库存不足也允许出库	在庫が不足していても出庫を許可	អនុញ្ញាតចេញទំនិញទោះស្តុកមិនគ្រប់	재고가 부족해도 출고 허용	ອະນຸຍາດຕັດສິນຄ້າເຖິງແມ່ນສິນຄ້າບໍ່ພຽງພໍ	လက်ကျန်မလုံလောက်သော်လည်း ထုတ်ယူခွင့်ပြု	Cho phép xuất kho khi số lượng không đủ	Allow issuing stock even when balance is insufficient	Allow issuing stock even when balance is insufficient	Allow issuing stock even when balance is insufficient
allowed_tools	Tools ที่อนุญาต	Allowed Tools	允许使用的工具	許可されたツール	ឧបករណ៍ដែលអនុញ្ញាត	허용된 도구	ເຄື່ອງມືທີ່ອະນຸຍາດ	ခွင့်ပြုထားသောကိရိယာများ	Công cụ được phép	Allowed Tools	Allowed Tools	Allowed Tools
already_approved	มีการอนุมัติไปแล้ว	Already Approved	已审批	承認済み	បានអនុម័តរួចហើយ	이미 승인됨	ອະນຸມັດໄປແລ້ວ	ခွင့်ပြုပြီးဖြစ်သည်	Đã được phê duyệt	Already Approved	Already Approved	Already Approved
already_approved_cannot_edit	เอกสารได้รับการอนุมัติบางส่วนแล้ว ไม่สามารถแก้ไขได้	Document partially approved, cannot edit	文档已部分批准，无法编辑	文書は一部承認済み、編集できません	ឯកសារត្រូវបានអនុម័តដោយផ្នែក មិនអាចកែសម្រួលបានទេ	문서가 부분 승인되어 편집할 수 없습니다	ເອກະສານໄດ້ຮັບການອະນຸມັດບາງສ່ວນແລ້ວ ບໍ່ສາມາດແກ້ໄຂໄດ້	စာရွက်စာတမ်းတစ်စိတ်တစ်ပိုင်းအတည်ပြုပြီး တည်းဖြတ်၍မရပါ	Tài liệu đã được duyệt một phần, không thể chỉnh sửa	Document partially approved, cannot edit	Document partially approved, cannot edit	Document partially approved, cannot edit
already_exists_in_system	มีอยู่ในระบบแล้ว	already exists in the system	已存在于系统中	システムに既に存在します	មានក្នុងប្រព័ន្ធរួចហើយ	시스템에 이미 존재합니다	ມີຢູ່ໃນລະບົບແລ້ວ	စနစ်တွင် ရှိပြီးဖြစ်သည်	đã tồn tại trong hệ thống	already exists in the system	already exists in the system	already exists in the system
amount	ยอดรวม	Amount	金额	金額	ចំនួនទឹកប្រាក់	금액	ຍອດລວມ	ပမာဏ	Số tiền	Amount	Amount	Amount
amount_minimum	มูลค่าขั้นต่ำ	Minimum Amount	最低金额	最低金額	ចំនួនទឹកប្រាក់អប្បបរមា	최소 금액	ມູນຄ່າຂັ້ນຕ່ຳ	အနည်းဆုံးပမာဏ	Số tiền tối thiểu	Minimum Amount	Minimum Amount	Minimum Amount
amount_per_point	จำนวนเงินต่อ 1 แต้ม	Amount per point	每积分金额	1ポイントあたりの金額	ចំនួនទឹកប្រាក់ក្នុងមួយពិន្ទុ	포인트당 금액	ຈຳນວນເງິນຕໍ່ 1 ແຕ້ມ	အမှတ်တစ်မှတ်လျှင်ငွေပမာဏ	Số tiền mỗi điểm	Amount per point	Amount per point	Amount per point
amount_range	ช่วงจำนวนเงิน	Amount Range	Amount Range	Amount Range	Amount Range	Amount Range	Amount Range	Amount Range	Amount Range	Amount Range	Amount Range	Amount Range
amount_to_pay_for_1_point	จำนวนเงินที่ต้องจ่ายเพื่อได้ 1 แต้ม	Amount to pay for 1 point	获得1积分需支付金额	1ポイント獲得に必要な金額	ចំនួនទឹកប្រាក់ត្រូវបង់សម្រាប់ 1 ពិន្ទុ	1포인트 획득 필요 금액	ຈຳນວນເງິນທີ່ຕ້ອງຈ່າຍເພື່ອໄດ້ 1 ແຕ້ມ	အမှတ် 1 မှတ်အတွက်ပေးရမည့်ပမာဏ	Số tiền cần trả cho 1 điểm	Amount to pay for 1 point	Amount to pay for 1 point	Amount to pay for 1 point
analysis_date_range	ช่วงวันที่วิเคราะห์	Analysis Date Range	Analysis Date Range	Analysis Date Range	Analysis Date Range	Analysis Date Range	Analysis Date Range	Analysis Date Range	Analysis Date Range	Analysis Date Range	Analysis Date Range	Analysis Date Range
analysis_dimension	มิติการวิเคราะห์	Analysis Dimension	Analysis Dimension	Analysis Dimension	Analysis Dimension	Analysis Dimension	Analysis Dimension	Analysis Dimension	Analysis Dimension	Analysis Dimension	Analysis Dimension	Analysis Dimension
analysis_result_here	ผลการวิเคราะห์จะแสดงที่นี่	Analysis results will display here	Analysis results will display here	Analysis results will display here	Analysis results will display here	Analysis results will display here	Analysis results will display here	Analysis results will display here	Analysis results will display here	Analysis results will display here	Analysis results will display here	Analysis results will display here
analyze_document	วิเคราะห์เอกสาร	Analyze Document	分析文档	ドキュメントを分析	វិភាគឯកសារ	문서 분석	ວິເຄາະເອກະສານ	စာရွက်စာတမ်းခွဲခြမ်းစိတ်ဖြာ	Phân tích tài liệu	Analyze Document	Analyze Document	Analyze Document
analyze_product	วิเคราะห์สินค้านี้:	Analyze this product:	Analyze this product:	Analyze this product:	Analyze this product:	Analyze this product:	Analyze this product:	Analyze this product:	Analyze this product:	Analyze this product:	Analyze this product:	Analyze this product:
and	และ	and	和	と	និង	그리고	ແລະ	နှင့်	Và	and	and	and
and_more	และอื่นๆ อีก	and more	以及更多	その他	និងផ្សេងទៀត	그 외	ແລະອື່ນໆ	နှင့်အခြား	và thêm nữa	and more	and more	and more
anno_domini	คริสศักราช	Anno Domini	公元	西暦	គ្រិស្តសករាជ	서기	ຄ.ສ.	ခရစ်နှစ်	Công nguyên	Anno Domini	Anno Domini	Anno Domini
another_login	เข้าสุ่ระบบด้วยวิธีอื่น	Sign in with another method	使用其他方式登录	別の方法でサインイン	ចូលដោយវិធីផ្សេង	다른 방법으로 로그인	ເຂົ້າສູ່ລະບົບດ້ວຍວິທີອື່ນ	အခြားနည်းလမ်းဖြင့် ဝင်ရောက်ပါ	Đăng nhập bằng phương thức khác	Sign in with another method	Sign in with another method	Sign in with another method
api_key	Api Key	API Key	API 密钥	APIキー	API Key	API 키	API Key	API သော့	Khóa API	API Key	API Key	API Key
api_key_activated	เปิดใช้งาน API Key แล้ว	API Key activated	API 密钥已激活	API キーが有効化されました	បានបើកសោ API	API 키가 활성화되었습니다	ເປີດໃຊ້ກະແຈ API ແລ້ວ	API သော့ဖွင့်ပြီးပါပြီ	Đã kích hoạt khóa API	API Key activated	API Key activated	API Key activated
api_key_created	สร้าง API Key สำเร็จ	API Key Created	API 密钥已创建	API キーが作成されました	បានបង្កើតសោ API	API 키가 생성되었습니다	ສ້າງກະແຈ API ແລ້ວ	API သော့ဖန်တီးပြီးပါပြီ	Đã tạo khóa API	API Key Created	API Key Created	API Key Created
api_key_deactivated	ปิดใช้งาน API Key แล้ว	API Key deactivated	API 密钥已停用	API キーが無効化されました	បានបិទសោ API	API 키가 비활성화되었습니다	ປິດໃຊ້ກະແຈ API ແລ້ວ	API သော့ပိတ်ပြီးပါပြီ	Đã vô hiệu hóa khóa API	API Key deactivated	API Key deactivated	API Key deactivated
api_key_deleted	ลบ API Key แล้ว	API Key deleted	API 密钥已删除	API キーが削除されました	បានលុបសោ API	API 키가 삭제되었습니다	ລຶບກະແຈ API ແລ້ວ	API သော့ဖျက်ပြီးပါပြီ	Đã xóa khóa API	API Key deleted	API Key deleted	API Key deleted
api_key_notice	โปรดเก็บรักษา API Key นี้ไว้เป็นความลับ อย่าแชร์กับผู้อื่น	Please keep this API Key confidential. Do not share with others	请保管好此 API Key，不要与他人分享	この API Key は機密に保管し、他人と共有しないでください	សូមរក្សាទុក API Key នេះជាការសម្ងាត់ កុំចែករំលែកជាមួយអ្នកដទៃ	이 API Key를 안전하게 보관하고 다른 사람과 공유하지 마세요	ກະລຸນາເກັບຮັກສາ API Key ນີ້ໄວ້ເປັນຄວາມລັບ ຢ່າແບ່ງປັນກັບຜູ້ອື່ນ	ဤ API Key ကို လျှို့ဝှက်ထားပါ။ အခြားသူများနှင့် မျှဝေမပါနှင့်	Vui lòng giữ API Key này bí mật. Không chia sẻ với người khác	Please keep this API Key confidential. Do not share with others	Please keep this API Key confidential. Do not share with others	Please keep this API Key confidential. Do not share with others
api_key_success	สร้าง API Key สำเร็จ	API Key Created Successfully	创建API密钥成功	APIキーの作成に成功しました	បង្កើតកូនសោ API ដោយជោគជ័យ	API 키 생성 성공	ສ້າງ API Key ສຳເລັດແລ້ວ	API Key ဖန်တီးမှုအောင်မြင်ပါသည်	Tạo API Key thành công	API Key Created Successfully	API Key Created Successfully	API Key Created Successfully
api_key_warning	คัดลอก API Key นี้ทันที จะไม่สามารถดูได้อีกหลังจากปิดหน้าต่างนี้	Copy this API key now. You won't be able to see it again after closing this dialog.	请立即复制此 API 密钥。关闭此对话框后将无法再次查看。	今すぐこの API キーをコピーしてください。このダイアログを閉じると再度表示できません。	ចម្លងសោ API នេះឥឡូវនេះ។ អ្នកនឹងមិនអាចមើលវាម្តងទៀតបន្ទាប់ពីបិទប្រអប់នេះ។	지금 이 API 키를 복사하세요. 이 대화상자를 닫으면 다시 볼 수 없습니다.	ສຳເນົາກະແຈ API ນີ້ດຽວນີ້. ທ່ານຈະບໍ່ສາມາດເບິ່ງມັນອີກຫຼັງຈາກປິດກ່ອງນີ້.	ဤ API သော့ကို ယခုကူးယူပါ။ ဤဒိုင်ယာလော့ဂ်ကိုပိတ်ပြီးနောက် ထပ်မမြင်နိုင်တော့ပါ။	Sao chép khóa API này ngay. Bạn sẽ không thể xem lại sau khi đóng hộp thoại này.	Copy this API key now. You won't be able to see it again after closing this dialog.	Copy this API key now. You won't be able to see it again after closing this dialog.	Copy this API key now. You won't be able to see it again after closing this dialog.
apikey	API Key	API Key	API 密钥	APIキー	API Key	API 키	API Key	API သော့	Khóa API	API Key	API Key	API Key
app_id_label	APP ID	APP ID	APP ID	APP ID	APP ID	APP ID	APP ID	APP ID	APP ID	APP ID	APP ID	APP ID
append	เพิ่ม	Add	增加	追加	បន្ថែម	추가	ເພີ່ມ	ထည့်ပါ	Thêm	Add	Add	Add
approval	การอนุมัติ	Approval	审批	承認	ការអនុម័ត	승인	ການອະນຸມັດ	အတည်ပြုခြင်း	Phê duyệt	Approval	Approval	Approval
approval_approved	อนุมัติแล้ว	Approved	已批准	承認済み	បានអនុម័ត	승인됨	ອະນຸມັດແລ້ວ	အတည်ပြုပြီး	Đã duyệt	Approved	Approved	Approved
approval_auto_approved	อนุมัติอัตโนมัติ	Auto Approved	自动批准	自動承認	អនុម័តស្វ័យប្រវត្តិ	자동 승인	ອະນຸມັດອັດຕະໂນມັດ	အလိုအလျောက်အတည်ပြု	Tự động duyệt	Auto Approved	Auto Approved	Auto Approved
approval_history	ประวัติอนุมัติ	Approval History	审批历史	承認履歴	ប្រវត្តិអនុម័ត	승인 이력	ປະຫວັດການອະນຸມັດ	အတည်ပြုမှတ်တမ်း	Lịch sử phê duyệt	Approval History	Approval History	Approval History
approval_level	ระดับผู้อนุมัติ	Approval Level	Approval Level	Approval Level	Approval Level	Approval Level	Approval Level	Approval Level	Approval Level	Approval Level	Approval Level	Approval Level
approval_level_1_desc	• ระดับ 1: อนุมัติอัตโนมัติทันทีเมื่อบันทึกเอกสาร	Level 1: Auto-approve immediately upon document save	Level 1: Auto-approve immediately upon document save	Level 1: Auto-approve immediately upon document save	Level 1: Auto-approve immediately upon document save	Level 1: Auto-approve immediately upon document save	Level 1: Auto-approve immediately upon document save	Level 1: Auto-approve immediately upon document save	Level 1: Auto-approve immediately upon document save	Level 1: Auto-approve immediately upon document save	Level 1: Auto-approve immediately upon document save	Level 1: Auto-approve immediately upon document save
approval_level_2_desc	• ระดับ 2: รออนุมัติจาก ระดับ 1 ก่อน แล้วจึงอนุมัติได้	Level 2: Wait for Level 1 approval first	Level 2: Wait for Level 1 approval first	Level 2: Wait for Level 1 approval first	Level 2: Wait for Level 1 approval first	Level 2: Wait for Level 1 approval first	Level 2: Wait for Level 1 approval first	Level 2: Wait for Level 1 approval first	Level 2: Wait for Level 1 approval first	Level 2: Wait for Level 1 approval first	Level 2: Wait for Level 1 approval first	Level 2: Wait for Level 1 approval first
approval_level_3_desc	• ระดับ 3: รออนุมัติจาก ระดับ 1,2 ก่อน แล้วจึงอนุมัติได้	Level 3: Wait for Level 1, 2 approval first	Level 3: Wait for Level 1, 2 approval first	Level 3: Wait for Level 1, 2 approval first	Level 3: Wait for Level 1, 2 approval first	Level 3: Wait for Level 1, 2 approval first	Level 3: Wait for Level 1, 2 approval first	Level 3: Wait for Level 1, 2 approval first	Level 3: Wait for Level 1, 2 approval first	Level 3: Wait for Level 1, 2 approval first	Level 3: Wait for Level 1, 2 approval first	Level 3: Wait for Level 1, 2 approval first
approval_level_description	คำอธิบายระดับผู้อนุมัติ:	Approval Level Description:	Approval Level Description:	Approval Level Description:	Approval Level Description:	Approval Level Description:	Approval Level Description:	Approval Level Description:	Approval Level Description:	Approval Level Description:	Approval Level Description:	Approval Level Description:
approval_level_max_desc	• สูงสุด: ผู้มีอำนาจอนุมัติสูงสุด (เช่น กรรมการผู้จัดการ)	Highest: Highest authority (e.g., Managing Director)	Highest: Highest authority (e.g., Managing Director)	Highest: Highest authority (e.g., Managing Director)	Highest: Highest authority (e.g., Managing Director)	Highest: Highest authority (e.g., Managing Director)	Highest: Highest authority (e.g., Managing Director)	Highest: Highest authority (e.g., Managing Director)	Highest: Highest authority (e.g., Managing Director)	Highest: Highest authority (e.g., Managing Director)	Highest: Highest authority (e.g., Managing Director)	Highest: Highest authority (e.g., Managing Director)
approval_pending	รออนุมัติ	Pending Approval	待审批	承認待ち	រង់ចាំអនុម័ត	승인 대기	ລໍຖ້າອະນຸມັດ	အတည်ပြုရန်စောင့်ဆိုင်း	Chờ duyệt	Pending Approval	Pending Approval	Pending Approval
approval_rejected	ถูกปฏิเสธ	Rejected	已拒绝	却下	បានបដិសេធ	거부됨	ຖືກປະຕິເສດ	ပယ်ချပြီး	Đã từ chối	Rejected	Rejected	Rejected
approval_status	สถานะการอนุมัติ	Approval Status	审批状态	承認ステータス	ស្ថានភាពអនុម័ត	승인 상태	ສະຖານະການອະນຸມັດ	ခွင့်ပြုချက်အခြေအနေ	Trạng thái phê duyệt	Approval Status	Approval Status	Approval Status
approve	อนุมัติ	Approve	批准	承認	អនុម័ត	승인	ອະນຸມັດ	အတည်ပြုရန်	Duyệt	Approve	Approve	Approve
approve_purchase_order	อนุมัติใบสั่งซื้อ	Approve Purchase Order	审批采购订单	発注書を承認	អនុម័តបញ្ជាទិញ	구매 주문 승인	ອະນຸມັດໃບສັ່ງຊື້	ဝယ်ယူမှာယာစာအတည်ပြုရန်	Duyệt đơn đặt hàng	Approve Purchase Order	Approve Purchase Order	Approve Purchase Order
approving	กำลังอนุมัติ...	Approving...	正在审批...	承認中...	កំពុងអនុម័ត...	승인 중...	ກຳລັງອະນຸມັດ...	အတည်ပြုနေသည်...	Đang duyệt...	Approving...	Approving...	Approving...
approve_quotation	อนุมัติใบเสนอราคา	Approve Quotation	审批报价单	見積書を承認	អនុម័តសម្រង់តម្លៃ	견적서 승인	ອະນຸມັດໃບສະເໜີລາຄາ	စျေးနှုန်းအဆိုပြုလွှာအတည်ပြုရန်	Duyệt báo giá	Approve Quotation	Approve Quotation	Approve Quotation
approve_sale_order	อนุมัติใบสั่งขาย	Approve Sale Order	审批销售订单	販売注文を承認	អនុម័តបញ្ជាលក់	판매 주문 승인	ອະນຸມັດໃບສັ່ງຂາຍ	အရောင်းမှာယာစာအတည်ပြုရန်	Duyệt đơn bán hàng	Approve Sale Order	Approve Sale Order	Approve Sale Order
approved	อนุมัติแล้ว	Approved	已审批	承認済み	បានអនុម័ត	승인됨	ອະນຸມັດແລ້ວ	ခွင့်ပြုပြီး	Đã phê duyệt	Approved	Approved	Approved
approved_auto	อนุมัติ(อัตโนมัติ)	Approved (Auto)	Approved (Auto)	Approved (Auto)	Approved (Auto)	Approved (Auto)	Approved (Auto)	Approved (Auto)	Approved (Auto)	Approved (Auto)	Approved (Auto)	Approved (Auto)
approved_cannot_edit	เอกสารอนุมัติแล้ว ไม่สามารถแก้ไขได้	Document approved, cannot edit	文档已批准，无法编辑	文書は承認済み、編集できません	ឯកសារត្រូវបានអនុម័ត មិនអាចកែសម្រួលបានទេ	문서가 승인되어 편집할 수 없습니다	ເອກະສານອະນຸມັດແລ້ວ ບໍ່ສາມາດແກ້ໄຂໄດ້	စာရွက်စာတမ်းအတည်ပြုပြီး တည်းဖြတ်၍မရပါ	Tài liệu đã duyệt, không thể chỉnh sửa	Document approved, cannot edit	Document approved, cannot edit	Document approved, cannot edit
approved_up_to_level	อนุมัติถึงระดับ	Approved up to level	已批准至级别	承認済みレベル	បានអនុម័តដល់កម្រិត	승인된 레벨	ອະນຸມັດຮອດລະດັບ	အဆင့်အထိအတည်ပြုပြီး	Đã duyệt đến cấp	Approved up to level	Approved up to level	Approved up to level
approvers_anyone_in_list	ผู้มีสิทธิ์อนุมัติ (ใครก็ได้ในรายการ)	Approvers (Anyone in List)	Approvers (Anyone in List)	Approvers (Anyone in List)	Approvers (Anyone in List)	Approvers (Anyone in List)	Approvers (Anyone in List)	Approvers (Anyone in List)	Approvers (Anyone in List)	Approvers (Anyone in List)	Approvers (Anyone in List)	Approvers (Anyone in List)
are_you_sure_save	คุณต้องการบันทึกเอกสารนี้ใช่หรือไม่?	Are you sure you want to save this document?	您确定要保存此文档吗？	この書類を保存してもよろしいですか？	តើអ្នកប្រាកដថាចង់រក្សាទុកឯកសារនេះទេ?	이 문서를 저장하시겠습니까?	ທ່ານແນ່ໃຈບໍ່ວ່າຕ້ອງການບັນທຶກເອກະສານນີ້?	ဤစာရွက်စာတမ်းကို သိမ်းဆည်းလိုသည်မှာ သေချာပါသလား။	Bạn có chắc chắn muốn lưu tài liệu này không?	Are you sure you want to save this document?	Are you sure you want to save this document?	Are you sure you want to save this document?
are_you_sure_update	คุณต้องการแก้ไขเอกสารนี้ใช่หรือไม่?	Are you sure you want to update this document?	您确定要修改此文档吗？	この書類を更新してもよろしいですか？	តើអ្នកប្រាកដថាចង់កែប្រែឯកសារនេះទេ?	이 문서를 수정하시겠습니까?	ທ່ານແນ່ໃຈບໍ່ວ່າຕ້ອງການແກ້ໄຂເອກະສານນີ້?	ဤစာရွက်စာတမ်းကို ပြင်ဆင်လိုသည်မှာ သေချာပါသလား။	Bạn có chắc chắn muốn cập nhật tài liệu này không?	Are you sure you want to update this document?	Are you sure you want to update this document?	Are you sure you want to update this document?
are_you_sure_you_want_to_delete_this_item	ต้องการลบข้อมูลใช่หรือไม่ ?	Are you sure you want to delete this data?	您确定要删除此数据吗？	このデータを削除してもよろしいですか？	តើអ្នកប្រាកដថាចង់លុបទិន្នន័យនេះទេ?	이 데이터를 삭제하시겠습니까?	ທ່ານແນ່ໃຈບໍ່ວ່າຕ້ອງການລົບຂໍ້ມູນນີ້?	ဤအချက်အလက်ကို ဖျက်ရန် သေချာပါသလား။	Bạn có chắc chắn muốn xóa dữ liệu này không?	Are you sure you want to delete this data?	Are you sure you want to delete this data?	Are you sure you want to delete this data?
area	พื้นที่	Area	Area	Area	Area	Area	Area	Area	Area	Area	Area	Area
as_date	ณ วันที่	As of Date	截至日期	基準日	គិតត្រឹមថ្ងៃ	기준일	ນັບຮອດວັນທີ	ရက်စွဲအရ	Tính đến ngày	As of Date	As of Date	As of Date
attach_document_file	แนบไฟล์เอกสาร	Attach Document File	附加文档文件	ドキュメントファイルを添付	ភ្ជាប់ឯកសារ	문서 파일 첨부	ແນບໄຟລ໌ເອກະສານ	စာရွက်စာတမ်းဖိုင်ပူးတွဲရန်	Đính kèm tệp tài liệu	Attach Document File	Attach Document File	Attach Document File
attach_file	แนบไฟล์	Attach File	附加文件	ファイルを添付	ភ្ជាប់ឯកសារ	파일 첨부	ແນບໄຟລ໌	ဖိုင်ပူးတွဲရန်	Đính kèm tệp	Attach File	Attach File	Attach File
attempt	ครั้งที่	Attempt	第次	試行回数	ការព្យាយាម	시도	ຄັ້ງທີ	ကြိုးစားမှု	Lần thử	Attempt	Attempt	Attempt
audit	ตรวจสอบ	Audit	审核	監査	ត្រួតពិនិត្យ	감사	ກວດສອບ	စိစစ်ပါ	Kiểm toán	Audit	Audit	Audit
audit_barcode_non_1_1_ratio_no_ref	ตรวจสอบ Barcode ที่อัตราส่วนไม่ใช่ 1:1 (หน่วยย่อย) และยังไม่มี Barcode อ้างอิง	Audit Barcode with Non-1:1 Ratio (Sub-unit) and No Reference Barcode	审核非1:1比率（子单位）且无参考条形码的条形码	1:1比率以外（サブユニット）で参照バーコードなしのバーコード監査	ត្រួតពិនិត្យបាកូដដែលមានសមាមាត្រមិនមែន 1:1 (ឯកតារង) និងមិនមានបាកូដយោង	1:1 비율이 아닌(하위 단위) 참조 바코드가 없는 바코드 감사	ກວດສອບ Barcode ທີ່ອັດຕາສ່ວນບໍ່ແມ່ນ 1:1 (ຫົວໜ່ວຍຍ່ອຍ) ແລະຍັງບໍ່ມີ Barcode ອ້າງອິງ	၁:၁ အချိုးအစားမဟုတ်သော (ခွဲယူနစ်) နှင့် ရည်ညွှန်းဘားကုဒ်မရှိသော ဘားကုဒ်ကို စိစစ်ပါ	Kiểm toán mã vạch có tỷ lệ không phải 1:1 (đơn vị phụ) và không có mã vạch tham chiếu	Audit Barcode with Non-1:1 Ratio (Sub-unit) and No Reference Barcode	Audit Barcode with Non-1:1 Ratio (Sub-unit) and No Reference Barcode	Audit Barcode with Non-1:1 Ratio (Sub-unit) and No Reference Barcode
audit_barcode_non_1_1_ratio_no_ref_header	** ตรวจสอบบาร์โค้ดที่มีอัตราส่วนไม่ใช่ 1:1 (หน่วยย่อย) และยังไม่มี Barcode อ้างอิง **	** Audit Barcode with Non-1:1 Ratio (Sub-unit) and No Reference Barcode **	** 审核非1:1比率（子单位）且无参考条形码的条形码 **	** 1:1比率以外（サブユニット）で参照バーコードなしのバーコード監査 **	** ត្រួតពិនិត្យបាកូដដែលមានសមាមាត្រមិនមែន 1:1 (ឯកតារង) និងមិនមានបាកូដយោង **	** 1:1 비율이 아닌(하위 단위) 참조 바코드가 없는 바코드 감사 **	** ກວດສອບບາກູດທີ່ມີອັດຕາສ່ວນບໍ່ແມ່ນ 1:1 (ຫົວໜ່ວຍຍ່ອຍ) ແລະຍັງບໍ່ມີ Barcode ອ້າງອິງ **	** ၁:၁ အချိုးအစားမဟုတ်သော (ခွဲယူနစ်) နှင့် ရည်ညွှန်းဘားကုဒ်မရှိသော ဘားကုဒ်ကို စိစစ်ပါ **	** Kiểm toán mã vạch có tỷ lệ không phải 1:1 (đơn vị phụ) và không có mã vạch tham chiếu **	** Audit Barcode with Non-1:1 Ratio (Sub-unit) and No Reference Barcode **	** Audit Barcode with Non-1:1 Ratio (Sub-unit) and No Reference Barcode **	** Audit Barcode with Non-1:1 Ratio (Sub-unit) and No Reference Barcode **
audit_barcode_non_1_1_ratio_no_ref_no_error	ตรวจสอบบาร์โค้ดที่มีอัตราส่วนไม่ใช่ 1:1 (หน่วยย่อย) และยังไม่มี Barcode อ้างอิง ไม่พบข้อผิดพลาด	Audit Barcode with Non-1:1 Ratio (Sub-unit) and No Reference Barcode - No Errors Found	审核非1:1比率（子单位）且无参考条形码的条形码 - 未发现错误	1:1比率以外（サブユニット）で参照バーコードなしのバーコード監査 - エラーなし	ត្រួតពិនិត្យបាកូដដែលមានសមាមាត្រមិនមែន 1:1 (ឯកតារង) និងមិនមានបាកូដយោង - មិនមានកំហុស	1:1 비율이 아닌(하위 단위) 참조 바코드가 없는 바코드 감사 - 오류 없음	ກວດສອບບາກູດທີ່ມີອັດຕາສ່ວນບໍ່ແມ່ນ 1:1 (ຫົວໜ່ວຍຍ່ອຍ) ແລະຍັງບໍ່ມີ Barcode ອ້າງອິງ ບໍ່ພົບຄວາມຜິດພາດ	၁:၁ အချိုးအစားမဟုတ်သော (ခွဲယူနစ်) နှင့် ရည်ညွှန်းဘားကုဒ်မရှိသော ဘားကုဒ်ကို စိစစ်ပါ - အမှားမတွေ့ရှိပါ	Kiểm toán mã vạch có tỷ lệ không phải 1:1 (đơn vị phụ) và không có mã vạch tham chiếu - Không tìm thấy lỗi	Audit Barcode with Non-1:1 Ratio (Sub-unit) and No Reference Barcode - No Errors Found	Audit Barcode with Non-1:1 Ratio (Sub-unit) and No Reference Barcode - No Errors Found	Audit Barcode with Non-1:1 Ratio (Sub-unit) and No Reference Barcode - No Errors Found
audit_barcode_unit_ratio_error	ตรวจสอบ Barcode ที่ไม่อัตราส่วนหน่วยนับผิดพลาด	Audit Barcode with Incorrect Unit Ratio	审核单位比率错误的条形码	単位比率エラーのバーコード監査	ត្រួតពិនិត្យបាកូដដែលមានសមាមាត្រឯកតាមិនត្រឹមត្រូវ	단위 비율 오류가 있는 바코드 감사	ກວດສອບ Barcode ທີ່ອັດຕາສ່ວນຫົວໜ່ວຍນັບຜິດພາດ	ယူနစ်အချိုးအစားမှားယွင်းသော ဘားကုဒ်ကို စိစစ်ပါ	Kiểm toán mã vạch có tỷ lệ đơn vị không chính xác	Audit Barcode with Incorrect Unit Ratio	Audit Barcode with Incorrect Unit Ratio	Audit Barcode with Incorrect Unit Ratio
audit_barcode_unit_ratio_error_header	** ตรวจสอบบาร์โค้ดที่อัตราส่วนหน่วยนับผิดพลาด **	** Audit Barcode with Incorrect Unit Ratio **	** 审核单位比率错误的条形码 **	** 単位比率エラーのバーコード監査 **	** ត្រួតពិនិត្យបាកូដដែលមានសមាមាត្រឯកតាមិនត្រឹមត្រូវ **	** 단위 비율 오류가 있는 바코드 감사 **	** ກວດສອບບາກູດທີ່ອັດຕາສ່ວນຫົວໜ່ວຍນັບຜິດພາດ **	** ယူနစ်အချိုးအစားမှားယွင်းသော ဘားကုဒ်ကို စိစစ်ပါ **	** Kiểm toán mã vạch có tỷ lệ đơn vị không chính xác **	** Audit Barcode with Incorrect Unit Ratio **	** Audit Barcode with Incorrect Unit Ratio **	** Audit Barcode with Incorrect Unit Ratio **
audit_barcode_unit_ratio_error_no_error	ตรวจสอบบาร์โค้ดที่อัตราส่วนหน่วยนับผิดพลาด ไม่พบข้อผิดพลาด	Audit Barcode with Incorrect Unit Ratio - No Errors Found	审核单位比率错误的条形码 - 未发现错误	単位比率エラーのバーコード監査 - エラーなし	ត្រួតពិនិត្យបាកូដដែលមានសមាមាត្រឯកតាមិនត្រឹមត្រូវ - មិនមានកំហុស	단위 비율 오류가 있는 바코드 감사 - 오류 없음	ກວດສອບບາກູດທີ່ອັດຕາສ່ວນຫົວໜ່ວຍນັບຜິດພາດ ບໍ່ພົບຄວາມຜິດພາດ	ယူနစ်အချိုးအစားမှားယွင်းသော ဘားကုဒ်ကို စိစစ်ပါ - အမှားမတွေ့ရှိပါ	Kiểm toán mã vạch có tỷ lệ đơn vị không chính xác - Không tìm thấy lỗi	Audit Barcode with Incorrect Unit Ratio - No Errors Found	Audit Barcode with Incorrect Unit Ratio - No Errors Found	Audit Barcode with Incorrect Unit Ratio - No Errors Found
audit_barcode_without_item_code	ตรวจสอบ Barcode ที่ไม่มีรหัสสินค้า	Audit Barcode Without Item Code	审核没有物料代码的条形码	商品コードなしのバーコード監査	ត្រួតពិនិត្យបាកូដគ្មានលេខកូដផលិតផល	상품 코드 없는 바코드 감사	ກວດສອບ Barcode ທີ່ບໍ່ມີລະຫັດສິນຄ້າ	ပစ္စည်းကုဒ်မပါဘဲ ဘားကုဒ်ကို စိစစ်ပါ	Kiểm toán mã vạch không có mã sản phẩm	Audit Barcode Without Item Code	Audit Barcode Without Item Code	Audit Barcode Without Item Code
audit_barcode_without_item_code_header	** ตรวจสอบบาร์โค้ดที่ไม่มีรหัสสินค้า **	** Audit Barcode Without Item Code **	** 审核没有物料代码的条形码 **	** 商品コードなしのバーコード監査 **	** ត្រួតពិនិត្យបាកូដគ្មានលេខកូដផលិតផល **	** 상품 코드 없는 바코드 감사 **	** ກວດສອບບາກູດທີ່ບໍ່ມີລະຫັດສິນຄ້າ **	** ပစ္စည်းကုဒ်မပါဘဲ ဘားကုဒ်ကို စိစစ်ပါ **	** Kiểm toán mã vạch không có mã sản phẩm **	** Audit Barcode Without Item Code **	** Audit Barcode Without Item Code **	** Audit Barcode Without Item Code **
audit_barcode_without_item_code_no_error	ตรวจสอบบาร์โค้ดที่ไม่มีรหัสสินค้า ไม่พบข้อผิดพลาด	Audit Barcode Without Item Code - No Errors Found	审核没有物料代码的条形码 - 未发现错误	商品コードなしのバーコード監査 - エラーなし	ត្រួតពិនិត្យបាកូដគ្មានលេខកូដផលិតផល - មិនមានកំហុស	상품 코드 없는 바코드 감사 - 오류 없음	ກວດສອບບາກູດທີ່ບໍ່ມີລະຫັດສິນຄ້າ ບໍ່ພົບຄວາມຜິດພາດ	ပစ္စည်းကုဒ်မပါဘဲ ဘားကုဒ်ကို စိစစ်ပါ - အမှားမတွေ့ရှိပါ	Kiểm toán mã vạch không có mã sản phẩm - Không tìm thấy lỗi	Audit Barcode Without Item Code - No Errors Found	Audit Barcode Without Item Code - No Errors Found	Audit Barcode Without Item Code - No Errors Found
audit_check_cost_table	ตรวจสอบตารางต้นทุนสินค้า	Check Product Cost Table	Check Product Cost Table	Check Product Cost Table	Check Product Cost Table	Check Product Cost Table	Check Product Cost Table	Check Product Cost Table	Check Product Cost Table	Check Product Cost Table	Check Product Cost Table	Check Product Cost Table
audit_data	ตรวจสอบข้อมูล	Audit Data	审计数据	データ監査	សវនកម្មទិន្នន័យ	데이터 감사	ກວດສອບຂໍ້ມູນ	ဒေတာစစ်ဆေးခြင်း	Kiểm tra dữ liệu	Audit Data	Audit Data	Audit Data
audit_match	ตรงกัน	Match	Match	Match	Match	Match	Match	Match	Match	Match	Match	Match
audit_not_match	ไม่ตรงกัน	Not Match	Not Match	Not Match	Not Match	Not Match	Not Match	Not Match	Not Match	Not Match	Not Match	Not Match
audit_product	ตรวจนับสินค้า	Product Audit	Product Audit	Product Audit	Product Audit	Product Audit	Product Audit	Product Audit	Product Audit	Product Audit	Product Audit	Product Audit
audit_product_data	ตรวจสอบข้อมูลสินค้า	Audit Product Data	审核产品数据	商品データ監査	ត្រួតពិនិត្យទិន្នន័យផលិតផល	제품 데이터 감사	ກວດສອບຂໍ້ມູນສິນຄ້າ	ကုန်ပစ္စည်းဒေတာကို စိစစ်ပါ	Kiểm toán dữ liệu sản phẩm	Audit Product Data	Audit Product Data	Audit Product Data
audit_products	ตรวจสอบสินค้า	Audit Products	审核产品	商品監査	ត្រួតពិនិត្យផលិតផល	제품 감사	ກວດສອບສິນຄ້າ	ကုန်ပစ္စည်းများကို စိစစ်ပါ	Kiểm toán sản phẩm	Audit Products	Audit Products	Audit Products
audit_products_with_multiple_units	ตรวจสอบสินค้าที่มีหลายหน่วยนับ	Audit Products with Multiple Units	审核有多个单位的产品	複数単位の商品監査	ត្រួតពិនិត្យផលិតផលដែលមានច្រើនឯកតា	여러 단위가 있는 제품 감사	ກວດສອບສິນຄ້າທີ່ມີຫຼາຍຫົວໜ່ວຍນັບ	ယူနစ်အများအပြားရှိသော ကုန်ပစ္စည်းများကို စိစစ်ပါ	Kiểm toán sản phẩm có nhiều đơn vị	Audit Products with Multiple Units	Audit Products with Multiple Units	Audit Products with Multiple Units
audit_products_with_multiple_units_no_error	ตรวจสอบสินค้าที่มีหลายหน่วยนับ ไม่พบข้อผิดพลาด	Audit Products with Multiple Units - No Errors Found	审核有多个单位的产品 - 未发现错误	複数単位の商品監査 - エラーなし	ត្រួតពិនិត្យផលិតផលដែលមានច្រើនឯកតា - មិនមានកំហុស	여러 단위가 있는 제품 감사 - 오류 없음	ກວດສອບສິນຄ້າທີ່ມີຫຼາຍຫົວໜ່ວຍນັບ ບໍ່ພົບຄວາມຜິດພາດ	ယူနစ်အများအပြားရှိသော ကုန်ပစ္စည်းများကို စိစစ်ပါ - အမှားမတွေ့ရှိပါ	Kiểm toán sản phẩm có nhiều đơn vị - Không tìm thấy lỗi	Audit Products with Multiple Units - No Errors Found	Audit Products with Multiple Units - No Errors Found	Audit Products with Multiple Units - No Errors Found
audit_system	ระบบตรวจสอบ	Audit System	审计系统	監査システム	ប្រព័ន្ធសវនកម្ម	감사 시스템	ລະບົບກວດສອບ	စစ်ဆေးရေးစနစ်	Hệ thống kiểm toán	Audit System	Audit System	Audit System
authorization_code	รหัสอนุมัติ	Authorization Code	授权码	認証コード	លេខកូដអនុញ្ញាត	인증 코드	ລະຫັດອະນຸມັດ	ခွင့်ပြုချက်ကုဒ်	Mã xác thực	Authorization Code	Authorization Code	Authorization Code
auto	อัตโนมัติ	Auto	自动	自動	ស្វ័យប្រវត្តិ	자동	ອັດຕະໂນມັດ	အလိုအလျောက်	Tự động	Auto	Auto	Auto
auto_approved	อนุมัติอัตโนมัติ	Auto Approved	自动审批	自動承認	អនុម័តដោយស្វ័យប្រវត្តិ	자동 승인	ອະນຸມັດອັດຕະໂນມັດ	အလိုအလျောက် ခွင့်ပြုပြီး	Tự động phê duyệt	Auto Approved	Auto Approved	Auto Approved
auto_block_expired	บล็อกสินค้าหมดอายุอัตโนมัติ	Auto Block Expired Items	自动阻止过期商品	期限切れ商品を自動ブロック	បិទស្វ័យប្រវត្តិទំនិញផុតកំណត់	유통기한 만료 상품 자동 차단	ບລ໋ອກສິນຄ້າໝົດອາຍຸອັດຕະໂນມັດ	သက်တမ်းကုန်ကုန်ပစ္စည်း အလိုအလျောက်ပိတ်ဆို့	Tự động chặn hàng hết hạn	Auto Block Expired Items	Auto Block Expired Items	Auto Block Expired Items
auto_calculated_editable	คำนวณอัตโนมัติ (แก้ไขได้)	Auto-calculated (editable)	自动计算（可编辑）	自動計算（編集可能）	គណនាស្វ័យប្រវត្តិ (កែបាន)	자동 계산 (편집 가능)	ຄິດໄລ່ອັດຕະໂນມັດ (ແກ້ໄຂໄດ້)	အလိုအလျောက်တွက်ချက် (ပြင်ဆင်နိုင်)	Tự động tính (có thể sửa)	Auto-calculated (editable)	Auto-calculated (editable)	Auto-calculated (editable)
auto_generate	สร้างอัตโนมัติ	Auto Generate	自动生成	自動生成	បង្កើតដោយស្វ័យប្រវត្តិ	자동 생성	ສ້າງອັດຕະໂນມັດ	အလိုအလျောက်ထုတ်လုပ်	Tạo tự động	Auto Generate	Auto Generate	Auto Generate
auto_generate_code	สร้างรหัสอัตโนมัติ	Auto generate code	自动生成代码	コードを自動生成	បង្កើតកូដដោយស្វ័យប្រវត្តិ	코드 자동 생성	ສ້າງລະຫັດອັດຕະໂນມັດ	ကုဒ်အလိုအလျောက်ထုတ်ပါ	Tạo mã tự động	Auto generate code	Auto generate code	Auto generate code
auto_login	ระบบจะเข้าสู่ระบบอัตโนมัติ	System will auto-login	System will auto-login	System will auto-login	System will auto-login	System will auto-login	System will auto-login	System will auto-login	System will auto-login	System will auto-login	System will auto-login	System will auto-login
average_cost	ต้นทุนเฉลี่ย	Average Cost	平均成本	平均原価	ថ្លៃដើមជាមធ្យម	평균원가	ຕົ້ນທຶນສະເລ່ຍ	ပျမ်းမျှကုန်ကျစရိတ်	Giá vốn trung bình	Average Cost	Average Cost	Average Cost
avg_profit_pct	เปอร์เซ็นต์กำไรเฉลี่ย	Average Profit Percentage	Average Profit Percentage	Average Profit Percentage	Average Profit Percentage	Average Profit Percentage	Average Profit Percentage	Average Profit Percentage	Average Profit Percentage	Average Profit Percentage	Average Profit Percentage	Average Profit Percentage
back	กลับ	Back	返回	戻る	ត្រឡប់	뒤로	ກັບຄືນ	နောက်သို့	Quay lại	Back	Back	Back
back_office	หลังบ้าน	Back Office	Back Office	Back Office	Back Office	Back Office	Back Office	Back Office	Back Office	Back Office	Back Office	Back Office
backend_processing	Backend กำลังประมวลผล...	Backend processing...	后端处理中...	バックエンド処理中...	Backend កំពុងដំណើរការ...	백엔드 처리 중...	Backend ກຳລັງປະມວນຜົນ...	Backend လုပ်ဆောင်နေသည်...	Backend đang xử lý...	Backend processing...	Backend processing...	Backend processing...
backend_url	Backend URL	Backend URL	Backend URL	Backend URL	Backend URL	Backend URL	Backend URL	Backend URL	Backend URL	Backend URL	Backend URL	Backend URL
baht	บาท	Baht	泰铢	バーツ	បាត	바트	ບາດ	ဘတ်	Baht	Baht	Baht	Baht
baht_per_unit	บาท/	Baht/	Baht/	Baht/	Baht/	Baht/	Baht/	Baht/	Baht/	Baht/	Baht/	Baht/
baht_suffix	 บาท	 Baht	 泰铢	 バーツ	 បាត	 바트	 ກີບ	 ဘတ်	 Baht	 Baht	 Baht	 Baht
balance	จำนวนคงเหลือ	Balance	余额	残高	សមតុល្យ	잔액	ຍອດຄົງເຫຼືອ	လက်ကျန်	Số dư	Balance	Balance	Balance
balance_amount	มูลค่าคงเหลือ	Balance Amount	余额金额	残高金額	ចំនួនទឹកប្រាក់សមតុល្យ	잔액 금액	ມູນຄ່າຄົງເຫຼືອ	လက်ကျန်ပမာဏ	Số tiền dư	Balance Amount	Balance Amount	Balance Amount
balance_as_of_date	ยอดคงเหลือ ณ. วันที่	Balance as of date	Balance as of date	Balance as of date	Balance as of date	Balance as of date	Balance as of date	Balance as of date	Balance as of date	Balance as of date	Balance as of date	Balance as of date
balance_by_product	ยอดคงเหลือตามสินค้า	Balance by Product	Balance by Product	Balance by Product	Balance by Product	Balance by Product	Balance by Product	Balance by Product	Balance by Product	Balance by Product	Balance by Product	Balance by Product
balance_by_warehouse	ยอดคงเหลือตามคลัง	Balance by Warehouse	Balance by Warehouse	Balance by Warehouse	Balance by Warehouse	Balance by Warehouse	Balance by Warehouse	Balance by Warehouse	Balance by Warehouse	Balance by Warehouse	Balance by Warehouse	Balance by Warehouse
balance_qty	ยอดคงเหลือ	Balance Quantity	余额数量	残高数量	បរិមាណសមតុល្យ	잔액 수량	ຍອດຄົງເຫຼືອ	လက်ကျန်အရေအတွက်	Số lượng dư	Balance Quantity	Balance Quantity	Balance Quantity
balance_qty_readable	จำนวนคงเหลือ(คำอ่าน)	Balance Quantity (Readable)	Balance Quantity (Readable)	Balance Quantity (Readable)	Balance Quantity (Readable)	Balance Quantity (Readable)	Balance Quantity (Readable)	Balance Quantity (Readable)	Balance Quantity (Readable)	Balance Quantity (Readable)	Balance Quantity (Readable)	Balance Quantity (Readable)
balance_remaining	คงเหลือ	Balance	余额	残高	សមតុល្យ	잔액	ຍອດເຫຼືອ	လက်ကျန်	Tồn kho	Balance	Balance	Balance
balanceamount	ยอดยกมา	Balance Brought Forward	期初余额	繰越残高	សមតុល្យដើមគ្រា	이월 잔액	ຍອດຍົກມາ	လက်ကျန်သယ်ဆောင်လာသည်	Số dư đầu kỳ	Balance Brought Forward	Balance Brought Forward	Balance Brought Forward
balancesheet	งบดุล	Balance Sheet	资产负债表	貸借対照表	តារាងតុល្យការ	대차대조표	ງົບດຸນ	လက်ကျန်ရှင်းတမ်း	Bảng cân đối kế toán	Balance Sheet	Balance Sheet	Balance Sheet
bank	ธนาคาร	Bank	银行	銀行	ធនាគារ	은행	ທະນາຄານ	ဘဏ်	Ngân hàng	Bank	Bank	Bank
bank_book	สมุดบัญชี	Bank Book	银行存折	通帳	សៀវភៅធនាគារ	통장	ປຶ້ມບັນຊີທະນາຄານ	ဘဏ်စာအုပ်	Sổ ngân hàng	Bank Book	Bank Book	Bank Book
bank_book_code	รหัสสมุดบัญชี	Bank Book Code	银行存折代码	通帳コード	លេខកូដសៀវភៅធនាគារ	통장 코드	ລະຫັດປຶ້ມບັນຊີ	ဘဏ်စာအုပ်ကုဒ်	Mã sổ ngân hàng	Bank Book Code	Bank Book Code	Bank Book Code
bank_charge	ค่าธรรมเนียมธนาคาร	Bank Charge	银行手续费	銀行手数料	ຄ່າសេវាធនាគារ	은행 수수료	ຄ່າທຳນຽມທະນາຄານ	ဘဏ်ဝန်ဆောင်ခ	Phí ngân hàng	Bank Charge	Bank Charge	Bank Charge
bank_code	รหัสธนาคาร	Bank Code	银行代码	銀行コード	លេខកូដធនាគារ	은행 코드	ລະຫັດທະນາຄານ	ဘဏ်ကုဒ်	Mã ngân hàng	Bank Code	Bank Code	Bank Code
bank_name	ชื่อธนาคาร	Bank Name	银行名称	銀行名	ឈ្មោះធនាគារ	은행명	ຊື່ທະນາຄານ	ဘဏ်အမည်	Tên ngân hàng	Bank Name	Bank Name	Bank Name
bank_transfer	การโอนเงิน	Bank Transfer	银行转账	銀行振込	ការផ្ទេរប្រាក់តាមធនាគារ	계좌 이체	ການໂອນເງິນ	ဘဏ်ငွေလွှဲ	Chuyển khoản ngân hàng	Bank Transfer	Bank Transfer	Bank Transfer
bankcode	รหัสธนาคาร	Bank Code	银行代码	銀行コード	លេខកូដធនាគារ	은행 코드	ລະຫັດທະນາຄານ	ဘဏ်ကုဒ်	Mã ngân hàng	Bank Code	Bank Code	Bank Code
barcode	บาร์โค้ด	Barcode	条形码	バーコード	បាកូដ	바코드	ບາໂຄດ	ဘားကုဒ်	Mã vạch	Barcode	Barcode	Barcode
barcode_already_exists	บาร์โค้ดนี้มีอยู่แล้ว!	This barcode already exists!	此条形码已存在！	このバーコードは既に存在します！	បាកូដនេះមានរួចហើយ!	이 바코드는 이미 존재합니다!	ບາໂຄດນີ້ມີຢູ່ແລ້ວ!	ဤဘားကုဒ်သည် ရှိပြီးဖြစ်သည်!	Mã vạch này đã tồn tại!	This barcode already exists!	This barcode already exists!	This barcode already exists!
barcode_label	บาร์โค้ด:	Barcode:	Barcode:	Barcode:	Barcode:	Barcode:	Barcode:	Barcode:	Barcode:	Barcode:	Barcode:	Barcode:
barcode_shelf	บาร์โค้ดชั้นวาง	Shelf Barcode	Shelf Barcode	Shelf Barcode	Shelf Barcode	Shelf Barcode	Shelf Barcode	Shelf Barcode	Shelf Barcode	Shelf Barcode	Shelf Barcode	Shelf Barcode
barcodes	บาร์โค้ด	Barcodes	条码	バーコード	បាកូដ	바코드	ບາໂຄ້ດ	ဘားကုဒ်များ	Mã vạch	Barcodes	Barcodes	Barcodes
base_currency	สกุลเงินหลัก	Base Currency	基础货币	基軸通貨	រូបិយប័ណ្ណមូលដ្ឋាន	기준 통화	ສະກຸນເງິນພື້ນຖານ	အခြေခံငွေကြေး	Tiền tệ cơ sở	Base Currency	Base Currency	Base Currency
base_currency_accounting	สกุลเงินหลัก (ลงบัญชี)	Base Currency (Accounting)	基础货币（记账）	基準通貨（会計）	រូបិយប័ណ្ណមូលដ្ឋាន (គណនេយ្យ)	기준 통화 (회계)	ສະກຸນເງິນຫຼັກ (ລົງບັນຊີ)	အခြေခံငွေကြေး (စာရင်းကိုင်)	Tiền tệ cơ sở (Kế toán)	Base Currency (Accounting)	Base Currency (Accounting)	Base Currency (Accounting)
base_currency_exchange_rate_must_be_one	สกุลเงินหลักต้องมีอัตราแลกเปลี่ยน = 1.0	Base currency exchange rate must be 1.0	基础货币汇率必须为1.0	基準通貨の為替レートは1.0でなければなりません	អត្រាប្តូរប្រាក់រូបិយប័ណ្ណមូលដ្ឋានត្រូវតែ = 1.0	기준 통화 환율은 1.0이어야 합니다	ສະກຸນເງິນຫຼັກຕ້ອງມີອັດຕາແລກປ່ຽນ = 1.0	အခြေခံငွေကြေး လဲလှယ်နှုန်းသည် 1.0 ဖြစ်ရမည်	Tỷ giá tiền tệ cơ sở phải là 1.0	Base currency exchange rate must be 1.0	Base currency exchange rate must be 1.0	Base currency exchange rate must be 1.0
base_currency_rate_must_be_one	สกุลเงินหลักต้องมีอัตราแลกเปลี่ยน = 1.0	Base currency exchange rate must be 1.0	基础货币汇率必须为1.0	基準通貨の為替レートは1.0でなければなりません	អត្រាប្តូរប្រាក់រូបិយប័ណ្ណមូលដ្ឋានត្រូវតែ 1.0	기본 통화 환율은 1.0이어야 합니다	ສະກຸນເງິນຫຼັກຕ້ອງມີອັດຕາແລກປ່ຽນ = 1.0	အခြေခံငွေကြေးလဲလှယ်နှုန်းသည် 1.0 ဖြစ်ရမည်	Tỷ giá tiền tệ cơ sở phải là 1.0	Base currency exchange rate must be 1.0	Base currency exchange rate must be 1.0	Base currency exchange rate must be 1.0
base_unit	ฐาน	Base	基础	基本	មូលដ្ឋាន	기본	ພື້ນຖານ	အခြေခံ	Cơ sở	Base	Base	Base
basic_info	ข้อมูลพื้นฐาน	Basic Information	基本信息	基本情報	ព័ត៌មានមូលដ្ឋាន	기본 정보	ຂໍ້ມູນພື້ນຖານ	အခြေခံအချက်အလက်	Thông tin cơ bản	Basic Information	Basic Information	Basic Information
bc_alert_agent	BC Alert Agent	BC Alert Agent	BC Alert Agent	BC Alert Agent	BC Alert Agent	BC Alert Agent	BC Alert Agent	BC Alert Agent	BC Alert Agent	BC Alert Agent	BC Alert Agent	BC Alert Agent
before_tax	ก่อนภาษี	Before Tax	税前	税抜	មុនពន្ធ	세전	ກ່ອນພາສີ	အခွန်မပါ	Trước thuế	Before Tax	Before Tax	Before Tax
before_vat	ก่อน VAT	Before VAT	增值税前	VAT前	មុន VAT	부가세 전	ກ່ອນ VAT	VAT မပါသေး	Trước VAT	Before VAT	Before VAT	Before VAT
best_selling_products	สินค้าขายดี	Best Selling Products	Best Selling Products	Best Selling Products	Best Selling Products	Best Selling Products	Best Selling Products	Best Selling Products	Best Selling Products	Best Selling Products	Best Selling Products	Best Selling Products
bigerthan	ใหญ่กว่า	Bigger than	大于	より大きい	ធំជាង	보다 큼	ໃຫຍ່ກວ່າ	ထက်ကြီးသည်	Lớn hơn	Bigger than	Bigger than	Bigger than
bigger	ใหญ่กว่า	Bigger	大于	より大きい	ធំជាង	보다 큼	ໃຫຍ່ກວ່າ	ထက်ကြီးသည်	Lớn hơn	Bigger	Bigger	Bigger
bigger_than	ใหญ่กว่า	Bigger than	大于	より大きい	ធំជាង	보다 큼	ໃຫຍ່ກວ່າ	ထက်ကြီးသည်	Lớn hơn	Bigger than	Bigger than	Bigger than
biggersmaller	ใหญ่กว่าน้อยกว่า	Bigger Smaller	大于小于	大小	ធំជាង តូចជាង	크거나 작음	ໃຫຍ່ກວ່າ ນ້ອຍກວ່າ	ကြီးသည် ငယ်သည်	Lớn hơn Nhỏ hơn	Bigger Smaller	Bigger Smaller	Bigger Smaller
bill_add_column	เพิ่มColumn	Add Column	添加列	列を追加	បន្ថែមជួរឈរ	열 추가	ເພີ່ມຄໍລຳ	ကော်လံထည့်ပါ	Thêm cột	Add Column	Add Column	Add Column
bill_add_detail	เพิ่มรายละเอียด	Add Detail	添加详细信息	詳細を追加	បន្ថែមព័ត៌មានលម្អិត	세부정보 추가	ເພີ່ມລາຍລະອຽດ	အသေးစိတ်ထည့်ပါ	Thêm chi tiết	Add Detail	Add Detail	Add Detail
bill_add_row	เพิ่มแถว	Add Row	添加行	行を追加	បន្ថែមជួរផ្តេក	행 추가	ເພີ່ມແຖວ	တန်းထည့်ပါ	Thêm hàng	Add Row	Add Row	Add Row
bill_cancel	ยกเลิกใบเสร็จ	Cancel Receipt	取消收据	領収書をキャンセル	បោះបង់វិក័យប័ត្រ	영수증 취소	ຍົກເລີກໃບຮັບເງິນ	ပြေစာပယ်ဖျက်ပါ	Hủy biên lai	Cancel Receipt	Cancel Receipt	Cancel Receipt
bill_close	ปิด	Close	关闭	閉じる	បិទ	닫기	ປິດ	ပိတ်ပါ	Đóng	Close	Close	Close
bill_command	คำสั่ง	Command	Command	Command	Command	Command	Command	Command	Command	Command	Command	Command
bill_delete_column	ลบคอลัมน์	Delete Column	删除列	列を削除	លុបជួរឈរ	열 삭제	ລຶບຄໍລຳ	ကော်လံဖျက်ပါ	Xóa cột	Delete Column	Delete Column	Delete Column
bill_design	ออกแบบใบเสร็จรับเงิน	Design Receipt	设计收据	領収書デザイン	រចនាវិក័យប័ត្រ	영수증 디자인	ອອກແບບໃບຮັບເງິນ	ပြေစာဒီဇိုင်း	Thiết kế biên lai	Design Receipt	Design Receipt	Design Receipt
bill_design_code	รหัส	Code	代码	コード	លេខកូដ	코드	ລະຫັດ	ကုဒ်	Mã	Code	Code	Code
bill_design_detail	รายละเอียด	Detail	详细信息	詳細	ព័ត៌មានលម្អិត	세부정보	ລາຍລະອຽດ	အသေးစိတ်	Chi tiết	Detail	Detail	Detail
bill_design_name	ชื่อ	Name	名称	名前	ឈ្មោះ	이름	ຊື່	အမည်	Tên	Name	Name	Name
bill_detail	รายละเอียดบิล	Bill Details	账单详情	請求書詳細	ព័ត៌មានលម្អិតវិក័យប័ត្រ	청구서 세부정보	ລາຍລະອຽດບິນ	ဘေလ်အသေးစိတ်	Chi tiết hóa đơn	Bill Details	Bill Details	Bill Details
bill_details	รายละเอียดบิล	Bill Details	账单详情	請求書詳細	ព័ត៌មានលម្អិតវិក័យប័ត្រ	청구서 세부정보	ລາຍລະອຽດບິນ	ဘေလ်အသေးစိတ်	Chi tiết hóa đơn	Bill Details	Bill Details	Bill Details
bill_discount_save	บิลนี้ประหยัด	You saved	此账单节省	節約額	បានសន្សំ	절약 금액	ປະຢັດໄດ້	သက်သာငွေ	Tiết kiệm được	You saved	You saved	You saved
bill_footer	ท้ายบิล	Bill Footer	账单尾	請求書フッター	បាតវិក័យប័ត្រ	청구서 바닥글	ທ້າຍບິນ	ဘေလ်အောက်ခြေ	Chân hóa đơn	Bill Footer	Bill Footer	Bill Footer
bill_header	หัวบิล	Bill Header	账单头	請求書ヘッダー	ក្បាលវិក័យប័ត្រ	청구서 헤더	ຫົວບິນ	ဘေလ်ခေါင်းစဉ်	Đầu hóa đơn	Bill Header	Bill Header	Bill Header
bill_image	รูปภาพ	Image	图片	画像	រូបភាព	이미지	ຮູບພາບ	ရုပ်ပုံ	Hình ảnh	Image	Image	Image
bill_pay_list	รายการรับเงิน	Payment List	收款清单	入金リスト	បញ្ជីទទួលប្រាក់	수금 목록	ລາຍການຮັບເງິນ	ငွေလက်ခံစာရင်း	Danh sách nhận tiền	Payment List	Payment List	Payment List
bill_size	ขนาด	Size	Size	Size	Size	Size	Size	Size	Size	Size	Size	Size
bill_text	ข้อความ	Text	文本	テキスト	អត្ថបទ	텍스트	ຂໍ້ຄວາມ	စာသား	Văn bản	Text	Text	Text
bill_total	ยอดรวมบิล	Bill Total	账单总额	請求書合計	សរុបវិក័យប័ត្រ	청구서 합계	ຍອດລວມບິນ	ဘေလ်စုစုပေါင်း	Tổng hóa đơn	Bill Total	Bill Total	Bill Total
bill_totals	ยอดรวมบิล	Bill Total	账单总额	請求書合計	សរុបវិក័យប័ត្រ	청구서 합계	ຍອດລວມບິນ	ဘေလ်စုစုပေါင်း	Tổng hóa đơn	Bill Total	Bill Total	Bill Total
bill_width	ความกว้าง	Width	Width	Width	Width	Width	Width	Width	Width	Width	Width	Width
biller_code	BILLER CODE	BILLER CODE	BILLER CODE	BILLER CODE	BILLER CODE	BILLER CODE	BILLER CODE	BILLER CODE	BILLER CODE	BILLER CODE	BILLER CODE	BILLER CODE
biller_id	BILLER ID	BILLER ID	BILLER ID	BILLER ID	BILLER ID	BILLER ID	BILLER ID	BILLER ID	BILLER ID	BILLER ID	BILLER ID	BILLER ID
black_and_white	ขาวดำ	Black & White	黑白	白黒	សខ្មៅ	흑백	ຂາວດຳ	အဖြူအမည်း	Đen trắng	Black & White	Black & White	Black & White
blank	ว่าง	Blank	空白	空白	ទទេ	비어 있음	ຫວ່າງ	ကွက်လပ်	Trống	Blank	Blank	Blank
book_bank	สมุดธนาคาร	Bank Book	银行存折	通帳	សៀវភៅធនាគារ	통장	ປຶ້ມບັນຊີທະນາຄານ	ဘဏ်စာအုပ်	Sổ ngân hàng	Bank Book	Bank Book	Bank Book
book_bank_code	รหัสสมุดบัญชี	Bank Book Code	银行存折代码	通帳コード	លេខកូដសៀវភៅធនាគារ	통장 코드	ລະຫັດປຶ້ມບັນຊີ	ဘဏ်စာအုပ်ကုဒ်	Mã sổ ngân hàng	Bank Book Code	Bank Book Code	Bank Book Code
book_bank_image	รูปสมุดบัญชี	Bank Book Image	银行存折图片	通帳画像	រូបភាពសៀវភៅធនាគារ	통장 이미지	ຮູບປຶ້ມບັນຊີ	ဘဏ်စာအုပ်ပုံ	Hình ảnh sổ ngân hàng	Bank Book Image	Bank Book Image	Bank Book Image
book_bank_name	ชื่อสมุดบัญชี	Bank Book Name	银行存折名称	通帳名	ឈ្មោះសៀវភៅធនាគារ	통장 이름	ຊື່ປຶ້ມບັນຊີ	ဘဏ်စာအုပ်အမည်	Tên sổ ngân hàng	Bank Book Name	Bank Book Name	Bank Book Name
book_bank_no	เลขที่สมุดบัญชี	Bank Book No.	银行存折号码	通帳番号	លេខសៀវភៅធនាគារ	통장 번호	ເລກບັນຊີທະນາຄານ	ဘဏ်စာအုပ်နံပါတ်	Số sổ ngân hàng	Bank Book No.	Bank Book No.	Bank Book No.
book_number	เลขที่เล่ม	Book Number	书号	ブック番号	លេខសៀវភៅ	책 번호	ເລກປຶ້ມ	စာအုပ်နံပါတ်	Số sách	Book Number	Book Number	Book Number
bookbank	สมุดบัญชีธนาคาร	Bank Book	银行存折	通帳	សៀវភៅធនាគារ	통장	ປຶ້ມບັນຊີທະນາຄານ	ဘဏ်စာအုပ်	Sổ ngân hàng	Bank Book	Bank Book	Bank Book
bookbank_code	รหัสสมุดธนาคาร	Bank Book Code	银行存折代码	通帳コード	លេខកូដសៀវភៅធនាគារ	통장 코드	ລະຫັດປຶ້ມບັນຊີ	ဘဏ်စာအုပ်ကုဒ်	Mã sổ ngân hàng	Bank Book Code	Bank Book Code	Bank Book Code
booking_receipt	ใบรับจอง	Booking Receipt	Booking Receipt	Booking Receipt	Booking Receipt	Booking Receipt	Booking Receipt	Booking Receipt	Booking Receipt	Booking Receipt	Booking Receipt	Booking Receipt
booknumber	เลขที่เล่ม	Book Number	书号	ブック番号	លេខសៀវភៅ	책 번호	ເລກປຶ້ມ	စာအုပ်နံပါတ်	Số sách	Book Number	Book Number	Book Number
border_display	การแสดงกรอบ	Border display	边框显示	枠線表示	ការបង្ហាញស៊ុម	테두리 표시	ການສະແດງກອບ	ဘောင်ပြသမှု	Hiển thị viền	Border display	Border display	Border display
branch	สาขา	Branch	分店	支店	សាខា	지점	ສາຂາ	ဌာနခွဲ	Chi nhánh	Branch	Branch	Branch
branch_code	รหัสสาขา	Branch Code	分店代码	支店コード	លេខកូដសាខា	지점 코드	ລະຫັດສາຂາ	ဌာနခွဲကုဒ်	Mã chi nhánh	Branch Code	Branch Code	Branch Code
branch_config_changed	การตั้งค่าสาขาเปลี่ยนแปลง	Branch Config Changed	Branch Config Changed	Branch Config Changed	Branch Config Changed	Branch Config Changed	Branch Config Changed	Branch Config Changed	Branch Config Changed	Branch Config Changed	Branch Config Changed	Branch Config Changed
branch_initial_setup	ตั้งค่าเริ่มต้นสาขา	Branch Initial Setup	分店初始设置	支店初期設定	ការដំឡើងសាខាដំបូង	지점 초기 설정	ຕັ້ງຄ່າສາຂາເບື້ອງຕົ້ນ	ဌာနခွဲ အစပိုင်း ထည့်သွင်းမှု	Cài đặt chi nhánh ban đầu	Branch Initial Setup	Branch Initial Setup	Branch Initial Setup
branch_language	ภาษาที่ใช้ในสาขา	Branch Language	分店语言	支店言語	ភាសាសាខា	지점 언어	ພາສາສາຂາ	ဌာနခွဲဘာသာစကား	Ngôn ngữ chi nhánh	Branch Language	Branch Language	Branch Language
branch_number	หมายเลขสาขา	Branch Number	分店号码	支店番号	លេខសាខា	지점 번호	ເລກສາຂາ	ဌာနခွဲနံပါတ်	Số chi nhánh	Branch Number	Branch Number	Branch Number
branch_selected	ตามสาขา	By Branch	按分店	支店別	តាមសាខា	지점별	ຕາມສາຂາ	ဌာနခွဲအလိုက်	Theo chi nhánh	By Branch	By Branch	By Branch
branch_setup_save_error	บันทึกการตั้งค่าสาขาไม่สำเร็จ จะถามอีกครั้งเมื่อเข้าสู่ระบบใหม่	Failed to save branch settings, will ask again next login	保存分店设置失败，下次登录将再次询问	支店設定の保存に失敗しました。次回ログイン時に再度確認します	រក្សាទុកការកំណត់សាខាមិនបានសម្រេច នឹងសួរម្តងទៀតពេលចូលម្តងទៀត	지점 설정 저장 실패, 다음 로그인 시 다시 확인합니다	ບັນທຶກການຕັ້ງຄ່າສາຂາບໍ່ສຳເລັດ ຈະຖາມອີກເມື່ອເຂົ້າລະບົບໃໝ່	ဌာနခွဲ ဆက်တင်များ သိမ်းဆည်းမှု မအောင်မြင်ပါ၊ နောက်တစ်ကြိမ် ဝင်ရောက်သောအခါ ထပ်မေးပါမည်	Lưu cài đặt chi nhánh thất bại, sẽ hỏi lại khi đăng nhập lần sau	Failed to save branch settings, will ask again next login	Failed to save branch settings, will ask again next login	Failed to save branch settings, will ask again next login
brand	ยี่ห้อสินค้า	Brand	品牌	ブランド	ម៉ាក	브랜드	ຍີ່ຫໍ້	အမှတ်တံဆိပ်	Thương hiệu	Brand	Brand	Brand
brand_code	รหัสยี่ห้อสินค้า	Brand Code	品牌代码	ブランドコード	លេខកូដម៉ាក	브랜드 코드	ລະຫັດຍີ່ຫໍ້	အမှတ်တံဆိပ်ကုဒ်	Mã thương hiệu	Brand Code	Brand Code	Brand Code
brand_codes	รหัสแบรนด์	Brand Code	品牌代码	ブランドコード	លេខកូដម៉ាក	브랜드 코드	ລະຫັດຍີ່ຫໍ້	အမှတ်တံဆိပ်ကုဒ်	Mã thương hiệu	Brand Code	Brand Code	Brand Code
brand_name	ชื่อยี่ห้อสินค้า	Brand Name	品牌名称	ブランド名	ឈ្មោះម៉ាក	브랜드명	ຊື່ຍີ່ຫໍ້	အမှတ်တံဆိပ်အမည်	Tên thương hiệu	Brand Name	Brand Name	Brand Name
buddhist	พุทธศักราช	Buddhist Era	佛历	仏暦	ពុទ្ធសករាជ	불기	ພ.ສ.	သာသနာနှစ်	Phật lịch	Buddhist Era	Buddhist Era	Buddhist Era
buddhist_calendar	พุทธศักราช	Buddhist Era	佛历	仏暦	ពុទ្ធសករាជ	불기	ພ.ສ.	သာသနာနှစ်	Phật lịch	Buddhist Era	Buddhist Era	Buddhist Era
buddhist_era	พุทธศักราช (พ.ศ.)	Buddhist Era (B.E.)	佛历	仏暦	ពុទ្ធសករាជ	불력	ພຸດທະສັກກະຣາດ	ဗုဒ္ဓသက္ကရာဇ်	Phật lịch	Buddhist Era (B.E.)	Buddhist Era (B.E.)	Buddhist Era (B.E.)
buddhist_era_short	พ.ศ.	B.E.	佛历	仏暦	ព.ស.	불기	ພ.ສ.	သာသနာနှစ်	P.L.	B.E.	B.E.	B.E.
business_agriculture	ธุรกิจการเกษตร	Agriculture	农业	農業	កសិកម្ម	농업	ກະສິກຳ	စိုက်ပျိုးရေး	Nông nghiệp	Agriculture	Agriculture	Agriculture
business_code	รหัสประเภทธุรกิจ	Business Code	业务代码	ビジネスコード	លេខកូដអាជីវកម្ម	비즈니스 코드	ລະຫັດທຸລະກິດ	စီးပွားရေးကုဒ်	Mã doanh nghiệp	Business Code	Business Code	Business Code
business_health	สุขภาพธุรกิจ	Business Health	企业健康	ビジネスヘルス	សុខភាពអាជីវកម្ម	비즈니스 건강도	ສຸຂະພາບທຸລະກິດ	လုပ်ငန်းကျန်းမာရေး	Sức khỏe doanh nghiệp	Business Health	Business Health	Business Health
business_name	ชื่อประเภทธุรกิจ	Business Name	业务名称	ビジネス名	ឈ្មោះអាជីវកម្ម	비즈니스명	ຊື່ທຸລະກິດ	စီးပွားရေးအမည်	Tên doanh nghiệp	Business Name	Business Name	Business Name
business_pharmacy	ธุรกิจขายยา	Pharmacy	药店	薬局	ឱសថស្ថាន	약국	ຮ້ານຂາຍຢາ	ဆေးဆိုင်	Nhà thuốc	Pharmacy	Pharmacy	Pharmacy
business_property	คุณสมบัติธุรกิจ	Business Property	业务属性	事業属性	លក្ខណៈអាជីវកម្ម	사업 속성	ຄຸນສົມບັດທຸລະກິດ	စီးပွားရေးဂုဏ်သတ္တိ	Thuộc tính kinh doanh	Business Property	Business Property	Business Property
business_restaurant	ธุรกิจร้านอาหาร	Restaurant	餐饮	レストラン	ភោជនីយដ្ឋាន	레스토랑	ຮ້ານອາຫານ	စားသောက်ဆိုင်	Nhà hàng	Restaurant	Restaurant	Restaurant
business_tire	ธุรกิจยางรถยนต์	Tire Business	轮胎	タイヤ	កង់រថយន្ត	타이어	ຢາງລົດ	တာယာ	Lốp xe	Tire Business	Tire Business	Tire Business
business_tire_desc	ร้านยาง อู่ซ่อมรถ ศูนย์บริการรถยนต์	Tire shop, auto repair, car service center	轮胎店、汽修	タイヤショップ・自動車修理	ហាងកង់រថយន្ត	타이어/자동차 수리	ຮ້ານຢາງ ອູ່ສ້ອມລົດ	တာယာဆိုင် ကားပြုပြင်	Cửa hàng lốp xe, sửa chữa ô tô	Tire Business	Tire Business	Tire Business
business_service	ธุรกิจบริการ	Service Business	服务业	サービス業	អាជីវកម្មសេវាកម្ម	서비스업	ທຸລະກິດບໍລິການ	ဝန်ဆောင်မှုလုပ်ငန်း	Dịch vụ	Service Business	Service Business	Service Business
business_service_desc	ซ่อมบำรุง ที่ปรึกษา สำนักงาน	Maintenance, consulting, office services	维修、顾问	メンテナンス、コンサル	ថែទាំ ទីប្រឹក្សា	유지보수 컨설팅	ບຳລຸງຮັກສາ ທີ່ປຶກສາ	ပြုပြင်ထိန်းသိမ်း အကြံပေး	Bảo trì, tư vấn	Service Business	Service Business	Service Business
business_manufacturing	ธุรกิจผลิต	Manufacturing	制造业	製造業	ផលិតកម្ម	제조업	ການຜະລິດ	ကုန်ထုတ်လုပ်ငန်း	Sản xuất	Manufacturing	Manufacturing	Manufacturing
business_manufacturing_desc	โรงงาน ผลิตสินค้า ประกอบชิ้นส่วน	Factory, production, assembly	工厂生产	工場、組立	រោងចក្រ ផលិតកម្ម	공장 생산 조립	ໂຮງງານ ການຜະລິດ	စက်ရုံ ထုတ်လုပ်ရေး	Nhà máy, sản xuất	Manufacturing	Manufacturing	Manufacturing
business_import_export	ธุรกิจนำเข้า-ส่งออก	Import-Export	进出口	輸出入	នាំចូល-នាំចេញ	수출입	ນຳເຂົ້າ-ສົ່ງອອກ	ပို့ကုန်သွင်းကုန်	Xuất nhập khẩu	Import-Export	Import-Export	Import-Export
business_import_export_desc	Trading company นำเข้า-ส่งออกสินค้า	Trading company, cross-border trade	贸易公司	貿易会社	ក្រុមហ៊ុនពាណិជ្ជកម្ម	무역회사	ບໍລິສັດການຄ້າ	ကုန်သွယ်ရေးကုမ္ပဏီ	Công ty thương mại	Import-Export	Import-Export	Import-Export
business_contractor	ธุรกิจรับเหมา	Contractor	承包商	請負業	អ្នកម៉ៅការ	건설/시공	ຮັບເໝົາ	ကန်ထရိုက်တာ	Nhà thầu	Contractor	Contractor	Contractor
business_contractor_desc	รับเหมาก่อสร้าง ติดตั้งระบบ ตกแต่ง	Construction, installation, interior	建筑安装	建設・施工	សាងសង់ ដំឡើង	건설 시공 인테리어	ກໍ່ສ້າງ ຕິດຕັ້ງ	ဆောက်လုပ်ရေး တပ်ဆင်ရေး	Xây dựng, lắp đặt	Contractor	Contractor	Contractor
business_rental	ธุรกิจเช่า/อสังหาฯ	Rental/Property	租赁/房产	レンタル・不動産	ជួល/អចលនទ្រព្យ	임대/부동산	ເຊົ່າ/ອະສັງຫາ	ငှားရမ်း/အိမ်ခြံမြေ	Cho thuê/Bất động sản	Rental/Property	Rental/Property	Rental/Property
business_rental_desc	หอพัก คอนโด เช่าเครื่องจักร อุปกรณ์	Dormitory, condo, equipment rental	公寓、设备租赁	寮・コンドミニアム	ផ្ទះល្វែង អចលនទ្រព្យ	숙소 장비임대	ຫໍພັກ ຄອນໂດ ເຊົ່າອຸປະກອນ	အဆောင် ကွန်ဒို ငှားရမ်း	Ký túc xá, cho thuê thiết bị	Rental/Property	Rental/Property	Rental/Property
business_wholesale	ธุรกิจค้าส่ง	Wholesale	批发	卸売	លក់ដុំ	도매업	ຄ້າສົ່ງ	လက်ကားရောင်းချရေး	Bán buôn	Wholesale	Wholesale	Wholesale
business_wholesale_desc	ร้านค้าส่ง ตัวแทนจำหน่าย	Wholesale, distributor	批发商、经销商	卸売・代理店	អ្នកលក់ដុំ អ្នកចែកចាយ	도매상 대리점	ຮ້ານຄ້າສົ່ງ ຕົວແທນ	လက်ကား ဖြန့်ဖြူးရေး	Bán buôn, đại lý	Wholesale	Wholesale	Wholesale
business_ecommerce	ธุรกิจออนไลน์	E-Commerce	电商	Eコマース	ពាណិជ្ជកម្មអេឡិចត្រូនិក	이커머스	ອີຄອມເມີສ	အီးကောမတ်စ်	Thương mại điện tử	E-Commerce	E-Commerce	E-Commerce
business_ecommerce_desc	ขายออนไลน์ Marketplace Shopee Lazada	Online sales, marketplace	在线销售	オンライン販売	លក់អនឡាញ	온라인 판매	ຂາຍອອນລາຍ	အွန်လိုင်းရောင်းချရေး	Bán hàng online	E-Commerce	E-Commerce	E-Commerce
business_logistics	ธุรกิจขนส่ง	Logistics	物流	物流	ដឹកជញ្ជូន	물류	ຂົນສົ່ງ	သယ်ယူပို့ဆောင်ရေး	Vận tải	Logistics	Logistics	Logistics
business_logistics_desc	ขนส่ง จัดส่งสินค้า คลังสินค้า	Transport, delivery, warehousing	运输、仓储	輸送・倉庫	ដឹកជញ្ជូន ឃ្លាំង	운송 배송 창고	ຂົນສົ່ງ ສາງ	သယ်ယူပို့ဆောင်ရေး ဂိုဒေါင်	Vận chuyển, kho bãi	Logistics	Logistics	Logistics
business_education	ธุรกิจการศึกษา	Education	教育	教育	អប់រំ	교육	ການສຶກສາ	ပညာရေး	Giáo dục	Education	Education	Education
business_education_desc	โรงเรียน สถาบัน ศูนย์ฝึกอบรม	School, institute, training center	学校、培训	学校・研修	សាលា វគ្គបណ្ដុះបណ្ដាល	학교 교육기관	ໂຮງຮຽນ ສູນຝຶກອົບຮົມ	ကျောင်း သင်တန်း	Trường học, đào tạo	Education	Education	Education
business_hotel	ธุรกิจโรงแรม/ที่พัก	Hotel/Accommodation	酒店	ホテル	សណ្ឋាគារ	호텔/숙박	ໂຮງແຮມ	ဟိုတယ်/တည်းခိုခန်း	Khách sạn	Hotel	Hotel	Hotel
business_hotel_desc	โรงแรม รีสอร์ท เกสต์เฮาส์ ที่พัก	Hotel, resort, guesthouse	酒店、度假村	ホテル・リゾート	សណ្ឋាគារ រីសត	호텔 리조트 게스트하우스�	ໂຮງແຮມ ຣີສອດ	ဟိုတယ် ရီဆောင့်	Khách sạn, resort	Hotel	Hotel	Hotel
business_beauty	ธุรกิจสุขภาพ/ความงาม	Beauty/Spa	美容	美容・スパ	សម្រស់	뷰티/스파	ສຸຂະພາບ/ຄວາມງາມ	အလှအပ/စပါ	Làm đẹp/Spa	Beauty/Spa	Beauty/Spa	Beauty/Spa
business_beauty_desc	คลินิก สปา ร้านเสริมสวย นวด	Clinic, spa, salon, massage	诊所、美容院	クリニック・サロン	គ្លីនិក ស្ប៉ា	클리닉 스파 살롱	ຄລີນິກ ສະປາ ຮ້ານເສີມສວຍ	ဆေးခန်း စပါ ဆံပင်ညှပ်	Thẩm mỹ viện, spa	Beauty/Spa	Beauty/Spa	Beauty/Spa
business_gold_shop	ธุรกิจร้านทอง	Gold Shop	金店	ゴールドショップ	ហាងមាស	금은방	ຮ້ານຄຳ	ရွှေဆိုင်	Tiệm vàng	Gold Shop	Gold Shop	Gold Shop
business_gold_shop_desc	ร้านทอง ร้านเพชร อัญมณี	Gold, jewelry, gemstone	金银珠宝	ジュエリー	មាស គ្រឿងអលង្ការ	금은보석	ຄຳ ເພັດ ອັນມະນີ	ရွှေရတနာ ကျောက်မျက်	Vàng, trang sức	Gold Shop	Gold Shop	Gold Shop
business_accounting_firm	สำนักงานบัญชี	Accounting Firm	会计事务所	会計事務所	ក្រុមហ៊ុនគណនេយ្យ	회계법인	ສຳນັກງານບັນຊີ	စာရင်းကိုင်ရုံး	Công ty kế toán	Accounting Firm	Accounting Firm	Accounting Firm
business_accounting_firm_desc	รับทำบัญชี ภาษี ตรวจสอบบัญชี	Accounting, tax, auditing	记账、报税、审计	会計・税務・監査	គណនេយ្យ ពន្ធ សវនកម្ម	회계 세무 감사	ບັນຊີ ພາສີ ກວດສອບ	စာရင်းကိုင် အခွန် စာရင်းစစ်	Kế toán, thuế, kiểm toán	Accounting Firm	Accounting Firm	Accounting Firm
business_retail	ร้านค้าปลีก	Retail	零售	小売	លក់រាយ	소매	ຂາຍຍ່ອຍ	လက်လီရောင်းချရေး	Bán lẻ	Retail	Retail	Retail
business_retail_desc	ร้านค้าปลีก ร้านสะดวกซื้อ มินิมาร์ท	Retail store, convenience store, minimart	零售店、便利店	小売店・コンビニ	ហាងលក់រាយ	편의점 소매점	ຮ້ານຂາຍຍ່ອຍ ມິນິມາດ	လက်လီဆိုင် စတိုး	Cửa hàng bán lẻ	Retail	Retail	Retail
business_construction	ธุรกิจวัสดุก่อสร้าง	Construction Materials	建材	建材	សម្ភារសំណង់	건축자재	ວັດສະດຸກໍ່ສ້າງ	ဆောက်လုပ်ရေးပစ္စည်း	Vật liệu xây dựng	Construction Materials	Construction Materials	Construction Materials
business_construction_desc	ร้านวัสดุก่อสร้าง ฮาร์ดแวร์ สี ปูน	Building materials, hardware, paint, cement	建材、五金、涂料	建材・塗料・セメント	សម្ភារសំណង់ ថ្នាំលាប	건축자재 페인트 시멘트	ວັດສະດຸກໍ່ສ້າງ ສີ ຊີມັງ	ဆောက်လုပ်ရေးပစ္စည်း ဆေးသုတ်	Vật liệu, sơn, xi măng	Construction Materials	Construction Materials	Construction Materials
business_electronics	ธุรกิจเครื่องใช้ไฟฟ้า	Electronics	电器	電気製品	គ្រឿងអគ្គិសនី	가전/전자	ເຄື່ອງໃຊ້ໄຟຟ້າ	လျှပ်စစ်ပစ္စည်း	Điện tử	Electronics	Electronics	Electronics
business_electronics_desc	ร้านเครื่องใช้ไฟฟ้า คอมพิวเตอร์ IT	Electronics, computers, IT equipment	电器、电脑	家電・PC・IT	គ្រឿងអគ្គិសនី កុំព្យូទ័រ	가전 컴퓨터 IT	ເຄື່ອງໃຊ້ໄຟຟ້າ ຄອມພິວເຕີ	လျှပ်စစ်ပစ္စည်း ကွန်ပျူတာ	Điện tử, máy tính	Electronics	Electronics	Electronics
business_mobile_shop	ธุรกิจร้านมือถือ	Mobile Phone Shop	手机店	携帯ショップ	ហាងទូរស័ព្ទ	휴대폰매장	ຮ້ານມືຖື	ဖုန်းဆိုင်	Cửa hàng điện thoại	Mobile Phone Shop	Mobile Phone Shop	Mobile Phone Shop
business_mobile_shop_desc	ร้านมือถือ อุปกรณ์เสริม ซ่อมมือถือ	Mobile phones, accessories, repair	手机、配件、维修	携帯・アクセサリー	ទូរស័ព្ទ គ្រឿងបន្ថែម	폰 악세서리 수리	ມືຖື ອຸປະກອນເສີມ	ဖုန်း ဆက်စပ်ပစ္စည်း	Điện thoại, phụ kiện	Mobile Phone Shop	Mobile Phone Shop	Mobile Phone Shop
business_restaurant_desc	ร้านอาหาร คาเฟ่ เบเกอรี่ ฟู้ดคอร์ท	Restaurant, café, bakery, food court	餐厅、咖啡厅	レストラン・カフェ	ភោជនីយដ្ឋាន កាហ្វេ	식당 카페 베이커리	ຮ້ານອາຫານ ຄາເຟ	စားသောက်ဆိုင် ကဖေး	Nhà hàng, quán cà phê	Restaurant	Restaurant	Restaurant
business_agriculture_desc	ฟาร์ม สวน ประมง แปรรูปเกษตร	Farm, garden, fishery, agro-processing	农场、渔业	農場・漁業	កសិដ្ឋាន នេសាទ	농장 수산업	ຟາມ ສວນ ປະມົງ	လယ်ယာ ရေလုပ်ငန်း	Nông trại, thủy sản	Agriculture	Agriculture	Agriculture
business_pharmacy_desc	ร้านขายยา เวชภัณฑ์ อุปกรณ์การแพทย์	Pharmacy, medical supplies	药店、医疗用品	薬局・医療用品	ឱសថស្ថាន សម្ភារវេជ្ជសាស្ត្រ	약국 의료용품	ຮ້ານຂາຍຢາ ເວດຊະພັນ	ဆေးဆိုင် ဆေးပစ္စည်း	Nhà thuốc, thiết bị y tế	Pharmacy	Pharmacy	Pharmacy
business_type	ชื่อประเภทธุรกิจ	Business Type	业务类型	ビジネスタイプ	ប្រភេទអាជីវកម្ម	비즈니스 유형	ປະເພດທຸລະກິດ	စီးပွားရေးအမျိုးအစား	Loại hình doanh nghiệp	Business Type	Business Type	Business Type
business_type_code	รหัสประเภทธุรกิจ	Business Type Code	业务类型代码	ビジネスタイプコード	លេខកូដប្រភេទអាជីវកម្ម	비즈니스 유형 코드	ລະຫັດປະເພດທຸລະກິດ	စီးပွားရေးအမျိုးအစားကုဒ်	Mã loại hình doanh nghiệp	Business Type Code	Business Type Code	Business Type Code
business_type_name	ชื่อประเภทธุรกิจ	Business Type Name	业务类型名称	ビジネスタイプ名	ឈ្មោះប្រភេទអាជីវកម្ម	비즈니스 유형 이름	ຊື່ປະເພດທຸລະກິດ	စီးပွားရေးအမျိုးအစားအမည်	Tên loại hình doanh nghiệp	Business Type Name	Business Type Name	Business Type Name
business_type_not_match_branch	ประเภทธุรกิจไม่พบข้อมูลสาขา	Business type not found branch data	业务类型未找到分店数据	ビジネスタイプに支店データが見つかりません	ប្រភេទអាជីវកម្មរកមិនឃើញទិន្នន័យសាខា	비즈니스 유형에서 지점 데이터를 찾을 수 없습니다	ປະເພດທຸລະກິດບໍ່ພົບຂໍ້ມູນສາຂາ	စီးပွားရေးအမျိုးအစား ဌာနခွဲဒေတာမတွေ့ပါ	Loại hình doanh nghiệp không tìm thấy dữ liệu chi nhánh	Business type not found branch data	Business type not found branch data	Business type not found branch data
business_type_search	ค้นหาประเภทธุรกิจ	Search Business Type	搜索业务类型	ビジネスタイプを検索	ស្វែងរកប្រភេទអាជីវកម្ម	비즈니스 유형 검색	ຄົ້ນຫາປະເພດທຸລະກິດ	စီးပွားရေးအမျိုးအစားရှာဖွေပါ	Tìm kiếm loại hình doanh nghiệp	Search Business Type	Search Business Type	Search Business Type
buyer	ผู้ซื้อ	Buyer	Buyer	Buyer	Buyer	Buyer	Buyer	Buyer	Buyer	Buyer	Buyer	Buyer
by	โดย	By	由	によって	ដោយ	에 의해	ໂດຍ	အားဖြင့်	Bởi	By	By	By
by_amount	ตามมูลค่า	By Amount	按金额	金額別	តាមចំនួនទឹកប្រាក់	금액별	ຕາມມູນຄ່າ	ပမာဏအလိုက်	Theo số tiền	By Amount	By Amount	By Amount
by_item	รายตัวสินค้า	By Item	按项目	項目別	តាមមុខទំនិញ	항목별	ຕາມລາຍການ	ပစ္စည်းအလိုက်	Theo mục	By Item	By Item	By Item
by_qty	ตามจำนวน	By Quantity	按数量	数量別	តាមបរិមាណ	수량별	ຕາມຈຳນວນ	အရေအတွက်အလိုက်	Theo số lượng	By Quantity	By Quantity	By Quantity
by_user	โดย:	By:	By:	By:	By:	By:	By:	By:	By:	By:	By:	By:
calculate_document_flow	คำนวณ Flow เอกสาร	Calculate Document Flow	计算文档流	ドキュメントフローを計算	គណនា Flow ឯកសារ	문서 흐름 계산	ຄຳນວນ Flow ເອກະສານ	စာရွက်စာတမ်း Flow တွက်ပါ	Tính luồng chứng từ	Calculate Document Flow	Calculate Document Flow	Calculate Document Flow
calculate_document_flow_description	คำนวณ Flow เอกสารและยอดสต็อก	Calculate document flow and stock	计算文档流和库存	ドキュメントフローと在庫を計算	គណនា Flow ឯកសារ និងស្តុក	문서 흐름 및 재고 계산	ຄຳນວນ Flow ເອກະສານ ແລະ ຍອດສະຕ໊ອກ	စာရွက်စာတမ်း Flow နှင့် ကုန်ပစ္စည်း တွက်ပါ	Tính luồng chứng từ và tồn kho	Calculate document flow and stock	Calculate document flow and stock	Calculate document flow and stock
calculate_document_flow_subtitle	นับ Flow เอกสารและคำนวณสต็อก	Count document flow and calculate stock	统计文档流并计算库存	ドキュメントフローをカウントして在庫を計算	រាប់ Flow ឯកសារ និងគណនាស្តុក	문서 흐름 집계 및 재고 계산	ນັບ Flow ເອກະສານ ແລະ ຄຳນວນສະຕ໊ອກ	စာရွက်စာတမ်း Flow ရေတွက်ပြီး ကုန်ပစ္စည်းတွက်ပါ	Đếm luồng chứng từ và tính tồn kho	Count document flow and calculate stock	Count document flow and calculate stock	Count document flow and calculate stock
calculate_specific_items	คำนวณเฉพาะรายการ	Calculate Specific Items	计算特定项目	特定のアイテムを計算	គណនាមុខទំនិញជាក់លាក់	특정 항목 계산	ຄຳນວນສະເພາະລາຍການ	သတ်မှတ်ပစ္စည်း တွက်ပါ	Tính mục cụ thể	Calculate Specific Items	Calculate Specific Items	Calculate Specific Items
calculate_stock	คำนวณยอดสต็อก	Calculate Stock	计算库存	在庫を計算	គណនាស្តុក	재고 계산	ຄຳນວນຍອດສະຕ໊ອກ	ကုန်ပစ္စည်း တွက်ပါ	Tính tồn kho	Calculate Stock	Calculate Stock	Calculate Stock
calculate_stock_all_description	คำนวณยอดสต็อกสินค้าทุกรายการ	Calculate stock for all products	计算所有产品库存	すべての商品の在庫を計算	គណនាស្តុកសម្រាប់ផលិតផលទាំងអស់	모든 제품 재고 계산	ຄຳນວນຍອດສະຕ໊ອກສິນຄ້າທຸກລາຍການ	ကုန်ပစ္စည်းအားလုံးအတွက် ကုန်ပစ္စည်းတွက်ပါ	Tính tồn kho cho tất cả sản phẩm	Calculate stock for all products	Calculate stock for all products	Calculate stock for all products
calculate_stock_all_items	คำนวณสินค้าทั้งหมด	Calculate all items	计算所有项目	すべてのアイテムを計算	គណនាទំនិញទាំងអស់	모든 항목 계산	ຄຳນວນສິນຄ້າທັງໝົດ	ပစ္စည်းအားလုံး တွက်ပါ	Tính tất cả sản phẩm	Calculate all items	Calculate all items	Calculate all items
calculate_stock_only	คำนวณยอดสต็อกอย่างเดียว	Calculate stock only	仅计算库存	在庫のみ計算	គណនាស្តុកតែប៉ុណ្ណោះ	재고만 계산	ຄຳນວນຍອດສະຕ໊ອກຢ່າງດຽວ	ကုန်ပစ္စည်းသာ တွက်ပါ	Chỉ tính tồn kho	Calculate stock only	Calculate stock only	Calculate stock only
calculate_stock_only_subtitle	ไม่นับ Flow เอกสาร	Without document flow	不计算文档流	ドキュメントフローなし	មិនរាប់ Flow ឯកសារ	문서 흐름 제외	ບໍ່ນັບ Flow ເອກະສານ	စာရွက်စာတမ်း Flow မပါ	Không tính luồng chứng từ	Without document flow	Without document flow	Without document flow
calculate_stock_selected_description	เลือกเฉพาะสินค้าที่ต้องการคำนวณ	Select specific products to calculate	选择要计算的特定产品	計算する特定の商品を選択	ជ្រើសរើសផលិតផលជាក់លាក់ដើម្បីគណនា	계산할 특정 제품 선택	ເລືອກສະເພາະສິນຄ້າທີ່ຕ້ອງການຄຳນວນ	တွက်ချက်မည့် ကုန်ပစ္စည်း ရွေးပါ	Chọn sản phẩm cụ thể để tính	Select specific products to calculate	Select specific products to calculate	Select specific products to calculate
calculation_amount_per_point	วิธีคำนวณจำนวนเงินต่อแต้ม	Calculation: amount per point	计算：每积分金额	計算：1ポイントあたりの金額	ការគណនាចំនួនទឹកប្រាក់ក្នុងមួយពិន្ទុ	계산: 포인트당 금액	ການຄິດໄລ່ຈຳນວນເງິນຕໍ່ແຕ້ມ	အမှတ်တစ်မှတ်လျှင်ငွေပမာဏတွက်ချက်မှု	Cách tính số tiền mỗi điểm	Calculation: amount per point	Calculation: amount per point	Calculation: amount per point
cancel	ยกเลิก	Cancel	取消	キャンセル	បោះបង់	취소	ຍົກເລີກ	ပယ်ဖျက်	Hủy	Cancel	Cancel	Cancel
cannot_load_preview	ไม่สามารถโหลดตัวอย่างได้	Cannot Load Preview	无法加载预览	プレビューを読み込めません	មិនអាចផ្ទុកការមើលជាមុនបានទេ	미리보기를 불러올 수 없습니다	ບໍ່ສາມາດໂຫຼດຕົວຢ່າງໄດ້	အကြိုကြည့်ရှုမှုကိုတင်၍မရပါ	Không thể tải bản xem trước	Cannot Load Preview	Cannot Load Preview	Cannot Load Preview
cancel_all	ยกเลิกทั้งหมด	Cancel All	Cancel All	Cancel All	Cancel All	Cancel All	Cancel All	Cancel All	Cancel All	Cancel All	Cancel All	Cancel All
cancel_bill	ยกเลิกบิล	Cancel Bill	取消账单	伝票取消	បោះបង់វិក្កយបត្រ	청구서 취소	ຍົກເລີກບິນ	ဘေလ် ပယ်ဖျက်	Hủy hóa đơn	Cancel Bill	Cancel Bill	Cancel Bill
cancel_order	ยกเลิกรายการ Order Station	Cancel Order Station Item	取消订单站项目	オーダーステーション項目をキャンセル	បោះបង់ធាតុស្ថានីយបញ្ជាទិញ	주문 스테이션 항목 취소	ຍົກເລີກລາຍການ Order Station	Order Station ပစ္စည်းကို ပယ်ဖျက်ပါ	Hủy mục trạm đặt hàng	Cancel Order Station Item	Cancel Order Station Item	Cancel Order Station Item
cancel_reason	เหตุผลในการยกเลิก	Cancel Reason	取消原因	キャンセル理由	មូលហេតុលុបចោល	취소 사유	ເຫດຜົນໃນການຍົກເລີກ	ပယ်ဖျက်ရသည့်အကြောင်းရင်း	Lý do hủy	Cancel Reason	Cancel Reason	Cancel Reason
cancel_status	สถานะยกเลิก	Cancel Status	Cancel Status	Cancel Status	Cancel Status	Cancel Status	Cancel Status	Cancel Status	Cancel Status	Cancel Status	Cancel Status	Cancel Status
cancelled	ยกเลิกแล้ว	Cancelled	已取消	キャンセル済み	បានលុបចោល	취소됨	ຍົກເລີກແລ້ວ	ပယ်ဖျက်ပြီး	Đã hủy	Cancelled	Cancelled	Cancelled
cancelled_sales	ยอดขายยกเลิก	Cancelled Sales	已取消销售额	キャンセル売上	ការលក់ដែលបានលុបចោល	취소 매출	ຍອດຂາຍທີ່ຍົກເລີກ	ပယ်ဖျက်ထားသော အရောင်း	Doanh số đã hủy	Cancelled Sales	Cancelled Sales	Cancelled Sales
cannot_connect_websocket	ไม่สามารถเชื่อมต่อ WebSocket ได้	Cannot connect to WebSocket	无法连接WebSocket	WebSocketに接続できません	មិនអាចភ្ជាប់ WebSocket បានទេ	WebSocket에 연결할 수 없습니다	ບໍ່ສາມາດເຊື່ອมຕໍ່ WebSocket ໄດ້	WebSocket ချိတ်ဆက်၍မရပါ	Không thể kết nối WebSocket	Cannot connect to WebSocket	Cannot connect to WebSocket	Cannot connect to WebSocket
cannot_create_cart	ไม่สามารถสร้างตะกร้าได้	Cannot create cart	无法创建购物车	カートを作成できません	មិនអាចបង្កើតកន្ត្រកបានទេ	장바구니를 생성할 수 없습니다	ບໍ່ສາມາດສ້າງກະຕ່າໄດ້	ဈေးခြင်း ဖန်တီးလို့မရပါ	Không thể tạo giỏ hàng	Cannot create cart	Cannot create cart	Cannot create cart
cannot_create_code	ไม่สามารถสร้างรหัสได้	Cannot create code	Cannot create code	Cannot create code	Cannot create code	Cannot create code	Cannot create code	Cannot create code	Cannot create code	Cannot create code	Cannot create code	Cannot create code
cannot_create_default_purchase_type	ไม่สามารถสร้างประเภทการจัดซื้อเริ่มต้นได้	Cannot create default purchase type	无法创建默认采购类型	デフォルトの購入タイプを作成できません	មិនអាចបង្កើតប្រភេទទិញលំនាំដើមបានទេ	기본 구매 유형을 만들 수 없습니다	ບໍ່ສາມາດສ້າງປະເພດການຊື້ເລີ່ມຕົ້ນໄດ້	မူရင်းဝယ်ယူမှုအမျိုးအစားကို ဖန်တီးမရပါ	Không thể tạo loại mua hàng mặc định	Cannot create default purchase type	Cannot create default purchase type	Cannot create default purchase type
cannot_create_default_quotation_type	ไม่สามารถสร้างประเภทใบเสนอราคาเริ่มต้นได้	Cannot create default quotation type	无法创建默认报价类型	デフォルトの見積もりタイプを作成できません	មិនអាចបង្កើតប្រភេទសម្រង់តម្លៃលំនាំដើមបានទេ	기본 견적 유형을 만들 수 없습니다	ບໍ່ສາມາດສ້າງປະເພດໃບສະເໜີລາຄາເລີ່ມຕົ້ນໄດ້	မူရင်းစျေးနှုန်းအမျိုးအစားကို ဖန်တီးမရပါ	Không thể tạo loại báo giá mặc định	Cannot create default quotation type	Cannot create default quotation type	Cannot create default quotation type
cannot_create_default_sale_order_type	ไม่สามารถสร้างประเภทใบสั่งขายเริ่มต้นได้	Cannot create default sale order type	无法创建默认销售订单类型	デフォルトの販売注文タイプを作成できません	មិនអាចបង្កើតប្រភេទបញ្ជាទិញលំនាំដើមបានទេ	기본 판매 주문 유형을 만들 수 없습니다	ບໍ່ສາມາດສ້າງປະເພດໃບສັ່ງຂາຍເລີ່ມຕົ້ນໄດ້	မူရင်းအရောင်းအမှာစာအမျိုးအစားကို ဖန်တီးမရပါ	Không thể tạo loại đơn bán hàng mặc định	Cannot create default sale order type	Cannot create default sale order type	Cannot create default sale order type
cannot_delete_cart	ไม่สามารถลบตะกร้าได้	Cannot delete cart	无法删除购物车	カートを削除できません	មិនអាចលុបកន្ត្រកបានទេ	장바구니를 삭제할 수 없습니다	ບໍ່ສາມາດລຶບກະຕ່າໄດ້	ဈေးခြင်း ဖျက်လို့မရပါ	Không thể xóa giỏ hàng	Cannot delete cart	Cannot delete cart	Cannot delete cart
cannot_display_pdf	ไม่สามารถแสดง PDF ได้	Cannot display PDF	无法显示PDF	PDFを表示できません	មិនអាចបង្ហាញ PDF បានទេ	PDF를 표시할 수 없습니다	ບໍ່ສາມາດສະແດງ PDF ໄດ້	PDF ပြသ၍မရပါ	Không thể hiển thị PDF	Cannot display PDF	Cannot display PDF	Cannot display PDF
cannot_edit_document	ห้ามแก้ไขเอกสาร	Cannot edit document	不能编辑文档	ドキュメントを編集できません	មិនអាចកែសម្រួលឯកសារបានទេ	문서를 편집할 수 없습니다	ຫ້າມແກ້ໄຂເອກະສານ	စာရွက်စာတမ်းကို ပြင်ဆင်၍မရပါ	Không thể chỉnh sửa tài liệu	Cannot edit document	Cannot edit document	Cannot edit document
cannot_fetch_data	ไม่สามารถดึงข้อมูลได้	Cannot fetch data	无法获取数据	データを取得できません	មិនអាចទាញទិន្នន័យបានទេ	데이터를 가져올 수 없습니다	ບໍ່ສາມາດດຶງຂໍ້ມູນໄດ້	ဒေတာရယူ၍မရပါ	Không thể lấy dữ liệu	Cannot fetch data	Cannot fetch data	Cannot fetch data
cannot_get_current_location	ไม่สามารถหาตำแหน่งปัจจุบันได้	Cannot get current location	Cannot get current location	Cannot get current location	Cannot get current location	Cannot get current location	Cannot get current location	Cannot get current location	Cannot get current location	Cannot get current location	Cannot get current location	Cannot get current location
cannot_identify_doc_creator	ไม่สามารถระบุผู้สร้างเอกสารได้	Cannot identify document creator	Cannot identify document creator	Cannot identify document creator	Cannot identify document creator	Cannot identify document creator	Cannot identify document creator	Cannot identify document creator	Cannot identify document creator	Cannot identify document creator	Cannot identify document creator	Cannot identify document creator
cannot_load_attachments	ไม่สามารถโหลดรายการไฟล์แนบได้	Cannot load attachments	Cannot load attachments	Cannot load attachments	Cannot load attachments	Cannot load attachments	Cannot load attachments	Cannot load attachments	Cannot load attachments	Cannot load attachments	Cannot load attachments	Cannot load attachments
cannot_load_bill_detail	ไม่สามารถโหลดรายละเอียดบิลได้	Cannot load bill details	Cannot load bill details	Cannot load bill details	Cannot load bill details	Cannot load bill details	Cannot load bill details	Cannot load bill details	Cannot load bill details	Cannot load bill details	Cannot load bill details	Cannot load bill details
cannot_load_data	ไม่สามารถโหลดข้อมูลได้	Cannot Load Data	无法加载数据	データを読み込めません	មិនអាចផ្ទុកទិន្នន័យបានទេ	데이터를 불러올 수 없습니다	ບໍ່ສາມາດໂຫລດຂໍ້ມູນໄດ້	ဒေတာဖတ်ရန်မဖြစ်နိုင်ပါ	Không thể tải dữ liệu	Cannot Load Data	Cannot Load Data	Cannot Load Data
cannot_load_from_main_shop	ไม่สามารถโหลดข้อมูลจากร้านหลักได้	Cannot load data from main shop	无法从主店加载数据	メイン店舗からデータを読み込めません	មិនអាចផ្ទុកទិន្នន័យពីហាងមេ	메인 매장에서 데이터를 로드할 수 없습니다	ບໍ່ສາມາດໂຫລດຂໍ້ມູນຈາກຮ້ານຫຼັກໄດ້	ပင်မဆိုင်မှဒေတာရယူ၍မရပါ	Không thể tải dữ liệu từ cửa hàng chính	Cannot load data from main shop	Cannot load data from main shop	Cannot load data from main shop
cannot_load_pdf	ไม่สามารถโหลด PDF ได้	Cannot Load PDF	无法加载PDF	PDFを読み込めません	មិនអាចផ្ទុក PDF បានទេ	PDF를 불러올 수 없습니다	ບໍ່ສາມາດໂຫລດ PDF ໄດ້	PDF ဖတ်ရန်မဖြစ်နိုင်ပါ	Không thể tải PDF	Cannot Load PDF	Cannot Load PDF	Cannot Load PDF
cannot_load_shop_data	ไม่สามารถดึงข้อมูลร้านค้าได้	Cannot load shop data	无法加载商店数据	店舗データを読み込めません	មិនអាចផ្ទុកទិន្នន័យហាងបានទេ	매장 데이터를 불러올 수 없습니다	ບໍ່ສາມາດໂຫຼດຂໍ້ມູນຮ້ານຄ້າໄດ້	ဆိုင်ဒေတာ ဖွင့်၍မရပါ	Không thể tải dữ liệu cửa hàng	Cannot load shop data	Cannot load shop data	Cannot load shop data
cannot_open_file	ไม่สามารถเปิดไฟล์ได้	Cannot open file	Cannot open file	Cannot open file	Cannot open file	Cannot open file	Cannot open file	Cannot open file	Cannot open file	Cannot open file	Cannot open file	Cannot open file
cannot_open_print_page	ไม่สามารถเปิดหน้าพิมพ์ได้	Cannot open print page	Cannot open print page	Cannot open print page	Cannot open print page	Cannot open print page	Cannot open print page	Cannot open print page	Cannot open print page	Cannot open print page	Cannot open print page	Cannot open print page
cannot_print	ไม่สามารถพิมพ์ได้	Cannot print	无法打印	印刷できません	មិនអាចបោះពុម្ពបានទេ	인쇄할 수 없습니다	ບໍ່ສາມາດພິມໄດ້	ပုံနှိပ်၍ မရပါ	Không thể in	Cannot print	Cannot print	Cannot print
cannot_print_yet	ยังไม่สามารถพิมพ์ได้	Cannot print yet	暂时无法打印	まだ印刷できません	មិនទាន់អាចបោះពុម្ពបានទេ	아직 인쇄할 수 없습니다	ຍັງບໍ່ສາມາດພິມໄດ້	မပုံနှိပ်နိုင်သေးပါ	Chưa thể in	Cannot print yet	Cannot print yet	Cannot print yet
cannot_process	ไม่สามารถดำเนินการได้	Cannot process	Cannot process	Cannot process	Cannot process	Cannot process	Cannot process	Cannot process	Cannot process	Cannot process	Cannot process	Cannot process
cannot_read_file	ไม่สามารถอ่านไฟล์ได้	Cannot read file	无法读取文件	ファイルを読み取れません	មិនអាចអានឯកសារបានទេ	파일을 읽을 수 없습니다	ບໍ່ສາມາດອ່ານໄຟລ໌ໄດ້	ဖိုင်ဖတ်၍မရပါ	Không thể đọc tệp	Cannot read file	Cannot read file	Cannot read file
cannot_read_file_data	ไม่สามารถอ่านข้อมูลไฟล์ได้	Cannot read file data	无法读取文件数据	ファイルデータを読み取れません	មិនអាចអានទិន្នន័យឯកសារបានទេ	파일 데이터를 읽을 수 없습니다	ບໍ່ສາມາດອ່ານຂໍ້ມູນໄຟລ໌ໄດ້	ဖိုင်ဒေတာဖတ်၍မရပါ	Không thể đọc dữ liệu tệp	Cannot read file data	Cannot read file data	Cannot read file data
cannot_read_file_size	ไม่สามารถอ่านขนาดไฟล์ได้	Cannot read file size	无法读取文件大小	ファイルサイズを読み取れません	មិនអាចអានទំហំឯកសារបានទេ	파일 크기를 읽을 수 없습니다	ບໍ່ສາມາດອ່ານຂະໜາດໄຟລ໌ໄດ້	ဖိုင်အရွယ်အစားဖတ်၍မရပါ	Không thể đọc kích thước tệp	Cannot read file size	Cannot read file size	Cannot read file size
cannot_save	ไม่สามารถบันทึกได้	Cannot Save	无法保存	保存できません	មិនអាចរក្សាទុកបាន	저장할 수 없습니다	ບໍ່ສາມາດບັນທຶກໄດ້	သိမ်းဆည်းမရပါ	Không thể lưu	Cannot Save	Cannot Save	Cannot Save
cannot_update_cart	ไม่สามารถอัพเดทตะกร้าได้	Cannot update cart	无法更新购物车	カートを更新できません	មិនអាចធ្វើបច្ចុប្បន្នភាពកន្ត្រកបានទេ	장바구니를 업데이트할 수 없습니다	ບໍ່ສາມາດອັບເດດກະຕ່າໄດ້	ဈေးခြင်း အပ်ဒိတ်လုပ်လို့မရပါ	Không thể cập nhật giỏ hàng	Cannot update cart	Cannot update cart	Cannot update cart
card_number	เลขที่บัตร	Card Number	卡号	カード番号	លេខកាត	카드 번호	ເລກບັດ	ကတ်နံပါတ်	Số thẻ	Card Number	Card Number	Card Number
cart	ตะกร้า	Cart	购物车	カート	រទេះ	장바구니	ກະຕ່າ	လှည်း	Giỏ hàng	Cart	Cart	Cart
cart_delete_result	ผลการลบตะกร้า	Cart deletion result	删除购物车结果	カート削除結果	លទ្ធផលការលុបរទេះ	장바구니 삭제 결과	ຜົນການລຶບກະຕ່າ	လှည်းဖျက်သိမ်းခြင်းရလဒ်	Kết quả xóa giỏ hàng	Cart deletion result	Cart deletion result	Cart deletion result
cart_name	ชื่อตะกร้า	Cart Name	购物车名称	カート名	ឈ្មោះកន្ត្រក	장바구니 이름	ຊື່ກະຕ່າ	ဈေးခြင်းအမည်	Tên giỏ hàng	Cart Name	Cart Name	Cart Name
cart_name_label	ชื่อตะกร้า	Cart Name	购物车名称	カート名	ឈ្មោះរទេះ	장바구니 이름	ຊື່ກະຕ່າ	လှည်းအမည်	Tên giỏ hàng	Cart Name	Cart Name	Cart Name
cart_not_found	ไม่พบตะกร้า	Cart not found	未找到购物车	カートが見つかりません	រកមិនឃើញរទេះ	장바구니를 찾을 수 없습니다	ບໍ່ພົບກະຕ່າ	ဈေးခြင်းတောင်းမတွေ့ပါ	Không tìm thấy giỏ hàng	Cart not found	Cart not found	Cart not found
cart_not_found_search	ไม่พบตะกร้าที่ค้นหา	No cart found for search	未找到搜索的购物车	検索したカートが見つかりません	រកមិនឃើញរទេះដែលស្វែងរក	검색한 장바구니를 찾을 수 없습니다	ບໍ່ພົບກະຕ່າທີ່ຄົ້ນຫາ	ရှာဖွေသောဈေးခြင်းတောင်းမတွေ့ပါ	Không tìm thấy giỏ hàng tìm kiếm	No cart found for search	No cart found for search	No cart found for search
cart_system	ระบบตะกร้าสินค้า	Shopping Cart System	购物车系统	ショッピングカートシステム	ប្រព័ន្ធរទេះទំនិញ	장바구니 시스템	ລະບົບກະຕ່າສິນຄ້າ	ဈေးဝယ်လှည်းစနစ်	Hệ thống giỏ hàng	Shopping Cart System	Shopping Cart System	Shopping Cart System
cart_type_label	ประเภท	Type	类型	タイプ	ប្រភេទ	유형	ປະເພດ	အမျိုးအစား	Loại	Type	Type	Type
cart_type_purchase_order	สั่งซื้อ	Purchase Order	采购订单	発注	បញ្ជាទិញ	구매 주문	ສັ່ງຊື້	ဝယ်ယူအမှာစာ	Đặt mua hàng	Purchase Order	Purchase Order	Purchase Order
cart_type_quotation	เสนอราคา	Quotation	报价	見積もり	សម្រង់តម្លៃ	견적	ສະເໜີລາຄາ	စျေးနှုန်းကမ်းလှမ်းချက်	Báo giá	Quotation	Quotation	Quotation
cart_type_sale	ขาย	Sale	销售	販売	លក់	판매	ຂາຍ	ရောင်းချ	Bán hàng	Sale	Sale	Sale
cart_type_sales_order	สั่งขาย	Sales Order	销售订单	受注	បញ្ជាលក់	판매 주문	ສັ່ງຂາຍ	အရောင်းအမှာစာ	Đơn đặt hàng bán	Sales Order	Sales Order	Sales Order
cart_type_transfer	โอน	Transfer	转移	移動	ផ្ទេរ	이동	ໂອນ	လွှဲပြောင်း	Chuyển kho	Transfer	Transfer	Transfer
cart_type_withdraw	เบิก	Withdraw	领用	出庫	ដកចេញ	출고	ເບີກ	ထုတ်ယူ	Xuất kho	Withdraw	Withdraw	Withdraw
cash	เงินสด	Cash	现金	現金	សាច់ប្រាក់	현금	ເງິນສົດ	ငွေသား	Tiền mặt	Cash	Cash	Cash
cash_amount	จำนวนเงิน	Cash Amount	现金金额	現金金額	ចំនួនសាច់ប្រាក់	현금 금액	ຈຳນວນເງິນ	ငွေသားပမာဏ	Số tiền	Cash Amount	Cash Amount	Cash Amount
cash_discount	ส่วนลดเงินสด	Cash Discount	现金折扣	現金割引	ការបញ្ចុះតម្លៃសាច់ប្រាក់	현금 할인	ສ່ວນຫຼຸດເງິນສົດ	ငွေသားလျှော့စျေး	Giảm giá tiền mặt	Cash Discount	Cash Discount	Cash Discount
cash_drawer_summary	สรุปยอดเงินสดในลิ้นชัก	Cash Drawer Summary	现金抽屉汇总	キャッシュドロワーサマリー	សង្ខេបថតដាក់ប្រាក់	현금 서랍 요약	ສະຫຼຸບເງິນສົດໃນລິ້ນຊັກ	ငွေသားအံဆွဲ အကျဉ်းချုပ်	Tóm tắt ngăn kéo tiền	Cash Drawer Summary	Cash Drawer Summary	Cash Drawer Summary
cash_equivalent	แทนเงินสด	Cash Equivalent	现金等价	現金同等	សមមូលសាច់ប្រាក់	현금 대체	ແທນເງິນສົດ	ငွေသားအစားထိုး	Tương đương tiền mặt	Cash Equivalent	Cash Equivalent	Cash Equivalent
cash_flow	กระแสเงินสด	Cash Flow	Cash Flow	Cash Flow	Cash Flow	Cash Flow	Cash Flow	Cash Flow	Cash Flow	Cash Flow	Cash Flow	Cash Flow
cash_out	นำเงินสดออก	Cash Out	取出现金	現金引出	ដកសាច់ប្រាក់ចេញ	현금 출금	ນຳເງິນສົດອອກ	ငွေသားထုတ်ယူ	Rút tiền mặt	Cash Out	Cash Out	Cash Out
cash_purchase	ซื้อเงินสด	Cash Purchase	现金采购	現金仕入	ទិញសាច់ប្រាក់	현금 구매	ຊື້ເງິນສົດ	ငွေသားဝယ်ယူမှု	Mua tiền mặt	Cash Purchase	Cash Purchase	Cash Purchase
cash_remaining_in_drawer	เงินคงเหลือในลิ้นชัก	Cash Remaining in Drawer	抽屉剩余现金	ドロワー内残金	សាច់ប្រាក់នៅសល់ក្នុងថត	서랍 내 남은 현금	ເງິນສົດທີ່ເຫຼືອໃນລິ້ນຊັກ	အံဆွဲတွင် ကျန်ရှိငွေသား	Tiền mặt còn lại trong ngăn kéo	Cash Remaining in Drawer	Cash Remaining in Drawer	Cash Remaining in Drawer
cashamount	จำนวนเงินสด	Cash Amount	现金金额	現金金額	ចំនួនសាច់ប្រាក់	현금 금액	ຈຳນວນເງິນສົດ	ငွေသားပမာဏ	Số tiền mặt	Cash Amount	Cash Amount	Cash Amount
cashier	แคชเชียร์	Cashier	收银员	レジ係	អ្នកគិតលុយ	계산원	ພະນັກງານເກັບເງິນ	ငွေကိုင်	Thu ngân	Cashier	Cashier	Cashier
category	หมวดสินค้า	Product Category	商品类别	商品カテゴリ	ប្រភេទផលិតផល	상품 범주	ໝວດສິນຄ້າ	ကုန်ပစ္စည်းအမျိုးအစား	Danh mục sản phẩm	Product Category	Product Category	Product Category
category_close	ปิดใช้งาน	Disable	禁用	無効化	បិទ	비활성화	ປິດໃຊ້ງານ	ပိတ်	Tắt	Disable	Disable	Disable
category_code	รหัสหมวดสินค้า	Product Category Code	商品类别代码	商品カテゴリコード	លេខកូដប្រភេទផលិតផល	상품 범주 코드	ລະຫັດໝວດສິນຄ້າ	ကုန်ပစ္စည်းအမျိုးအစားကုဒ်	Mã danh mục sản phẩm	Product Category Code	Product Category Code	Product Category Code
category_codes	รหัสหมวดหมู่	Category Code	类别代码	カテゴリコード	លេខកូដប្រភេទ	범주 코드	ລະຫັດໝວດ	အမျိုးအစားကုဒ်	Mã danh mục	Category Code	Category Code	Category Code
category_group_number	ลำดับหมวด	Category Order	分类顺序	カテゴリ順	លំដាប់ប្រភេទ	카테고리 순서	ລຳດັບໝວດ	အမျိုးအစားအစဉ်	Thứ tự danh mục	Category Order	Category Order	Category Order
category_name	ชื่อหมวดสินค้า	Product Category Name	商品类别名称	商品カテゴリ名	ឈ្មោះប្រភេទផលិតផល	상품 범주 이름	ຊື່ໝວດສິນຄ້າ	ကုန်ပစ္စည်းအမျိုးအစားအမည်	Tên danh mục sản phẩm	Product Category Name	Product Category Name	Product Category Name
category_use	เปิดใช้งาน	Enable	启用	有効化	បើក	활성화	ເປີດໃຊ້ງານ	ဖွင့်	Bật	Enable	Enable	Enable
change	เปลี่ยน	Change	更改	変更	ផ្លាស់ប្តូរ	변경	ປ່ຽນ	ပြောင်းလဲရန်	Thay đổi	Change	Change	Change
change_conditions	เปลี่ยนเงื่อนไข	Change Conditions	更改条件	条件を変更	ប្តូរលក្ខខណ្ឌ	조건 변경	ປ່ຽນເງື່ອນໄຂ	စည်းကမ်းများပြောင်းလဲပါ	Thay đổi điều kiện	Change Conditions	Change Conditions	Change Conditions
change_money	เงินทอน	Change	找零	お釣り	ប្រាក់អាប់	거스름돈	ເງິນທອນ	အကြွေးပြန်	Tiền thối	Change	Change	Change
changes	การเปลี่ยนแปลง	Changes	更改	変更	ការផ្លាស់ប្តូរ	변경사항	ການປ່ຽນແປງ	ပြောင်းလဲမှုများ	Thay đổi	Changes	Changes	Changes
channel_access_token	Channel Access Token	Channel Access Token	Channel Access Token	Channel Access Token	Channel Access Token	Channel Access Token	Channel Access Token	Channel Access Token	Channel Access Token	Channel Access Token	Channel Access Token	Channel Access Token
channel_id	Channel ID	Channel ID	Channel ID	Channel ID	Channel ID	Channel ID	Channel ID	Channel ID	Channel ID	Channel ID	Channel ID	Channel ID
channel_secret	Channel Secret	Channel Secret	Channel Secret	Channel Secret	Channel Secret	Channel Secret	Channel Secret	Channel Secret	Channel Secret	Channel Secret	Channel Secret	Channel Secret
charge	ค่าธรรมเนียม	Charge	费用	料金	ថ្លៃសេវា	요금	ຄ່າທຳນຽມ	အခကြေးငွေ	Phí	Charge	Charge	Charge
charge_price	คิดราคาเพิ่ม	Additional Charge	额外费用	追加料金	ថ្លៃបន្ថែម	추가 요금	ຄ່າທຳນຽມເພີ່ມເຕີມ	အပိုအခကြေးငွေ	Phí bổ sung	Additional Charge	Additional Charge	Additional Charge
chargevalue	มูลค่ายอด Charge	Charge Amount	费用金额	請求額	ចំនួនទឹកប្រាក់គិតថ្លៃ	청구 금액	ມູນຄ່າຄ່າທຳນຽມ	အခကြေးငွေပမာဏ	Số tiền phí	Charge Amount	Charge Amount	Charge Amount
chargeword	Charge (% หรือ บาท)	Charge (% Or Baht)	费用 (% 或 泰铢)	料金 (% または バーツ)	ថ្លៃសេវា (% ឬ បាត)	요금 (% 또는 바트)	ຄ່າທຳນຽມ (% ຫຼື ບາດ)	အခကြေးငွေ (% သို့မဟုတ် ဘတ်)	Phí (% Hoặc Baht)	Charge (% Or Baht)	Charge (% Or Baht)	Charge (% Or Baht)
chart_of_acc	รหัสผังบัญชี	Chart of Account Code	会计科目表代码	勘定科目表コード	លេខកូដតារាងគណនី	계정 차트 코드	ລະຫັດຜັງບັນຊີ	စာရင်းကိုင်ဇယားကုဒ်	Mã hệ thống tài khoản	Chart of Account Code	Chart of Account Code	Chart of Account Code
chatbot_ai_assistant	AI Assistant	AI Assistant	AI 助手	AI アシスタント	ជំនួយការ AI	AI 어시스턴트	ຜູ້ຊ່ວຍ AI	AI လက်ထောက်	Trợ lý AI	AI Assistant	AI Assistant	AI Assistant
chatbot_ai_thinking_retry	AI กำลังคิด กรุณาลองใหม่	AI is thinking, please try again	AI正在思考，请重试	AIが考え中です、もう一度お試しください	AI កំពុងគិត សូមព្យាយាមម្តងទៀត	AI가 생각 중입니다. 다시 시도해 주세요	AI ກຳລັງຄິດ ກະລຸນາລອງໃໝ່	AI စဉ်းစားနေသည်၊ ထပ်စမ်းကြည့်ပါ	AI đang suy nghĩ, vui lòng thử lại	AI is thinking, please try again	AI is thinking, please try again	AI is thinking, please try again
chatbot_ai_usage	AI Usage	AI Usage	AI 使用情况	AI 使用状況	ការប្រើប្រាស់ AI	AI 사용량	ການນຳໃຊ້ AI	AI အသုံးပြုမှု	Sử dụng AI	AI Usage	AI Usage	AI Usage
chatbot_all_providers_failed	AI Provider ที่มี API Key ลองแล้วใช้ไม่ได้ทุกตัว	All AI Providers with API Keys failed	All AI Providers with API Keys failed	All AI Providers with API Keys failed	All AI Providers with API Keys failed	All AI Providers with API Keys failed	All AI Providers with API Keys failed	All AI Providers with API Keys failed	All AI Providers with API Keys failed	All AI Providers with API Keys failed	All AI Providers with API Keys failed	All AI Providers with API Keys failed
chatbot_analyze_product	วิเคราะห์สินค้านี้	Analyze this product	分析此产品	この製品を分析	វិភាគផលិតផលនេះ	이 제품 분석	ວິເຄາະສິນຄ້ານີ້	ဤထုတ်ကုန်ကို ခွဲခြမ်းစိတ်ဖြာပါ	Phân tích sản phẩm này	Analyze this product	Analyze this product	Analyze this product
chatbot_api_key_not_set	ยังไม่ได้ตั้งค่า API Key	API Key not configured	API Key not configured	API Key not configured	API Key not configured	API Key not configured	API Key not configured	API Key not configured	API Key not configured	API Key not configured	API Key not configured	API Key not configured
chatbot_auto_retry	กำลังลองใหม่อัตโนมัติ	Auto retrying	Auto retrying	Auto retrying	Auto retrying	Auto retrying	Auto retrying	Auto retrying	Auto retrying	Auto retrying	Auto retrying	Auto retrying
chatbot_cancel	ยกเลิก	Cancel	取消	キャンセル	បោះបង់	취소	ຍົກເລີກ	ပယ်ဖျက်	Hủy	Cancel	Cancel	Cancel
chatbot_cannot_connect_to_server	ไม่สามารถเชื่อมต่อกับเซิร์ฟเวอร์ได้	Cannot connect to server	无法连接到服务器	サーバーに接続できません	មិនអាចភ្ជាប់ទៅម៉ាស៊ីនមេបានទេ	서버에 연결할 수 없습니다	ບໍ່ສາມາດເຊື່ອມຕໍ່ກັບເຊີເວີໄດ້	ဆာဗာနှင့် ချိတ်ဆက်၍မရပါ	Không thể kết nối với máy chủ	Cannot connect to server	Cannot connect to server	Cannot connect to server
chatbot_check_api_server	กรุณาตรวจสอบว่า API Server ทำงานอยู่หรือไม่	Please check if API Server is running	请检查API服务器是否正在运行	APIサーバーが実行中かどうか確認してください	សូមពិនិត្យមើលថាតើ API Server កំពុងដំណើរការឬទេ	API 서버가 실행 중인지 확인하세요	ກະລຸນາກວດສອບວ່າ API Server ເຮັດວຽກຢູ່ບໍ່	API Server လုပ်ဆောင်နေခြင်း ရှိ/မရှိ စစ်ဆေးပါ	Vui lòng kiểm tra xem API Server có đang chạy không	Please check if API Server is running	Please check if API Server is running	Please check if API Server is running
chatbot_clear_messages	ล้างข้อความ	Clear messages	清除消息	メッセージをクリア	លុបសារ	메시지 지우기	ລ້າງຂໍ້ຄວາມ	စာတိုများကို ရှင်းလင်းမည်	Xóa tin nhắn	Clear messages	Clear messages	Clear messages
chatbot_close	ปิด	Close	关闭	閉じる	បិទ	닫기	ປິດ	ပိတ်ပါ	Đóng	Close	Close	Close
chatbot_confirm_clear_message	คุณต้องการล้างข้อความทั้งหมดหรือไม่?	Do you want to clear all messages?	您要清除所有消息吗？	すべてのメッセージをクリアしますか？	តើអ្នកចង់លុបសារទាំងអស់ឬទេ?	모든 메시지를 지우시겠습니까?	ທ່ານຕ້ອງການລ້າງຂໍ້ຄວາມທັງໝົດບໍ່?	သင်သည် စာတိုအားလုံးကို ရှင်းလင်းလိုပါသလား?	Bạn có muốn xóa tất cả tin nhắn không?	Do you want to clear all messages?	Do you want to clear all messages?	Do you want to clear all messages?
chatbot_confirm_clear_title	ยืนยันการล้างข้อความ	Confirm clear messages	确认清除消息	メッセージのクリアを確認	បញ្ជាក់ការលុបសារ	메시지 지우기 확인	ຢືນຢັນການລ້າງຂໍ້ຄວາມ	စာတိုများ ရှင်းလင်းခြင်းကို အတည်ပြုမည်	Xác nhận xóa tin nhắn	Confirm clear messages	Confirm clear messages	Confirm clear messages
chatbot_connection_timeout	Connection timeout - กรุณาตรวจสอบการเชื่อมต่อ	Connection timeout - Please check your connection	连接超时 - 请检查您的连接	接続タイムアウト - 接続を確認してください	អស់ពេលការតភ្ជាប់ - សូមពិនិត្យការតភ្ជាប់របស់អ្នក	연결 시간 초과 - 연결을 확인하세요	ໝົດເວລາການເຊື່ອມຕໍ່ - ກະລຸນາກວດສອບການເຊື່ອມຕໍ່	ချိတ်ဆက်မှု အချိန်ကုန်သွားပါပြီ - သင်၏ ချိတ်ဆက်မှုကို စစ်ဆေးပါ	Hết thời gian kết nối - Vui lòng kiểm tra kết nối của bạn	Connection timeout - Please check your connection	Connection timeout - Please check your connection	Connection timeout - Please check your connection
chatbot_copied_message	คัดลอกข้อความแล้ว	Message copied	已复制消息	メッセージをコピーしました	បានចម្លងសាររួចហើយ	메시지 복사됨	ສຳເນົາຂໍ້ຄວາມແລ້ວ	စာတိုကို မိတ္တူကူးယူပြီးပါပြီ	Đã sao chép tin nhắn	Message copied	Message copied	Message copied
chatbot_copy	คัดลอก	Copy	复制	コピー	ចម្លង	복사	ສຳເນົາ	မိတ္တူကူးယူ	Sao chép	Copy	Copy	Copy
chatbot_error_message	ขอโทษครับ เกิดข้อผิดพลาด:	Sorry, an error occurred:	抱歉，发生错误：	申し訳ありません、エラーが発生しました：	សូមទោស មានកំហុសកើតឡើង៖	죄송합니다. 오류가 발생했습니다:	ຂໍໂທດ, ເກີດຂໍ້ຜິດພາດ:	တောင်းပန်ပါတယ်၊ အမှားတစ်ခု ဖြစ်ပွားခဲ့ပါတယ်-	Xin lỗi, đã xảy ra lỗi:	Sorry, an error occurred:	Sorry, an error occurred:	Sorry, an error occurred:
chatbot_expand	ขยาย	Expand	展开	展開	ពង្រីក	확장	ຂະຫຍາຍ	ချဲ့ပါ	Mở rộng	Expand	Expand	Expand
chatbot_fetching_data	กำลังดึงข้อมูลจากระบบ อาจใช้เวลาสักครู่	Fetching data from system, please wait	Fetching data from system, please wait	Fetching data from system, please wait	Fetching data from system, please wait	Fetching data from system, please wait	Fetching data from system, please wait	Fetching data from system, please wait	Fetching data from system, please wait	Fetching data from system, please wait	Fetching data from system, please wait	Fetching data from system, please wait
chatbot_minimize	ย่อ	Minimize	最小化	最小化	បង្រួម	최소화	ຫຍໍ້	ချုံ့ပါ	Thu nhỏ	Minimize	Minimize	Minimize
chatbot_no_ai_provider	ไม่มี AI Provider ที่พร้อมใช้งาน	No AI Provider available	No AI Provider available	No AI Provider available	No AI Provider available	No AI Provider available	No AI Provider available	No AI Provider available	No AI Provider available	No AI Provider available	No AI Provider available	No AI Provider available
chatbot_product_barcode	บาร์โค้ด	Barcode	条形码	バーコード	បារកូដ	바코드	ບາໂຄດ	ဘားကုဒ်	Mã vạch	Barcode	Barcode	Barcode
chatbot_product_code	รหัส	Code	代码	コード	កូដ	코드	ລະຫັດ	ကုဒ်	Mã	Code	Code	Code
chatbot_product_name	ชื่อ	Name	名称	名前	ឈ្មោះ	이름	ຊື່	အမည်	Tên	Name	Name	Name
chatbot_product_unit	หน่วย	Unit	单位	単位	ឯកតា	단위	ຫົວໜ່ວຍ	ယူနစ်	Đơn vị	Unit	Unit	Unit
chatbot_q_business_health	สุขภาพธุรกิจเป็นอย่างไร	How is the business health?	企业健康状况如何？	ビジネスの健康状態は？	សុខភាពអាជីវកម្មបែបណា?	비즈니스 건강도는 어떤가요?	ສຸຂະພາບທຸລະກິດເປັນແນວໃດ?	လုပ်ငန်းကျန်းမာရေး ဘယ်လိုလဲ?	Sức khỏe doanh nghiệp thế nào?	How is the business health?	How is the business health?	How is the business health?
chatbot_q_compare_sales	เปรียบเทียบยอดขายเดือนนี้กับเดือนที่แล้ว	Compare this month's sales with last month	比较本月与上月的销售额	今月と先月の売上を比較	ប្រៀបធៀបការលក់ខែនេះជាមួយខែមុន	이번 달과 지난달 매출 비교	ປຽບທຽບຍອດຂາຍເດືອນນີ້ກັບເດືອນທີ່ແລ້ວ	ဤလနှင့်ယခင်လ ရောင်းအားနှိုင်းယှဉ်ပါ	So sánh doanh số tháng này với tháng trước	Compare this month's sales with last month	Compare this month's sales with last month	Compare this month's sales with last month
chatbot_q_low_stock	สินค้าไหนใกล้หมดสต็อก	Which products are low in stock?	哪些产品库存不足？	在庫が少ない商品は？	ផលិតផលណាខ្វះស្តុក?	어떤 제품의 재고가 부족한가요?	ສິນຄ້າໃດໃກ້ໝົດສະຕ໋ອກ?	ဘယ်ကုန်ပစ္စည်းတွေ ကုန်တော့မလဲ?	Sản phẩm nào sắp hết hàng?	Which products are low in stock?	Which products are low in stock?	Which products are low in stock?
chatbot_q_profit	กำไรเดือนนี้เท่าไหร่	What is this month's profit?	本月利润是多少？	今月の利益はいくらですか？	ប្រាក់ចំណេញខែនេះប៉ុន្មាន?	이번 달 이익은 얼마인가요?	ກຳໄລເດືອນນີ້ເທົ່າໃດ?	ဤလအမြတ် ဘယ်လောက်ရသလဲ?	Lợi nhuận tháng này bao nhiêu?	What is this month's profit?	What is this month's profit?	What is this month's profit?
chatbot_q_today_sales	ยอดขายวันนี้เท่าไหร่	What are today's sales?	今天的销售额是多少？	今日の売上は？	ការលក់ថ្ងៃនេះប៉ុន្មាន?	오늘 매출은 얼마인가요?	ຍອດຂາຍມື້ນີ້ເທົ່າໃດ?	ဒီနေ့ ရောင်းအား ဘယ်လောက်လဲ?	Doanh số hôm nay bao nhiêu?	What are today's sales?	What are today's sales?	What are today's sales?
chatbot_q_top_customers	ลูกค้ารายใหญ่ 5 อันดับแรก	Top 5 customers	前5大客户	上位5顧客	អតិថិជនកំពូល ៥	상위 5 고객	ລູກຄ້າລາຍໃຫຍ່ 5 ອັນດັບ	ထိပ်တန်းဖောက်သည် ၅ ဦး	5 khách hàng hàng đầu	Top 5 customers	Top 5 customers	Top 5 customers
chatbot_q_top_selling	สินค้าขายดี 10 อันดับเดือนนี้	Top 10 best-selling products this month	本月销量前10的产品	今月の売上トップ10商品	ផលិតផលលក់ដាច់ ១០ ខែនេះ	이번 달 베스트셀러 10개 제품	ສິນຄ້າຂາຍດີ 10 ອັນດັບເດືອນນີ້	ဤလ အရောင်းရဆုံး ၁၀ မျိုး	10 sản phẩm bán chạy nhất tháng này	Top 10 best-selling products this month	Top 10 best-selling products this month	Top 10 best-selling products this month
chatbot_quota_exceeded	AI API โควต้าหมด	AI API quota exceeded	AI API quota exceeded	AI API quota exceeded	AI API quota exceeded	AI API quota exceeded	AI API quota exceeded	AI API quota exceeded	AI API quota exceeded	AI API quota exceeded	AI API quota exceeded	AI API quota exceeded
chatbot_rate_limit	เรียก AI บ่อยเกินไป — กรุณารอสักครู่แล้วลองใหม่	AI rate limit — please wait and try again	AI rate limit — please wait and try again	AI rate limit — please wait and try again	AI rate limit — please wait and try again	AI rate limit — please wait and try again	AI rate limit — please wait and try again	AI rate limit — please wait and try again	AI rate limit — please wait and try again	AI rate limit — please wait and try again	AI rate limit — please wait and try again	AI rate limit — please wait and try again
chatbot_ready_to_help	พร้อมช่วยเหลือคุณ	Ready to help you	随时为您服务	お手伝いします	ត្រៀមខ្លួនជួយអ្នក	도와드릴 준비가 되었습니다	ພ້ອມຊ່ວຍເຫຼືອທ່ານ	သင့်ကို ကူညီရန် အဆင်သင့်ဖြစ်သည်	Sẵn sàng giúp bạn	Ready to help you	Ready to help you	Ready to help you
chatbot_reset_confirmation	คุณต้องการล้างประวัติการสนทนาและเริ่มใหม่หรือไม่?	Do you want to clear chat history and start over?	您想清除聊天记录并重新开始吗？	チャット履歴をクリアして最初からやり直しますか？	តើអ្នកចង់សម្អាតប្រវត្តិការសន្ទនា និងចាប់ផ្តើមឡើងវិញទេ?	채팅 기록을 지우고 다시 시작하시겠습니까?	ທ່ານຕ້ອງການລ້າງປະຫວັດການສົນທະນາແລະເລີ່ມໃໝ່ບໍ່?	စကားဝိုင်းမှတ်တမ်းကို ဖျက်ပြီး အစမှ စတင်လိုပါသလား။	Bạn có muốn xóa lịch sử trò chuyện và bắt đầu lại không?	Do you want to clear chat history and start over?	Do you want to clear chat history and start over?	Do you want to clear chat history and start over?
chatbot_reset_conversation	เริ่มการสนทนาใหม่	Start new conversation	开始新对话	新しい会話を始める	ចាប់ផ្តើមការសន្ទនាថ្មី	새 대화 시작	ເລີ່ມການສົນທະນາໃໝ່	စကားဝိုင်းအသစ် စတင်ပါ	Bắt đầu cuộc trò chuyện mới	Start new conversation	Start new conversation	Start new conversation
chatbot_response_empty	การตอบกลับว่างเปล่า	Response is empty	响应为空	レスポンスが空です	ការឆ្លើយតបទទេ	응답이 비어 있습니다	ຄຳຕອບວ່າງເປົ່າ	တုံ့ပြန်ချက် ဗလာဖြစ်နေသည်	Phản hồi trống	Response is empty	Response is empty	Response is empty
chatbot_retry_exhausted	ลองใหม่ครบจำนวนครั้งแล้ว กรุณารอสักครู่	Retry attempts exhausted, please wait	Retry attempts exhausted, please wait	Retry attempts exhausted, please wait	Retry attempts exhausted, please wait	Retry attempts exhausted, please wait	Retry attempts exhausted, please wait	Retry attempts exhausted, please wait	Retry attempts exhausted, please wait	Retry attempts exhausted, please wait	Retry attempts exhausted, please wait	Retry attempts exhausted, please wait
chatbot_retry_in_seconds	ลองใหม่อีกครั้ง	Retrying	Retrying	Retrying	Retrying	Retrying	Retrying	Retrying	Retrying	Retrying	Retrying	Retrying
chatbot_retry_later	กรุณาลองใหม่ภายหลัง	Please try again later	请稍后重试	後でもう一度お試しください	សូមព្យាយាមម្តងទៀតនៅពេលក្រោយ	나중에 다시 시도해 주세요	ກະລຸນາລອງໃໝ່ພາຍຫຼັງ	နောက်မှ ထပ်စမ်းကြည့်ပါ	Vui lòng thử lại sau	Please try again later	Please try again later	Please try again later
chatbot_retry_message	ลองใหม่อีกครั้งใน	Retrying in	将在...后重试	再試行まで	ព្យាយាមម្ដងទៀតក្នុង	재시도까지	ລອງໃໝ່ອີກຄັ້ງໃນ	ပြန်ကြိုးစားမည်	Thử lại sau	Retrying in	Retrying in	Retrying in
chatbot_start_new	เริ่มใหม่	Start New	重新开始	新規開始	ចាប់ផ្តើមថ្មី	새로 시작	ເລີ່ມໃໝ່	အသစ်စတင်ပါ	Bắt đầu mới	Start New	Start New	Start New
chatbot_suggested_questions	คำถามแนะนำ	Suggested Questions	推荐问题	おすすめの質問	សំណួរដែលណែនាំ	추천 질문	ຄຳຖາມແນະນຳ	အကြံပြုထားသော မေးခွန်းများ	Câu hỏi gợi ý	Suggested Questions	Suggested Questions	Suggested Questions
chatbot_suggestion_business_health	สุขภาพธุรกิจเป็นอย่างไร	How is business health?	How is business health?	How is business health?	How is business health?	How is business health?	How is business health?	How is business health?	How is business health?	How is business health?	How is business health?	How is business health?
chatbot_suggestion_compare_sales	เปรียบเทียบยอดขายเดือนนี้กับเดือนที่แล้ว	Compare this month sales with last month	Compare this month sales with last month	Compare this month sales with last month	Compare this month sales with last month	Compare this month sales with last month	Compare this month sales with last month	Compare this month sales with last month	Compare this month sales with last month	Compare this month sales with last month	Compare this month sales with last month	Compare this month sales with last month
chatbot_suggestion_daily_sales	ยอดขายวันนี้เท่าไหร่	What are today sales?	What are today sales?	What are today sales?	What are today sales?	What are today sales?	What are today sales?	What are today sales?	What are today sales?	What are today sales?	What are today sales?	What are today sales?
chatbot_suggestion_low_stock	สินค้าไหนใกล้หมดสต็อก	Which products are low on stock?	Which products are low on stock?	Which products are low on stock?	Which products are low on stock?	Which products are low on stock?	Which products are low on stock?	Which products are low on stock?	Which products are low on stock?	Which products are low on stock?	Which products are low on stock?	Which products are low on stock?
chatbot_suggestion_monthly_profit	กำไรเดือนนี้เท่าไหร่	What is this month profit?	What is this month profit?	What is this month profit?	What is this month profit?	What is this month profit?	What is this month profit?	What is this month profit?	What is this month profit?	What is this month profit?	What is this month profit?	What is this month profit?
chatbot_suggestion_top_customers	ลูกค้ารายใหญ่ 5 อันดับแรก	Top 5 customers	Top 5 customers	Top 5 customers	Top 5 customers	Top 5 customers	Top 5 customers	Top 5 customers	Top 5 customers	Top 5 customers	Top 5 customers	Top 5 customers
chatbot_suggestion_top_selling	สินค้าขายดี 10 อันดับเดือนนี้	Top 10 selling products this month	Top 10 selling products this month	Top 10 selling products this month	Top 10 selling products this month	Top 10 selling products this month	Top 10 selling products this month	Top 10 selling products this month	Top 10 selling products this month	Top 10 selling products this month	Top 10 selling products this month	Top 10 selling products this month
chatbot_timeout_retry	AI ใช้เวลานานเกินไป กรุณาลองใหม่	AI took too long, please try again	AI处理时间过长，请重试	AIの処理に時間がかかりすぎました、もう一度お試しください	AI ចំណាយពេលយូរពេក សូមព្យាយាមម្តងទៀត	AI 처리 시간이 너무 오래 걸렸습니다. 다시 시도해 주세요	AI ໃຊ້ເວລາດົນເກີນໄປ ກະລຸນາລອງໃໝ່	AI အချိန်ကြာလွန်းသည်၊ ထပ်စမ်းကြည့်ပါ	AI mất quá nhiều thời gian, vui lòng thử lại	AI took too long, please try again	AI took too long, please try again	AI took too long, please try again
chatbot_tools_used	AI ใช้ข้อมูลจาก:	AI used data from:	AI used data from:	AI used data from:	AI used data from:	AI used data from:	AI used data from:	AI used data from:	AI used data from:	AI used data from:	AI used data from:	AI used data from:
chatbot_type_message	พิมพ์ข้อความ...	Type a message...	输入消息...	メッセージを入力...	វាយសារ...	메시지 입력...	ພິມຂໍ້ຄວາມ...	စာတိုရိုက်ပါ...	Nhập tin nhắn...	Type a message...	Type a message...	Type a message...
chatbot_search_database	ฐานข้อมูล	Database	数据库	データベース	មូលដ្ឋានទិន្នន័យ	데이터베이스	ຖານຂໍ້ມູນ	ဒေတာဘေ့စ်	Cơ sở dữ liệu	Database	Database	Database
chatbot_search_kb	ฐานความรู้	Knowledge Base	知识库	ナレッジベース	មូលដ្ឋានចំណេះដឹង	지식 베이스	ຖານຄວາມຮູ້	ဗဟုသုတဘေ့စ်	Cơ sở tri thức	Knowledge Base	Knowledge Base	Knowledge Base
chatbot_search_internet	อินเทอร์เน็ต	Internet	互联网	インターネット	អ៊ីនធឺណិត	인터넷	ອິນເຕີເນັດ	အင်တာနက်	Internet	Internet	Internet	Internet
chatbot_typing	กำลังพิมพ์...	Typing...	正在输入...	入力中...	កំពុងវាយ...	입력 중...	ກຳລັງພິມ...	ရိုက်နေသည်...	Đang nhập...	Typing...	Typing...	Typing...
chatbot_welcome_emoji	สวัสดีครับ! ผมเป็น AI Assistant พร้อมช่วยเหลือคุณ 😊	Hello! I'm AI Assistant ready to help you 😊	您好！我是AI助手，随时为您服务 😊	こんにちは！私はAIアシスタントです 😊	សួស្តី! ខ្ញុំជា AI Assistant ត្រៀមជួយអ្នក 😊	안녕하세요! 저는 AI 어시스턴트입니다 😊	ສະບາຍດີ! ຂ້ອຍແມ່ນ AI Assistant ພ້ອມຊ່ວຍເຫຼືອທ່ານ 😊	မင်္ဂလာပါ။ ကျွန်ုပ်သည် AI Assistant ဖြစ်ပါသည် 😊	Xin chào! Tôi là AI Assistant sẵn sàng giúp đỡ bạn 😊	Hello! I'm AI Assistant ready to help you 😊	Hello! I'm AI Assistant ready to help you 😊	Hello! I'm AI Assistant ready to help you 😊
chatbot_welcome_message	สวัสดีครับ! ผมเป็น AI Assistant พร้อมช่วยเหลือคุณ มีอะไรให้ช่วยไหมครับ?	Hello! I'm an AI Assistant ready to help you. What can I do for you?	您好！我是AI助手，随时为您服务。有什么可以帮您的吗？	こんにちは！私はAIアシスタントです。お手伝いできることはありますか？	សួស្តី! ខ្ញុំជាជំនួយការ AI ហើយរួចរាល់ជួយអ្នក។ តើខ្ញុំអាចជួយអ្វីបាន?	안녕하세요! 저는 AI 어시스턴트입니다. 무엇을 도와드릴까요?	ສະບາຍດີ! ຂ້ອຍເປັນ AI Assistant ພ້ອມຊ່ວຍເຫຼືອທ່ານ ມີຫຍັງໃຫ້ຊ່ວຍບໍ່?	မင်္ဂလာပါ! ကျွန်ုပ်သည် AI လက်ထောက်ဖြစ်ပြီး သင့်ကို ကူညီရန် အဆင်သင့်ဖြစ်ပါသည်။ ကျွန်ုပ် ဘာကူညီပေးရမလဲ?	Xin chào! Tôi là Trợ lý AI sẵn sàng giúp đỡ bạn. Tôi có thể giúp gì cho bạn?	Hello! I'm an AI Assistant ready to help you. What can I do for you?	Hello! I'm an AI Assistant ready to help you. What can I do for you?	Hello! I'm an AI Assistant ready to help you. What can I do for you?
chatbot_welcome_short	สวัสดีครับ! มีอะไรให้ช่วยไหมครับ?	Hello! What can I help you with?	您好！有什么可以帮您的吗？	こんにちは！何かお手伝いできますか？	សួស្តី! តើខ្ញុំអាចជួយអ្វីបាន?	안녕하세요! 무엇을 도와드릴까요?	ສະບາຍດີ! ມີຫຍັງໃຫ້ຊ່ວຍບໍ່?	မင်္ဂလာပါ! ဘာကူညီပေးရမလဲ?	Xin chào! Tôi có thể giúp gì?	Hello! What can I help you with?	Hello! What can I help you with?	Hello! What can I help you with?
check_combined_permission	ตรวจสอบสิทธิ์รวม	Check combined permissions	检查合并权限	統合権限を確認	ពិនិត្យសិទ្ធិរួម	결합된 권한 확인	ກວດສອບສິດລວມ	ပေါင်းစပ်ခွင့်ပြုချက်စစ်ဆေးပါ	Kiểm tra quyền kết hợp	Check combined permissions	Check combined permissions	Check combined permissions
check_daily	ตรวจสอบข้อมูลรายวัน	Check Daily Data	检查每日数据	日次データを確認	ពិនិត្យទិន្នន័យប្រចាំថ្ងៃ	일일 데이터 확인	ກວດສອບຂໍ້ມູນລາຍວັນ	နေ့စဉ်ဒေတာစစ်ဆေးပါ	Kiểm tra dữ liệu hàng ngày	Check Daily Data	Check Daily Data	Check Daily Data
check_data	ตรวจสอบข้อมูล	Check Data	检查数据	データチェック	ពិនិត្យទិន្នន័យ	데이터 확인	ກວດສອບຂໍ້ມູນ	ဒေတာစစ်ဆေးရန်	Kiểm tra dữ liệu	Check Data	Check Data	Check Data
check_permission	ตรวจสอบสิทธิ์	Check Permission	Check Permission	Check Permission	Check Permission	Check Permission	Check Permission	Check Permission	Check Permission	Check Permission	Check Permission	Check Permission
check_product	ตรวจสอบสินค้า	Check Product	检查产品	製品チェック	ពិនិត្យផលិតផល	제품 확인	ກວດສອບສິນຄ້າ	ထုတ်ကုန်စစ်ဆေးရန်	Kiểm tra sản phẩm	Check Product	Check Product	Check Product
chef_que_display	ตั้งค่า เชฟ	Chef Settings	厨师设置	シェフ設定	ការកំណត់ចុងភៅ	셰프 설정	ຕັ້ງຄ່າພໍ່ຄົວ	စားဖိုမှူးဆက်တင်များ	Cài đặt đầu bếp	Chef Settings	Chef Settings	Chef Settings
cheque	เช็ค	Cheque	支票	小切手	មូលប្បទានបត្រ	수표	ເຊັກ	ချက်လက်မှတ်	Séc	Cheque	Cheque	Cheque
cheque_amount	จำนวนเงินเช็ค	Cheque Amount	支票金额	小切手金額	ចំនួនទឹកប្រាក់មូលប្បទានបត្រ	수표 금액	ຈຳນວນເງິນເຊັກ	ချက်လက်မှတ်ပမာဏ	Số tiền séc	Cheque Amount	Cheque Amount	Cheque Amount
cheque_number	เลขที่เช็ค	Cheque Number	支票号码	小切手番号	លេខមូលប្បទានបត្រ	수표 번호	ເລກທີເຊັກ	ချက်လက်မှတ်နံပါတ်	Số séc	Cheque Number	Cheque Number	Cheque Number
choice	เงื่อนไข	Condition	条件	条件	លក្ខខណ្ឌ	조건	ເງື່ອນໄຂ	အခြေအနေ	Điều kiện	Condition	Condition	Condition
choice_add_price_percent	ราคาเพิ่ม (จำนวนเงิน,เปอร์เซ็นต์)	Price Increase (Amount, Percentage)	加价 (金额, 百分比)	価格増加 (金額, パーセンテージ)	ការដំឡើងថ្លៃ (ចំនួន, ភាគរយ)	가격 인상 (금액, 백분율)	ເພີ່ມລາຄາ (ຈຳນວນເງິນ, ເປີເຊັນ)	စျေးနှုန်းတိုးမြှင့် (ပမာဏ, ရာခိုင်နှုန်း)	Tăng giá (Số tiền, Phần trăm)	Price Increase (Amount, Percentage)	Price Increase (Amount, Percentage)	Price Increase (Amount, Percentage)
choice_is_select	เลือกให้เลย	Default Select	默认选择	デフォルト選択	ជ្រើសរើសលំនាំដើម	기본 선택	ເລືອກເລີຍ	ပုံသေရွေးချယ်မှု	Chọn mặc định	Default Select	Default Select	Default Select
choice_is_stock	ตัดสต๊อก	Cut Stock	扣减库存	在庫削減	កាត់ស្តុក	재고 차감	ຕັດສະຕ໋ອກ	စတော့ဖြတ်မည်	Trừ kho	Cut Stock	Cut Stock	Cut Stock
choice_name	ชื่อทางเลือก	Choice Name	选项名称	選択肢名	ឈ្មោះជម្រើស	선택 이름	ຊື່ທາງເລືອກ	ရွေးချယ်မှုအမည်	Tên tùy chọn	Choice Name	Choice Name	Choice Name
choice_no_stock	ไม่ตัดสต๊อก	No Stock Cut	不扣减库存	在庫削減なし	មិនកាត់ស្តុក	재고 차감 없음	ບໍ່ຕັດສະຕ໋ອກ	စတော့မဖြတ်ပါ	Không trừ kho	No Stock Cut	No Stock Cut	No Stock Cut
choice_product_stock_qty	จำนวนตัดสต๊อก	Stock Cut Quantity	库存扣减数量	在庫削減数量	ចំនួនកាត់ស្តុក	재고 차감 수량	ຈຳນວນຕັດສະຕ໋ອກ	စတော့ဖြတ်ပမာဏ	Số lượng trừ kho	Stock Cut Quantity	Stock Cut Quantity	Stock Cut Quantity
choice_stock_qty	จำนวนตัดสต๊อก	Stock Cut Quantity	库存扣减数量	在庫削減数量	ចំនួនកាត់ស្តុក	재고 차감 수량	ຈຳນວນຕັດສະຕ໋ອກ	စတော့ဖြတ်ပမာဏ	Số lượng trừ kho	Stock Cut Quantity	Stock Cut Quantity	Stock Cut Quantity
choose_color	เลือกสี	Choose Color	选择颜色	色を選択	ជ្រើសរើសពណ៌	색상 선택	ເລືອກສີ	အရောင်ရွေးပါ	Chọn màu	Choose Color	Choose Color	Choose Color
choose_item_delete	เลือกรายการที่ต้องการลบ	Select item to delete	选择要删除的项目	削除する項目を選択	ជ្រើសរើសធាតុដែលត្រូវលុប	삭제할 항목 선택	ເລືອກລາຍການທີ່ຈະລຶບ	ဖျက်ရန် ပစ္စည်းရွေးပါ	Chọn mục để xóa	Select item to delete	Select item to delete	Select item to delete
chosen	เลือกแล้ว	Selected	已选择	選択済み	បានជ្រើសរើស	선택됨	ເລືອກແລ້ວ	ရွေးချယ်ပြီး	Đã chọn	Selected	Selected	Selected
christian	คริสต์ศักราช	Christian Era	公历	西暦	គ្រិស្តសករាជ	서기	ຄ.ສ.	ခရစ်နှစ်	Công nguyên	Christian Era	Christian Era	Christian Era
christian_era	คริสต์ศักราช (ค.ศ.)	Christian Era (A.D.)	公元	西暦	គ្រិស្តសករាជ	서력기원	ສາກົນ	ခရစ်နှစ်	Công nguyên	Christian Era (A.D.)	Christian Era (A.D.)	Christian Era (A.D.)
christian_era_short	ค.ศ.	A.D.	公元	西暦	គ.ស.	서기	ຄ.ສ.	ခရစ်နှစ်	C.N.	A.D.	A.D.	A.D.
citizen_id	รหัสบัตรประชาชน	Citizen ID	身份证号码	国民ID	អត្តសញ្ញាណប័ណ្ណ	주민등록번호	ເລກບັດປະຊາຊົນ	မှတ်ပုံတင်နံပါတ်	Số CMND/CCCD	Citizen ID	Citizen ID	Citizen ID
class	ระดับ	Level	级别	レベル	កម្រិត	레벨	ລະດັບ	အဆင့်	Cấp độ	Level	Level	Level
class_code	รหัสระดับ	Level Code	级别代码	レベルコード	លេខកូដកម្រិត	레벨 코드	ລະຫັດລະດັບ	အဆင့်ကုဒ်	Mã cấp độ	Level Code	Level Code	Level Code
class_codes	รหัสคลาส	Class Code	班级代码	クラスコード	លេខកូដថ្នាក់	클래스 코드	ລະຫັດຫ້ອງຮຽນ	အတန်းကုဒ်	Mã lớp	Class Code	Class Code	Class Code
class_name	ชื่อระดับ	Level Name	级别名称	レベル名	ឈ្មោះកម្រិត	레벨 이름	ຊື່ລະດັບ	အဆင့်အမည်	Tên cấp độ	Level Name	Level Name	Level Name
cleanup_invalid_users	ลบข้อมูลผู้ใช้ที่ไม่ถูกต้อง	Clean up invalid users	清理无效用户	無効なユーザーをクリーンアップ	សម្អាតអ្នកប្រើប្រាស់មិនត្រឹមត្រូវ	잘못된 사용자 정리	ລ້າງຂໍ້ມູນຜູ້ໃຊ້ທີ່ບໍ່ຖືກຕ້ອງ	မမှန်ကန်သောအသုံးပြုသူများကို ရှင်းပါ	Dọn dẹp người dùng không hợp lệ	Clean up invalid users	Clean up invalid users	Clean up invalid users
cleanup_users_confirm_message	ต้องการลบข้อมูลต่อไปนี้หรือไม่?  1. ผู้ใช้ที่ชื่อผู้ใช้ว่าง 2. ข้อมูล LINE ที่ไม่มีผู้ใช้แล้ว  การดำเนินการนี้ไม่สามารถยกเลิกได้	Do you want to delete the following?  1. Users with empty usernames 2. LINE data without existing users  This action cannot be undone	是否要删除以下内容？  1. 用户名为空的用户 2. 没有用户的LINE数据  此操作无法撤消	以下を削除しますか？  1. ユーザー名が空のユーザー 2. ユーザーがいないLINEデータ  この操作は取り消せません	តើអ្នកចង់លុបទិន្នន័យខាងក្រោមទេ?  1. អ្នកប្រើប្រាស់ដែលឈ្មោះទទេ 2. ទិន្នន័យ LINE ដែលគ្មានអ្នកប្រើ  សកម្មភាពនេះមិនអាចត្រលប់វិញបានទេ	다음 데이터를 삭제하시겠습니까?  1. 사용자 이름이 비어있는 사용자 2. 사용자가 없는 LINE 데이터  이 작업은 되돌릴 수 없습니다	ຕ້ອງການລຶບຂໍ້ມູນຕໍ່ໄປນີ້ບໍ?  1. ຜູ້ໃຊ້ທີ່ຊື່ຫວ່າງ 2. ຂໍ້ມູນ LINE ທີ່ບໍ່ມີຜູ້ໃຊ້  ການດຳເນີນການນີ້ບໍ່ສາມາດຍົກເລີກໄດ້	အောက်ပါအချက်အလက်များကို ဖျက်လိုပါသလား?  1. အမည်ကင်းမဲ့အသုံးပြုသူများ 2. အသုံးပြုသူမရှိတော့သော LINE ဒေတာ  ဤလုပ်ဆောင်ချက်ကို ပြန်ဖျက်၍မရပါ	Bạn có muốn xóa các dữ liệu sau?  1. Người dùng có tên trống 2. Dữ liệu LINE không có người dùng  Hành động này không thể hoàn tác	Do you want to delete the following?  1. Users with empty usernames 2. LINE data without existing users  This action cannot be undone	Do you want to delete the following?  1. Users with empty usernames 2. LINE data without existing users  This action cannot be undone	Do you want to delete the following?  1. Users with empty usernames 2. LINE data without existing users  This action cannot be undone
clear	ยกเลิก	Clear	清除	クリア	សម្អាត	지우기	ລ້າງ	ရှင်းလင်း	Xóa	Clear	Clear	Clear
clear_all	ลบทั้งหมด	Clear All	全部清除	すべてクリア	សម្អាតទាំងអស់	모두 지우기	ລ້າງທັງໝົດ	အားလုံးရှင်းလင်း	Xóa tất cả	Clear All	Clear All	Clear All
clear_cash	ล้างเงินสด	Clear Cash	清除现金	現金をクリア	សម្អាតសាច់ប្រាក់	현금 지우기	ລ້າງເງິນສົດ	ငွေသားရှင်းလင်း	Xóa tiền mặt	Clear Cash	Clear Cash	Clear Cash
clear_conditions	ล้างเงื่อนไข	Clear Conditions	清除条件	条件をクリア	សម្អាតលក្ខខណ្ឌ	조건 초기화	ລ້າງເງື່ອນໄຂ	အခြေအနေများရှင်းရန်	Xóa điều kiện	Clear Conditions	Clear Conditions	Clear Conditions
clear_data	ล้างข้อมูล	Clear Data	清除数据	データをクリア	សម្អាតទិន្នន័យ	데이터 지우기	ລ້າງຂໍ້ມູນ	ဒေတာရှင်းလင်း	Xóa dữ liệu	Clear Data	Clear Data	Clear Data
clear_filter	ล้างตัวกรอง	Clear Filter	清除筛选	フィルターをクリア	សម្អាតតម្រង	필터 지우기	ລ້າງຕົວກອງ	စစ်ထုတ်မှုရှင်းလင်း	Xóa bộ lọc	Clear Filter	Clear Filter	Clear Filter
clear_hold_bill	ลบบิลพัก	Delete Hold Bill	删除保留账单	保留中の請求書を削除	លុបវិក័យប័ត្រដែលបានផ្អាក	보류 중인 청구서 삭제	ລົບບິນພັກ	ဆိုင်းငံ့ဘေလ်ဖျက်ပါ	Xóa hóa đơn tạm giữ	Delete Hold Bill	Delete Hold Bill	Delete Hold Bill
clear_list	ล้างรายการ	Clear List	清除列表	リストをクリア	លុបបញ្ជី	목록 지우기	ລ້າງລາຍການ	စာရင်းရှင်းပါ	Xóa danh sách	Clear List	Clear List	Clear List
clear_search	ล้างการค้นหา	Clear Search	清除搜索	検索をクリア	សម្អាតការស្វែងរក	검색 지우기	ລ້າງການຄົ້ນຫາ	ရှာဖွေမှု ရှင်းပါ	Xóa tìm kiếm	Clear Search	Clear Search	Clear Search
click_to_select_date	กดที่นี่เพื่อเลือกวันที่	Click to select date	Click to select date	Click to select date	Click to select date	Click to select date	Click to select date	Click to select date	Click to select date	Click to select date	Click to select date	Click to select date
clickhouse_amount	ยอดเงิน ClickHouse	ClickHouse Amount	ClickHouse Amount	ClickHouse Amount	ClickHouse Amount	ClickHouse Amount	ClickHouse Amount	ClickHouse Amount	ClickHouse Amount	ClickHouse Amount	ClickHouse Amount	ClickHouse Amount
clickhouse_count	จำนวน ClickHouse	ClickHouse Count	ClickHouse Count	ClickHouse Count	ClickHouse Count	ClickHouse Count	ClickHouse Count	ClickHouse Count	ClickHouse Count	ClickHouse Count	ClickHouse Count	ClickHouse Count
clickhouse_qty	จำนวน ClickHouse	ClickHouse Qty	ClickHouse Qty	ClickHouse Qty	ClickHouse Qty	ClickHouse Qty	ClickHouse Qty	ClickHouse Qty	ClickHouse Qty	ClickHouse Qty	ClickHouse Qty	ClickHouse Qty
clone_option	ดึงตัวเลือก	Pull Options	提取选项	オプションを取得	ទាញយកជម្រើស	옵션 가져오기	ດຶງຕົວເລືອກ	ရွေးချယ်စရာများဆွဲယူပါ	Lấy tùy chọn	Pull Options	Pull Options	Pull Options
close	ปิด	Close	关闭	閉じる	បិទ	닫기	ປິດ	ပိတ်ပါ	Đóng	Close	Close	Close
close_all_tabs	หน้าจอจะปิดงานทั้งหมด	Screen will close all tasks	屏幕将关闭所有任务	画面はすべてのタスクを閉じます	អេក្រង់នឹងបិទកិច្ចការទាំងអស់	화면이 모든 작업을 닫습니다	ໜ້າຈໍຈະປິດວຽກທັງໝົດ	မျက်နှာပြင်သည် အလုပ်အားလုံးကို ပိတ်ပါမည်	Màn hình sẽ đóng tất cả các tác vụ	Screen will close all tasks	Screen will close all tasks	Screen will close all tasks
close_document	ปิดเอกสาร	Close Document	Close Document	Close Document	Close Document	Close Document	Close Document	Close Document	Close Document	Close Document	Close Document	Close Document
close_document_success	ปิดเอกสารเรียบร้อย	Document closed successfully	Document closed successfully	Document closed successfully	Document closed successfully	Document closed successfully	Document closed successfully	Document closed successfully	Document closed successfully	Document closed successfully	Document closed successfully	Document closed successfully
close_entry	ปิดบัญชี	Close Account	结账	アカウントを閉じる	បិទគណនី	계정 닫기	ປິດບັນຊີ	အကောင့်ပိတ်ပါ	Đóng tài khoản	Close Account	Close Account	Close Account
close_help_window	ปิดหน้าต่างช่วยเหลือ	Close Help Window	关闭帮助窗口	ヘルプウィンドウを閉じる	បិទផ្ទាំងជំនួយ	도움말 창 닫기	ປິດໜ້າຕ່າງຊ່ວຍເຫຼືອ	အကူအညီဝင်းဒိုးပိတ်ရန်	Đóng cửa sổ trợ giúp	Close Help Window	Close Help Window	Close Help Window
close_report_page	ปิดหน้ารายงาน	Close Report Page	Close Report Page	Close Report Page	Close Report Page	Close Report Page	Close Report Page	Close Report Page	Close Report Page	Close Report Page	Close Report Page	Close Report Page
close_shift	ปิดกะ	Close Shift	Close Shift	Close Shift	Close Shift	Close Shift	Close Shift	Close Shift	Close Shift	Close Shift	Close Shift	Close Shift
close_table	สรุปบิล/ปิดโต๊ะ	Bill Summary/Close Table	账单摘要/关闭桌子	請求書概要/テーブルを閉じる	សង្ខេបវិក័យប័ត្រ/បិទតុ	청구서 요약/테이블 닫기	ສະຫຼຸບບິນ/ປິດໂຕະ	ဘေလ်အကျဉ်းချုပ်/စားပွဲပိတ်	Tóm tắt hóa đơn/Đóng bàn	Bill Summary/Close Table	Bill Summary/Close Table	Bill Summary/Close Table
closed	ปิดแล้ว	Closed	已关闭	クローズ	បានបិទ	마감	ປິດແລ້ວ	ပိတ်ပြီး	Đã đóng	Closed	Closed	Closed
closing_entry	รวมรายการปิดบัญชีสิ้นปี	Year-end Closing Entry	年终结账分录	決算仕訳	ធាតុបិទបញ្ជីចុងឆ្នាំ	연말 결산 항목	ລວມລາຍການປິດບັນຊີທ້າຍປີ	နှစ်ကုန်စာရင်းပိတ်ခြင်း	Bút toán khóa sổ cuối năm	Year-end Closing Entry	Year-end Closing Entry	Year-end Closing Entry
code	code	Code	代码	コード	កូដ	코드	ລະຫັດ	ကုဒ်	Mã	Code	Code	Code
code_expired	รหัสหมดอายุ	Code expired	Code expired	Code expired	Code expired	Code expired	Code expired	Code expired	Code expired	Code expired	Code expired	Code expired
code_expires_in_30_min	รหัสหมดอายุใน 30 นาที	Code expires in 30 minutes	Code expires in 30 minutes	Code expires in 30 minutes	Code expires in 30 minutes	Code expires in 30 minutes	Code expires in 30 minutes	Code expires in 30 minutes	Code expires in 30 minutes	Code expires in 30 minutes	Code expires in 30 minutes	Code expires in 30 minutes
code_expires_in_5_min	รหัสหมดอายุใน 5 นาที	Code expires in 5 minutes	Code expires in 5 minutes	Code expires in 5 minutes	Code expires in 5 minutes	Code expires in 5 minutes	Code expires in 5 minutes	Code expires in 5 minutes	Code expires in 5 minutes	Code expires in 5 minutes	Code expires in 5 minutes	Code expires in 5 minutes
code_label	รหัส:	Code:	Code:	Code:	Code:	Code:	Code:	Code:	Code:	Code:	Code:	Code:
collection_name	คอลเลกชัน	Collection	Collection	Collection	Collection	Collection	Collection	Collection	Collection	Collection	Collection	Collection
color	สี	Color	颜色	色	ពណ៌	색상	ສີ	အရောင်	Màu	Color	Color	Color
color_black	สีดำ	Black	Black	Black	Black	Black	Black	Black	Black	Black	Black	Black
color_choose	เลือกสี	Choose Color	选择颜色	色を選択	ជ្រើសរើសពណ៌	색상 선택	ເລືອກສີ	အရောင်ရွေးပါ	Chọn màu	Choose Color	Choose Color	Choose Color
color_code	รหัสสี	Color Code	颜色代码	カラーコード	កូដពណ៌	색상 코드	ລະຫັດສີ	အရောင်ကုဒ်	Mã màu	Color Code	Color Code	Color Code
color_group_thai7	กลุ่มสีไทย 7 วัน	Thai 7-Day Color Group	泰国七色组	タイ7曜日カラーグループ	ក្រុមពណ៌ថៃ 7 ថ្ងៃ	태국 7일 색상 그룹	ກຸ່ມສີໄທ 7 ວັນ	ထိုင်း ရက်သတ္တပတ် အရောင်အုပ်စု	Nhóm màu 7 ngày Thái	Thai 7-Day Color Group	Thai 7-Day Color Group	Thai 7-Day Color Group
color_mode	โหมดสี	Color Mode	颜色模式	カラーモード	របៀបពណ៌	색상 모드	ໂໝດສີ	အရောင်မုဒ်	Chế độ màu	Color Mode	Color Mode	Color Mode
color_name	ชื่อสี	Color Name	颜色名称	色名	ឈ្មោះពណ៌	색상 이름	ຊື່ສີ	အရောင်အမည်	Tên màu	Color Name	Color Name	Color Name
color_red	สีแดง	Red	Red	Red	Red	Red	Red	Red	Red	Red	Red	Red
colors	สี	Colors	颜色	色	ពណ៌	색상	ສີ	အရောင်	Màu	Colors	Colors	Colors
combine_table	รวมโต๊ะ	Combine Tables	合并桌子	テーブルを結合	បញ្ចូលតុ	테이블 합치기	ລວມໂຕະ	စားပွဲပေါင်းပါ	Gộp bàn	Combine Tables	Combine Tables	Combine Tables
command_sent_processing	ส่งคำสั่งแล้ว กำลังประมวลผล...	Command sent, processing...	命令已发送，正在处理...	コマンド送信済み、処理中...	បានផ្ញើពាក្យបញ្ជា កំពុងដំណើរការ...	명령 전송 완료, 처리 중...	ສົ່ງຄຳສັ່ງແລ້ວ ກຳລັງປະມວນຜົນ...	အမိန့်ပေးပို့ပြီး လုပ်ဆောင်နေသည်...	Đã gửi lệnh, đang xử lý...	Command sent, processing...	Command sent, processing...	Command sent, processing...
company	บริษัท	Company	公司	会社	ក្រុមហ៊ុន	회사	ບໍລິສັດ	ကုမ္ပဏီ	Công ty	Company	Company	Company
company_profile	ข้อมูลบริษัท	Company Profile	公司资料	会社プロフィール	ព័ត៌មានក្រុមហ៊ុន	회사 프로필	ຂໍ້ມູນບໍລິສັດ	ကုမ္ပဏီပရိုဖိုင်	Hồ sơ công ty	Company Profile	Company Profile	Company Profile
company_address	ที่อยู่	Address	地址	住所	អាសយដ្ឋាន	주소	ທີ່ຢູ່	လိပ်စာ	Địa chỉ	Address	Address	Address
company_branch	สาขา	Branch	分店	支店	សាខា	지점	ສາຂາ	ဌာနခွဲ	Chi nhánh	Branch	Branch	Branch
company_branch_address	ที่อยู่สาขา	Branch Address	分店地址	支店住所	អាសយដ្ឋានសាខា	지점 주소	ທີ່ຢູ່ສາຂາ	ဌာနခွဲလိပ်စာ	Địa chỉ chi nhánh	Branch Address	Branch Address	Branch Address
company_branch_code	รหัสสาขา	Branch Code	分店代码	支店コード	លេខកូដសាខា	지점 코드	ລະຫັດສາຂາ	ဌာနခွဲကုဒ်	Mã chi nhánh	Branch Code	Branch Code	Branch Code
company_branch_data	ข้อมูลสาขา	Branch Data	分店数据	支店データ	ទិន្នន័យសាខា	지점 데이터	ຂໍ້ມູນສາຂາ	ဌာနခွဲအချက်အလက်	Dữ liệu chi nhánh	Branch Data	Branch Data	Branch Data
company_branch_department	แผนก	Department	部门	部署	ផ្នែក	부서	ພະແນກ	ဌာန	Phòng ban	Department	Department	Department
company_branch_name	ชื่อสาขา	Branch Name	分店名称	支店名	ឈ្មោះសាខា	지점명	ຊື່ສາຂາ	ဌာနခွဲအမည်	Tên chi nhánh	Branch Name	Branch Name	Branch Name
company_branch_phone	เบอร์โทรสาขา	Branch Phone	分店电话	支店電話番号	ទូរស័ព្ទសាខា	지점 전화번호	ເບີໂທສາຂາ	ဌာနခွဲဖုန်း	Số điện thoại chi nhánh	Branch Phone	Branch Phone	Branch Phone
company_code	รหัสบริษัท	Company Code	公司代码	会社コード	លេខកូដក្រុមហ៊ុន	회사 코드	ລະຫັດບໍລິສັດ	ကုမ္ပဏီကုဒ်	Mã công ty	Company Code	Company Code	Company Code
company_data	ข้อมูลบริษัท	Company Data	公司数据	会社データ	ទិន្នន័យក្រុមហ៊ុន	회사 데이터	ຂໍ້ມູນບໍລິສັດ	ကုမ္ပဏီအချက်အလက်	Dữ liệu công ty	Company Data	Company Data	Company Data
company_department	แผนก	Department	部门	部署	ផ្នែក	부서	ພະແນກ	ဌာန	Phòng ban	Department	Department	Department
company_department_2	สาขา	Branch	分店	支店	សាខា	지점	ສາຂາ	ဌာနခွဲ	Chi nhánh	Branch	Branch	Branch
company_email_owner	อีเมลเจ้าของ	Owner Email	业主邮箱	オーナーのメール	អ៊ីមែលម្ចាស់	소유자 이메일	ອີເມວເຈົ້າຂອງ	ပိုင်ရှင်အီးမေးလ်	Email chủ sở hữu	Owner Email	Owner Email	Owner Email
company_email_staff	อีเมลแอดมิน	Admin Email	管理员邮箱	管理者メール	អ៊ីមែលអ្នកគ្រប់គ្រង	관리자 이메일	ອີເມວແອດມິນ	အက်ဒမင်အီးမေးလ်	Email quản trị viên	Admin Email	Admin Email	Admin Email
company_latitude	ละติจูด	Latitude	纬度	緯度	រយៈទទឹង	위도	ເສັ້ນຂະໜານ	လတ္တီတွဒ်	Vĩ độ	Latitude	Latitude	Latitude
company_longitude	ลองติจูด	Longitude	经度	経度	រយៈបណ្តោយ	경도	ເສັ້ນແວງ	လောင်ဂျီတွဒ်	Kinh độ	Longitude	Longitude	Longitude
company_name	ชื่อบริษัท	Company Name	公司名称	会社名	ឈ្មោះក្រុមហ៊ុន	회사명	ຊື່ບໍລິສັດ	ကုမ္ပဏီအမည်	Tên công ty	Company Name	Company Name	Company Name
company_names	ชื่อบริษัท	Company Names	公司名称	会社名	ឈ្មោះក្រុមហ៊ុន	회사명	ຊື່ບໍລິສັດ	ကုမ္ပဏီအမည်များ	Tên công ty	Company Names	Company Names	Company Names
company_settings	การตั้งค่าบริษัท	Company Settings	公司设置	会社設定	ការកំណត់ក្រុមហ៊ុន	회사 설정	ການຕັ້ງຄ່າບໍລິສັດ	ကုမ္ပဏီဆက်တင်များ	Cài đặt công ty	Company Settings	Company Settings	Company Settings
company_tax_id	เลขที่ผู้เสียภาษี	Tax ID	纳税人识别号	納税者番号	លេខអត្តសញ្ញាណអ្នកជាប់ពន្ធ	사업자 등록 번호	ເລກປະຈຳຕົວຜູ້ເສຍພາສີ	အခွန်ထမ်းနံပါတ်	Mã số thuế	Tax ID	Tax ID	Tax ID
company_telephone	หมายเลขโทรศัพท์	Telephone Number	电话号码	電話番号	លេខទូរស័ព្ទ	전화번호	ໝາຍເລກໂທລະສັບ	ဖုန်းနံပါတ်	Số điện thoại	Telephone Number	Telephone Number	Telephone Number
company_type	ประเภทธุรกิจ	Business Type	业务类型	ビジネスタイプ	ប្រភេទអាជីវកម្ម	비즈니스 유형	ປະເພດທຸລະກິດ	စီးပွားရေးအမျိုးအစား	Loại hình doanh nghiệp	Business Type	Business Type	Business Type
companybranch	สาขา	Branch	分店	支店	សាខា	지점	ສາຂາ	ဌာနခွဲ	Chi nhánh	Branch	Branch	Branch
completed	เสร็จสิ้น	Completed	已完成	完了	បានបញ្ចប់	완료됨	ສຳເລັດແລ້ວ	ပြီးစီးပြီး	Đã hoàn thành	Completed	Completed	Completed
con_password	ยืนยันรหัสผ่าน	Confirm Password	确认密码	パスワードを確認	បញ្ជាក់ពាក្យសម្ងាត់	비밀번호 확인	ຢືນຢັນລະຫັດຜ່ານ	စကားဝှက်အတည်ပြုပါ	Xác nhận mật khẩu	Confirm Password	Confirm Password	Confirm Password
condition	เงื่อนไข	Condition	Condition	Condition	Condition	Condition	Condition	Condition	Condition	Condition	Condition	Condition
config	กำหนดค่า	Config	配置	設定	កំណត់រចនាសម្ព័ន្ធ	구성	ກຳນົດຄ່າ	ဖွဲ့စည်းပုံ	Cấu hình	Config	Config	Config
config_rebuild_stock_test	ทดสอบคำนวณสต็อกใหม่	Rebuild Stock Test	重建库存测试	在庫再構築テスト	តេស្តបង្កើតស្តុកឡើងវិញ	재고 재구축 테스트�	ທົດສອບຄຳນວນສະຕ໊ອກໃໝ່	စတော့ပြန်တည်ဆောက်စမ်းသပ်	Kiểm tra tái tạo tồn kho	Rebuild Stock Test	Rebuild Stock Test	Rebuild Stock Test
config_reloaded	โหลดการตั้งค่าใหม่	Config Reloaded	Config Reloaded	Config Reloaded	Config Reloaded	Config Reloaded	Config Reloaded	Config Reloaded	Config Reloaded	Config Reloaded	Config Reloaded	Config Reloaded
confirm	ยืนยัน	Confirm	确认	確認	បញ្ជាក់	확인	ຢືນຢັນ	အတည်ပြု	Xác nhận	Confirm	Confirm	Confirm
confirm_add_products	ยืนยันการเพิ่มสินค้า	Confirm Add Products	确认添加产品	商品の追加を確認	បញ្ជាក់ការបន្ថែមផលិតផល	제품 추가 확인	ຢືນຢັນການເພີ່ມສິນຄ້າ	ထုတ်ကုန်များထည့်ခြင်းအတည်ပြုပါ	Xác nhận thêm sản phẩm	Confirm Add Products	Confirm Add Products	Confirm Add Products
confirm_cancel	ยืนยันการยกเลิก	Confirm Cancel	确认取消	キャンセルを確認	បញ្ជាក់ការបោះបង់	취소 확인	ຢືນຢັນການຍົກເລີກ	ပယ်ဖျက်ခြင်းအတည်ပြုပါ	Xác nhận hủy	Confirm Cancel	Confirm Cancel	Confirm Cancel
confirm_cancel_pin	ยกเลิก PIN	Cancel PIN	取消 PIN	PINをキャンセル	បោះបង់ PIN	PIN 취소	ຍົກເລີກ PIN	PIN ပယ်ဖျက်ပါ	Hủy PIN	Cancel PIN	Cancel PIN	Cancel PIN
confirm_change_cart	ยืนยันการเปลี่ยนแปลง?	Confirm changes?	确认更改？	変更を確認しますか？	បញ្ជាក់ការផ្លាស់ប្តូរ?	변경 사항을 확인하시겠습니까?	ຢືນຢັນການປ່ຽນແປງ?	ပြောင်းလဲမှုကို အတည်ပြုမလား?	Xác nhận thay đổi?	Confirm changes?	Confirm changes?	Confirm changes?
confirm_changes	ยืนยันการเปลี่ยนแปลง	Confirm Changes	确认更改	変更を確認	បញ្ជាក់ការផ្លាស់ប្តូរ	변경 확인	ຢືນຢັນການປ່ຽນແປງ	ပြောင်းလဲမှုကို အတည်ပြုပါ	Xác nhận thay đổi	Confirm Changes	Confirm Changes	Confirm Changes
confirm_clear_products	ยืนยันการล้างรายการสินค้า	Confirm Clear Products	确认清除产品	商品のクリアを確認	បញ្ជាក់ការលុបផលិតផល	제품 지우기 확인	ຢືນຢັນການລ້າງລາຍການສິນຄ້າ	ထုတ်ကုန်များရှင်းလင်းခြင်းအတည်ပြုပါ	Xác nhận xóa sản phẩm	Confirm Clear Products	Confirm Clear Products	Confirm Clear Products
confirm_clear_products_message	คุณต้องการล้างรายการสินค้าทั้งหมดใช่หรือไม่?	Do you want to clear all products?	您要清除所有产品吗？	すべての商品をクリアしますか？	តើអ្នកចង់លុបផលិតផលទាំងអស់ទេ?	모든 제품을 지우시겠습니까?	ທ່ານຕ້ອງການລ້າງລາຍການສິນຄ້າທັງໝົດບໍ?	ထုတ်ကုန်အားလုံးကိုရှင်းလင်းလိုပါသလား?	Bạn có muốn xóa tất cả sản phẩm không?	Do you want to clear all products?	Do you want to clear all products?	Do you want to clear all products?
confirm_clear_selected_products	ต้องการล้างรายการสินค้าที่เลือกทั้งหมดหรือไม่?	Do you want to clear all selected products?	要清除所有选定的产品吗？	選択したすべての商品をクリアしますか？	តើអ្នកចង់លុបផលិតផលដែលបានជ្រើសរើសទាំងអស់ទេ?	선택한 모든 제품을 지우시겠습니까?	ຕ້ອງການລ້າງລາຍການສິນຄ້າທີ່ເລືອກທັງໝົດບໍ?	ရွေးချယ်ထားသောထုတ်ကုန်အားလုံးကိုရှင်းလင်းလိုပါသလား?	Bạn có muốn xóa tất cả sản phẩm đã chọn không?	Do you want to clear all selected products?	Do you want to clear all selected products?	Do you want to clear all selected products?
confirm_close_tab_message	คุณต้องการปิด Tab นี้หรือไม่?	Do you want to close this tab?	您要关闭此标签吗？	このタブを閉じますか？	តើអ្នកចង់បិទផ្ទាំងនេះទេ?	이 탭을 닫으시겠습니까?	ທ່ານຕ້ອງການປິດແຖບນີ້ບໍ່?	ဒီတက်ဘ်ကို ပိတ်ချင်ပါသလား။	Bạn có muốn đóng tab này không?	Do you want to close this tab?	Do you want to close this tab?	Do you want to close this tab?
confirm_close_tab_title	ยืนยันการปิด Tab	Confirm Close Tab	确认关闭标签	タブを閉じる確認	បញ្ជាក់ការបិទផ្ទាំង	탭 닫기 확인	ຢືນຢັນການປິດແຖບ	တက်ဘ်ပိတ်ရန် အတည်ပြုပါ	Xác nhận đóng tab	Confirm Close Tab	Confirm Close Tab	Confirm Close Tab
confirm_count	ยืนยัน	Confirm	Confirm	Confirm	Confirm	Confirm	Confirm	Confirm	Confirm	Confirm	Confirm	Confirm
confirm_data_transfer	ยืนยันการโอนข้อมูล	Confirm Data Transfer	确认数据传输	データ転送の確認	បញ្ជាក់ការផ្ទេរទិន្នន័យ	데이터 전송 확인	ຢືນຢັນການໂອນຂໍ້ມູນ	ဒေတာလွှဲပြောင်းခြင်း အတည်ပြုပါ	Xác nhận chuyển dữ liệu	Confirm Data Transfer	Confirm Data Transfer	Confirm Data Transfer
confirm_delete	ต้องการลบข้อมูลหรือไม่	Do you want to delete data?	想要删除数据吗？	データを削除しますか？	តើអ្នកចង់លុបទិន្នន័យទេ?	데이터를 삭제하시겠습니까?	ຕ້ອງການລຶບຂໍ້ມູນບໍ່?	ဒေတာကို ဖျက်လိုပါသလား?	Bạn có muốn xóa dữ liệu không?	Do you want to delete data?	Do you want to delete data?	Do you want to delete data?
confirm_delete_api_key	ต้องการลบ API Key '{name}' หรือไม่? การดำเนินการนี้ไม่สามารถย้อนกลับได้	Are you sure you want to delete API key '{name}'? This action cannot be undone.	确定要删除 API 密钥 '{name}' 吗？此操作无法撤销。	API キー '{name}' を削除してもよろしいですか？この操作は元に戻せません。	តើអ្នកប្រាកដថាចង់លុបសោ API '{name}' មែនទេ? សកម្មភាពនេះមិនអាចត្រឡប់វិញបានទេ។	API 키 '{name}'을(를) 삭제하시겠습니까? 이 작업은 취소할 수 없습니다.	ທ່ານແນ່ໃຈບໍ່ວ່າຕ້ອງການລຶບກະແຈ API '{name}'? ການກະທຳນີ້ບໍ່ສາມາດຍົກເລີກໄດ້.	API သော့ '{name}' ကို ဖျက်လိုသည်မှာ သေချာပါသလား? ဤလုပ်ဆောင်ချက်ကို ပြန်မလုပ်နိုင်ပါ။	Bạn có chắc muốn xóa khóa API '{name}'? Hành động này không thể hoàn tác.	Are you sure you want to delete API key '{name}'? This action cannot be undone.	Are you sure you want to delete API key '{name}'? This action cannot be undone.	Are you sure you want to delete API key '{name}'? This action cannot be undone.
confirm_delete_cart	ต้องการลบตะกร้า	Do you want to delete cart	要删除购物车	カートを削除しますか	តើអ្នកចង់លុបកន្ត្រក	장바구니를 삭제하시겠습니까	ຕ້ອງການລຶບກະຕ່າ	ဈေးခြင်းကို ဖျက်လိုပါသလား	Bạn muốn xóa giỏ hàng	Do you want to delete cart	Do you want to delete cart	Do you want to delete cart
confirm_delete_currency	ยืนยันลบสกุลเงิน	Confirm Delete Currency	确认删除货币	通貨の削除を確認	បញ្ជាក់លុបរូបិយប័ណ្ណ	통화 삭제 확인	ຢືນຢັນລຶບສະກຸນເງິນ	ငွေကြေးဖျက်ရန်အတည်ပြုပါ	Xác nhận xóa tiền tệ	Confirm Delete Currency	Confirm Delete Currency	Confirm Delete Currency
confirm_delete_data	คุณต้องการลบข้อมูลหรือไม่	Do you want to delete the data?	您要删除数据吗？	データを削除しますか？	តើអ្នកចង់លុបទិន្នន័យទេ?	데이터를 삭제하시겠습니까?	ທ່ານຕ້ອງການລຶບຂໍ້ມູນບໍ່?	ဒေတာကို ဖျက်လိုပါသလား?	Bạn có muốn xóa dữ liệu không?	Do you want to delete the data?	Do you want to delete the data?	Do you want to delete the data?
confirm_delete_exchange_rate	ยืนยันลบอัตราแลกเปลี่ยน	Confirm delete exchange rate	确认删除汇率	為替レートの削除を確認	បញ្ជាក់លុបអត្រាប្តូរប្រាក់	환율 삭제 확인	ຢືນຢັນລຶບອັດຕາແລກປ່ຽນ	ငွေလဲနှုန်းဖျက်ရန်အတည်ပြုပါ	Xác nhận xóa tỷ giá	Confirm delete exchange rate	Confirm delete exchange rate	Confirm delete exchange rate
confirm_delete_file	ต้องการลบไฟล์หรือไม่?	Delete this file?	Delete this file?	Delete this file?	Delete this file?	Delete this file?	Delete this file?	Delete this file?	Delete this file?	Delete this file?	Delete this file?	Delete this file?
confirm_delete_image	ยืนยันลบรูปภาพ	Confirm Delete Image	确认删除图片	画像の削除を確認	បញ្ជាក់លុបរូបភាព	이미지 삭제 확인	ຢືນຢັນລຶບຮູບພາບ	ဓာတ်ပုံဖျက်ရန်အတည်ပြုပါ	Xác nhận xóa hình ảnh	Confirm Delete Image	Confirm Delete Image	Confirm Delete Image
confirm_delete_item_from_cart	ต้องการลบรายการนี้ออกจากตะกร้า?	Remove this item from cart?	要从购物车中删除此商品吗？	この商品をカートから削除しますか？	ដកផលិតផលនេះចេញពីកន្ត្រក?	이 상품을 장바구니에서 삭제하시겠습니까?	ຕ້ອງການລຶບລາຍການນີ້ອອກຈາກກະຕ່າ?	ဤပစ္စည်းကို ဈေးခြင်းမှ ဖယ်ရှားမလား?	Xóa sản phẩm này khỏi giỏ hàng?	Remove this item from cart?	Remove this item from cart?	Remove this item from cart?
confirm_delete_permission	ต้องการลบสิทธิ์หรือไม่?	Delete this permission?	Delete this permission?	Delete this permission?	Delete this permission?	Delete this permission?	Delete this permission?	Delete this permission?	Delete this permission?	Delete this permission?	Delete this permission?	Delete this permission?
confirm_delete_point_transaction	คุณต้องการลบรายการเพิ่มแต้มนี้ใช่หรือไม่?	Do you want to delete this point transaction?	您确定要删除此积分交易吗？	このポイント取引を削除しますか？	តើអ្នកចង់លុបប្រតិបត្តិការពិន្ទុនេះទេ?	이 포인트 거래를 삭제하시겠습니까?	ທ່ານຕ້ອງການລຶບລາຍການຄະແນນນີ້ບໍ?	ဤအမှတ်ပေးငွေကို ဖျက်လိုပါသလား?	Bạn có muốn xóa giao dịch điểm này không?	Do you want to delete this point transaction?	Do you want to delete this point transaction?	Do you want to delete this point transaction?
confirm_delete_shelf	ต้องการลบชั้นวางนี้หรือไม่?	Do you want to delete this shelf?	是否要删除此货架？	この棚を削除しますか？	តើអ្នកចង់លុបធ្នើនេះទេ?	이 선반을 삭제하시겠습니까?	ຕ້ອງການລຶບຊັ້ນວາງນີ້ຫຼືບໍ່?	ဤစင်ကို ဖျက်လိုပါသလား?	Bạn có muốn xóa kệ này không?	Do you want to delete this shelf?	Do you want to delete this shelf?	Do you want to delete this shelf?
confirm_delete_supplement_option_question	ต้องการลบ ตัวเลือกเสริม ใช่หรือไม่?	Do you want to delete the supplement option?	您要删除补充选项吗？	追加オプションを削除しますか？	តើអ្នកចង់លុបជម្រើសបន្ថែមទេ?	추가 옵션을 삭제하시겠습니까?	ຕ້ອງການລຶບທາງເລືອກເສີມບໍ່?	ထပ်တိုးရွေးချယ်မှုကို ဖျက်လိုပါသလား?	Bạn có muốn xóa tùy chọn bổ sung không?	Do you want to delete the supplement option?	Do you want to delete the supplement option?	Do you want to delete the supplement option?
confirm_delete_type	ต้องการลบประเภทหรือไม่?	Delete this type?	Delete this type?	Delete this type?	Delete this type?	Delete this type?	Delete this type?	Delete this type?	Delete this type?	Delete this type?	Delete this type?	Delete this type?
confirm_delete_type_with_rules	ต้องการลบประเภทหรือไม่? การลบจะลบกฎการอนุมัติที่เกี่ยวข้องด้วย	Delete this type? Related approval rules will also be deleted	Delete this type? Related approval rules will also be deleted	Delete this type? Related approval rules will also be deleted	Delete this type? Related approval rules will also be deleted	Delete this type? Related approval rules will also be deleted	Delete this type? Related approval rules will also be deleted	Delete this type? Related approval rules will also be deleted	Delete this type? Related approval rules will also be deleted	Delete this type? Related approval rules will also be deleted	Delete this type? Related approval rules will also be deleted	Delete this type? Related approval rules will also be deleted
confirm_delete_user	ต้องการลบผู้ใช้หรือไม่?	Delete this user?	Delete this user?	Delete this user?	Delete this user?	Delete this user?	Delete this user?	Delete this user?	Delete this user?	Delete this user?	Delete this user?	Delete this user?
confirm_delete_wht_entry	ต้องการลบรายการหัก ณ ที่จ่ายนี้หรือไม่?	Are you sure you want to delete this WHT entry?	确认删除预扣税条目？	源泉徴収税エントリを削除しますか？	បញ្ជាក់ការលុបពន្ធកាត់ទុក?	원천징수세 항목 삭제를 확인하시겠습니까?	ຢືນຢັນລຶບລາຍການພາສີຫັກ ນ ທີ່ຈ່າຍ?	အခွန်ဖြတ်တောက်ဖျက်မှုအတည်ပြုမည်?	Xác nhận xóa mục thuế khấu trừ?	Are you sure you want to delete this WHT entry?	Are you sure you want to delete this WHT entry?	Are you sure you want to delete this WHT entry?
confirm_exit_report	ยืนยันการออกจากรายงาน	Confirm Exit Report	Confirm Exit Report	Confirm Exit Report	Confirm Exit Report	Confirm Exit Report	Confirm Exit Report	Confirm Exit Report	Confirm Exit Report	Confirm Exit Report	Confirm Exit Report	Confirm Exit Report
confirm_exit_report_question	คุณต้องการออกจากรายงานนี้หรือไม่?	Do you want to exit this report?	Do you want to exit this report?	Do you want to exit this report?	Do you want to exit this report?	Do you want to exit this report?	Do you want to exit this report?	Do you want to exit this report?	Do you want to exit this report?	Do you want to exit this report?	Do you want to exit this report?	Do you want to exit this report?
confirm_full_tax_invoice	คุณต้องการออกใบกำกับภาษีเต็มรูปแบบสำหรับเอกสารหรือไม่?	Do you want to issue a full tax invoice for the document?	您想为该文档开具完整税务发票吗？	ドキュメントの完全な税額請求書を発行しますか？	តើអ្នកចង់ចេញវិក័យប័ត្រពន្ធពេញលេញសម្រាប់ឯកសារនេះទេ?	문서에 대한 전체 세금 계산서를 발행하시겠습니까?	ທ່ານຕ້ອງການອອກໃບກຳກັບພາສີເຕັມຮູບແບບສຳລັບເອກະສານບໍ?	စာရွက်စာတမ်းအတွက် အပြည့်အစုံအခွန်ပြေစာထုတ်ရန် လိုသလား?	Bạn có muốn xuất hóa đơn thuế đầy đủ cho tài liệu không?	Do you want to issue a full tax invoice for the document?	Do you want to issue a full tax invoice for the document?	Do you want to issue a full tax invoice for the document?
confirm_import_file	ยืนยันการนำเข้าไฟล์	Confirm file import	确认文件导入	ファイルインポートを確認	បញ្ជាក់ការនាំចូលឯកសារ	파일 가져오기 확인	ຢືນຢັນການນໍາເຂົ້າໄຟລ໌	ဖိုင်တင်သွင်းခြင်းကို အတည်ပြုပါ	Xác nhận nhập tệp	Confirm file import	Confirm file import	Confirm file import
confirm_import_product	ยืนยันการนำเข้าสินค้า	Confirm Import Product	确认导入产品	商品のインポートを確認	បញ្ជាក់ការនាំចូលផលិតផល	제품 가져오기 확인	ຢືນຢັນການນໍາເຂົ້າສິນຄ້າ	ထုတ်ကုန်တင်သွင်းခြင်းကို အတည်ပြုပါ	Xác nhận nhập sản phẩm	Confirm Import Product	Confirm Import Product	Confirm Import Product
confirm_import_product_file_name	นำเข้าสินค้าจากไฟล์	Import Product From File	从文件导入产品	ファイルから商品をインポート	នាំចូលផលិតផលពីឯកសារ	파일에서 제품 가져오기	ນໍາເຂົ້າສິນຄ້າຈາກໄຟລ໌	ဖိုင်မှ ထုတ်ကုန်တင်သွင်းပါ	Nhập sản phẩm từ tệp	Import Product From File	Import Product From File	Import Product From File
confirm_link	กดยืนยันการเชื่อมต่อ	Confirm connection	Confirm connection	Confirm connection	Confirm connection	Confirm connection	Confirm connection	Confirm connection	Confirm connection	Confirm connection	Confirm connection	Confirm connection
confirm_login	กดยืนยันการเข้าสู่ระบบ	Confirm login	Confirm login	Confirm login	Confirm login	Confirm login	Confirm login	Confirm login	Confirm login	Confirm login	Confirm login	Confirm login
confirm_logout	คุณต้องการออกจากระบบหรือไม่?	Do you want to logout?	您要注销吗？	ログアウトしますか？	តើអ្នកចង់ចាកចេញពីប្រព័ន្ធទេ?	로그아웃하시겠습니까?	ທ່ານຕ້ອງການອອກຈາກລະບົບບໍ່?	စနစ်မှ ထွက်လိုပါသလား?	Bạn có muốn đăng xuất không?	Do you want to logout?	Do you want to logout?	Do you want to logout?
confirm_processing	ยืนยันการประมวลผล	Confirm Processing	确认处理	処理確認	បញ្ជាក់ការដំណើរការ	처리 확인	ຢືນຢັນການປະມວນຜົນ	လုပ်ဆောင်မှုအတည်ပြုပါ	Xác nhận xử lý	Confirm Processing	Confirm Processing	Confirm Processing
confirm_rebuild_product_balance	ยืนยันการประมวลผลยอดคงเหลือ	Confirm Rebuild Product Balance	确认重新计算库存余额	在庫残高の再計算を確認	បញ្ជាក់ការគណនាសមតុល្យស្តុកឡើងវិញ	재고 잔액 재계산 확인	ຢືນຢັນການປະມວນຜົນຍອດຄົງເຫຼືອ	ကုန်ပစ္စည်းလက်ကျန် ပြန်တွက်ချက်ခြင်း အတည်ပြုပါ	Xác nhận tính lại số dư tồn kho	Confirm Rebuild Product Balance	Confirm Rebuild Product Balance	Confirm Rebuild Product Balance
confirm_rebuild_products	ยืนยันการประมวลผลสินค้าใหม่	Confirm Rebuild Products	确认重新处理产品	商品の再処理を確認	បញ្ជាក់ការដំណើរការផលិតផលឡើងវិញ	제품 재처리 확인	ຢືນຢັນການປະມວນຜົນສິນຄ້າໃໝ່	ကုန်ပစ္စည်း ပြန်လုပ်ခြင်း အတည်ပြုပါ	Xác nhận xử lý lại sản phẩm	Confirm Rebuild Products	Confirm Rebuild Products	Confirm Rebuild Products
confirm_remove_from_lineoa	ต้องการลบออกจาก LINE OA หรือไม่?	Remove from LINE OA?	Remove from LINE OA?	Remove from LINE OA?	Remove from LINE OA?	Remove from LINE OA?	Remove from LINE OA?	Remove from LINE OA?	Remove from LINE OA?	Remove from LINE OA?	Remove from LINE OA?	Remove from LINE OA?
confirm_reset_pin_code	ยืนยันการ Reset PIN	Confirm Reset PIN	确认重置 PIN	PINのリセットを確認	បញ្ជាក់ការកំណត់ PIN ឡើងវិញ	PIN 재설정 확인	ຢືນຢັນການຣີເຊັດ PIN	PIN ပြန်လည်သတ်မှတ်ခြင်းကို အတည်ပြုပါ	Xác nhận đặt lại PIN	Confirm Reset PIN	Confirm Reset PIN	Confirm Reset PIN
confirm_reset_pin_code_detail	ต้องการรีเซ็ทรหัสเริ่มต้นเป็น 12345 ใช่หรือไหม ?	Do you want to reset the default code to 12345?	您想将默认代码重置为 12345 吗？	デフォルトコードを12345にリセットしますか？	តើអ្នកចង់កំណត់កូដលំនាំដើមទៅ 12345 ឡើងវិញទេ?	기본 코드를 12345로 재설정하시겠습니까?	ທ່ານຕ້ອງການຣີເຊັດລະຫັດເລີ່ມຕົ້ນເປັນ 12345 ບໍ່?	ပုံသေကုဒ်ကို 12345 သို့ ပြန်လည်သတ်မှတ်လိုပါသလား?	Bạn có muốn đặt lại mã mặc định thành 12345 không?	Do you want to reset the default code to 12345?	Do you want to reset the default code to 12345?	Do you want to reset the default code to 12345?
confirm_save	ต้องการบันทึกเอกสารใช่หรือไม่	Confirm Save	确认保存	保存を確認	បញ្ជាក់ការរក្សាទុក	저장 확인	ຢືນຢັນການບັນທຶກ	သိမ်းဆည်းခြင်းကို အတည်ပြုပါ	Xác nhận lưu	Confirm Save	Confirm Save	Confirm Save
confirm_switch_shop	คุณต้องการสลับร้านหรือไม่?	Do you want to switch shop?	您要切换商店吗？	店舗を切り替えますか？	តើអ្នកចង់ផ្លាស់ប្តូរហាងទេ?	매장을 전환하시겠습니까?	ທ່ານຕ້ອງການສະຫຼັບຮ້ານບໍ່?	ဆိုင်ပြောင်းလိုပါသလား?	Bạn có muốn chuyển đổi cửa hàng không?	Do you want to switch shop?	Do you want to switch shop?	Do you want to switch shop?
confirm_transfer	ยืนยันการโอน	Confirm Transfer	确认传输	転送を確認	បញ្ជាក់ការផ្ទេរ	전송 확인	ຢືນຢັນການໂອນ	လွှဲပြောင်းခြင်း အတည်ပြုပါ	Xác nhận chuyển	Confirm Transfer	Confirm Transfer	Confirm Transfer
confirm_unlink_line	ยืนยันยกเลิกการเชื่อมต่อ LINE	Confirm unlink LINE	确认取消关联LINE	LINE連携解除を確認	បញ្ជាក់ផ្ដាច់ LINE	LINE 연결 해제 확인	ຢືນຢັນຍົກເລີກການເຊື່ອมຕໍ່ LINE	LINE ချိတ်ဆက်မှုဖြုတ်ရန်အတည်ပြုပါ	Xác nhận hủy liên kết LINE	Confirm unlink LINE	Confirm unlink LINE	Confirm unlink LINE
confirm_update	ยืนยัน แก้ไข	Confirm Update	确认更新	更新を確認	បញ្ជាក់ការធ្វើបច្ចុប្បន្នភាព	업데이트 확인	ຢືນຢັນການອັບເດດ	မွမ်းမံမှုအတည်ပြုပါ	Xác nhận cập nhật	Confirm Update	Confirm Update	Confirm Update
confirm_withdraw_approval	ต้องการถอนการส่งอนุมัติเอกสารนี้หรือไม่?	Withdraw approval for this document?	Withdraw approval for this document?	Withdraw approval for this document?	Withdraw approval for this document?	Withdraw approval for this document?	Withdraw approval for this document?	Withdraw approval for this document?	Withdraw approval for this document?	Withdraw approval for this document?	Withdraw approval for this document?	Withdraw approval for this document?
confirm_approve_document	ต้องการอนุมัติเอกสารนี้หรือไม่?	Approve this document?	确认批准此文件？	この文書を承認しますか？	អនុម័តឯកសារនេះ?	이 문서를 승인하시겠습니까?	ອະນຸມັດເອກະສານນີ້ບໍ?	ဒီစာရွက်ကိုအတည်ပြုမလား?	Phê duyệt tài liệu này?	Approve this document?	Approve this document?	Approve this document?
connect_device_printer	เชื่อมต่อเครื่องพิมพ์	Connect Printer	连接打印机	プリンターを接続	ភ្ជាប់ម៉ាស៊ីនបោះពុម្ព	프린터 연결	ເຊື່ອມຕໍ່ເຄື່ອງພິມ	ပရင်တာချိတ်ဆက်ပါ	Kết nối máy in	Connect Printer	Connect Printer	Connect Printer
connect_kitchen_printer	เชื่อมต่อเครื่องพิมพ์ห้องครัว	Connect Kitchen Printer	连接厨房打印机	キッチンプリンターを接続	ភ្ជាប់ម៉ាស៊ីນបោះពុម្ពផ្ទះបាយ	주방 프린터 연결	ເຊື່ອມຕໍ່ເຄື່ອງພິມເຮືອນຄົວ	မီးဖိုချောင်ပရင်တာချိတ်ဆက်ပါ	Kết nối máy in nhà bếp	Connect Kitchen Printer	Connect Kitchen Printer	Connect Kitchen Printer
connect_line	เชื่อมต่อ LINE	Connect LINE	连接LINE	LINE連携	ភ្ជាប់ LINE	LINE 연결	ເຊື່ອມຕໍ່ LINE	LINE ချိတ်ဆက်ရန်	Kết nối LINE	Connect LINE	Connect LINE	Connect LINE
connect_lineoa	เชื่อมต่อ Line OA	Connect Line OA	连接Line OA	Line OAに接続	ភ្ជាប់ Line OA	Line OA 연결	ເຊື່ອมຕໍ່ Line OA	Line OA ချိတ်ဆက်ပါ	Kết nối Line OA	Connect Line OA	Connect Line OA	Connect Line OA
connected	เชื่อมต่อแล้ว	Connected	Connected	Connected	Connected	Connected	Connected	Connected	Connected	Connected	Connected	Connected
connected_employees	พนักงานที่เชื่อมต่อ	Connected employees	已连接员工	接続済み従業員	បុគ្គលិកដែលភ្ជាប់	연결된 직원	ພະນັກງານທີ່ເຊື່ອມຕໍ່	ချိတ်ဆက်ထားသော ဝန်ထမ်းများ	Nhân viên đã kết nối	Connected employees	Connected employees	Connected employees
connected_waiting_data	เชื่อมต่อแล้ว รอรับข้อมูล...	Connected, waiting for data...	已连接，等待数据...	接続済み、データ待機中...	បានភ្ជាប់ កំពុងរង់ចាំទិន្នន័យ...	연결됨, 데이터 대기 중...	ເຊື່ອມຕໍ່ແລ້ວ ລໍຖ້າຂໍ້ມູນ...	ချိတ်ဆက်ပြီး ဒေတာစောင့်နေသည်...	Đã kết nối, đang chờ dữ liệu...	Connected, waiting for data...	Connected, waiting for data...	Connected, waiting for data...
connecting	กำลังเชื่อมต่อ...	Connecting...	正在连接...	接続中...	កំពុងភ្ជាប់...	연결 중...	ກຳລັງເຊື່ອມຕໍ່...	ချိတ်ဆက်နေသည်...	Đang kết nối...	Connecting...	Connecting...	Connecting...
connection_error	เชื่อมต่อไม่สำเร็จ	Connection error	连接错误	接続エラー	កំហុសការភ្ជាប់	연결 오류	ການເຊື່ອມຕໍ່ຜິດພາດ	ချိတ်ဆက်မှု အမှား	Lỗi kết nối	Connection error	Connection error	Connection error
connection_lost	การเชื่อมต่อขาดหาย	Connection lost	连接断开	接続が切断されました	ការភ្ជាប់បានដាច់	연결이 끊어졌습니다	ການເຊື່ອມຕໍ່ຂາດ	ချိတ်ဆက်မှု ပြတ်တောက်သွားသည်	Mất kết nối	Connection lost	Connection lost	Connection lost
consolidate_acc	รหัสผังบัญชีคุม	Consolidate Account Code	合并账户代码	勘定コードを統合	បញ្ចូលលេខកូដគណនី	계정 코드 통합	ລວມລະຫັດບັນຊີ	အကောင့်ကုဒ်ပေါင်းစည်းပါ	Hợp nhất mã tài khoản	Consolidate Account Code	Consolidate Account Code	Consolidate Account Code
continuous_add	เพิ่มต่อเนื่อง	Continuous Add	连续添加	連続追加	បន្ថែមបន្តបន្ទាប់	연속 추가	ເພີ່ມຕໍ່ເນື່ອງ	ဆက်တိုက်ထည့်	Thêm liên tục	Continuous Add	Continuous Add	Continuous Add
contact	ผู้ติดต่อ	Contact	联系人	連絡先	ទំនាក់ទំនង	연락처	ຜູ້ຕິດຕໍ່	ဆက်သွယ်ရန်	Liên hệ	Contact	Contact	Contact
contact_information	ข้อมูลติดต่อ	Contact Information	联系信息	連絡先情報	ព័ត៌មានទំនាក់ទំនង	연락처 정보	ຂໍ້ມູນການຕິດຕໍ່	ဆက်သွယ်ရန်အချက်အလက်	Thông tin liên hệ	Contact Information	Contact Information	Contact Information
contact_owner_to_add	กรุณาติดต่อเจ้าของร้านเพื่อเพิ่มคุณเข้าร้านค้า	Please contact shop owner to add you	请联系店主将您添加到商店	店舗オーナーに追加を依頼してください	សូមទាក់ទងម្ចាស់ហាងដើម្បីបន្ថែមអ្នក	매장 소유자에게 추가를 요청하세요	ກະລຸນາຕິດຕໍ່ເຈົ້າຂອງຮ້ານເພື່ອເພີ່ມທ່ານ	ဆိုင်ပိုင်ရှင်ကို ဆက်သွယ်ပါ	Vui lòng liên hệ chủ cửa hàng để thêm bạn	Please contact shop owner to add you	Please contact shop owner to add you	Please contact shop owner to add you
copied	คัดลอกแล้ว	Copied	Copied	Copied	Copied	Copied	Copied	Copied	Copied	Copied	Copied	Copied
copied_to_clipboard	คัดลอกไปยังคลิปบอร์ดแล้ว	Copied to clipboard	已复制到剪贴板	クリップボードにコピーしました	បានចម្លងទៅក្តារតម្បៀតខ្ទាស់	클립보드에 복사됨	ສຳເນົາໄປຄລິບບອດແລ້ວ	ကလစ်ဘုတ်သို့ကူးယူပြီးပါပြီ	Đã sao chép vào clipboard	Copied to clipboard	Copied to clipboard	Copied to clipboard
coppy_confirm	ยืนยันคัดลอก	Confirm Copy	确认复制	コピーを確認	បញ្ជាក់ការចម្លង	복사 확인	ຢືນຢັນການສຳເນົາ	မိတ္တူကူးယူခြင်းအတည်ပြုပါ	Xác nhận sao chép	Confirm Copy	Confirm Copy	Confirm Copy
copy	คัดลอก	Copy	复制	コピー	ចម្លង	복사	ສຳເນົາ	ကူးယူ	Sao chép	Copy	Copy	Copy
copy_api_key_success	คัดลอก URL สำเร็จ	URL Copied Successfully	URL 复制成功	URLをコピーしました	ចម្លង URL ជោគជ័យ	URL 복사 성공	ຄັດລອກ URL ສຳເລັດ	URL ကူးယူအောင်မြင်	Sao chép URL thành công	URL Copied Successfully	URL Copied Successfully	URL Copied Successfully
copy_api_key_warning	คัดลอก API Key นี้ทันที จะไม่สามารถดูได้อีกหลังจากปิดหน้าต่างนี้	Copy this API key now. You won't be able to see it again after closing this dialog.	请立即复制此 API 密钥。关闭此对话框后将无法再次查看。	今すぐこの API キーをコピーしてください。このダイアログを閉じると再度表示できません。	ចម្លងសោ API នេះឥឡូវនេះ។ អ្នកនឹងមិនអាចមើលវាម្តងទៀតបន្ទាប់ពីបិទប្រអប់នេះ។	지금 이 API 키를 복사하세요. 이 대화상자를 닫으면 다시 볼 수 없습니다.	ສຳເນົາກະແຈ API ນີ້ດຽວນີ້. ທ່ານຈະບໍ່ສາມາດເບິ່ງມັນອີກຫຼັງຈາກປິດກ່ອງນີ້.	ဤ API သော့ကို ယခုကူးယူပါ။ ဤဒိုင်ယာလော့ဂ်ကိုပိတ်ပြီးနောက် ထပ်မမြင်နိုင်တော့ပါ။	Sao chép khóa API này ngay. Bạn sẽ không thể xem lại sau khi đóng hộp thoại này.	Copy this API key now. You won't be able to see it again after closing this dialog.	Copy this API key now. You won't be able to see it again after closing this dialog.	Copy this API key now. You won't be able to see it again after closing this dialog.
copy_document	คัดลอกเอกสาร	Copy Document	复制文档	ドキュメントをコピー	ចម្លងឯកសារ	문서 복사	ສຳເນົາເອກະສານ	စာရွက်စာတမ်းကူးယူ	Sao chép tài liệu	Copy Document	Copy Document	Copy Document
copy_document_confirm	คัดลอกเอกสารนี้เป็นเอกสารใหม่?	Copy this document as a new document?	将此文档复制为新文档？	このドキュメントを新規としてコピーしますか？	ចម្លងឯកសារនេះជាឯកសារថ្មី?	이 문서를 새 문서로 복사하시겠습니까?	ສຳເນົາເອກະສານນີ້ເປັນເອກະສານໃໝ່?	ဤစာရွက်စာတမ်းကိုအသစ်အဖြစ်ကူးယူမလား?	Sao chép tài liệu này thành tài liệu mới?	Copy this document as a new document?	Copy this document as a new document?	Copy this document as a new document?
copy_document_success	คัดลอกเอกสารสำเร็จ	Document copied successfully	文档复制成功	ドキュメントのコピーに成功	ចម្លងឯកសារជោគជ័យ	문서 복사 성공	ສຳເນົາເອກະສານສຳເລັດ	စာရွက်စာတမ်းကူးယူအောင်မြင်	Sao chép tài liệu thành công	Document copied successfully	Document copied successfully	Document copied successfully
copy_link	คัดลอกลิงก์	Copy Link	Copy Link	Copy Link	Copy Link	Copy Link	Copy Link	Copy Link	Copy Link	Copy Link	Copy Link	Copy Link
copy_permission	คัดลอกสิทธิ์	Copy Permission	Copy Permission	Copy Permission	Copy Permission	Copy Permission	Copy Permission	Copy Permission	Copy Permission	Copy Permission	Copy Permission	Copy Permission
copy_permission_from	คัดลอกสิทธิ์จาก	Copy Permission From	Copy Permission From	Copy Permission From	Copy Permission From	Copy Permission From	Copy Permission From	Copy Permission From	Copy Permission From	Copy Permission From	Copy Permission From	Copy Permission From
copy_permission_success	คัดลอกสิทธิ์สำเร็จ	Permission copied successfully	Permission copied successfully	Permission copied successfully	Permission copied successfully	Permission copied successfully	Permission copied successfully	Permission copied successfully	Permission copied successfully	Permission copied successfully	Permission copied successfully	Permission copied successfully
copy_to_clipboard	คัดลอกไปคลิปบอร์ด	Copy to Clipboard	Copy to Clipboard	Copy to Clipboard	Copy to Clipboard	Copy to Clipboard	Copy to Clipboard	Copy to Clipboard	Copy to Clipboard	Copy to Clipboard	Copy to Clipboard	Copy to Clipboard
copy_uri_success	คัดลอก URL สำเร็จ	URL Copied Successfully	URL 复制成功	URLをコピーしました	ចម្លង URL ជោគជ័យ	URL 복사 성공	ຄັດລອກ URL ສຳເລັດ	URL ကူးယူအောင်မြင်	Sao chép URL thành công	URL Copied Successfully	URL Copied Successfully	URL Copied Successfully
creator	ผู้สร้าง	Creator	创建者	作成者	អ្នកបង្កើត	작성자	ຜູ້ສ້າງ	ဖန်တီးသူ	Người tạo	Pencipta	Pembuat	Tagagawa
creator_access_cannot_be_disabled	ไม่สามารถปิดสิทธิ์ผู้สร้างได้	Creator access cannot be disabled	不能禁用创建者访问权限	作成者のアクセスは無効にできません	មិនអាចបិទការចូលប្រើរបស់អ្នកបង្កើតបានទេ	작성자의 접속 권한은 중지할 수 없습니다	ບໍ່ສາມາດປິດສິດເຂົ້າໃຊ້ງານຂອງຜູ້ສ້າງໄດ້	ဖန်တီးသူ၏ ဝင်ရောက်ခွင့်ကို ပိတ်၍မရပါ	Không thể khóa quyền truy cập của người tạo	Akses pencipta tidak boleh dinyahaktifkan	Akses pembuat tidak dapat dinonaktifkan	Hindi maaaring i-disable ang access ng gumawa
creator_always_enabled	ผู้สร้างเข้าใช้งานได้ตลอด	Creator can always access	创建者始终可以访问	作成者は常にアクセスできます	អ្នកបង្កើតអាចចូលប្រើបានជានិច្ច	작성자는 항상 접속할 수 있습니다	ຜູ້ສ້າງເຂົ້າໃຊ້ງານໄດ້ຕະຫຼອດ	ဖန်တီးသူသည် အမြဲဝင်ရောက်နိုင်သည်	Người tạo luôn có thể truy cập	Pencipta sentiasa boleh akses	Pembuat selalu dapat mengakses	Palaging maaaring maka-access ang gumawa
creator_cannot_delete	ผู้สร้างไม่สามารถลบได้	Creator cannot be deleted	创建者不能被删除	作成者は削除できません	មិនអាចលុបអ្នកបង្កើតបានទេ	작성자는 삭제할 수 없습니다	ບໍ່ສາມາດລົບຜູ້ສ້າງໄດ້	ဖန်တီးသူကို ဖျက်၍မရပါ	Không thể xóa người tạo	Pencipta tidak boleh dipadam	Pembuat tidak dapat dihapus	Hindi maaaring burahin ang gumawa
cost	ต้นทุน	Cost	Cost	Cost	Cost	Cost	Cost	Cost	Cost	Cost	Cost	Cost
cost_calculation_test_result	ผลการทดสอบคำนวณต้นทุน			
cost_center	ศูนย์ต้นทุน	Cost Center	成本中心	コストセンター	មជ្ឈមណ្ឌលថ្លៃដើម	비용 센터	ສູນຕົ້ນທຶນ	ကုန်ကျစရိတ်ဌာန	Trung tâm chi phí	Cost Calculation Test Result	Cost Calculation Test Result	Cost Calculation Test Result	Cost Calculation Test Result	Cost Calculation Test Result	Cost Calculation Test Result	Cost Calculation Test Result	Cost Calculation Test Result	Cost Center	Cost Center	Cost Center
cost_center_code	รหัสศูนย์ต้นทุน	Cost Center Code	成本中心代码	コストセンターコード	លេខកូដមជ្ឈមណ្ឌលដើមទុន	비용센터 코드	ລະຫັດສູນຕົ້ນທຶນ	ကုန်ကျစရိတ်ဌာနကုဒ်	Mã trung tâm chi phí	Cost Center Code	Cost Center Code	Cost Center Code
cost_center_name	ชื่อศูนย์ต้นทุน	Cost Center Name	成本中心名称	コストセンター名	ឈ្មោះមជ្ឈមណ្ឌលដើមទុន	비용센터 이름	ຊື່ສູນຕົ້ນທຶນ	ကုန်ကျစရိတ်ဌာနအမည်	Tên trung tâm chi phí	Cost Center Name	Cost Center Name	Cost Center Name
cost_of_sales	ต้นทุนขาย	Cost of Sales	Cost of Sales	Cost of Sales	Cost of Sales	Cost of Sales	Cost of Sales	Cost of Sales	Cost of Sales	Cost of Sales	Cost of Sales	Cost of Sales
cost_standard	ต้นทุนมาตรฐาน	Standard Cost	标准成本	標準原価	ថ្លៃដើមស្តង់ដារ	표준원가	ຕົ້ນທຶນມາດຕະຖານ	စံနှုန်းကုန်ကျစရိတ်	Giá vốn chuẩn	Standard Cost	Standard Cost	Standard Cost
costing_method	วิธีคิดต้นทุน	Costing Method	成本核算方法	原価計算方法	វិធីគណនាថ្លៃដើម	원가 계산 방법	ວິທີຄິດຕົ້ນທຶນ	ကုန်ကျစရိတ်တွက်ချက်နည်း	Phương pháp tính giá thành	Costing Method	Costing Method	Costing Method
count	ลำดับ	Sequence	序号	順序	លំដាប់	순서	ລຳດັບ	အစီအစဉ်	Thứ tự	Sequence	Sequence	Sequence
counting_data	กำลังนับข้อมูล...	Counting data...	正在统计数据...	データをカウント中...	កំពុងរាប់ទិន្នន័យ...	데이터 집계 중...	ກຳລັງນັບຂໍ້ມູນ...	ဒေတာ ရေတွက်နေသည်...	Đang đếm dữ liệu...	Counting data...	Counting data...	Counting data...
counting_data_to_transfer	กำลังนับข้อมูลที่จะโอน...	Counting data to transfer...	正在统计要传输的数据...	転送するデータをカウント中...	កំពុងរាប់ទិន្នន័យដែលត្រូវផ្ទេរ...	전송할 데이터 집계 중...	ກຳລັງນັບຂໍ້ມູນທີ່ຈະໂອນ...	လွှဲပြောင်းမည့် ဒေတာ ရေတွက်နေသည်...	Đang đếm dữ liệu cần chuyển...	Counting data to transfer...	Counting data to transfer...	Counting data to transfer...
country_code	รหัสประเทศ	Country Code	国家代码	国コード	លេខកូដប្រទេស	국가 코드	ລະຫັດປະເທດ	နိုင်ငံကုဒ်	Mã quốc gia	Country Code	Country Code	Country Code
coupon	คูปอง	Coupon	优惠券	クーポン	គូប៉ុង	쿠폰	ຄູປອງ	ကူပွန်	Phiếu giảm giá	Coupon	Coupon	Coupon
coupon_amount	คูปอง	Coupon Amount	优惠券金额	クーポン金額	ចំនួនទឹកប្រាក់គូប៉ុង	쿠폰 금액	ມູນຄ່າຄູປອງ	ကူပွန်ပမာဏ	Số tiền phiếu giảm giá	Coupon Amount	Coupon Amount	Coupon Amount
coupon_amount_must_greater_zero	ยอดเงินต้องมากกว่า 0	Amount must be greater than 0	金额必须大于 0	金額は0より大きくなければなりません	ចំនួនទឹកប្រាក់ត្រូវតែធំជាង 0	금액은 0보다 커야 합니다	ຍອດເງິນຕ້ອງຫຼາຍກວ່າ 0	ပမာဏသည် 0 ထက်ကြီးရမည်	Số tiền phải lớn hơn 0	Amount must be greater than 0	Amount must be greater than 0	Amount must be greater than 0
coupon_amount_removed	ลบยอดขั้นต่ำแล้ว	Minimum amount removed	已删除最低金额	最低金額が削除されました	បានលុបចំនួនទឹកប្រាក់អប្បបរមា	최소 금액이 삭제되었습니다	ລຶບຍອດຂັ້ນຕ່ຳແລ້ວ	အနည်းဆုံးပမာဏကို ဖယ်ရှားပြီးပါပြီ	Đã xóa số tiền tối thiểu	Minimum amount removed	Minimum amount removed	Minimum amount removed
coupon_amount_saved	บันทึกยอดขั้นต่ำแล้ว	Minimum amount saved	已保存最低金额	最低金額が保存されました	បានរក្សាទុកចំនួនទឹកប្រាក់អប្បបរមា	최소 금액이 저장되었습니다	ບັນທຶກຍອດຂັ້ນຕ່ຳແລ້ວ	အနည်းဆုံးပမာဏကို သိမ်းဆည်းပြီးပါပြီ	Đã lưu số tiền tối thiểu	Minimum amount saved	Minimum amount saved	Minimum amount saved
coupon_button_add_customer	เพิ่มลูกค้า	Add Customer	添加客户	顧客を追加	បន្ថែមអតិថិជន	고객 추가	ເພີ່ມລູກຄ້າ	ဖောက်သည်ထည့်ရန်	Thêm khách hàng	Add Customer	Add Customer	Add Customer
coupon_button_select_customer	เลือกลูกค้า	Select Customer	选择客户	顧客を選択	ជ្រើសរើសអតិថិជន	고객 선택	ເລືອກລູກຄ້າ	ဖောက်သည်ရွေးရန်	Chọn khách hàng	Select Customer	Select Customer	Select Customer
coupon_can_use_multiple	คูปองสามารถใช้ได้หลายใบต่อบิล	Coupons can be used multiple times per bill	每笔订单可使用多张优惠券	1回の請求で複数のクーポンを使用できます	អាចប្រើគូប៉ុងបានច្រើនសន្លឹកក្នុងវិក្កយបត្រមួយ	청구서당 여러 쿠폰 사용 가능	ສາມາດໃຊ້ຄູປອງໄດ້ຫຼາຍໃບຕໍ່ບິນ	ငွေတောင်းခံလွှာတစ်ခုလျှင် ကူပွန်များစွာအသုံးပြုနိုင်သည်	Có thể sử dụng nhiều phiếu giảm giá cho một hóa đơn	Coupons can be used multiple times per bill	Coupons can be used multiple times per bill	Coupons can be used multiple times per bill
coupon_can_use_once	คูปองสามารถใช้ได้ใบเดียวต่อบิล	Coupons can be used only once per bill	每笔订单只能使用一张优惠券	1回の請求で1枚のクーポンのみ使用できます	អាចប្រើគូប៉ុងបានតែមួយសន្លឹកក្នុងវិក្កយបត្រមួយ	청구서당 한 장의 쿠폰만 사용 가능	ສາມາດໃຊ້ຄູປອງໄດ້ໃບດຽວຕໍ່ບິນ	ငွေတောင်းခံလွှာတစ်ခုလျှင် ကူပွန်တစ်ခုတည်းအသုံးပြုနိုင်သည်	Chỉ có thể sử dụng một phiếu giảm giá cho một hóa đơn	Coupons can be used only once per bill	Coupons can be used only once per bill	Coupons can be used only once per bill
coupon_code	รหัสคูปอง	Coupon Code	优惠券代码	クーポンコード	លេខកូដគូប៉ុង	쿠폰 코드	ລະຫັດຄູປອງ	ကူပွန်ကုဒ်	Mã phiếu giảm giá	Coupon Code	Coupon Code	Coupon Code
coupon_code_required	กรุณากรอกรหัสคูปอง	Please enter coupon code	请输入优惠券代码	クーポンコードを入力してください	សូមបញ្ចូលលេខកូដគូប៉ុង	쿠폰 코드를 입력하세요	ກະລຸນາໃສ່ລະຫັດຄູປອງ	ကူပွန်ကုဒ်ထည့်ပါ	Vui lòng nhập mã phiếu giảm giá	Please enter coupon code	Please enter coupon code	Please enter coupon code
coupon_confirm_delete_code	ยืนยันการลบรหัส	Confirm Delete Code	确认删除代码	コードの削除を確認	បញ្ជាក់ការលុបលេខកូដ	코드 삭제 확인	ຢືນຢັນການລຶບລະຫັດ	ကုဒ်ဖျက်ခြင်းအတည်ပြုပါ	Xác nhận xóa mã	Confirm Delete Code	Confirm Delete Code	Confirm Delete Code
coupon_confirm_delete_customer	ยืนยันการลบ	Confirm Delete	确认删除	削除の確認	បញ្ជាក់ការលុប	삭제 확인	ຢືນຢັນການລົບ	ဖျက်ခြင်းအတည်ပြုပါ	Xác nhận xóa	Confirm Delete	Confirm Delete	Confirm Delete
coupon_customer_all	(ว่างเปล่า = ทุกคน)	(empty = everyone)	(空白 = 所有人)	(空 = 全員)	(ទទេ = អ្នកទាំងអស់)	(비어있음 = 모든 사람)	(ວ່າງ = ທຸກຄົນ)	(ဗလာ = လူတိုင်း)	(trống = mọi người)	(empty = everyone)	(empty = everyone)	(empty = everyone)
coupon_customer_codes_label	รหัสลูกค้าที่ใช้ได้	Eligible Customer Codes	可用客户代码	利用可能な顧客コード	លេខកូដអតិថិជនដែលអាចប្រើបាន	사용 가능한 고객 코드	ລະຫັດລູກຄ້າທີ່ໃຊ້ໄດ້	အသုံးပြုနိုင်သော ဖောက်သည်ကုဒ်	Mã khách hàng đủ điều kiện	Eligible Customer Codes	Eligible Customer Codes	Eligible Customer Codes
coupon_customer_empty_hint	หากไม่ระบุ รหัสลูกค้า คูปองนี้จะใช้ได้กับลูกค้าทุกคน	If customer code is not specified, this coupon will be applicable to all customers	如果未指定客户代码，此优惠券将适用于所有客户	顧客コードが指定されていない場合、このクーポンはすべての顧客に適用されます	ប្រសិនបើមិនបានបញ្ជាក់លេខកូដអតិថិជនទេ គូប៉ុងនេះនឹងអាចប្រើបានសម្រាប់អតិថិជនទាំងអស់	고객 코드가 지정되지 않은 경우, 이 쿠폰은 모든 고객에게 적용됩니다	ຖ້າບໍ່ລະບຸລະຫັດລູກຄ້າ, ຄູປອງນີ້ຈະໃຊ້ໄດ້ກັບລູກຄ້າທຸກຄົນ	ဖောက်သည်ကုဒ်မသတ်မှတ်ထားပါက ဤကူပွန်သည် ဖောက်သည်အားလုံးအတွက် အကျုံးဝင်မည်ဖြစ်သည်	Nếu không chỉ định mã khách hàng, phiếu giảm giá này sẽ áp dụng cho tất cả khách hàng	If customer code is not specified, this coupon will be applicable to all customers	If customer code is not specified, this coupon will be applicable to all customers	If customer code is not specified, this coupon will be applicable to all customers
coupon_error_code_required	กรุณาระบุรหัสคูปอง	Please enter coupon code	请输入优惠券代码	クーポンコードを入力してください	សូមបញ្ចូលលេខកូដកូប៉ុង	쿠폰 코드를 입력하세요	ກະລຸນາລະບຸລະຫັດຄູປອງ	ကူပွန်ကုဒ်ထည့်ပါ	Vui lòng nhập mã coupon	Please enter coupon code	Please enter coupon code	Please enter coupon code
coupon_error_create_failed	ไม่สามารถสร้างคูปองได้ กรุณาลองอีกครั้ง	Failed to create coupon. Please try again	无法创建优惠券，请重试	クーポンの作成に失敗しました。もう一度お試しください	បរាជ័យក្នុងការបង្កើតគូប៉ុង។ សូមព្យាយាមម្តងទៀត	쿠폰 생성에 실패했습니다. 다시 시도해 주세요	ບໍ່ສາມາດສ້າງຄູປອງໄດ້ ກະລຸນາລອງໃໝ່ອີກຄັ້ງ	ကူပွန်ဖန်တီးမရပါ။ ကျေးဇူးပြု၍ ထပ်ကြိုးစားပါ	Không thể tạo phiếu giảm giá. Vui lòng thử lại	Failed to create coupon. Please try again	Failed to create coupon. Please try again	Failed to create coupon. Please try again
coupon_error_delete_failed	ไม่สามารถลบคูปองได้ กรุณาลองอีกครั้ง	Failed to delete coupon. Please try again	无法删除优惠券，请重试	クーポンの削除に失敗しました。もう一度お試しください	បរាជ័យក្នុងការលុបគូប៉ុង។ សូមព្យាយាមម្តងទៀត	쿠폰 삭제에 실패했습니다. 다시 시도해 주세요	ບໍ່ສາມາດລຶບຄູປອງໄດ້ ກະລຸນາລອງໃໝ່ອີກຄັ້ງ	ကူပွန်ဖျက်မရပါ။ ကျေးဇူးပြု၍ ထပ်ကြိုးစားပါ	Không thể xóa phiếu giảm giá. Vui lòng thử lại	Failed to delete coupon. Please try again	Failed to delete coupon. Please try again	Failed to delete coupon. Please try again
coupon_error_duplicate	รหัสคูปองนี้มีอยู่แล้วในระบบ	This coupon code already exists	此优惠券代码已存在	このクーポンコードは既に存在します	លេខកូដគូប៉ុងនេះមានរួចហើយ	이 쿠폰 코드는 이미 존재합니다	ລະຫັດຄູປອງນີ້ມີຢູ່ແລ້ວ	ဤကူပွန်ကုဒ် ရှိပြီးသားဖြစ်သည်	Mã phiếu giảm giá này đã tồn tại	This coupon code already exists	This coupon code already exists	This coupon code already exists
coupon_error_expiry_before_issued	วันหมดอายุต้องมาหลังวันที่ออกคูปอง	Expiry date must be after issue date	到期日期必须在发行日期之后	有効期限は発行日より後である必要があります	កាលបរិច្ឆេទផុតកំណត់ត្រូវតែនៅក្រោយកាលបរិច្ឆេទចេញ	만료일은 발행일 이후여야 합니다	ວັນໝົດອາຍຸຕ້ອງຢູ່ຫຼັງວັນທີອອກຄູປອງ	သက်တမ်းကုန်ဆုံးရက်သည် ထုတ်ပေးသည့်ရက်စွဲနောက်ပိုင်း ဖြစ်ရမည်	Ngày hết hạn phải sau ngày phát hành	Expiry date must be after issue date	Expiry date must be after issue date	Expiry date must be after issue date
coupon_error_expiry_date_required	กรุณาระบุวันหมดอายุ	Please specify expiry date	请指定到期日期	有効期限を指定してください	សូមបញ្ជាក់កាលបរិច្ឆេទផុតកំណត់	만료일을 지정해 주세요	ກະລຸນາລະບຸວັນໝົດອາຍຸ	ကျေးဇူးပြု၍ သက်တမ်းကုန်ဆုံးရက်ကို သတ်မှတ်ပါ	Vui lòng chỉ định ngày hết hạn	Please specify expiry date	Please specify expiry date	Please specify expiry date
coupon_error_general	เกิดข้อผิดพลาด กรุณาลองอีกครั้ง	An error occurred. Please try again	发生错误，请重试	エラーが発生しました。もう一度お試しください	មានកំហុសកើតឡើង។ សូមព្យាយាមម្តងទៀត	오류가 발생했습니다. 다시 시도해 주세요	ເກີດຂໍ້ຜິດພາດ ກະລຸນາລອງໃໝ່ອີກຄັ້ງ	အမှားအယွင်းဖြစ်ပွားခဲ့သည်။ ကျေးဇူးပြု၍ ထပ်ကြိုးစားပါ	Đã xảy ra lỗi. Vui lòng thử lại	An error occurred. Please try again	An error occurred. Please try again	An error occurred. Please try again
coupon_error_invalid_customer	ข้อมูลลูกค้าไม่ถูกต้อง	Invalid customer data	客户数据无效	顧客データが無効です	ទិន្នន័យអតិថិជនមិនត្រឹមត្រូវ	잘못된 고객 데이터입니다	ຂໍ້ມູນລູກຄ້າບໍ່ຖືກຕ້ອງ	ဖောက်သည်ဒေတာ မမှန်ကန်ပါ	Dữ liệu khách hàng không hợp lệ	Invalid customer data	Invalid customer data	Invalid customer data
coupon_error_invalid_product	สินค้าไม่ถูกต้อง	Invalid product	无效产品	無効な商品です	ផលិតផលមិនត្រឹមត្រូវ	잘못된 제품입니다	ສິນຄ້າບໍ່ຖືກຕ້ອງ	ထုတ်ကုန် မမှန်ကန်ပါ	Sản phẩm không hợp lệ	Invalid product	Invalid product	Invalid product
coupon_error_issued_date_required	กรุณาระบุวันที่ออกคูปอง	Please specify coupon issue date	请指定优惠券发行日期	クーポン発行日を指定してください	សូមបញ្ជាក់កាលបរិច្ឆេទចេញគូប៉ុង	쿠폰 발행일을 지정해 주세요	ກະລຸນາລະບຸວັນທີອອກຄູປອງ	ကျေးဇူးပြု၍ ကူပွန်ထုတ်ပေးသည့်ရက်စွဲကို သတ်မှတ်ပါ	Vui lòng chỉ định ngày phát hành phiếu giảm giá	Please specify coupon issue date	Please specify coupon issue date	Please specify coupon issue date
coupon_error_load_failed	ไม่สามารถโหลดข้อมูลคูปองได้	Failed to load coupon data	无法加载优惠券数据	クーポンデータの読み込みに失敗しました	បរាជ័យក្នុងការផ្ទុកទិន្នន័យគូប៉ុង	쿠폰 데이터를 불러오지 못했습니다	ບໍ່ສາມາດໂຫຼດຂໍ້ມູນຄູປອງໄດ້	ကူပွန်ဒေတာကို ဖွင့်မရပါ	Không thể tải dữ liệu phiếu giảm giá	Failed to load coupon data	Failed to load coupon data	Failed to load coupon data
coupon_error_max_usage_invalid	จำนวนใช้ทั้งหมดต้องเป็นตัวเลขและมากกว่า 0	Total usage count must be a number greater than 0	总使用次数必须是大于 0 的数字	総使用回数は0より大きい数値である必要があります	ចំនួនប្រើប្រាស់សរុបត្រូវតែជាលេខធំជាង 0	총 사용 횟수는 0보다 큰 숫자여야 합니다	ຈຳນວນການນຳໃຊ້ທັງໝົດຕ້ອງເປັນຕົວເລກທີ່ໃຫຍ່ກວ່າ 0	စုစုပေါင်းအသုံးပြုမှုအရေအတွက်သည် 0 ထက်ကြီးသော နံပါတ်ဖြစ်ရမည်	Tổng số lần sử dụng phải là một số lớn hơn 0	Total usage count must be a number greater than 0	Total usage count must be a number greater than 0	Total usage count must be a number greater than 0
coupon_error_max_usage_required	กรุณาระบุจำนวนใช้ทั้งหมด	Please specify total usage count	请指定总使用次数	総使用回数を指定してください	សូមបញ្ជាក់ចំនួនប្រើប្រាស់សរុប	총 사용 횟수를 지정해 주세요	ກະລຸນາລະບຸຈຳນວນການນຳໃຊ້ທັງໝົດ	ကျေးဇူးပြု၍ စုစုပေါင်းအသုံးပြုမှုအရေအတွက်ကို သတ်မှတ်ပါ	Vui lòng chỉ định tổng số lần sử dụng	Please specify total usage count	Please specify total usage count	Please specify total usage count
coupon_error_name_required	กรุณาระบุชื่อคูปองอย่างน้อย 1 ภาษา	Please specify coupon name in at least 1 language	请至少用一种语言指定优惠券名称	少なくとも1つの言語でクーポン名を指定してください	សូមបញ្ជាក់ឈ្មោះគូប៉ុងយ៉ាងហោចណាស់ 1 ភាសា	최소 1개 언어로 쿠폰 이름을 지정해 주세요	ກະລຸນາລະບຸຊື່ຄູປອງຢ່າງໜ້ອຍ 1 ພາສາ	ကျေးဇူးပြု၍ ကူပွန်အမည်ကို အနည်းဆုံး 1 ဘာသာစကားဖြင့် သတ်မှတ်ပါ	Vui lòng chỉ định tên phiếu giảm giá bằng ít nhất 1 ngôn ngữ	Please specify coupon name in at least 1 language	Please specify coupon name in at least 1 language	Please specify coupon name in at least 1 language
coupon_error_network	ไม่สามารถเชื่อมต่อเครือข่ายได้ กรุณาตรวจสอบการเชื่อมต่ออินเทอร์เน็ต	Cannot connect to network. Please check your internet connection	无法连接到网络，请检查您的互联网连接	ネットワークに接続できません。インターネット接続を確認してください	មិនអាចភ្ជាប់ទៅបណ្តាញបានទេ។ សូមពិនិត្យមើលការភ្ជាប់អ៊ីនធឺណិតរបស់អ្នក	네트워크에 연결할 수 없습니다. 인터넷 연결을 확인해 주세요	ບໍ່ສາມາດເຊື່ອມຕໍ່ເຄືອຂ່າຍໄດ້ ກະລຸນາກວດສອບການເຊື່ອມຕໍ່ອິນເຕີເນັດຂອງທ່ານ	ကွန်ရက်သို့ မချိတ်ဆက်နိုင်ပါ။ ကျေးဇူးပြု၍ သင့်အင်တာနက်ချိတ်ဆက်မှုကို စစ်ဆေးပါ	Không thể kết nối mạng. Vui lòng kiểm tra kết nối internet của bạn	Cannot connect to network. Please check your internet connection	Cannot connect to network. Please check your internet connection	Cannot connect to network. Please check your internet connection
coupon_error_no_customer_selected	กรุณาเลือกลูกค้า	Please select a customer	请选择客户	顧客を選択してください	សូមជ្រើសរើសអតិថិជន	고객을 선택해 주세요	ກະລຸນາເລືອກລູກຄ້າ	ကျေးဇူးပြု၍ ဖောက်သည်တစ်ဦးကို ရွေးချယ်ပါ	Vui lòng chọn khách hàng	Please select a customer	Please select a customer	Please select a customer
coupon_error_no_customer_to_remove	ไม่มีลูกค้าให้ลบ	No customer to remove	没有要删除的客户	削除する顧客がいません	គ្មានអតិថិជនត្រូវលុបទេ	삭제할 고객이 없습니다	ບໍ່ມີລູກຄ້າທີ່ຈະລຶບ	ဖယ်ရှားရန် ဖောက်သည်မရှိပါ	Không có khách hàng để xóa	No customer to remove	No customer to remove	No customer to remove
coupon_error_no_product_selected	กรุณาเลือกสินค้า	Please select a product	请选择产品	商品を選択してください	សូមជ្រើសរើសផលិតផល	제품을 선택해 주세요	ກະລຸນາເລືອກສິນຄ້າ	ကျေးဇူးပြု၍ ထုတ်ကုန်တစ်ခုကို ရွေးချယ်ပါ	Vui lòng chọn sản phẩm	Please select a product	Please select a product	Please select a product
coupon_error_no_product_to_remove	ไม่มีสินค้าให้ลบ	No product to remove	没有要删除的产品	削除する商品がいません	គ្មានផលិតផលត្រូវលុបទេ	삭제할 제품이 없습니다	ບໍ່ມີສິນຄ້າທີ່ຈະລຶບ	ဖယ်ရှားရန် ထုတ်ကုန်မရှိပါ	Không có sản phẩm để xóa	No product to remove	No product to remove	No product to remove
coupon_error_not_found	ไม่พบข้อมูลคูปอง	Coupon data not found	未找到优惠券数据	クーポンデータが見つかりません	រកមិនឃើញទិន្នន័យគូប៉ុង	쿠폰 데이터를 찾을 수 없습니다	ບໍ່ພົບຂໍ້ມູນຄູປອງ	ကူပွန်ဒေတာ ရှာမတွေ့ပါ	Không tìm thấy dữ liệu phiếu giảm giá	Coupon data not found	Coupon data not found	Coupon data not found
coupon_error_percentage_max	เปอร์เซ็นต์ส่วนลดต้องไม่เกิน 100	Discount percentage must not exceed 100	折扣百分比不得超过 100	割引率は100を超えてはいけません	ភាគរយបញ្ចុះតម្លៃមិនត្រូវលើសពី 100	할인율은 100을 초과할 수 없습니다	ເປີເຊັນສ່ວນຫຼຸດຕ້ອງບໍ່ເກີນ 100	လျှော့စျေးရာခိုင်နှုန်းသည် 100 ထက်မပိုရပါ	Phần trăm giảm giá không được vượt quá 100	Discount percentage must not exceed 100	Discount percentage must not exceed 100	Discount percentage must not exceed 100
coupon_error_permission	คุณไม่มีสิทธิ์ในการดำเนินการนี้	You do not have permission to perform this action	您没有权限执行此操作	この操作を実行する権限がありません	អ្នកមិនមានសិទ្ធិអនុវត្តសកម្មភាពនេះទេ	이 작업을 수행할 권한이 없습니다	ທ່ານບໍ່ມີສິດໃນການດຳເນີນການນີ້	ဤလုပ်ဆောင်ချက်ကို လုပ်ဆောင်ရန် သင့်တွင် ခွင့်ပြုချက်မရှိပါ	Bạn không có quyền thực hiện hành động này	You do not have permission to perform this action	You do not have permission to perform this action	You do not have permission to perform this action
coupon_error_search_failed	การค้นหาล้มเหลว กรุณาลองอีกครั้ง	Search failed. Please try again	搜索失败，请重试	検索に失敗しました。もう一度お試しください	ការស្វែងរកបានបរាជ័យ។ សូមព្យាយាមម្តងទៀត	검색에 실패했습니다. 다시 시도해 주세요	ການຄົ້ນຫາລົ້ມເຫຼວ ກະລຸນາລອງໃໝ່ອີກຄັ້ງ	ရှာဖွေမှု မအောင်မြင်ပါ။ ကျေးဇူးပြု၍ ထပ်ကြိုးစားပါ	Tìm kiếm thất bại. Vui lòng thử lại	Search failed. Please try again	Search failed. Please try again	Search failed. Please try again
coupon_error_server	เกิดข้อผิดพลาดจากเซิร์ฟเวอร์ กรุณาติดต่อผู้ดูแลระบบ	Server error occurred. Please contact system administrator	发生服务器错误，请联系系统管理员	サーバーエラーが発生しました。システム管理者に連絡してください	មានកំហុសម៉ាស៊ីនមេកើតឡើង។ សូមទាក់ទងអ្នកគ្រប់គ្រងប្រព័ន្ធ	서버 오류가 발생했습니다. 시스템 관리자에게 문의해 주세요	ເກີດຂໍ້ຜິດພາດຂອງເຊີບເວີ ກະລຸນາຕິດຕໍ່ຜູ້ເບິ່ງແຍງລະບົບ	ဆာဗာအမှားအယွင်း ဖြစ်ပွားခဲ့သည်။ ကျေးဇူးပြု၍ စနစ်စီမံခန့်ခွဲသူကို ဆက်သွယ်ပါ	Đã xảy ra lỗi máy chủ. Vui lòng liên hệ với quản trị viên hệ thống	Server error occurred. Please contact system administrator	Server error occurred. Please contact system administrator	Server error occurred. Please contact system administrator
coupon_error_timeout	หมดเวลาในการเชื่อมต่อ กรุณาลองอีกครั้ง	Connection timeout. Please try again	连接超时，请重试	接続がタイムアウトしました。もう一度お試しください	អស់ពេលការតភ្ជាប់។ សូមព្យាយាមម្តងទៀត	연결 시간이 초과되었습니다. 다시 시도해 주세요	ໝົດເວລາການເຊື່ອມຕໍ່ ກະລຸນາລອງໃໝ່ອີກຄັ້ງ	ချိတ်ဆက်မှု အချိန်ကုန်သွားပါပြီ။ ကျေးဇူးပြု၍ ထပ်ကြိုးစားပါ	Hết thời gian kết nối. Vui lòng thử lại	Connection timeout. Please try again	Connection timeout. Please try again	Connection timeout. Please try again
coupon_error_update_failed	ไม่สามารถแก้ไขคูปองได้ กรุณาลองอีกครั้ง	Failed to update coupon. Please try again	无法更新优惠券，请重试	クーポンの更新に失敗しました。もう一度お試しください	បរាជ័យក្នុងការធ្វើបច្ចុប្បន្នភាពគូប៉ុង។ សូមព្យាយាមម្តងទៀត	쿠폰 업데이트에 실패했습니다. 다시 시도해 주세요	ບໍ່ສາມາດອັບເດດຄູປອງໄດ້ ກະລຸນາລອງໃໝ່ອີກຄັ້ງ	ကူပွန်မွမ်းမံမရပါ။ ကျေးဇူးပြု၍ ထပ်ကြိုးစားပါ	Không thể cập nhật phiếu giảm giá. Vui lòng thử lại	Failed to update coupon. Please try again	Failed to update coupon. Please try again	Failed to update coupon. Please try again
coupon_error_validation	ข้อมูลไม่ถูกต้อง กรุณาตรวจสอบและลองอีกครั้ง	Invalid data. Please check and try again	数据无效，请检查并重试	データが無効です。確認してもう一度お試しください	ទិន្នន័យមិនត្រឹមត្រូវ។ សូមពិនិត្យមើលហើយព្យាយាមម្តងទៀត	잘못된 데이터입니다. 확인 후 다시 시도해 주세요	ຂໍ້ມູນບໍ່ຖືກຕ້ອງ ກະລຸນາກວດສອບແລ້ວລອງໃໝ່ອີກຄັ້ງ	ဒေတာ မမှန်ကန်ပါ။ ကျေးဇူးပြု၍ စစ်ဆေးပြီး ထပ်ကြိုးစားပါ	Dữ liệu không hợp lệ. Vui lòng kiểm tra và thử lại	Invalid data. Please check and try again	Invalid data. Please check and try again	Invalid data. Please check and try again
coupon_error_value_invalid	ค่าส่วนลดต้องเป็นตัวเลขและมากกว่า 0	Discount value must be a number greater than 0	折扣值必须是大于 0 的数字	割引額は0より大きい数値である必要があります	តម្លៃបញ្ចុះតម្លៃត្រូវតែជាលេខធំជាង 0	할인 값은 0보다 큰 숫자여야 합니다	ມູນຄ່າສ່ວນຫຼຸດຕ້ອງເປັນຕົວເລກທີ່ໃຫຍ່ກວ່າ 0	လျှော့စျေးတန်ဖိုးသည် 0 ထက်ကြီးသော နံပါတ်ဖြစ်ရမည်	Giá trị giảm giá phải là một số lớn hơn 0	Discount value must be a number greater than 0	Discount value must be a number greater than 0	Discount value must be a number greater than 0
coupon_error_value_required	กรุณาระบุค่าส่วนลด	Please specify discount value	请指定折扣值	割引額を指定してください	សូមបញ្ជាក់តម្លៃបញ្ចុះតម្លៃ	할인 값을 지정해 주세요	ກະລຸນາລະບຸມູນຄ່າສ່ວນຫຼຸດ	ကျေးဇူးပြု၍ လျှော့စျေးတန်ဖိုးကို သတ်မှတ်ပါ	Vui lòng chỉ định giá trị giảm giá	Please specify discount value	Please specify discount value	Please specify discount value
coupon_expiry_date	วันหมดอายุ	Expiry Date	到期日期	有効期限	កាលបរិច្ឆេទផុតកំណត់	만료일	ວັນໝົດອາຍຸ	သက်တမ်းကုန်ဆုံးရက်	Ngày hết hạn	Expiry Date	Expiry Date	Expiry Date
coupon_help_no_customer	หากไม่เลือกลูกค้า คูปองนี้จะใช้ได้กับลูกค้าทุกคน	If no customer is selected, this coupon will be available to all customers	如果未选择客户，此优惠券将适用于所有客户	顧客が選択されていない場合、このクーポンはすべての顧客が利用できます	ប្រសិនបើគ្មានអតិថិជនត្រូវបានជ្រើសរើសទេ គូប៉ុងនេះនឹងមានសម្រាប់អតិថិជនទាំងអស់	고객을 선택하지 않으면 이 쿠폰은 모든 고객이 사용할 수 있습니다	ຖ້າບໍ່ມີການເລືອກລູກຄ້າ, ຄູປອງນີ້ຈະສາມາດໃຊ້ໄດ້ກັບລູກຄ້າທຸກຄົນ	ဖောက်သည်မရွေးချယ်ပါက ဤကူပွန်ကို ဖောက်သည်အားလုံး ရရှိနိုင်ပါမည်	Nếu không có khách hàng nào được chọn, phiếu giảm giá này sẽ có sẵn cho tất cả khách hàng	If no customer is selected, this coupon will be available to all customers	If no customer is selected, this coupon will be available to all customers	If no customer is selected, this coupon will be available to all customers
coupon_hint_cash_back	เช่น 50 (หมายถึง 50 บาทคืน)	e.g. 50 (means 50 Baht cash back)	例如 50（表示返现 50 泰铢）	例：50（50バーツのキャッシュバックを意味します）	ឧ. 50 (មានន័យថាទទួលបានប្រាក់ត្រឡប់មកវិញ 50 បាត)	예: 50 (50바트 캐시백 의미)	ຕົວຢ່າງ 50 (ໝາຍເຖິງໄດ້ເງິນຄືນ 50 ບາດ)	ဥပမာ 50 (ဘတ် 50 ငွေပြန်အမ်းသည်ဟု ဆိုလိုသည်)	ví dụ: 50 (nghĩa là hoàn tiền 50 Baht)	e.g. 50 (means 50 Baht cash back)	e.g. 50 (means 50 Baht cash back)	e.g. 50 (means 50 Baht cash back)
coupon_hint_code_example	เช่น SAVE20, NEWYEAR2025	e.g. SAVE20, NEWYEAR2025	例如 SAVE20, NEWYEAR2025	例：SAVE20, NEWYEAR2025	ឧ. SAVE20, NEWYEAR2025	예: SAVE20, NEWYEAR2025	ຕົວຢ່າງ SAVE20, NEWYEAR2025	ဥပမာ SAVE20, NEWYEAR2025	ví dụ: SAVE20, NEWYEAR2025	e.g. SAVE20, NEWYEAR2025	e.g. SAVE20, NEWYEAR2025	e.g. SAVE20, NEWYEAR2025
coupon_hint_fixed_amount	เช่น 100 (หมายถึง 100 บาท)	e.g. 100 (means 100 Baht)	例如 100（表示 100 泰铢）	例：100（100バーツを意味します）	ឧ. 100 (មានន័យថា 100 បាត)	예: 100 (100바트 의미)	ຕົວຢ່າງ 100 (ໝາຍເຖິງ 100 ບາດ)	ဥပမာ 100 (ဘတ် 100 ဟု ဆိုလိုသည်)	ví dụ: 100 (nghĩa là 100 Baht)	e.g. 100 (means 100 Baht)	e.g. 100 (means 100 Baht)	e.g. 100 (means 100 Baht)
coupon_hint_name	ชื่อคูปองที่จะแสดงให้ลูกค้า	Coupon name to display to customers	向客户显示的优惠券名称	顧客に表示するクーポン名	ឈ្មោះគូប៉ុងដែលត្រូវបង្ហាញដល់អតិថិជន	고객에게 표시할 쿠폰 이름	ຊື່ຄູປອງທີ່ຈະສະແດງໃຫ້ລູກຄ້າ	ဖောက်သည်များအား ပြသရန် ကူပွန်အမည်	Tên phiếu giảm giá hiển thị cho khách hàng	Coupon name to display to customers	Coupon name to display to customers	Coupon name to display to customers
coupon_hint_percentage	เช่น 10 (หมายถึง 10%)	e.g. 10 (means 10%)	例如 10（表示 10%）	例：10（10%を意味します）	ឧ. 10 (មានន័យថា 10%)	예: 10 (10% 의미)	ຕົວຢ່າງ 10 (ໝາຍເຖິງ 10%)	ဥပမာ 10 (10% ဟု ဆိုလိုသည်)	ví dụ: 10 (nghĩa là 10%)	e.g. 10 (means 10%)	e.g. 10 (means 10%)	e.g. 10 (means 10%)
coupon_hint_remark	ข้อมูลเพิ่มเติมเกี่ยวกับคูปอง	Additional information about the coupon	有关优惠券的更多信息	クーポンに関する追加情報	ព័ត៌មានបន្ថែមអំពីគូប៉ុង	쿠폰에 대한 추가 정보	ຂໍ້ມູນເພີ່ມເຕີມກ່ຽວກັບຄູປອງ	ကူပွန်အကြောင်း နောက်ထပ်အချက်အလက်များ	Thông tin bổ sung về phiếu giảm giá	Additional information about the coupon	Additional information about the coupon	Additional information about the coupon
coupon_hint_unlimited	ไม่จำกัด	Unlimited	无限制	無制限	គ្មានដែនកំណត់	무제한	ບໍ່ຈຳກັດ	အကန့်အသတ်မရှိ	Không giới hạn	Unlimited	Unlimited	Unlimited
coupon_hint_usage_example	เช่น 100, 500	e.g. 100, 500	例如 100, 500	例：100, 500	ឧ. 100, 500	예: 100, 500	ຕົວຢ່າງ 100, 500	ဥပမာ 100, 500	ví dụ: 100, 500	e.g. 100, 500	e.g. 100, 500	e.g. 100, 500
coupon_hint_value_default	ระบุค่าส่วนลด	Specify discount value	指定折扣值	割引額を指定してください	បញ្ជាក់តម្លៃបញ្ចុះតម្លៃ	할인 값을 지정하세요	ລະບຸມູນຄ່າສ່ວນຫຼຸດ	လျှော့စျေးတန်ဖိုးကို သတ်မှတ်ပါ	Chỉ định giá trị giảm giá	Specify discount value	Specify discount value	Specify discount value
coupon_issued_date	วันที่ออกคูปอง	Issue Date	发行日期	発行日	កាលបរិច្ឆេទចេញ	발행일	ວັນທີອອກ	ထုတ်ပေးသည့်ရက်စွဲ	Ngày phát hành	Issue Date	Issue Date	Issue Date
coupon_max_usage_per_customer	จำนวนใช้ต่อลูกค้า	Usage limit per customer	每位客户的使用限制	顧客ごとの使用制限	ដែនកំណត់ប្រើប្រាស់ក្នុងមួយអតិថិជន	고객당 사용 제한	ຈຳນວນການນຳໃຊ້ຕໍ່ລູກຄ້າ	ဖောက်သည်တစ်ဦးလျှင် အသုံးပြုမှုကန့်သတ်ချက်	Giới hạn sử dụng cho mỗi khách hàng	Usage limit per customer	Usage limit per customer	Usage limit per customer
coupon_max_usage_total	จำนวนใช้ทั้งหมด	Total usage limit	总使用限制	総使用制限	ដែនកំណត់ប្រើប្រាស់សរុប	총 사용 제한	ຈຳນວນການນຳໃຊ້ທັງໝົດ	စုစုပေါင်းအသုံးပြုမှုကန့်သတ်ချက်	Tổng giới hạn sử dụng	Total usage limit	Total usage limit	Total usage limit
coupon_minimum_amount_description	ลูกค้าต้องซื้อสินค้าให้ครบยอดขั้นต่ำนี้จึงจะใช้คูปองได้	Customer must purchase at least this minimum amount to use the coupon	客户必须达到此最低消费金额才能使用优惠券	このクーポンを使用するには、顧客はこの最低金額以上を購入する必要があります	អតិថិជនត្រូវតែទិញយ៉ាងហោចណាស់ចំនួនអប្បបរមានេះដើម្បីប្រើគូប៉ុង	고객은 이 쿠폰을 사용하기 위해 최소 이 금액 이상을 구매해야 합니다	ລູກຄ້າຕ້ອງຊື້ຢ່າງໜ້ອຍຍອດຂັ້ນຕ່ຳນີ້ຈຶ່ງຈະໃຊ້ຄູປອງໄດ້	ကူပွန်ကိုအသုံးပြုရန် ဖောက်သည်သည် ဤအနည်းဆုံးပမာဏကို ဝယ်ယူရမည်	Khách hàng phải mua ít nhất số tiền tối thiểu này để sử dụng phiếu giảm giá	Customer must purchase at least this minimum amount to use the coupon	Customer must purchase at least this minimum amount to use the coupon	Customer must purchase at least this minimum amount to use the coupon
coupon_minimum_amount_dialog_title	กำหนดยอดซื้อขั้นต่ำ	Set Minimum Purchase Amount	设置最低购买金额	最低購入額を設定	កំណត់ចំនួនទិញអប្បបរមា	최소 구매 금액 설정	ກຳນົດຍອດຊື້ຂັ້ນຕ່ຳ	အနည်းဆုံးဝယ်ယူမှုပမာဏ သတ်မှတ်ပါ	Đặt số tiền mua tối thiểu	Set Minimum Purchase Amount	Set Minimum Purchase Amount	Set Minimum Purchase Amount
coupon_minimum_amount_hint	ระบุยอดซื้อขั้นต่ำที่ต้องการ	Specify required minimum purchase amount	指定所需的最低购买金额	必要な最低購入額を指定してください	បញ្ជាក់ចំនួនទិញអប្បបរមាដែលត្រូវការ	필요한 최소 구매 금액을 지정하세요	ລະບຸຍອດຊື້ຂັ້ນຕ່ຳທີ່ຕ້ອງການ	လိုအပ်သော အနည်းဆုံးဝယ်ယူမှုပမာဏကို သတ်မှတ်ပါ	Chỉ định số tiền mua tối thiểu yêu cầu	Specify required minimum purchase amount	Specify required minimum purchase amount	Specify required minimum purchase amount
coupon_multiple_use	ใช้ได้หลายใบ	Multiple Use	可使用多张	複数使用可能	អាចប្រើបានច្រើនសន្លឹក	여러 장 사용 가능	ໃຊ້ໄດ້ຫຼາຍໃບ	များစွာအသုံးပြုနိုင်သည်	Sử dụng nhiều phiếu	Multiple Use	Multiple Use	Multiple Use
coupon_name	ชื่อคูปอง	Coupon Name	Coupon Name	Coupon Name	Coupon Name	Coupon Name	Coupon Name	Coupon Name	Coupon Name	Coupon Name	Coupon Name	Coupon Name
coupon_no_condition_set	ยังไม่มีเงื่อนไข	No conditions set yet	尚未设置条件	条件はまだ設定されていません	មិនទាន់មានលក្ខខណ្ឌនៅឡើយទេ	아직 조건이 설정되지 않았습니다	ຍັງບໍ່ມີເງື່ອນໄຂ	စည်းကမ်းသတ်မှတ်ချက်များ မရှိသေးပါ	Chưa có điều kiện nào được thiết lập	No conditions set yet	No conditions set yet	No conditions set yet
coupon_no_minimum_amount	ไม่กำหนดยอดซื้อขั้นต่ำ	No minimum purchase amount set	未设置最低购买金额	最低購入額は設定されていません	មិនបានកំណត់ចំនួនទិញអប្បបរមាទេ	최소 구매 금액이 설정되지 않았습니다	ບໍ່ໄດ້ກຳນົດຍອດຊື້ຂັ້ນຕ່ຳ	အနည်းဆုံးဝယ်ယူမှုပမာဏ သတ်မှတ်မထားပါ	Không đặt số tiền mua tối thiểu	No minimum purchase amount set	No minimum purchase amount set	No minimum purchase amount set
coupon_number	หมายเลขคูปอง	Coupon Number	优惠券号码	クーポン番号	លេខគូប៉ុង	쿠폰 번호	ໝາຍເລກຄູປອງ	ကူပွန်နံပါတ်	Số phiếu giảm giá	Coupon Number	Coupon Number	Coupon Number
coupon_one_time_use	ใช้ได้ครั้งเดียว	One-Time Use	一次性使用	一回限り使用	ប្រើបានម្តងប៉ុណ្ណោះ	일회용	ໃຊ້ໄດ້ຄັ້ງດຽວ	တစ်ကြိမ်သာအသုံးပြုနိုင်	Dùng một lần	One-Time Use	One-Time Use	One-Time Use
coupon_product_condition_description	กำหนดเงื่อนไขสินค้าที่ใช้คูปองได้ หากไม่ระบุ คูปองจะใช้ได้กับทุกสินค้า	Set product conditions for coupon usage. If not specified, coupon will be valid for all products	设置优惠券使用的产品条件。如果未指定，优惠券将适用于所有产品	クーポンの使用条件を設定します。指定しない場合、クーポンはすべての商品に有効です	កំណត់លក្ខខណ្ឌផលិតផលសម្រាប់ការប្រើប្រាស់គូប៉ុង។ ប្រសិនបើមិនបានបញ្ជាក់ គូប៉ុងនឹងមានសុពលភាពសម្រាប់ផលិតផលទាំងអស់	쿠폰 사용에 대한 제품 조건을 설정합니다. 지정하지 않으면 쿠폰은 모든 제품에 유효합니다	ກຳນົດເງື່ອນໄຂສິນຄ້າສຳລັບການໃຊ້ຄູປອງ. ຖ້າບໍ່ລະບຸ, ຄູປອງຈະໃຊ້ໄດ້ກັບທຸກສິນຄ້າ	ကူပွန်အသုံးပြုမှုအတွက် ထုတ်ကုန်စည်းကမ်းများကို သတ်မှတ်ပါ။ မသတ်မှတ်ထားပါက ကူပွန်သည် ထုတ်ကုန်အားလုံးအတွက် အကျုံးဝင်မည်ဖြစ်သည်	Đặt điều kiện sản phẩm để sử dụng phiếu giảm giá. Nếu không được chỉ định, phiếu giảm giá sẽ có hiệu lực cho tất cả các sản phẩm	Set product conditions for coupon usage. If not specified, coupon will be valid for all products	Set product conditions for coupon usage. If not specified, coupon will be valid for all products	Set product conditions for coupon usage. If not specified, coupon will be valid for all products
coupon_product_conditions	เงื่อนไขสินค้า	Product Conditions	产品条件	商品条件	លក្ខខណ្ឌផលិតផល	제품 조건	ເງື່ອນໄຂສິນຄ້າ	ထုတ်ကုန်စည်းကမ်းများ	Điều kiện sản phẩm	Product Conditions	Product Conditions	Product Conditions
coupon_remark_label	หมายเหตุเพิ่มเติม	Additional Remark	附加备注	追加備考	កំណត់សម្គាល់បន្ថែម	추가 비고	ໝາຍເຫດເພີ່ມເຕີມ	ထပ်လောင်းမှတ်ချက်	Ghi chú thêm	Additional Remark	Additional Remark	Additional Remark
coupon_section_basic_info	ข้อมูลพื้นฐาน	Basic Information	基本信息	基本情報	ព័ត៌មានមូលដ្ឋាន	기본 정보	ຂໍ້ມູນພື້ນຖານ	အခြေခံအချက်အလက်	Thông tin cơ bản	Basic Information	Basic Information	Basic Information
coupon_section_conditions	กำหนดเงื่อนไข	Set Conditions	设置条件	条件を設定	កំណត់លក្ខខណ្ឌ	조건 설정	ກຳນົດເງື່ອນໄຂ	စည်းကမ်းသတ်မှတ်ချက်	Thiết lập điều kiện	Set Conditions	Set Conditions	Set Conditions
coupon_section_customers	กำหนดลูกค้า	Set Customers	设置客户	顧客を設定	កំណត់អតិថិជន	고객 설정	ກຳນົດລູກຄ້າ	ဖောက်သည်သတ်မှတ်ရန်	Thiết lập khách hàng	Set Customers	Set Customers	Set Customers
coupon_section_remark	หมายเหตุ	Remark	备注	備考	កំណត់សម្គាល់	비고	ໝາຍເຫດ	မှတ်ချက်	Ghi chú	Remark	Remark	Remark
coupon_section_type_value	ประเภทและค่าส่วนลด	Type and Discount Value	类型和折扣金额	タイプと割引額	ប្រភេទនិងតម្លៃបញ្ចុះតម្លៃ	유형 및 할인 금액	ປະເພດແລະມູນຄ່າສ່ວນລົດ	အမျိုးအစားနှင့် လျှော့စျေးတန်ဖိုး	Loại và Giá trị giảm	Type and Discount Value	Type and Discount Value	Type and Discount Value
coupon_selected_customers	ลูกค้าที่เลือก	Selected Customers	已选客户	選択された顧客	អតិថិជនដែលបានជ្រើសរើស	선택된 고객	ລູກຄ້າທີ່ເລືອກ	ရွေးချယ်ထားသော ဖောက်သည်များ	Khách hàng đã chọn	Selected Customers	Selected Customers	Selected Customers
coupon_single_use	ใช้ได้ใบเดียว	Single Use	只能使用一张	1回のみ使用可能	អាចប្រើបានតែមួយសន្លឹក	한 장만 사용 가능	ໃຊ້ໄດ້ໃບດຽວ	တစ်ခုတည်းအသုံးပြုနိုင်သည်	Sử dụng một phiếu	Single Use	Single Use	Single Use
coupon_status_active	เปิดใช้งาน	Active	启用	有効	បើកដំណើរការ	활성	ເປີດໃຊ້ງານ	အသုံးပြုနေသည်	Kích hoạt	Active	Active	Active
coupon_status_inactive	คูปองไม่ได้ใช้งาน	Coupon Inactive	优惠券未激活	クーポン無効	គូប៉ុងមិនសកម្ម	쿠폰 비활성	ຄູປ໋ອງບໍ່ໃຊ້ງານ	ကူပွန်မသုံးနိုင်	Phiếu giảm giá không hoạt động	Coupon Inactive	Coupon Inactive	Coupon Inactive
coupon_status_options	สถานะและตัวเลือก	Status and Options	状态和选项	ステータスとオプション	ស្ថានភាពនិងជម្រើស	상태 및 옵션	ສະຖານະແລະຕົວເລືອກ	အခြေအနေနှင့်ရွေးချယ်မှု	Trạng thái và tùy chọn	Status and Options	Status and Options	Status and Options
coupon_success_created	สร้างคูปองสำเร็จ	Coupon created successfully	优惠券创建成功	クーポンの作成に成功しました	បង្កើតគូប៉ុងដោយជោគជ័យ	쿠폰 생성 성공	ສ້າງຄູປອງສຳເລັດ	ကူပွန်ဖန်တီးမှု အောင်မြင်သည်	Tạo phiếu giảm giá thành công	Coupon created successfully	Coupon created successfully	Coupon created successfully
coupon_success_customer_added	เพิ่มลูกค้าสำเร็จ	Customer added successfully	客户添加成功	顧客の追加に成功しました	បន្ថែមអតិថិជនដោយជោគជ័យ	고객 추가 성공	ເພີ່ມລູກຄ້າສຳເລັດ	ဖောက်သည်ထည့်သွင်းမှု အောင်မြင်သည်	Thêm khách hàng thành công	Customer added successfully	Customer added successfully	Customer added successfully
coupon_success_customer_removed	ลบลูกค้าสำเร็จ	Customer removed successfully	客户删除成功	顧客の削除に成功しました	លុបអតិថិជនដោយជោគជ័យ	고객 삭제 성공	ລຶບລູກຄ້າສຳເລັດ	ဖောက်သည်ဖယ်ရှားမှု အောင်မြင်သည်	Xóa khách hàng thành công	Customer removed successfully	Customer removed successfully	Customer removed successfully
coupon_success_deleted	ลบคูปองสำเร็จ	Coupon deleted successfully	优惠券删除成功	クーポンの削除に成功しました	លុបគូប៉ុងដោយជោគជ័យ	쿠폰 삭제 성공	ລຶບຄູປອງສຳເລັດ	ကူပွန်ဖျက်သိမ်းမှု အောင်မြင်သည်	Xóa phiếu giảm giá thành công	Coupon deleted successfully	Coupon deleted successfully	Coupon deleted successfully
coupon_success_operation	ดำเนินการสำเร็จ	Operation completed successfully	操作成功完成	操作が正常に完了しました	ប្រតិបត្តិការបានបញ្ចប់ដោយជោគជ័យ	작업이 성공적으로 완료되었습니다	ການດຳເນີນການສຳເລັດ	လုပ်ငန်းစဉ် အောင်မြင်စွာ ပြီးဆုံးပါပြီ	Thao tác hoàn tất thành công	Operation completed successfully	Operation completed successfully	Operation completed successfully
coupon_success_product_added	เพิ่มสินค้าสำเร็จ	Product added successfully	产品添加成功	商品の追加に成功しました	បន្ថែមផលិតផលដោយជោគជ័យ	제품 추가 성공	ເພີ່ມສິນຄ້າສຳເລັດ	ထုတ်ကုန်ထည့်သွင်းမှု အောင်မြင်သည်	Thêm sản phẩm thành công	Product added successfully	Product added successfully	Product added successfully
coupon_success_product_removed	ลบสินค้าสำเร็จ	Product removed successfully	产品删除成功	商品の削除に成功しました	លុបផលិតផលដោយជោគជ័យ	제품 삭제 성공	ລຶບສິນຄ້າສຳເລັດ	ထုတ်ကုန်ဖယ်ရှားမှု အောင်မြင်သည်	Xóa sản phẩm thành công	Product removed successfully	Product removed successfully	Product removed successfully
coupon_success_updated	แก้ไขคูปองสำเร็จ	Coupon updated successfully	优惠券更新成功	クーポンの更新に成功しました	ធ្វើបច្ចុប្បន្នភាពគូប៉ុងដោយជោគជ័យ	쿠폰 업데이트 성공	ອັບເດດຄູປອງສຳເລັດ	ကူပွန်မွမ်းမံမှု အောင်မြင်သည်	Cập nhật phiếu giảm giá thành công	Coupon updated successfully	Coupon updated successfully	Coupon updated successfully
coupon_tooltip_remove_customer	ลบลูกค้า	Remove Customer	删除客户	顧客を削除	លុបអតិថិជន	고객 삭제	ລົບລູກຄ້າ	ဖောက်သည်ဖျက်ရန်	Xóa khách hàng	Remove Customer	Remove Customer	Remove Customer
coupon_type	ประเภทคูปอง	Coupon Type	优惠券类型	クーポンタイプ	ប្រភេទគូប៉ុង	쿠폰 유형	ປະເພດຄູປອງ	ကူပွန်အမျိုးအစား	Loại phiếu giảm giá	Coupon Type	Coupon Type	Coupon Type
coupon_type_cash	เงินสด	Cash	现金	現金	សាច់ប្រាក់	현금	ເງິນສົດ	ငွေသား	Tiền mặt	Cash	Cash	Cash
coupon_type_cash_desc	คืนเงินสด	Cash Back	现金返还	キャッシュバック	សាច់ប្រាក់សងត្រឡប់	캐시백	ເງິນຄືນ	ငွေသားပြန်အမ်း	Hoàn tiền	Cash Back	Cash Back	Cash Back
coupon_type_fixed_amount	จำนวนเงิน	Fixed Amount	固定金额	固定金額	ចំនួនថេរ	고정 금액	ຈຳນວນເງິນ	သတ်မှတ်ပမာဏ	Số tiền cố định	Fixed Amount	Fixed Amount	Fixed Amount
coupon_type_fixed_amount_desc	ลดเป็นบาท	Discount in Baht	泰铢折扣	バーツ割引	បញ្ចុះតម្លៃជាបាត	바트 할인	ສ່ວນຫຼຸດເປັນບາດ	ဘတ်ဖြင့်လျှော့စျေး	Giảm bằng Baht	Discount in Baht	Discount in Baht	Discount in Baht
coupon_type_label	ประเภทคูปอง *	Coupon Type *	优惠券类型 *	クーポンタイプ *	ប្រភេទគូប៉ុង *	쿠폰 유형 *	ປະເພດຄູປອງ *	ကူပွန်အမျိုးအစား *	Loại phiếu giảm giá *	Coupon Type *	Coupon Type *	Coupon Type *
coupon_type_percentage	เปอร์เซ็นต์	Percentage	百分比	パーセント	ភាគរយ	퍼센트	ເປີເຊັນ	ရာခိုင်နှုန်း	Phần trăm	Percentage	Percentage	Percentage
coupon_type_percentage_desc	ลดเป็น %	Discount in %	百分比折扣	割引率	បញ្ចុះតម្លៃជាភាគរយ	할인율	ສ່ວນຫຼຸດເປັນ %	ရာခိုင်နှုန်းလျှော့စျေး	Giảm theo %	Discount in %	Discount in %	Discount in %
coupon_usage_type	ประเภทการใช้งานคูปอง	Coupon Usage Type	优惠券使用类型	クーポン使用タイプ	ប្រភេទនៃការប្រើប្រាស់គូប៉ុង	쿠폰 사용 유형	ປະເພດການໃຊ້ຄູປອງ	ကူပွန်အသုံးပြုမှုအမျိုးအစား	Loại sử dụng phiếu giảm giá	Coupon Usage Type	Coupon Usage Type	Coupon Usage Type
coupon_value	มูลค่าคูปอง	Coupon Value	优惠券价值	クーポン値	តម្លៃគូប៉ុង	쿠폰 값	ມູນຄ່າຄູປອງ	ကူပွန်တန်ဖိုး	Giá trị phiếu giảm giá	Coupon Value	Coupon Value	Coupon Value
coupon_value_cash_back	จำนวนเงินสดคืน	Cash Back Amount	现金返还金额	キャッシュバック額	ចំនួនសាច់ប្រាក់សងត្រឡប់	캐시백 금액	ຈຳນວນເງິນຄືນ	ငွေသားပြန်အမ်းပမာဏ	Số tiền hoàn lại	Cash Back Amount	Cash Back Amount	Cash Back Amount
coupon_value_default	ค่าส่วนลด	Discount Value	折扣值	割引値	តម្លៃបញ្ចុះតម្លៃ	할인 값	ມູນຄ່າສ່ວນຫຼຸດ	လျှော့စျေးတန်ဖိုး	Giá trị giảm	Discount Value	Discount Value	Discount Value
coupon_value_fixed_amount	จำนวนเงินส่วนลด	Discount Amount	折扣金额	割引額	ចំនួនបញ្ចុះតម្លៃ	할인 금액	ຈຳນວນເງິນສ່ວນຫຼຸດ	လျှော့စျေးပမာဏ	Số tiền giảm	Discount Amount	Discount Amount	Discount Amount
coupon_value_percentage	เปอร์เซ็นต์ส่วนลด	Discount Percentage	折扣百分比	割引率	ភាគរយបញ្ចុះតម្លៃ	할인율	ເປີເຊັນສ່ວນຫຼຸດ	လျှော့စျေးရာခိုင်နှုန်း	Phần trăm giảm giá	Discount Percentage	Discount Percentage	Discount Percentage
coupon_value_required	กรุณากรอกมูลค่าคูปอง	Please enter coupon value	请输入优惠券价值	クーポン値を入力してください	សូមបញ្ចូលតម្លៃគូប៉ុង	쿠폰 값을 입력하세요	ກະລຸນາໃສ່ມູນຄ່າຄູປອງ	ကူပွန်တန်ဖိုးထည့်ပါ	Vui lòng nhập giá trị phiếu giảm giá	Please enter coupon value	Please enter coupon value	Please enter coupon value
create	สร้าง	Create	创建	作成	បង្កើត	생성	ສ້າງ	ဖန်တီးရန်	Tạo	Create	Create	Create
create_api_key	สร้าง API Key	Create API Key	创建 API 密钥	API キーを作成	បង្កើតសោ API	API 키 생성	ສ້າງກະແຈ API	API သော့ဖန်တီးပါ	Tạo khóa API	Create API Key	Create API Key	Create API Key
create_cart	สร้างตะกร้า	Create Cart	创建购物车	カートを作成	បង្កើតកន្ត្រក	장바구니 생성	ສ້າງກະຕ່າ	ဈေးခြင်း ဖန်တီးပါ	Tạo giỏ hàng	Create Cart	Create Cart	Create Cart
create_cart_success	สร้างตะกร้าสำเร็จ	Cart created successfully	购物车创建成功	カートが作成されました	បានបង្កើតកន្ត្រកដោយជោគជ័យ	장바구니가 생성되었습니다	ສ້າງກະຕ່າສຳເລັດ	ဈေးခြင်း ဖန်တီးပြီးပါပြီ	Đã tạo giỏ hàng thành công	Cart created successfully	Cart created successfully	Cart created successfully
create_connect_link	สร้างลิงก์เชื่อมต่อ	Create Connect Link	Create Connect Link	Create Connect Link	Create Connect Link	Create Connect Link	Create Connect Link	Create Connect Link	Create Connect Link	Create Connect Link	Create Connect Link	Create Connect Link
create_default_data	ต้องการเพิ่มค่าเริ่มต้นหรือไม่	Do you want to add default data?	您想添加默认数据吗？	デフォルトデータを追加しますか？	តើអ្នកចង់បន្ថែមទិន្នន័យលំនាំដើមទេ?	기본 데이터를 추가하시겠습니까?	ທ່ານຕ້ອງການເພີ່ມຂໍ້ມູນເລີ່ມຕົ້ນບໍ່?	ပုံသေဒေတာကို ထည့်လိုပါသလား	Bạn có muốn thêm dữ liệu mặc định không?	Do you want to add default data?	Do you want to add default data?	Do you want to add default data?
create_first_api_key	สร้าง API Key ตัวแรกเพื่อเริ่มต้นใช้งาน	Create your first API key to get started	创建您的第一个 API 密钥以开始使用	最初の API キーを作成して始めましょう	បង្កើតសោ API ដំបូងរបស់អ្នកដើម្បីចាប់ផ្តើម	시작하려면 첫 번째 API 키를 만드세요	ສ້າງກະແຈ API ອັນທຳອິດເພື່ອເລີ່ມຕົ້ນ	စတင်ရန် ပထမ API သော့ဖန်တီးပါ	Tạo khóa API đầu tiên để bắt đầu	Create your first API key to get started	Create your first API key to get started	Create your first API key to get started
create_full_tax_invoice_failed	สร้างใบกำกับภาษีแบบเต็มไม่สำเร็จ	Failed to create full tax invoice	创建完整税务发票失败	完全な税額請求書の作成に失敗しました	បរាជ័យក្នុងការបង្កើតវិក័យប័ត្រពន្ធពេញលេញ	전체 세금 계산서 생성 실패	ສ້າງໃບກຳກັບພາສີແບບເຕັມບໍ່ສຳເລັດ	အပြည့်အစုံအခွန်ပြေစာဖန်တီးခြင်းမအောင်မြင်ပါ	Tạo hóa đơn thuế đầy đủ thất bại	Failed to create full tax invoice	Failed to create full tax invoice	Failed to create full tax invoice
create_full_tax_invoice_success	สร้างใบกำกับภาษีแบบเต็มสำเร็จ	Full tax invoice created successfully	成功创建完整税务发票	完全な税額請求書の作成に成功しました	បង្កើតវិក័យប័ត្រពន្ធពេញលេញដោយជោគជ័យ	전체 세금 계산서 생성 성공	ສ້າງໃບກຳກັບພາສີແບບເຕັມສຳເລັດ	အပြည့်အစုံအခွန်ပြေစာဖန်တီးခြင်းအောင်မြင်သည်	Tạo hóa đơn thuế đầy đủ thành công	Full tax invoice created successfully	Full tax invoice created successfully	Full tax invoice created successfully
create_mcp_api_key	สร้าง MCP API Key	Create MCP API Key	创建 MCP API 密钥	MCP API キーを作成	បង្កើតសោ MCP API	MCP API 키 생성	ສ້າງກະແຈ MCP API	MCP API သော့ဖန်တီးပါ	Tạo khóa MCP API	Create MCP API Key	Create MCP API Key	Create MCP API Key
create_new_branch	กรุณาสร้างสาขาใหม่	Please create new branch	请创建新分店	新しい支店を作成してください	សូមបង្កើតសាខាថ្មី	새 지점을 생성하세요	ກະລຸນາສ້າງສາຂາໃໝ່	ဘဏ်ခွဲအသစ်ဖန်တီးပါ	Vui lòng tạo chi nhánh mới	Please create new branch	Please create new branch	Please create new branch
create_new_code	สร้างรหัสใหม่	Create New Code	Create New Code	Create New Code	Create New Code	Create New Code	Create New Code	Create New Code	Create New Code	Create New Code	Create New Code	Create New Code
create_new_docno_and_save	สร้างเลขใหม่และบันทึก	Create New Number and Save	创建新编号并保存	新しい番号を作成して保存	បង្កើតលេខថ្មីហើយរក្សាទុក	새 번호 생성 및 저장	ສ້າງເລກໃໝ່ແລະບັນທຶກ	နံပါတ်အသစ်ဖန်တီးပြီး သိမ်းမည်	Tạo số mới và lưu	Create New Number and Save	Create New Number and Save	Create New Number and Save
create_new_docno_confirm	ต้องการสร้างเลขที่เอกสารใหม่และบันทึกอีกครั้งหรือไม่?	Do you want to create a new document number and save again?	是否要创建新文档编号并再次保存？	新しいドキュメント番号を作成して再保存しますか？	តើអ្នកចង់បង្កើតលេខឯកសារថ្មីហើយរក្សាទុកម្តងទៀតទេ?	새 문서 번호를 생성하고 다시 저장하시겠습니까?	ຕ້ອງການສ້າງເລກທີ່ເອກະສານໃໝ່ແລະບັນທຶກອີກຄັ້ງບໍ?	စာရွက်စာတမ်းနံပါတ်အသစ် ဖန်တီးပြီး ထပ်သိမ်းလိုပါသလား?	Bạn có muốn tạo số chứng từ mới và lưu lại không?	Do you want to create a new document number and save again?	Do you want to create a new document number and save again?	Do you want to create a new document number and save again?
create_new_shop	กรุณาสร้างร้านค้าใหม่	Please create new shop	请创建新商店	新しい店舗を作成してください	សូមបង្កើតហាងថ្មី	새 매장을 생성하세요	ກະລຸນາສ້າງຮ້ານຄ້າໃໝ່	ဆိုင်အသစ်ဖန်တီးပါ	Vui lòng tạo cửa hàng mới	Please create new shop	Please create new shop	Please create new shop
create_pdf	สร้าง PDF	Create PDF	Create PDF	Create PDF	Create PDF	Create PDF	Create PDF	Create PDF	Create PDF	Create PDF	Create PDF	Create PDF
create_purchase_document	สร้างเอกสารซื้อ	Create Purchase Document	创建采购单	仕入伝票作成	បង្កើតឯកសារទិញ	구매 문서 생성	ສ້າງເອກະສານຊື້	ဝယ်ယူမှုစာရွက်စာတမ်း ဖန်တီးရန်	Tạo chứng từ mua hàng	Create Purchase Document	Create Purchase Document	Create Purchase Document
create_qr_order	สร้าง QR สั่งอาหาร	Create QR Order	Create QR Order	Create QR Order	Create QR Order	Create QR Order	Create QR Order	Create QR Order	Create QR Order	Create QR Order	Create QR Order	Create QR Order
create_shop	สร้างร้านค้า	Create Shop	创建商店	店舗を作成	បង្កើតហាង	매장 생성	ສ້າງຮ້ານຄ້າ	ဆိုင်ဖန်တီးရန်	Tạo cửa hàng	Create Shop	Create Shop	Create Shop
create_special_promo_multiply_points	สร้างโปรโมชั่นพิเศษคูณแต้ม	Create special promotion to multiply points	创建特殊促销积分翻倍	ポイント倍増特別プロモーションを作成	បង្កើតការផ្សព្វផ្សាយពិសេសគុណពិន្ទុ	포인트 배수 특별 프로모션 만들기	ສ້າງໂປຣໂມຊັ່ນພິເສດຄູນແຕ້ມ	အမှတ်မြှောက်အထူးပရိုမိုးရှင်းဖန်တီးရန်	Tạo khuyến mãi đặc biệt nhân điểm	Create special promotion to multiply points	Create special promotion to multiply points	Create special promotion to multiply points
create_sub_shop	สร้างร้านย่อย	Create Sub-Shop	创建子店	サブショップを作成	បង្កើតហាងរង	하위 매장 생성	ສ້າງຮ້ານຍ່ອຍ	ဆိုင်ခွဲဖန်တီးရန်	Tạo cửa hàng phụ	Create Sub-Shop	Create Sub-Shop	Create Sub-Shop
created	สร้างเมื่อ	Created	创建于	作成日	បានបង្កើត	생성됨	ສ້າງເມື່ອ	ဖန်တီးခဲ့သည်	Đã tạo	Created	Created	Created
created_at	สร้างเมื่อ	Created At	创建时间	作成日時	បានបង្កើតនៅ	생성일	ສ້າງເມື່ອ	ဖန်တီးခဲ့သည့်ရက်	Tạo vào	Created At	Created At	Created At
created_by	สร้างโดย	Created By	创建者	作成者	បង្កើតដោយ	생성자	ສ້າງໂດຍ	ဖန်တီးသူ	Tạo bởi	Created By	Created By	Created By
creating_code	กำลังสร้างรหัส...	Creating code...	Creating code...	Creating code...	Creating code...	Creating code...	Creating code...	Creating code...	Creating code...	Creating code...	Creating code...	Creating code...
creating_data_in_clickhouse	กำลังสร้างข้อมูลใน ClickHouse	Creating data in ClickHouse	正在ClickHouse中创建数据	ClickHouseでデータを作成中	កំពុងបង្កើតទិន្នន័យក្នុង ClickHouse	ClickHouse에서 데이터 생성 중	ກຳລັງສ້າງຂໍ້ມູນໃນ ClickHouse	ClickHouse တွင် ဒေတာ ဖန်တီးနေသည်	Đang tạo dữ liệu trong ClickHouse	Creating data in ClickHouse	Creating data in ClickHouse	Creating data in ClickHouse
creating_data_in_postgresql	กำลังสร้างข้อมูลใน PostgreSQL	Creating data in PostgreSQL	正在PostgreSQL中创建数据	PostgreSQLでデータを作成中	កំពុងបង្កើតទិន្នន័យក្នុង PostgreSQL	PostgreSQL에서 데이터 생성 중	ກຳລັງສ້າງຂໍ້ມູນໃນ PostgreSQL	PostgreSQL တွင် ဒေတာ ဖန်တီးနေသည်	Đang tạo dữ liệu trong PostgreSQL	Creating data in PostgreSQL	Creating data in PostgreSQL	Creating data in PostgreSQL
creating_full_tax_invoice	กำลังสร้างใบกำกับภาษีแบบเต็ม...	Creating full tax invoice...	正在创建完整税务发票...	完全な税額請求書を作成中...	កំពុងបង្កើតវិក័យប័ត្រពន្ធពេញលេញ...	전체 세금 계산서 생성 중...	ກຳລັງສ້າງໃບກຳກັບພາສີແບບເຕັມ...	အပြည့်အစုံအခွန်ပြေစာဖန်တီးနေသည်...	Đang tạo hóa đơn thuế đầy đủ...	Creating full tax invoice...	Creating full tax invoice...	Creating full tax invoice...
creating_payload	กำลังสร้าง Payload	Creating payload	正在创建 Payload	Payloadを作成中	កំពុងបង្កើត Payload	Payload 생성 중	ກຳລັງສ້າງ Payload	Payload ဖန်တီးနေသည်	Đang tạo Payload	Creating payload	Creating payload	Creating payload
creating_sub_shop	กำลังสร้างร้านย่อย...	Creating sub shop...	Creating sub shop...	Creating sub shop...	Creating sub shop...	Creating sub shop...	Creating sub shop...	Creating sub shop...	Creating sub shop...	Creating sub shop...	Creating sub shop...	Creating sub shop...
credit	เครดิต	Credit	信用	クレジット	ឥណទាន	크레딧	ເຄຣດິດ	အကြွေး	Tín dụng	Credit	Credit	Credit
credit_amount	เครดิต	Credit Amount	信用金额	クレジット額	ចំនួនឥណទាន	크레딧 금액	ຈຳນວນເຄຣດິດ	အကြွေးပမာဏ	Số tiền tín dụng	Credit Amount	Credit Amount	Credit Amount
credit_card	บัตรเครดิต	Credit card	信用卡	クレジットカード	កាតឥណទាន	신용카드	ບັດ​ເຄຣ​ດິດ	ခရက်ဒစ်ကတ်	Thẻ tín dụng	Credit card	Credit card	Credit card
credit_card_save	บันทึกบัตรเครดิต	Save Credit Card	保存信用卡	クレジットカードを保存	រក្សាទុកកាតឥណទាន	신용카드 저장	ບັນທຶກບັດເຄຣດິດ	ခရက်ဒစ်ကတ်သိမ်းဆည်းပါ	Lưu thẻ tín dụng	Save Credit Card	Save Credit Card	Save Credit Card
credit_day	จำนวนวันเครดิต	Credit Days	信用天数	クレジット日数	ចំនួនថ្ងៃឥណទាន	신용 기간(일)	ຈຳນວນມື້ເຄຣດິດ	အကြွေးရက်	Số ngày tín dụng	Credit Days	Credit Days	Credit Days
credit_days	เครดิต (วัน)	Credit Days	信用天数	クレジット日数	ថ្ងៃឥណទាន	신용일수	ວັນເຄຣດິດ	အကြွေးရက်များ	Số ngày tín dụng	Credit Days	Credit Days	Credit Days
credit_detail	รายละเอียดบัตรเครดิต	Credit Card Details	信用卡详情	クレジットカードの詳細	ព័ត៌មានលម្អិតកាតឥណទាន	신용카드 세부 정보	ລາຍລະອຽດບັດເຄຣດິດ	ခရက်ဒစ်ကတ်အသေးစိတ်	Chi tiết thẻ tín dụng	Credit Card Details	Credit Card Details	Credit Card Details
credit_note	ใบลดหนี้	Credit Note	贷项通知单	クレジットノート	វិក្កយបត្រឥណទាន	대변 메모	ໃບຫຼຸດໜີ້	ခရက်ဒစ်မှတ်စု	Phiếu giảm giá	Credit Note	Credit Note	Credit Note
credit_terms	เครดิตเทอม	Credit Terms	信用条款	信用条件	លក្ខខណ្ឌឥណទាន	신용 조건	ເງື່ອນໄຂສິນເຊື່ອ	အကြွေးစည်းကမ်း	Điều khoản tín dụng	Credit Terms	Credit Terms	Credit Terms
creditcard	บัตรเครดิต	Credit Card	信用卡	クレジットカード	កាតឥណទាន	신용카드	ບັດເຄຣດິດ	ခရက်ဒစ်ကတ်	Thẻ tín dụng	Credit Card	Credit Card	Credit Card
creditcard_list	รายการเครดิตการ์ด	Credit Card List	信用卡列表	クレジットカードリスト	បញ្ជីកាតឥណទាន	신용카드 목록	ລາຍການບັດເຄຣດິດ	ခရက်ဒစ်ကတ်စာရင်း	Danh sách thẻ tín dụng	Credit Card List	Credit Card List	Credit Card List
creditnumber	เลขบัตรเครดิต	Credit Card Number	信用卡号码	クレジットカード番号	លេខកាតឥណទាន	신용카드 번호	ໝາຍເລກບັດເຄຣດິດ	ခရက်ဒစ်ကတ်နံပါတ်	Số thẻ tín dụng	Credit Card Number	Credit Card Number	Credit Card Number
creditor	เจ้าหนี้	Creditor	债权人	債権者	ម្ចាស់បំណុល	채권자	ເຈົ້າໜີ້	မြီရှင်	Chủ nợ	Creditor	Creditor	Creditor
creditor_code	รหัสเจ้าหนี้	Creditor Code	债权人代码	債権者コード	កូដម្ចាស់បំណុល	채권자 코드	ລະຫັດເຈົ້າໜີ້	မြီရှင်ကုဒ်	Mã chủ nợ	Creditor Code	Creditor Code	Creditor Code
creditor_group	กลุ่มเจ้าหนี้	Creditor Group	债权人组	債権者グループ	ក្រុមម្ចាស់បំណុល	채권자 그룹	ກຸ່ມເຈົ້າໜີ້	မြီရှင်အုပ်စု	Nhóm chủ nợ	Creditor Group	Creditor Group	Creditor Group
creditor_name	ชื่อเจ้าหนี้	Creditor Name	债权人名称	債権者名	ឈ្មោះម្ចាស់បំណុល	채권자 이름	ຊື່ເຈົ້າໜີ້	မြီရှင်အမည်	Tên chủ nợ	Creditor Name	Creditor Name	Creditor Name
creditor_not_found	ไม่พบเจ้าหนี้	Creditor not found	未找到债权人	債権者が見つかりません	រកមិនឃើញម្ចាស់បំណុល	채권자를 찾을 수 없습니다	ບໍ່ພົບເຈົ້າໜີ້	ငွေရှင်ကို ရှာမတွေ့ပါ	Không tìm thấy chủ nợ	Creditor not found	Creditor not found	Creditor not found
crop_image	ครอปรูปภาพ	Crop Image	Crop Image	Crop Image	Crop Image	Crop Image	Crop Image	Crop Image	Crop Image	Crop Image	Crop Image	Crop Image
csv_saledetail	รายงานรายละเอียดการขาย (CSV)	Sales Detail Report (CSV)	销售明细报表 (CSV)	売上明細レポート (CSV)	របាយការណ៍លម្អិតការលក់ (CSV)	판매 상세 보고서 (CSV)	ລາຍງານລາຍລະອຽດການຂາຍ (CSV)	အရောင်းအသေးစိတ် အစီရင်ခံစာ (CSV)	Báo cáo chi tiết bán hàng (CSV)	Sales Detail Report (CSV)	Sales Detail Report (CSV)	Sales Detail Report (CSV)
currency	สกุลเงิน	Currency	货币	通貨	រូបិយប័ណ្ណ	통화	ສະກຸນເງິນ	ငွေကြေး	Tiền tệ	Currency	Currency	Currency
currency_code	รหัสสกุลเงิน	Currency Code	货币代码	通貨コード	កូដរូបិយប័ណ្ណ	통화 코드	ລະຫັດສະກຸນເງິນ	ငွေကြေးကုဒ်	Mã tiền tệ	Currency Code	Currency Code	Currency Code
currency_code_example	USD, EUR, JPY, CNY เป็นต้น	USD, EUR, JPY, CNY, etc.	USD, EUR, JPY, CNY, etc.	USD, EUR, JPY, CNY, etc.	USD, EUR, JPY, CNY, etc.	USD, EUR, JPY, CNY, etc.	USD, EUR, JPY, CNY, etc.	USD, EUR, JPY, CNY, etc.	USD, EUR, JPY, CNY, etc.	USD, EUR, JPY, CNY, etc.	USD, EUR, JPY, CNY, etc.	USD, EUR, JPY, CNY, etc.
currency_code_length_error	รหัสสกุลเงินต้องมีความยาว 2-5 ตัวอักษร	Currency code must be 2-5 characters	Currency code must be 2-5 characters	Currency code must be 2-5 characters	Currency code must be 2-5 characters	Currency code must be 2-5 characters	Currency code must be 2-5 characters	Currency code must be 2-5 characters	Currency code must be 2-5 characters	Currency code must be 2-5 characters	Currency code must be 2-5 characters	Currency code must be 2-5 characters
currency_count	จำนวนสกุลเงิน	Currency Count	货币数量	通貨数	ចំនួនរូបិយប័ណ្ណ	통화 수	ຈຳນວນສະກຸນເງິນ	ငွေကြေးအရေအတွက်	Số lượng tiền tệ	Currency Count	Currency Count	Currency Count
currency_name	ชื่อสกุลเงิน	Currency Name	货币名称	通貨名	ឈ្មោះរូបិយប័ណ្ណ	통화명	ຊື່ສະກຸນເງິນ	ငွေကြေးအမည်	Tên tiền tệ	Currency Name	Currency Name	Currency Name
currency_name_example	ดอลลาร์สหรัฐ, ยูโร, เยน เป็นต้น	US Dollar, Euro, Japanese Yen, etc.	US Dollar, Euro, Japanese Yen, etc.	US Dollar, Euro, Japanese Yen, etc.	US Dollar, Euro, Japanese Yen, etc.	US Dollar, Euro, Japanese Yen, etc.	US Dollar, Euro, Japanese Yen, etc.	US Dollar, Euro, Japanese Yen, etc.	US Dollar, Euro, Japanese Yen, etc.	US Dollar, Euro, Japanese Yen, etc.	US Dollar, Euro, Japanese Yen, etc.	US Dollar, Euro, Japanese Yen, etc.
current_document	เอกสารปัจจุบัน	Current Document	当前文档	現在のドキュメント	ឯកសារបច្ចុប្បន្ន	현재 문서	ເອກະສານປັດຈຸບັນ	လက်ရှိစာရွက်စာတမ်း	Tài liệu hiện tại	Current Document	Current Document	Current Document
current_shop	ร้านค้าปัจจุบัน	Current Shop	当前商店	現在の店舗	ហាងបច្ចុប្បន្ន	현재 매장	ຮ້ານຄ້າປັດຈຸບັນ	လက်ရှိဆိုင်	Cửa hàng hiện tại	Current Shop	Current Shop	Current Shop
current_shop_id	Shop ID ปัจจุบัน:	Current Shop ID:	Current Shop ID:	Current Shop ID:	Current Shop ID:	Current Shop ID:	Current Shop ID:	Current Shop ID:	Current Shop ID:	Current Shop ID:	Current Shop ID:	Current Shop ID:
current_status	สถานะปัจจุบัน	Current Status	当前状态	現在のステータス	ស្ថានភាពបច្ចុប្បន្ន	현재 상태	ສະຖານະປັດຈຸບັນ	လက်ရှိအခြေအနေ	Trạng thái hiện tại	Current Status	Current Status	Current Status
custom_form	ฟอร์มที่กำหนดเอง	Custom Form	Custom Form	Custom Form	Custom Form	Custom Form	Custom Form	Custom Form	Custom Form	Custom Form	Custom Form	Custom Form
customer	ลูกค้า	Customer	客户	顧客	អតិថិជន	고객	ລູກຄ້າ	ဖောက်သည်	Khách hàng	Customer	Customer	Customer
customer not found	ไม่พบลูกค้า	Customer not found	未找到客户	顧客が見つかりません	រកមិនឃើញអតិថិជន	고객을 찾을 수 없습니다	ບໍ່ພົບລູກຄ້າ	ဖောက်သည်မတွေ့ပါ	Không tìm thấy khách hàng	Customer not found	Customer not found	Customer not found
customer_already_exists	ลูกค้านี้มีอยู่แล้ว	Customer already exists	客户已存在	顧客は既に存在します	អតិថិជនមានរួចហើយ	고객이 이미 존재합니다	ລູກຄ້ານີ້ມີຢູ່ແລ້ວ	ဖောက်သည်ရှိပြီးသားဖြစ်သည်	Khách hàng đã tồn tại	Customer already exists	Customer already exists	Customer already exists
customer_can_select_how_many_sub_options_question	ลูกค้าสามารถเลือกตัวเลือกย่อยได้กี่อย่าง ?	How many sub-options can the customer select?	客户可以选择多少个子选项？	顧客はいくつのサブオプションを選択できますか？	តើអតិថិជនអាចជ្រើសរើសជម្រើសរងបានប៉ុន្មាន?	고객이 몇 개의 하위 옵션을 선택할 수 있습니까?	ລູກຄ້າສາມາດເລືອກທາງເລືອກຍ່ອຍໄດ້ຈັກຢ່າງ?	ဖောက်သည်သည် ခွဲရွေးချယ်မှု ဘယ်နှစ်ခု ရွေးနိုင်သနည်း?	Khách hàng có thể chọn bao nhiêu tùy chọn phụ?	How many sub-options can the customer select?	How many sub-options can the customer select?	How many sub-options can the customer select?
customer_charge	Customer Charge	Customer Charge	客户费用	顧客料金	ការគិតថ្លៃអតិថិជន	고객 요금	ຄ່າທຳນຽມລູກຄ້າ	ဖောက်သည်ကျသင့်ငွေ	Phí khách hàng	Customer Charge	Customer Charge	Customer Charge
customer_code	รหัสลูกค้า	Codeลูกค้า	代码ลูกค้า	コードลูกค้า	កូដลูกค้า	코드ลูกค้า	ລະຫັດลูกค้า	ကုဒ်ลูกค้า	Mãลูกค้า	Codeลูกค้า	Codeลูกค้า	Codeลูกค้า
customer_code_changed_warning	มีการแก้ไขรหัสลูกค้า อาจจะทำให้ราคาสินค้าผิดพลาด	Customer code has been modified, which may cause product price errors	客户代码已修改，可能导致产品价格错误	顧客コードが変更されました。商品価格に誤りが生じる可能性があります	លេខកូដអតិថិជនត្រូវបានកែប្រែ ដែលអាចបណ្តាលឱ្យមានកំហុសតម្លៃផលិតផល	고객 코드가 수정되어 제품 가격 오류가 발생할 수 있습니다	ມີການແກ້ໄຂລະຫັດລູກຄ້າ ອາດຈະເຮັດໃຫ້ລາຄາສິນຄ້າຜິດພາດ	ဖောက်သည်ကုဒ် ပြုပြင်ထားသည်၊ ကုန်ပစ္စည်းစျေးနှုန်း မှားယွင်းနိုင်သည်။	Mã khách hàng đã được sửa đổi, có thể gây ra lỗi giá sản phẩm	Customer code has been modified, which may cause product price errors	Customer code has been modified, which may cause product price errors	Customer code has been modified, which may cause product price errors
customer_codes	รหัสลูกค้า	Customer Codes	客户代码	顧客コード	កូដអតិថិជន	고객 코드	ລະຫັດລູກຄ້າ	ဖောက်သည်ကုဒ်များ	Mã khách hàng	Customer Codes	Customer Codes	Customer Codes
customer_codes_hint	คั่นด้วยจุลภาค เช่น C001, C002	Separate with commas, e.g. C001, C002	用逗号分隔，例如 C001, C002	カンマで区切ります（例：C001、C002）	បំបែកដោយសញ្ញាក្បៀស ឧ. C001, C002	쉼표로 구분, 예: C001, C002	ຂັ້ນດ້ວຍຈຸດ, ເຊັ່ນ: C001, C002	ကော်မာဖြင့် ခွဲခြားပါ၊ ဥပမာ C001, C002	Phân cách bằng dấu phẩy, ví dụ: C001, C002	Separate with commas, e.g. C001, C002	Separate with commas, e.g. C001, C002	Separate with commas, e.g. C001, C002
customer_company	นิติบุคคล	Legal Entity	法人	法人	នីតិបុគ្គល	법인	ນິຕິບຸກຄົນ	တရားဝင်အဖွဲ့အစည်း	Pháp nhân	Legal Entity	Legal Entity	Legal Entity
customer_debtor	ลูกค้า/ลูกหนี้	Customer/Debtor	Customer/Debtor	Customer/Debtor	Customer/Debtor	Customer/Debtor	Customer/Debtor	Customer/Debtor	Customer/Debtor	Customer/Debtor	Customer/Debtor	Customer/Debtor
customer_display	ตั้งค่า ลูกค้า	Customer Settings	客户设置	顧客設定	ការកំណត់អតិថិជន	고객 설정	ຕັ້ງຄ່າລູກຄ້າ	ဖောက်သည်ဆက်တင်များ	Cài đặt khách hàng	Customer Settings	Customer Settings	Customer Settings
customer_email	อีเมล	Email	电子邮件	メール	អ៊ីមែល	이메일	ອີເມວ	အီးမေးလ်	Email	Email	Email	Email
customer_general	ลูกค้าทั่วไป	General Customer	普通客户	一般顧客	អតិថិជនទូទៅ	일반 고객	ລູກຄ້າທົ່ວໄປ	အထွေထွေဖောက်သည်	Khách hàng chung	General Customer	General Customer	General Customer
customer_group	กลุ่มลูกค้า	Customer Group	客户组	顧客グループ	ក្រុមអតិថិជន	고객 그룹	ກຸ່ມລູກຄ້າ	ဖောက်သည်အုပ်စု	Nhóm khách hàng	Customer Group	Customer Group	Customer Group
customer_group_code	รหัสกลุ่มลูกค้า	Customer Group Code	客户组代码	顧客グループコード	កូដក្រុមអតិថិជន	고객 그룹 코드	ລະຫັດກຸ່ມລູກຄ້າ	ဖောက်သည်အုပ်စုကုဒ်	Mã nhóm khách hàng	Customer Group Code	Customer Group Code	Customer Group Code
customer_group_name	ชื่อกลุ่มลูกค้า	Customer Group Name	客户组名称	顧客グループ名	ឈ្មោះក្រុមអតិថិជន	고객 그룹 이름	ຊື່ກຸ່ມລູກຄ້າ	ဖောက်သည်အုပ်စုအမည်	Tên nhóm khách hàng	Customer Group Name	Customer Group Name	Customer Group Name
customer_growth	การเติบโตลูกค้า	Customer Growth	客户增长	顧客成長	ការរីកចម្រើនអតិថិជន	고객 성장	ການເຕີບໂຕລູກຄ້າ	ဖောက်သည်တိုးတက်မှု	Tăng trưởng khách hàng	Customer Growth	Customer Growth	Customer Growth
customer_image	รูปภาพลูกค้า	Customer Image	客户图片	顧客画像	រូបភាពអតិថិជន	고객 이미지	ຮູບພາບລູກຄ້າ	ဖောက်သည်ပုံ	Hình ảnh khách hàng	Customer Image	Customer Image	Customer Image
customer_individual	บุคคลธรรมดา	Individual	个人	個人	បុគ្គល	개인	ບຸກຄົນ	တစ်ဦးချင်း	Cá nhân	Individual	Individual	Individual
customer_must_select_option_question	ลูกค้าจำเป็นต้องเลือกตัวเลือกนี้หรือไม่ ?	Is this option required for the customer?	客户必须选择此选项吗？	顧客はこのオプションを選択する必要がありますか？	តើអតិថិជនតម្រូវឱ្យជ្រើសរើសជម្រើសនេះទេ?	고객이 이 옵션을 선택해야 합니까?	ລູກຄ້າຈຳເປັນຕ້ອງເລືອກທາງເລືອກນີ້ບໍ່?	ဖောက်သည်သည် ဤရွေးချယ်မှုကို ရွေးချယ်ရန် လိုအပ်ပါသလား	Khách hàng có bắt buộc phải chọn tùy chọn này không?	Is this option required for the customer?	Is this option required for the customer?	Is this option required for the customer?
customer_name	ชื่อลูกค้า	Customer Name	客户名称	顧客名	ឈ្មោះអតិថិជន	고객 이름	ຊື່ລູກຄ້າ	ဖောက်သည်အမည်	Tên khách hàng	Customer Name	Customer Name	Customer Name
customer_only	สำหรับสมาชิกเท่านั้น	Members Only	仅限会员	会員のみ	សម្រាប់តែសមាជិកប៉ុណ្ណោះ	회원 전용	ສຳລັບສະມາຊິກເທົ່ານັ້ນ	အဖွဲ့ဝင်များသာ	Chỉ dành cho thành viên	Members Only	Members Only	Members Only
customer_section	ข้อมูลลูกค้า	Customer Section	客户信息	顧客情報	ផ្នែកអតិថិជន	고객 정보	ສ່ວນລູກຄ້າ	ဖောက်သည်အပိုင်း	Thông tin khách hàng	Customer Section	Customer Section	Customer Section
customer_tax_id_bussiness	เลขที่ผู้เสียภาษี	Tax ID Number	纳税人识别号	納税者番号	លេខអត្តសញ្ញាណពន្ធ	납세자 식별 번호	ເລກປະຈຳຕົວຜູ້ເສຍພາສີ	အခွန်အត្តសញ្ញာណနံပါတ်	Mã số thuế	Tax ID Number	Tax ID Number	Tax ID Number
customer_tax_id_card_number	เลขที่บัตรประชาชน	ID Card Number	身份证号码	身分証明書番号	លេខអត្តសញ្ញាណប័ណ្ណ	주민등록번호	ເລກບັດປະຈຳຕົວ	မှတ်ပုံတင်နံပါတ်	Số chứng minh nhân dân	ID Card Number	ID Card Number	ID Card Number
customergroupmodel_code	รหัสกลุ่มลูกค้า	Customer Group Code	客户组代码	顧客グループコード	កូដក្រុមអតិថិជន	고객 그룹 코드	ລະຫັດກຸ່ມລູກຄ້າ	ဖောက်သည်အုပ်စုကုဒ်	Mã nhóm khách hàng	Customer Group Code	Customer Group Code	Customer Group Code
customergroupmodel_name	ชื่อกลุ่มลูกค้า	Customer Group Name	客户组名称	顧客グループ名	ឈ្មោះក្រុមអតិថិជន	고객 그룹 이름	ຊື່ກຸ່ມລູກຄ້າ	ဖောက်သည်အုပ်စုအမည်	Tên nhóm khách hàng	Customer Group Name	Customer Group Name	Customer Group Name
customers_and_sellers	ลูกค้าและผู้ขาย	Customers & Sellers	Customers & Sellers	Customers & Sellers	Customers & Sellers	Customers & Sellers	Customers & Sellers	Customers & Sellers	Customers & Sellers	Customers & Sellers	Customers & Sellers	Customers & Sellers
customize_report_display	กำหนดรูปแบบการแสดงผลรายงานตามต้องการ	Customize report display settings	Customize report display settings	Customize report display settings	Customize report display settings	Customize report display settings	Customize report display settings	Customize report display settings	Customize report display settings	Customize report display settings	Customize report display settings	Customize report display settings
cut_stock_by_bom	ตัดสต๊อกตามสูตรผลิด (BOM)	Cut stock by BOM	按 BOM 扣除库存	BOMによる在庫削減	កាត់ស្តុកតាម BOM	BOM에 의한 재고 차감	ຕັດສະຕັອກຕາມ BOM	BOM ဖြင့် စတော့ဖြတ်ပါ	Cắt kho theo BOM	Cut stock by BOM	Cut stock by BOM	Cut stock by BOM
daily_data	ข้อมูลรายวัน	Daily Data	每日数据	日次データ	ទិន្នន័យប្រចាំថ្ងៃ	일일 데이터	ຂໍ້ມູນລາຍວັນ	နေ့စဉ်အချက်အလက်	Dữ liệu hàng ngày	Daily Data	Daily Data	Daily Data
daily_info	ข้อมูลรายวัน	Daily Info	每日信息	日次情報	ព័ត៌មានប្រចាំថ្ងៃ	일일 정보	ຂໍ້ມູນປະຈຳວັນ	နေ့စဉ်အချက်အလက်	Thông tin hàng ngày	Daily Info	Daily Info	Daily Info
daily_sales_report	รายงานยอดขายประจำวัน	Daily Sales Report	每日销售报告	日次売上レポート	របាយការណ៍លក់ប្រចាំថ្ងៃ	일일 판매 보고서	ລາຍງານຍອດຂາຍປະຈຳວັນ	နေ့စဉ်ရောင်းချမှုအစီရင်ခံစာ	Báo cáo bán hàng hàng ngày	Daily Sales Report	Daily Sales Report	Daily Sales Report
dashboard	หน้าแรก	Dashboard	仪表板	ダッシュボード	ផ្ទាំងគ្រប់គ្រង	대시보드	ໜ້າຫຼັກ	ဒက်ရှ်ဘုတ်	Bảng điều khiển	Dashboard	Dashboard	Dashboard
data_after_edit	ข้อมูลหลังแก้ไข	Data after edit	编辑后数据	編集後のデータ	ទិន្នន័យបន្ទាប់ពីកែសម្រួល	편집 후 데이터	ຂໍ້ມູນຫຼັງແກ້ໄຂ	တည်းဖြတ်ပြီးနောက်ဒေတာ	Dữ liệu sau chỉnh sửa	Data after edit	Data after edit	Data after edit
data_before_edit	ข้อมูลก่อนแก้ไข	Data before edit	编辑前数据	編集前のデータ	ទិន្នន័យមុនពេលកែសម្រួល	편집 전 데이터	ຂໍ້ມູນກ່ອນແກ້ໄຂ	တည်းဖြတ်မတိုင်မီဒေတာ	Dữ liệu trước chỉnh sửa	Data before edit	Data before edit	Data before edit
data_editing	มีการแก้ไขข้อมูล	Data has been edited.	数据已被编辑。	Data has been edited.	Data has been edited.	Data has been edited.	ການດັດແກ້ຂໍ້ມູນ	Data has been edited.	Data has been edited.	Data has been edited.	Data has been edited.	Data has been edited.
data_field	ข้อมูล	Data	数据	データ	ទិន្នន័យ	데이터	ຂໍ້ມູນ	ဒေတာ	Dữ liệu	Data	Data	Data
data_filter	ตัวกรองข้อมูล	Data Filter	Data Filter	Data Filter	Data Filter	Data Filter	Data Filter	Data Filter	Data Filter	Data Filter	Data Filter	Data Filter
data_has_been_modified	ข้อมูลมีการเปลี่ยนแปลง	Data Has Been Modified	数据已修改	データが変更されました	ទិន្នន័យត្រូវបានកែប្រែ	데이터가 수정되었습니다	ຂໍ້ມູນມີການປ່ຽນແປງ	ဒေတာကို ပြင်ဆင်ပြီးပါပြီ	Dữ liệu đã được thay đổi	Data Has Been Modified	Data Has Been Modified	Data Has Been Modified
data_transfer_started	เริ่มโอนข้อมูลแล้ว	Data transfer started	数据传输已开始	データ転送を開始しました	ការផ្ទេរទិន្នន័យបានចាប់ផ្តើម	데이터 전송이 시작되었습니다	ເລີ່ມໂອນຂໍ້ມູນແລ້ວ	ဒေတာလွှဲပြောင်းခြင်း စတင်ပြီ	Đã bắt đầu chuyển dữ liệu	Data transfer started	Data transfer started	Data transfer started
data_uploaded	ยกเลิกไฟล์นำเข้า	Cancel Import File	取消导入文件	インポートファイルをキャンセル	បោះបង់ឯកសារនាំចូល	가져오기 파일 취소	ຍົກເລີກໄຟລ໌ນຳເຂົ້າ	တင်သွင်းဖိုင်ကို ပယ်ဖျက်ပါ	Hủy tệp nhập	Cancel Import File	Cancel Import File	Cancel Import File
database_master_info.creditor	เจ้าหนี้ (creditor)	Creditor	债权人 (creditor)	債権者 (creditor)	ម្ចាស់បំណុល (creditor)	채권자 (creditor)	ເຈົ້າໜີ້ (creditor)	ကြွေးရှင် (creditor)	Chủ nợ (creditor)	Creditor	Creditor	Creditor
database_master_info.customer	ลูกค้า (customer)	Customer	客户 (customer)	顧客 (customer)	អតិថិជន (customer)	고객 (customer)	ລູກຄ້າ (customer)	ဖောက်သည် (customer)	Khách hàng (customer)	Customer	Customer	Customer
database_master_info.data_by_type	ข้อมูลตามประเภท	Data by Type	按类型分类数据	タイプ別データ	ទិន្នន័យតាមប្រភេទ	유형별 데이터	ຂໍ້ມູນຕາມປະເພດ	အမျိုးအစားအလိုက်ဒေတာ	Dữ liệu theo loại	Data by Type	Data by Type	Data by Type
database_master_info.data_type	ประเภทข้อมูล	Data Type	数据类型	データ型	ប្រភេទទិន្នន័យ	데이터 유형	ປະເພດຂໍ້ມູນ	ဒေတာအမျိုးအစား	Loại dữ liệu	Data Type	Data Type	Data Type
database_master_info.debtor	ลูกหนี้ (debtor)	Debtor	债务人 (debtor)	債務者 (debtor)	កម្ចីប្រាក់ (debtor)	채무자 (debtor)	ລູກໜີ້ (debtor)	ကြွေးရှင် (debtor)	Người nợ (debtor)	Debtor	Debtor	Debtor
database_master_info.doc	เอกสาร (doc)	Document	文档 (doc)	文書 (doc)	ឯកសារ (doc)	문서 (doc)	ເອກະສານ (doc)	စာရွက်စာတမ်း (doc)	Tài liệu (doc)	Document	Document	Document
database_master_info.docdetail	รายละเอียดเอกสาร (docdetail)	Document Detail	文档详细信息 (docdetail)	文書詳細 (docdetail)	ព័ត៌មានលម្អិតឯកសារ (docdetail)	문서 세부정보 (docdetail)	ລາຍລະອຽດເອກະສານ (docdetail)	စာရွက်စာတမ်းအသေးစိတ် (docdetail)	Chi tiết tài liệu (docdetail)	Document Detail	Document Detail	Document Detail
database_master_info.ic_shelf	ชั้นวางสินค้า (ic_shelf)	Shelf	货架 (ic_shelf)	棚 (ic_shelf)	ធ្នើ (ic_shelf)	선반 (ic_shelf)	ຊັ້ນວາງສິນຄ້າ (ic_shelf)	စင် (ic_shelf)	Kệ hàng (ic_shelf)	Shelf	Shelf	Shelf
database_master_info.ic_warehouse	คลังสินค้า (ic_warehouse)	Warehouse	仓库 (ic_warehouse)	倉庫 (ic_warehouse)	ឃ្លាំង (ic_warehouse)	창고 (ic_warehouse)	ຄັງສິນຄ້າ (ic_warehouse)	ဂိုဒေါင် (ic_warehouse)	Kho hàng (ic_warehouse)	Warehouse	Warehouse	Warehouse
database_master_info.item_count	จำนวนรายการ	Item Count	项目数	項目数	ចំនួនធាតុ	항목 수	ຈໍານວນລາຍການ	ပစ္စည်းအရေအတွက်	Số lượng mục	Item Count	Item Count	Item Count
database_master_info.product	สินค้า (product)	Product	产品 (product)	製品 (product)	ផលិតផល (product)	제품 (product)	ສິນຄ້າ (product)	ထုတ်ကုန် (product)	Sản phẩm (product)	Product	Product	Product
database_master_info.productbarcode	บาร์โค้ดสินค้า (productbarcode)	Product Barcode	产品条码 (productbarcode)	製品バーコード (productbarcode)	បាកូដផលិតផល (productbarcode)	제품 바코드 (productbarcode)	ບາໂຄດສິນຄ້າ (productbarcode)	ထုတ်ကုန်ဘားကုဒ် (productbarcode)	Mã vạch sản phẩm (productbarcode)	Product Barcode	Product Barcode	Product Barcode
database_master_info.refresh	รีเฟรช	Refresh	刷新	更新	ផ្ទុកឡើងវិញ	새로고침	ໂຫຼດໃໝ່	ပြန်လည်စတင်ရန်	Làm mới	Refresh	Refresh	Refresh
date	วันที่	Date	日期	日付	កាលបរិច្ឆេទ	날짜	ວັນທີ	ရက်စွဲ	Ngày	Date	Date	Date
date_format	รูปแบบวันที่	Date Format	日期格式	日付形式	ទម្រង់កាលបរិច្ឆេទ	날짜 형식	ຮູບແບບວັນທີ	ရက်စွဲပုံစံ	Định dạng ngày	Date Format	Date Format	Date Format
date_information	ข้อมูลวันที่	Date Information	日期信息	日付情報	ព័ត៌មានកាលបរិច្ឆេទ	날짜 정보	ຂໍ້ມູນວັນທີ	ရက်စွဲအချက်အလက်	Thông tin ngày tháng	Date Information	Date Information	Date Information
date_out_of_range	วันที่ต้องอยู่ในช่วง	Date must be in range	Date must be in range	Date must be in range	Date must be in range	Date must be in range	Date must be in range	Date must be in range	Date must be in range	Date must be in range	Date must be in range	Date must be in range
date_range	ช่วงวันที่	Date Range	日期范围	日付範囲	ចន្លោះកាលបរិច្ឆេទ	날짜 범위	ຊ່ວງວັນທີ	ရက်စွဲအပိုင်းအခြား	Khoảng ngày	Date Range	Date Range	Date Range
date_range_must_not_exceed_1_year	ช่วงวันที่ต้องไม่เกิน 1 ปี	Date range must not exceed 1 year	日期范围不得超过1年	日付範囲は1年を超えてはいけません	ចន្លោះកាលបរិច្ឆេទមិនត្រូវលើសពី ១ ឆ្នាំ	날짜 범위는 1년을 초과할 수 없습니다	ຊ່ວງວັນທີຕ້ອງບໍ່ເກີນ 1 ປີ	ရက်စွဲအပိုင်းအခြားသည် ၁ နှစ်ထက် မကျော်လွန်ရ	Khoảng ngày không được vượt quá 1 năm	Date range must not exceed 1 year	Date range must not exceed 1 year	Date range must not exceed 1 year
date_time_section	วันที่/เวลา	Date/Time Section	日期/时间	日時セクション	ផ្នែកកាលបរិច្ឆេទ/ម៉ោង	날짜/시간 섹션	ສ່ວນວັນທີ/ເວລາ	ရက်စွဲ/အချိန်အပိုင်း	Ngày/Giờ	Date/Time Section	Date/Time Section	Date/Time Section
day	วัน	Day	天	日	ថ្ងៃ	일	ວັນ	ရက်	Ngày	Day	Day	Day
day_of_week	วันแสดง	Show Day	显示日	表示日	បង្ហាញថ្ងៃ	표시 일	ວັນສະແດງ	ပြသသည့်နေ့	Ngày hiển thị	Show Day	Show Day	Show Day
days	วัน	Days	天	日	ថ្ងៃ	일	ວັນ	ရက်	Ngày	Days	Days	Days
days_of_week	วันในสัปดาห์	Days of Week	星期	曜日	ថ្ងៃក្នុងសប្ដាហ៍	요일	ມື້ໃນອາທິດ	ရက်သတ္တပတ်	Ngày trong tuần	Days of Week	Days of Week	Days of Week
deactivate	ปิดใช้งาน	Deactivate	停用	無効化	បិទ	비활성화	ປິດໃຊ້	ပိတ်ပါ	Vô hiệu hóa	Deactivate	Deactivate	Deactivate
dead_stock	สินค้าค้างสต็อก	Dead Stock	滞销库存	デッドストック	ស្តុកស្ទះ	사장 재고	ສິນຄ້າຄ້າງສະຕ໋ອກ	မရောင်းရကုန်ပစ္စည်း	Hàng tồn kho chết	Dead Stock	Dead Stock	Dead Stock
debit	เดบิต	debit	debit	debit	debit	debit	debit	debit	debit	debit	debit	debit
debit_note	ใบเพิ่มหนี้	Debit Note	借项通知单	デビットノート	វិក្កយបត្រឥណពន្ធ	차변 메모	ໃບເພີ່ມໜີ້	ဒက်ဘစ်မှတ်စု	Phiếu ghi nợ	Debit Note	Debit Note	Debit Note
debt_reduction_return_report	รายงานลดหนี้/รับคืน	Debt Reduction/Return Report	债务减免/退货报告	債務削減/返品レポート	របាយការណ៍កាត់បន្ថយបំណុល/ត្រឡប់	부채 감소/반품 보고서	ລາຍງານຫຼຸດໜີ້/ຮັບຄືນ	ကြွေးလျှော့ချ/ပြန်အမ်းမှုအစီရင်ခံစာ	Báo cáo giảm nợ/trả hàng	Debt Reduction/Return Report	Debt Reduction/Return Report	Debt Reduction/Return Report
debtor	ลูกหนี้	Debtor	债务人	債務者	កូនបំណុល	채무자	ລູກໜີ້	မြီစား	Con nợ	Debtor	Debtor	Debtor
debtor_code	รหัสลูกหนี้	Debtor Code	债务人代码	債務者コード	កូដកូនបំណុល	채무자 코드	ລະຫັດລູກໜີ້	မြီစားကုဒ်	Mã con nợ	Debtor Code	Debtor Code	Debtor Code
debtor_customer_name	ชื่อลูกหนี้/ลูกค้า	Debtor/Customer Name	Debtor/Customer Name	Debtor/Customer Name	Debtor/Customer Name	Debtor/Customer Name	Debtor/Customer Name	Debtor/Customer Name	Debtor/Customer Name	Debtor/Customer Name	Debtor/Customer Name	Debtor/Customer Name
debtor_data	ข้อมูลลูกหนี้	Debtor data	债务人数据	債務者データ	ទិន្នន័យកូនបំណុល	채무자 데이터	ຂໍ້ມູນລູກໜີ້	အကြွေးရှင်ဒေတာ	Dữ liệu con nợ	Debtor data	Debtor data	Debtor data
debtor_data_template	Template ข้อมูลลูกหนี้	Debtor data template	债务人数据模板	債務者データテンプレート	គំរូទិន្នន័យកូនបំណុល	채무자 데이터 템플릿	ແບບຟອມຂໍ້ມູນລູກໜີ້	အကြွေးရှင်ဒေတာပုံစံ	Mẫu dữ liệu con nợ	Debtor data template	Debtor data template	Debtor data template
debtor_group	กลุ่มลูกหนี้	Debtor Group	债务人组	債務者グループ	ក្រុមកូនបំណុល	채무자 그룹	ກຸ່ມລູກໜີ້	မြီစားအုပ်စု	Nhóm con nợ	Debtor Group	Debtor Group	Debtor Group
debtor_image	รูปภาพ	Image	图片	画像	រូបភាព	이미지	ຮູບພາບ	ပုံ	Hình ảnh	Image	Image	Image
debtor_name	ชื่อลูกหนี้	Debtor Name	债务人名称	債務者名	ឈ្មោះកូនបំណុល	채무자 이름	ຊື່ລູກໜີ້	မြီစားအမည်	Tên con nợ	Debtor Name	Debtor Name	Debtor Name
debtor_not_found	ไม่พบลูกหนี้	Debtor not found	未找到债务人	債務者が見つかりません	រកមិនឃើញកូនបំណុល	채무자를 찾을 수 없습니다	ບໍ່ພົບລູກໜີ້	အကြွေးရှင်ကို ရှာမတွေ့ပါ	Không tìm thấy con nợ	Debtor not found	Debtor not found	Debtor not found
debtor_points	แต้มลูกหนี้	Debtor Points	Debtor Points	Debtor Points	Debtor Points	Debtor Points	Debtor Points	Debtor Points	Debtor Points	Debtor Points	Debtor Points	Debtor Points
debtor_points_template	Template แต้มลูกหนี้	Debtor points template	债务人积分模板	債務者ポイントテンプレート	គំរូពិន្ទុកូនបំណុល	채무자 포인트 템플릿	ແບບຟອມແຕ້ມລູກໜີ້	အကြွေးရှင်အမှတ်ပုံစံ	Mẫu điểm con nợ	Debtor points template	Debtor points template	Debtor points template
debtor_vf	สมาชิก/ลูกหนี้	Member/Debtor	会员/债务人	会員/債務者	សមាជិក/កូនបំណុល	회원/채무자	ສະມາຊິກ/ລູກໜີ້	အဖွဲ့ဝင်/မြီစား	Thành viên/Con nợ	Member/Debtor	Member/Debtor	Member/Debtor
decimal_document	ทศนิยมมูลค่าเอกสาร	Document Amount Decimals	单据金额小数位	伝票金額小数点	ខ្ទង់ទសភាគចំនួនឯកសារ	문서금액 소수점	ທົດສະນິຍົມມູນຄ່າເອກະສານ	စာရွက်စာတမ်းပမာဏဒဿမ	Số thập phân giá trị chứng từ	Document Amount Decimals	Document Amount Decimals	Document Amount Decimals
decimal_places	ตำแหน่ง	digits	位	桁	ខ្ទង់	자리	ຕຳແໜ່ງ	ဂဏန်း	chữ số	digits	digits	digits
decimal_places_cost	จุดทศนิยม (ต้นทุน)	Decimal Places (Cost)	Decimal Places (Cost)	Decimal Places (Cost)	Decimal Places (Cost)	Decimal Places (Cost)	Decimal Places (Cost)	Decimal Places (Cost)	Decimal Places (Cost)	Decimal Places (Cost)	Decimal Places (Cost)	Decimal Places (Cost)
decimal_places_quantity	จุดทศนิยม (จำนวน)	Decimal Places (Quantity)	Decimal Places (Quantity)	Decimal Places (Quantity)	Decimal Places (Quantity)	Decimal Places (Quantity)	Decimal Places (Quantity)	Decimal Places (Quantity)	Decimal Places (Quantity)	Decimal Places (Quantity)	Decimal Places (Quantity)	Decimal Places (Quantity)
decimal_places_value	จุดทศนิยม (มูลค่า)	Decimal Places (Value)	Decimal Places (Value)	Decimal Places (Value)	Decimal Places (Value)	Decimal Places (Value)	Decimal Places (Value)	Decimal Places (Value)	Decimal Places (Value)	Decimal Places (Value)	Decimal Places (Value)	Decimal Places (Value)
decimal_price	ทศนิยมมูลค่าสินค้า	Price Decimals	单价小数位	単価小数点	ខ្ទង់ទសភាគតម្លៃ	단가 소수점	ທົດສະນິຍົມລາຄາ	စျေးနှုန်းဒဿမ	Số thập phân đơn giá	Price Decimals	Price Decimals	Price Decimals
decimal_quantity	ทศนิยมจำนวนสินค้า	Quantity Decimals	数量小数位	数量小数点	ខ្ទង់ទសភាគចំនួន	수량 소수점	ທົດສະນິຍົມຈຳນວນ	အရေအတွက်ဒဿမ	Số thập phân số lượng	Quantity Decimals	Quantity Decimals	Quantity Decimals
decimal_settings	ตั้งค่าทศนิยม	Decimal Places Settings	小数位设置	小数点以下の設定	ការកំណត់ខ្ទង់ទសភាគ	소수점 설정	ການຕັ້ງຄ່າທົດສະນິຍົມ	ဒဿမကိန်းသတ်မှတ်ချက်	Cài đặt số thập phân	Decimal Places Settings	Decimal Places Settings	Decimal Places Settings
decrease	ปรับปรุงสต๊อกลด	Decrease	Decrease	Decrease	Decrease	Decrease	Decrease	Decrease	Decrease	Decrease	Decrease	Decrease
decrease_font_size	ลดขนาดตัวอักษร	Decrease font size	减小字体大小	フォントサイズを縮小	បន្ថយទំហំអក្សរ	글꼴 크기 줄이기	ຫຼຸດຂະໜາດຕົວອັກສອນ	စာလုံးအရွယ်အစားလျှော့ရန်	Giảm cỡ chữ	Decrease font size	Decrease font size	Decrease font size
dedebi_sales_report	รายงานยอดขาย Dedebi	Dedebi Sales Report	Dedebi 销售报告	Dedebi 売上レポート	របាយការណ៍លក់ Dedebi	Dedebi 판매 보고서	ລາຍງານຍອດຂາຍ Dedebi	Dedebi ရောင်းအားအစီရင်ခံစာ	Báo cáo bán hàng Dedebi	Dedebi Sales Report	Dedebi Sales Report	Dedebi Sales Report
deduct_advance_payment	ตัดเงินล่วงหน้า	Deduct Advance Payment	扣除预付款	前払金を差し引く	កាត់ប្រាក់បុរេបង់	선급금 차감	ຕັດเงินລ່ວງໜ້າ	ကြိုတင်ငွေ နုတ်ယူပါ	Khấu trừ tiền ứng trước	Deduct Advance Payment	Deduct Advance Payment	Deduct Advance Payment
deduct_deposit	ตัดเงินมัดจำ	Deduct Deposit	扣除定金	デポジットを差し引く	កាត់ប្រាក់កក់	보증금 차감	ຕັດເງິນມັດຈຳ	အပ်ငွေ နုတ်ယူပါ	Khấu trừ tiền đặt cọc	Deduct Deposit	Deduct Deposit	Deduct Deposit
default_language	ภาษาเริ่มต้น	Default Language	默认语言	デフォルト言語	ភាសាលំនាំដើម	기본 언어	ພາສາເລີ່ມຕົ້ນ	ပုံသေဘာသာစကား	Ngôn ngữ mặc định	Default Language	Default Language	Default Language
default_warehouse	คลังหลัก	Main Warehouse	主仓库	メイン倉庫	ឃ្លាំងមេ	기본 창고	ສາງຫຼັກ	ပင်မဂိုဒေါင်	Kho chính	Main Warehouse	Main Warehouse	Main Warehouse
delete	ลบ	delete	删除	削除	លុប	삭제	ລົບ	ဖျက်	Xóa	delete	delete	delete
delete_addon_option	ลบตัวเลือกเสริม	Delete Add-on Option	删除附加选项	追加オプションを削除	លុបជម្រើសបន្ថែម	추가 옵션 삭제	ລຶບຕົວເລືອກເສີມ	ထပ်တိုးရွေးချယ်မှုကို ဖျက်ပါ	Xóa tùy chọn bổ sung	Delete Add-on Option	Delete Add-on Option	Delete Add-on Option
delete_api_key_confirmation	ต้องการลบ API Key นี้หรือไม่? การดำเนินการนี้ไม่สามารถย้อนกลับได้	Are you sure you want to delete this API key? This action cannot be undone.	确定要删除此 API 密钥吗？此操作无法撤销。	この API キーを削除してもよろしいですか？この操作は元に戻せません。	តើអ្នកប្រាកដថាចង់លុបសោ API នេះមែនទេ? សកម្មភាពនេះមិនអាចត្រឡប់វិញបានទេ។	이 API 키를 삭제하시겠습니까? 이 작업은 취소할 수 없습니다.	ທ່ານແນ່ໃຈບໍ່ວ່າຕ້ອງການລຶບກະແຈ API ນີ້? ການກະທຳນີ້ບໍ່ສາມາດຍົກເລີກໄດ້.	ဤ API သော့ကို ဖျက်လိုသည်မှာ သေချာပါသလား? ဤလုပ်ဆောင်ချက်ကို ပြန်မလုပ်နိုင်ပါ။	Bạn có chắc muốn xóa khóa API này? Hành động này không thể hoàn tác.	Are you sure you want to delete this API key? This action cannot be undone.	Are you sure you want to delete this API key? This action cannot be undone.	Are you sure you want to delete this API key? This action cannot be undone.
delete_cannot_undo	การลบนี้ไม่สามารถย้อนกลับได้	This deletion cannot be undone	此删除操作无法撤销	この削除は元に戻せません	ការលុបនេះមិនអាចត្រឡប់វិញបានទេ	이 삭제는 되돌릴 수 없습니다	ການລຶບນີ້ບໍ່ສາມາດຍ້ອນກັບໄດ້	ဤဖျက်မှုကို ပြန်မလုပ်နိုင်ပါ	Việc xóa này không thể hoàn tác	This deletion cannot be undone	This deletion cannot be undone	This deletion cannot be undone
delete_cart	ลบตะกร้า	Delete Cart	删除购物车	カートを削除	លុបកន្ត្រក	장바구니 삭제	ລຶບກະຕ່າ	ဈေးခြင်း ဖျက်ပါ	Xóa giỏ hàng	Delete Cart	Delete Cart	Delete Cart
delete_currency_success	ลบสกุลเงินสำเร็จ	Delete Currency Success	删除货币成功	通貨の削除に成功	លុបរូបិយប័ណ្ណជោគជ័យ	통화 삭제 성공	ລຶບສະກຸນເງິນສຳເລັດ	ငွေကြေးဖျက်ပြီးပါပြီ	Xóa tiền tệ thành công	Delete Currency Success	Delete Currency Success	Delete Currency Success
delete_cart_success	ลบตะกร้าสำเร็จ	Cart deleted successfully	购物车已成功删除	カートが削除されました	បានលុបកន្ត្រកដោយជោគជ័យ	장바구니가 삭제되었습니다	ລຶບກະຕ່າສຳເລັດ	ဈေးခြင်း ဖျက်ပြီးပါပြီ	Đã xóa giỏ hàng thành công	Cart deleted successfully	Cart deleted successfully	Cart deleted successfully
delete_confirm	ต้องการลบหรือไม่	Do you want to delete?	您确定要删除吗？	削除しますか？	តើអ្នកចង់លុបទេ?	삭제하시겠습니까?	ຕ້ອງການລຶບບໍ່?	ဖျက်လိုပါသလား	Bạn có muốn xóa không?	Do you want to delete?	Do you want to delete?	Do you want to delete?
delete_dimension_detail	ลบรายละเอียดมิติ	Delete Dimension Detail	删除维度详情	次元詳細を削除	លុបព័ត៌មានលម្អិតវិមាត្រ	차원 세부 정보 삭제	ລຶບລາຍລະອຽດມິຕິ	အတိုင်းအတာအသေးစိတ်ကို ဖျက်ပါ	Xóa chi tiết kích thước	Delete Dimension Detail	Delete Dimension Detail	Delete Dimension Detail
delete_exchange_rate_success	ลบอัตราแลกเปลี่ยนสำเร็จ	Exchange rate deleted successfully	汇率删除成功	為替レートの削除に成功しました	លុបអត្រាប្តូរប្រាក់ជោគជ័យ	환율이 성공적으로 삭제되었습니다	ລຶບອັດຕາແລກປ່ຽນສຳເລັດ	ငွေလဲနှုန်းအောင်မြင်စွာဖျက်ပြီး	Xóa tỷ giá thành công	Exchange rate deleted successfully	Exchange rate deleted successfully	Exchange rate deleted successfully
delete_failed	ลบไม่สำเร็จ	Delete failed	删除失败	削除に失敗しました	លុបបរាជ័យ	삭제 실패	ລຶບບໍ່ສໍາເລັດ	ဖျက်မှု မအောင်မြင်ပါ	Xóa thất bại	Delete failed	Delete failed	Delete failed
delete_file	ลบไฟล์	Delete File	Delete File	Delete File	Delete File	Delete File	Delete File	Delete File	Delete File	Delete File	Delete File	Delete File
delete_file_failed	ลบไฟล์ไม่สำเร็จ	Failed to delete file	删除文件失败	ファイルの削除に失敗しました	បរាជ័យក្នុងការលុបឯកសារ	파일 삭제 실패	ລຶບໄຟລ໌ບໍ່ສຳເລັດ	ဖိုင်ဖျက်ခြင်း မအောင်မြင်ပါ	Xóa tệp không thành công	Failed to delete file	Failed to delete file	Failed to delete file
delete_file_success	ลบไฟล์สำเร็จ	File deleted successfully	File deleted successfully	File deleted successfully	File deleted successfully	File deleted successfully	File deleted successfully	File deleted successfully	File deleted successfully	File deleted successfully	File deleted successfully	File deleted successfully
delete_item	ลบรายการ	Delete item	删除项目	項目を削除	លុបធាតុ	항목 삭제	ລຶບລາຍການ	အရာဖျက်ရန်	Xóa mục	Delete item	Delete item	Delete item
delete_item_at	ลบรายการที่	Delete item at	删除项目在	項目を削除	លុបធាតុនៅ	항목 삭제	ລຶບລາຍການທີ່	အရာဖျက်ရန်	Xóa mục tại	Delete item at	Delete item at	Delete item at
delete_item_success	ลบรายการสำเร็จ	Item deleted successfully	商品已成功删除	商品が削除されました	បានលុបផលិតផលដោយជោគជ័យ	상품이 삭제되었습니다	ລຶບລາຍການສຳເລັດ	ပစ္စည်း ဖျက်ပြီးပါပြီ	Đã xóa sản phẩm thành công	Item deleted successfully	Item deleted successfully	Item deleted successfully
delete_language_confirmation	คุณต้องการลบภาษานี้หรือไม่?	Are you sure you want to delete this language?	您确定要删除此语言吗？	この言語を削除してもよろしいですか？	តើអ្នកប្រាកដថាចង់លុបភាសានេះទេ?	이 언어를 삭제하시겠습니까?	ທ່ານຕ້ອງການລົບພາສານີ້ແທ້ບໍ?	ဤဘာသာစကားကို ဖျက်လိုသည်မှာ သေချာပါသလား?	Bạn có chắc muốn xóa ngôn ngữ này không?	Are you sure you want to delete this language?	Are you sure you want to delete this language?	Are you sure you want to delete this language?
delete_multiple_failed	ลบข้อมูลหลายรายการไม่สำเร็จ	Failed to delete multiple data	删除多个数据失败	複数データの削除に失敗しました	បរាជ័យក្នុងការលុបទិន្នន័យច្រើន	여러 데이터 삭제 실패	ລຶບຂໍ້ມູນຫຼາຍລາຍການບໍ່ສຳເລັດ	ဒေတာများစွာဖျက်ခြင်းမအောင်မြင်ပါ	Xóa nhiều dữ liệu thất bại	Failed to delete multiple data	Failed to delete multiple data	Failed to delete multiple data
delete_multiple_success	ลบข้อมูลหลายรายการสำเร็จ	Deleted multiple data successfully	成功删除多个数据	複数データの削除に成功しました	លុបទិន្នន័យច្រើនដោយជោគជ័យ	여러 데이터 삭제 성공	ລຶບຂໍ້ມູນຫຼາຍລາຍການສຳເລັດ	ဒေတာများစွာဖျက်ခြင်းအောင်မြင်သည်	Xóa nhiều dữ liệu thành công	Deleted multiple data successfully	Deleted multiple data successfully	Deleted multiple data successfully
delete_own	ลบตัวเอง	Delete Own	Delete Own	Delete Own	Delete Own	Delete Own	Delete Own	Delete Own	Delete Own	Delete Own	Delete Own	Delete Own
delete_permission_success	ลบสิทธิ์สำเร็จ	Permission deleted successfully	Permission deleted successfully	Permission deleted successfully	Permission deleted successfully	Permission deleted successfully	Permission deleted successfully	Permission deleted successfully	Permission deleted successfully	Permission deleted successfully	Permission deleted successfully	Permission deleted successfully
delete_picture	ลบรูป	Delete Photo	删除照片	写真を削除	លុបរូបភាព	사진 삭제	ລຶບຮູບ	ဓာတ်ပုံဖျက်ပါ	Xóa ảnh	Delete Photo	Delete Photo	Delete Photo
delete_picture_cover	ลบรูปหน้าปก	Delete Cover Photo	删除封面照片	カバー写真を削除	លុបរូបភាពគម្រប	커버 사진 삭제	ລຶບຮູບໜ້າປົກ	မျက်နှာဖုံးဓာတ်ပုံဖျက်ပါ	Xóa ảnh bìa	Delete Cover Photo	Delete Cover Photo	Delete Cover Photo
delete_point_transaction_failed	ลบรายการไม่สำเร็จ	Failed to delete point transaction	删除积分交易失败	ポイント取引の削除に失敗しました	បរាជ័យក្នុងការលុបប្រតិបត្តិការពិន្ទុ	포인트 거래 삭제 실패	ລຶບລາຍການຄະແນນບໍ່ສຳເລັດ	အမှတ်ပေးငွေ ဖျက်ရန် မအောင်မြင်ပါ	Xóa giao dịch điểm thất bại	Failed to delete point transaction	Failed to delete point transaction	Failed to delete point transaction
delete_point_transaction_success	ลบรายการเพิ่มแต้มสำเร็จ	Point transaction deleted successfully	Point transaction deleted successfully	Point transaction deleted successfully	Point transaction deleted successfully	Point transaction deleted successfully	Point transaction deleted successfully	Point transaction deleted successfully	Point transaction deleted successfully	Point transaction deleted successfully	Point transaction deleted successfully	Point transaction deleted successfully
delete_reference_and_products	ลบเอกสารอ้างอิงและรายการสินค้าที่เกี่ยวข้องแล้ว	Deleted reference document and related products	已删除参考文档和相关产品	参照ドキュメントと関連商品を削除しました	លុបឯកសារយោងនិងផលិតផលពាក់ព័ន្ធហើយ	참조 문서 및 관련 제품을 삭제했습니다	ລຶບເອກະສານອ້າງອິງແລະລາຍການສິນຄ້າທີ່ກ່ຽວຂ້ອງແລ້ວ	ကိုးကားစာရွက်စာတမ်းနှင့် ဆက်စပ်ကုန်ပစ္စည်းများဖျက်လိုက်ပြီ	Đã xóa tài liệu tham chiếu và sản phẩm liên quan	Deleted reference document and related products	Deleted reference document and related products	Deleted reference document and related products
delete_rule	ลบกฎ	Delete Rule	删除规则	ルールを削除	លុបច្បាប់	규칙 삭제	ລຶບກົດ	စည်းမျဉ်းဖျက်ရန်	Xóa quy tắc	Delete Rule	Delete Rule	Delete Rule
delete_shelf	ลบชั้นวาง	Delete Shelf	删除货架	棚を削除	លុបធ្នើ	선반 삭제	ລຶບຊັ້ນວາງ	စင် ဖျက်ပါ	Xóa kệ	Delete Shelf	Delete Shelf	Delete Shelf
delete_sub_option	ลบตัวเลือกย่อย	Delete Sub-Option	删除子选项	サブオプションを削除	លុបជម្រើសរង	하위 옵션 삭제	ລຶບທາງເລືອກຍ່ອຍ	ခွဲရွေးချယ်မှုဖျက်ပါ	Xóa tùy chọn phụ	Delete Sub-Option	Delete Sub-Option	Delete Sub-Option
delete_success	ลบสำเร็จ	Deleted successfully	删除成功	削除に成功しました	លុបដោយជោគជ័យ	삭제 성공	ລຶບສຳເລັດ	ဖျက်မှု အောင်မြင်သည်	Xóa thành công	Deleted successfully	Deleted successfully	Deleted successfully
delete_supplement_option_data	ลบข้อมูลตัวเลือกเสริม	Delete Supplement Option Data	删除补充选项数据	追加オプションデータを削除	លុបទិន្នន័យជម្រើសបន្ថែម	추가 옵션 데이터 삭제	ລຶບຂໍ້ມູນທາງເລືອກເສີມ	ထပ်တိုးရွေးချယ်မှုအချက်အလက်ဖျက်ပါ	Xóa dữ liệu tùy chọn bổ sung	Delete Supplement Option Data	Delete Supplement Option Data	Delete Supplement Option Data
delete_this_product	ลบสินค้านี้	Delete This Product	Delete This Product	Delete This Product	Delete This Product	Delete This Product	Delete This Product	Delete This Product	Delete This Product	Delete This Product	Delete This Product	Delete This Product
delete_this_rule	ลบกฎนี้	Delete This Rule	Delete This Rule	Delete This Rule	Delete This Rule	Delete This Rule	Delete This Rule	Delete This Rule	Delete This Rule	Delete This Rule	Delete This Rule	Delete This Rule
delete_this_type	ลบประเภทนี้	Delete This Type	Delete This Type	Delete This Type	Delete This Type	Delete This Type	Delete This Type	Delete This Type	Delete This Type	Delete This Type	Delete This Type	Delete This Type
deleted	ลบแล้ว	Deleted	Deleted	Deleted	Deleted	Deleted	Deleted	Deleted	Deleted	Deleted	Deleted	Deleted
deleting_data	กำลังลบข้อมูล...	Deleting data...	正在删除数据...	データを削除中...	កំពុងលុបទិន្នន័យ...	데이터 삭제 중...	ກຳລັງລຶບຂໍ້ມູນ...	ဒေတာဖျက်နေသည်...	Đang xóa dữ liệu...	Deleting data...	Deleting data...	Deleting data...
deleting_items	กำลังลบรายการ...	Deleting items...	Deleting items...	Deleting items...	Deleting items...	Deleting items...	Deleting items...	Deleting items...	Deleting items...	Deleting items...	Deleting items...	Deleting items...
deleting_multiple_data	กำลังลบข้อมูลหลายรายการ...	Deleting multiple items...	正在删除多个项目...	複数の項目を削除中...	កំពុងលុបធាតុច្រើន...	여러 항목 삭제 중...	ກຳລັງລຶບຂໍ້ມູນຫຼາຍລາຍການ...	အရာများစွာဖျက်နေသည်...	Đang xóa nhiều mục...	Deleting multiple items...	Deleting multiple items...	Deleting multiple items...
delivery	เดลิเวอรี่	Delivery	外卖	デリバリー	ដឹកជញ្ជូន	배달	ເດລິເວີຣີ	အိမ်အရောက်ပို့	Giao hàng	Delivery	Delivery	Delivery
delivery_note	ใบส่งของ	Delivery Note	送货单	納品書	ប័ណ្ណដឹកជញ្ជូន	배송장	ໃບສົ່ງເຄື່ອງ	ပို့ဆောင်လွှာ	Phiếu giao hàng	Delivery Note	Delivery Note	Delivery Note
department	แผนก	Department	部门	部署	នាយកដ្ឋាន	부서	ພະແນກ	ဌာန	Phòng ban	Department	Department	Department
department_code	รหัสแผนก	Department Code	部门代码	部署コード	កូដនាយកដ្ឋាន	부서 코드	ລະຫັດພະແນກ	ဌာနကုဒ်	Mã phòng ban	Department Code	Department Code	Department Code
department_hint	เช่น IT, บัญชี, จัดซื้อ	e.g., IT, Accounting, Purchasing	如IT、会计、采购	例：IT、経理、購買	ឧ. IT, គណនេយ្យ, ផ្គត់ផ្គង់	예: IT, 회계, 구매	ເຊັ່ນ IT, ບັນຊີ, ຈັດຊື້	ဥပမာ IT, စာရင်းကိုင်, ဝယ်ယူရေး	Ví dụ: IT, Kế toán, Mua hàng	e.g., IT, Accounting, Purchasing	e.g., IT, Accounting, Purchasing	e.g., IT, Accounting, Purchasing
department_manager	ผู้จัดการฝ่าย	Department Manager	Department Manager	Department Manager	Department Manager	Department Manager	Department Manager	Department Manager	Department Manager	Department Manager	Department Manager	Department Manager
department_name	ชื่อแผนก	Department Name	部门名称	部署名	ឈ្មោះនាយកដ្ឋាន	부서 이름	ຊື່ພະແນກ	ဌာနအမည်	Tên phòng ban	Department Name	Department Name	Department Name
deposit	เงินมัดจำ	Deposit	定金	デポジット	ប្រាក់កក់	보증금	ເງິນມັດຈຳ	အပ်ငွေ	Tiền đặt cọc	Deposit	Deposit	Deposit
deposit_amount	ยอดมัดจำ	Deposit Amount	定金金额	預り金額	ចំនួនប្រាក់កក់	보증금 금액	ຈຳນວນເງິນມັດຈຳ	အပ်ငွေပမာဏ	Số tiền đặt cọc	Deposit Amount	Deposit Amount	Deposit Amount
deposit_deduction_exceed	ยอดตัดมัดจำไม่สามารถเกินยอดมัดจำ	Deposit deduction cannot exceed deposit amount	定金扣除不能超过定金金额	預り金控除は預り金額を超えることはできません	ការកាត់ប្រាក់កក់មិនអាចលើសពីចំនួនប្រាក់កក់	보증금 공제는 보증금 금액을 초과할 수 없습니다	ການຫັກເງິນມັດຈຳບໍ່ສາມາດເກີນຈຳນວນເງິນມັດຈຳ	အပ်ငွေနုတ်ယူမှုသည် အပ်ငွေပမာဏထက် မကျော်ရ	Khấu trừ đặt cọc không được vượt quá số tiền đặt cọc	Deposit deduction cannot exceed deposit amount	Deposit deduction cannot exceed deposit amount	Deposit deduction cannot exceed deposit amount
deposit_deduction_label	ยอดตัดมัดจำ	Deposit Deduction	定金扣除	預り金控除	កាត់ប្រាក់កក់	보증금 공제	ຫັກເງິນມັດຈຳ	အပ်ငွေနုတ်ယူ	Khấu trừ đặt cọc	Deposit Deduction	Deposit Deduction	Deposit Deduction
deposit_docno	เลขที่มัดจำ	Deposit No.	定金编号	預り金番号	លេខប្រាក់កក់	보증금 번호	ເລກທີ່ມັດຈຳ	အပ်ငွေနံပါတ်	Số đặt cọc	Deposit No.	Deposit No.	Deposit No.
dept_head	หัวหน้าแผนก	Department Head	Department Head	Department Head	Department Head	Department Head	Department Head	Department Head	Department Head	Department Head	Department Head	Department Head
desc	เรียงจากมากไปน้อย	Descending	降序	降順	ចុះ	내림차순	ລຽງຈາກຫຼາຍໄປຫາໜ້ອຍ	အများမှအနည်းသို့စီပါ	Giảm dần	Descending	Descending	Descending
desciption	คำอธิบายเอกสาร	Document Description	文档描述	文書の説明	ការពិពណ៌នាឯកសារ	문서 설명	ຄຳອະທິບາຍເອກະສານ	စာရွက်စာတမ်းဖော်ပြချက်	Mô tả tài liệu	Document Description	Document Description	Document Description
description	รายละเอียด	Description	详情	詳細	ព័ត៌មានលម្អិត	상세	ລາຍລະອຽດ	အသေးစိတ်	Chi tiết	Description	Description	Description
description_1	รายละเอียด 1	Description 1	描述 1	説明 1	ការពិពណ៌នា 1	설명 1	ລາຍລະອຽດ 1	ဖော်ပြချက် 1	Mô tả 1	Description 1	Description 1	Description 1
description_2	รายละเอียด 2	Description 2	描述 2	説明 2	ការពិពណ៌នា 2	설명 2	ລາຍລະອຽດ 2	ဖော်ပြချက် 2	Mô tả 2	Description 2	Description 2	Description 2
description_3	รายละเอียด 3	Description 3	描述 3	説明 3	ការពិពណ៌នា 3	설명 3	ລາຍລະອຽດ 3	ဖော်ပြချက် 3	Mô tả 3	Description 3	Description 3	Description 3
description_4	รายละเอียด 4	Description 4	描述 4	説明 4	ការពិពណ៌នា 4	설명 4	ລາຍລະອຽດ 4	ဖော်ပြချက် 4	Mô tả 4	Description 4	Description 4	Description 4
description_5	รายละเอียด 5	Description 5	描述 5	説明 5	ការពិពណ៌នា 5	설명 5	ລາຍລະອຽດ 5	ဖော်ပြချက် 5	Mô tả 5	Description 5	Description 5	Description 5
description_optional	คำอธิบาย (ไม่บังคับ)	Description (Optional)	Description (Optional)	Description (Optional)	Description (Optional)	Description (Optional)	Description (Optional)	Description (Optional)	Description (Optional)	Description (Optional)	Description (Optional)	Description (Optional)
description_required	คำอธิบาย	Description	Description	Description	Description	Description	Description	Description	Description	Description	Description	Description
description_section	รายละเอียด	Description Section	描述	説明セクション	ផ្នែកការពិពណ៌នា	설명 섹션	ສ່ວນລາຍລະອຽດ	ဖော်ပြချက်အပိုင်း	Mô tả	Description Section	Description Section	Description Section
deselect_all_locations	ไม่เลือกที่เก็บสินค้าทั้งหมด	Deselect All Locations	取消选择所有位置	すべての場所の選択を解除	ដកការជ្រើសរើសទីតាំងទាំងអស់	모든 위치 선택 해제	ບໍ່ເລືອກສະຖານທີ່ທັງໝົດ	တည်နေရာအားလုံးကို ရွေးချယ်မှုပယ်ဖျက်ပါ	Bỏ chọn tất cả vị trí	Deselect All Locations	Deselect All Locations	Deselect All Locations
deselect_all_warehouses	ไม่เลือกคลังสินค้าทั้งหมด	Deselect All Warehouses	取消选择所有仓库	すべての倉庫の選択を解除	ដកការជ្រើសរើសឃ្លាំងទាំងអស់	모든 창고 선택 해제	ບໍ່ເລືອກຄັງສິນຄ້າທັງໝົດ	ဂိုဒေါင်အားလုံးကို ရွေးချယ်မှုပယ်ဖျက်ပါ	Bỏ chọn tất cả kho hàng	Deselect All Warehouses	Deselect All Warehouses	Deselect All Warehouses
deselect_category	ยกเลิกหมวด	Deselect Category	Deselect Category	Deselect Category	Deselect Category	Deselect Category	Deselect Category	Deselect Category	Deselect Category	Deselect Category	Deselect Category	Deselect Category
design	รูปทรง	Shape	形状	形状	រាង	모양	ຮູບຊົງ	ပုံသဏ္ဍာန်	Hình dạng	Shape	Shape	Shape
design_code	รหัสรูปทรง	Shape Code	形状代码	形状コード	កូដរាង	모양 코드	ລະຫັດຮູບຊົງ	ပုံသဏ္ဍာန်ကုဒ်	Mã hình dạng	Shape Code	Shape Code	Shape Code
design_codes	รหัสดีไซน์	Design Code	设计代码	デザインコード	កូដរចនា	디자인 코드	ລະຫັດດີໄຊ	ဒီဇိုင်းကုဒ်	Mã thiết kế	Design Code	Design Code	Design Code
design_form	ออกแบบฟอร์ม	Design Form	设计表单	フォームを設計	រចនាទម្រង់	양식 디자인	ອອກແບບຟອມ	ပုံစံဒီဇိုင်း	Thiết kế biểu mẫu	Design Form	Design Form	Design Form
design_name	ชื่อรูปทรง	Shape Name	形状名称	形状名	ឈ្មោះរាង	모양 이름	ຊື່ຮູບຊົງ	ပုံသဏ္ဍာန်အမည်	Tên hình dạng	Shape Name	Shape Name	Shape Name
destination	ปลายทาง	Destination	目的地	送り先	គោលដៅ	목적지	ປາຍທາງ	ဦးတည်ရာ	Đích đến	Destination	Destination	Destination
destination_dev	ปลายทาง (DEV)	Destination (DEV)	目标（DEV）	宛先（DEV）	គោលដៅ (DEV)	대상 (DEV)	ປາຍທາງ (DEV)	ဦးတည်ရာ (DEV)	Đích (DEV)	Destination (DEV)	Destination (DEV)	Destination (DEV)
detail	รายละเอียด	Details	细节	詳細	ព័ត៌មានលម្អិត	상세	ລາຍລະອຽດ	အသေးစိတ်	Chi tiết	Details	Details	Details
detail_discount_formula	ส่วนลดก่อนชำระเงิน	Discount before payment	付款前折扣	支払前の割引	បញ្ចុះតម្លៃមុនពេលទូទាត់	결제 전 할인	ສ່ວນຫຼຸດກ່ອນຈ່າຍເງິນ	ငွေမချေမီ လျှော့စျေး	Giảm giá trước khi thanh toán	Discount before payment	Discount before payment	Discount before payment
detail_total_amount	ยอดรวมก่อนหักส่วนลดท้ายบิล	Total amount before bill discount	账单折扣前总金额	請求書割引前の合計金額	ចំនួនសរុបមុនពេលបញ្ចុះតម្លៃវិក្កយបត្រ	청구서 할인 전 총액	ຍອດລວມກ່ອນຫັກສ່ວນຫຼຸດທ້າຍບິນ	ဘေလ်လျှော့စျေးမတိုင်မီ စုစုပေါင်းပမာဏ	Tổng số tiền trước khi giảm giá hóa đơn	Total amount before bill discount	Total amount before bill discount	Total amount before bill discount
detail_total_discount	ส่วนลดก่อนชำระเงิน	Discount before payment	付款前折扣	支払前の割引	បញ្ចុះតម្លៃមុនពេលទូទាត់	결제 전 할인	ສ່ວນຫຼຸດກ່ອນຈ່າຍເງິນ	ငွေမချေမီ လျှော့စျေး	Giảm giá trước khi thanh toán	Discount before payment	Discount before payment	Discount before payment
detailed_balance	ยอดคงเหลือแบบละเอียด	Detailed Balance	详细余额	詳細残高	សមតុល្យលម្អិត	상세 잔액	ຍອດເຫຼືອລະອຽດ	အသေးစိတ်လက်ကျန်	Số dư chi tiết	Detailed Balance	Detailed Balance	Detailed Balance
developing	กำลังพัฒนา	Under Development	开发中	開発中	កំពុងអភិវឌ្ឍ	개발 중	ກຳລັງພັດທະນາ	ဖွံ့ဖြိုးတိုးတက်နေဆဲ	Đang phát triển	Under Development	Under Development	Under Development
device	อุปกรณ์	Device	设备	デバイス	ឧបករណ៍	장치	ອຸປະກອນ	စက်	Thiết bị	Device	Device	Device
deviceprinter	เครื่องปริ้นท์	Printer	打印机	プリンター	ម៉ាស៊ីនបោះពុម្ព	프린터	ເຄື່ອງພິມ	ပရင်တာ	Máy in	Printer	Printer	Printer
devices	อุปกรณ์	Devices	设备	デバイス	ឧបករណ៍	장치	ອຸປະກອນ	စက်များ	Thiết bị	Devices	Devices	Devices
devices_code	รหัสอุปกรณ์	Device Code	设备代码	デバイスコード	កូដឧបករណ៍	장치 코드	ລະຫັດອຸປະກອນ	စက်ကုဒ်	Mã thiết bị	Device Code	Device Code	Device Code
devices_name	ชื่่ออุปกรณ์	Device Name	设备名称	デバイス名	ឈ្មោះឧបករណ៍	장치 이름	ຊື່ອຸປະກອນ	စက်အမည်	Tên thiết bị	Device Name	Device Name	Device Name
dimension	มิติ	Dimension	维度	ディメンション	វិមាត្រ	차원	ມິຕິ	အတိုင်းအတာ	Chiều	Dimension	Dimension	Dimension
dimension_code	รหัสมิติ	Dimension Code	维度代码	次元コード	កូដវិមាត្រ	차원 코드	ລະຫັດມິຕິ	အတိုင်းအတာကုဒ်	Mã kích thước	Dimension Code	Dimension Code	Dimension Code
dimension_detail	รายละเอียดมิติ	Dimension Details	维度详情	次元詳細	ព័ត៌មានលម្អិតវិមាត្រ	차원 세부 정보	ລາຍລະອຽດມິຕິ	အတိုင်းအတာအသေးစိတ်	Chi tiết kích thước	Dimension Details	Dimension Details	Dimension Details
dimension_name	ชื่อมิติ	Dimension Name	维度名称	次元名	ឈ្មោះវិមាត្រ	차원 이름	ຊື່ມິຕິ	အတိုင်းအတာအမည်	Tên kích thước	Dimension Name	Dimension Name	Dimension Name
dimension_search	ค้นหามิติ	Search Dimension	搜索维度	次元を検索	ស្វែងរកវិមាត្រ	차원 검색	ຄົ້ນຫາມິຕິ	အတိုင်းအတာရှာဖွေပါ	Tìm kiếm kích thước	Search Dimension	Search Dimension	Search Dimension
dimensions	มิติ	Dimensions	维度	ディメンション	វិមាត្រ	치수	ມິຕິ	အတိုင်းအတာများ	Kích thước	Dimensions	Dimensions	Dimensions
director	ผู้อำนวยการ	Director	Director	Director	Director	Director	Director	Director	Director	Director	Director	Director
disabled	ปิดใช้งาน	Disabled	Disabled	Disabled	Disabled	Disabled	Disabled	Disabled	Disabled	Disabled	Disabled	Disabled
disabled_currency_not_shown	สกุลเงินที่ปิดใช้งานไม่แสดง	Disabled Currency Not Shown	已停用的货币不显示	無効な通貨は表示されません	រូបិយប័ណ្ណដែលបិទមិនបង្ហាញ	비활성화된 통화는 표시되지 않음	ສະກຸນເງິນທີ່ປິດບໍ່ສະແດງ	ပိတ်ထားသောငွေကြေးကိုမပြပါ	Tiền tệ bị vô hiệu không hiển thị	Disabled Currency Not Shown	Disabled Currency Not Shown	Disabled Currency Not Shown
disciption	หมายเหตุ	Note	备注	備考	កំណត់ចំណាំ	비고	ໝາຍເຫດ	မှတ်ချက်	Ghi chú	Note	Note	Note
discount	ส่วนลด	Discount	折扣	割引	បញ្ចុះតម្លៃ	할인	ສ່ວນຫຼຸດ	လျှော့စျေး	Giảm giá	Discount	Discount	Discount
discount_amount	มูลค่าส่วนลด	Discount Amount	折扣金额	割引額	ចំនួនបញ្ចុះតម្លៃ	할인 금액	ມູນຄ່າສ່ວນຫຼຸດ	လျှော့စျေးပမာဏ	Số tiền giảm giá	Discount Amount	Discount Amount	Discount Amount
discount_and_promoiton	รายการส่วนลด/โปรโมชั่น	Discount/Promotion List	折扣/促销列表	割引/プロモーションリスト	បញ្ជីបញ្ចុះតម្លៃ/ប្រូម៉ូសិន	할인/프로모션 목록	ລາຍການສ່ວນຫຼຸດ/ໂປໂມຊັ່ນ	လျှော့စျေး/ပရိုမိုးရှင်းစာရင်း	Danh sách giảm giá/khuyến mãi	Discount/Promotion List	Discount/Promotion List	Discount/Promotion List
discount_bill	ส่วนลดท้ายบิล	Bill Discount	账单折扣	請求書割引	បញ្ចុះតម្លៃវិក្កយបត្រ	청구서 할인	ສ່ວນຫຼຸດທ້າຍບິນ	ဘေလ်လျှော့စျေး	Giảm giá hóa đơn	Bill Discount	Bill Discount	Bill Discount
discount_cancel	ยกเลิกส่วนลด	Cancel Discount	取消折扣	割引をキャンセル	បោះបង់ការបញ្ចុះតម្លៃ	할인 취소	ຍົກເລີກສ່ວນຫຼຸດ	လျှော့စျေးပယ်ဖျက်ပါ	Hủy giảm giá	Cancel Discount	Cancel Discount	Cancel Discount
discount_cant_more_than_value	ส่วนลดเเพงกว่าราคาขาย	Discount cannot exceed value	折扣不能超过价值	割引は価値を超えることはできません	ការបញ្ចុះតម្លៃមិនអាចលើសពីតម្លៃបានទេ	할인은 가치를 초과할 수 없습니다	ສ່ວນຫຼຸດບໍ່ສາມາດເກີນມູນຄ່າໄດ້	လျှော့စျေးသည် တန်ဖိုးထက် မကျော်လွန်နိုင်ပါ	Giảm giá không thể vượt quá giá trị	Discount cannot exceed value	Discount cannot exceed value	Discount cannot exceed value
discount_from_coupon	ส่วนลดจากคูปอง	Discount from Coupon	优惠券折扣	クーポン割引	បញ្ចុះតម្លៃពីកូប៉ុង	쿠폰 할인	ສ່ວນລົດຈາກຄູປອງ	ကူပွန်မှလျှော့ချ	Giảm giá từ phiếu	Discount from Coupon	Discount from Coupon	Discount from Coupon
discount_from_points	ส่วนลดจากแต้ม	Discount from Points	积分折扣	ポイント割引	បញ្ចុះតម្លៃពីពិន្ទុ	포인트 할인	ສ່ວນລົດຈາກແຕ້ມ	ပွိုင့်များမှလျှော့ချ	Giảm giá từ điểm	Discount from Points	Discount from Points	Discount from Points
discount_must_be_between_0_100	ส่วนลดต้องอยู่ระหว่าง 0-100	Discount must be between 0-100	折扣必须在0-100之间	割引は0-100の間である必要があります	ការបញ្ចុះតម្លៃត្រូវនៅចន្លោះ 0-100	할인율은 0-100 사이여야 합니다	ສ່ວນຫຼຸດຕ້ອງຢູ່ລະຫວ່າງ 0-100	လျှော့စျေးသည် 0-100 ကြား ဖြစ်ရပါမည်	Chiết khấu phải từ 0-100	Discount must be between 0-100	Discount must be between 0-100	Discount must be between 0-100
discount_over_max_discount	ส่วนลดเกินที่กำหนด	Discount exceeds limit	折扣超过限额	割引が制限を超えています	ការបញ្ចុះតម្លៃលើសពីដែនកំណត់	할인이 한도를 초과했습니다	ສ່ວນຫຼຸດເກີນກຳນົດ	လျှော့စျေး ကန့်သတ်ချက်ကျော်လွန်	Giảm giá vượt quá giới hạn	Discount exceeds limit	Discount exceeds limit	Discount exceeds limit
discount_percent	เปอร์เซ็นต์ส่วนลด	Discount Percentage	折扣百分比	割引率	ភាគរយបញ្ចុះតម្លៃ	할인 퍼센트	ເປີເຊັນສ່ວນຫຼຸດ	လျှော့စျေးရာခိုင်နှုန်း	Phần trăm giảm giá	Discount Percentage	Discount Percentage	Discount Percentage
discount_plus	ลดอีก	Additional Discount	额外折扣	追加割引	បញ្ចុះតម្លៃបន្ថែម	추가 할인	ສ່ວນຫຼຸດເພີ່ມເຕີມ	ထပ်ဆောင်းလျှော့စျေး	Giảm giá thêm	Additional Discount	Additional Discount	Additional Discount
discount_text	ข้อความส่วนลด	Discount Text	折扣文本	割引テキスト	អត្ថបទបញ្ចុះតម្លៃ	할인 텍스트	ຂໍ້ຄວາມສ່ວນຫຼຸດ	လျှော့စျေးစာသား	Văn bản giảm giá	Discount Text	Discount Text	Discount Text
discount_value	มูลค่าส่วนลด	Discount Value	折扣金额	割引額	តម្លៃបញ្ចុះតម្លៃ	할인 금액	ມູນຄ່າສ່ວນຫຼຸດ	လျှော့စျေးတန်ဖိုး	Giá trị giảm giá	Discount Value	Discount Value	Discount Value
discount_word	ส่วนลดท้ายบิล	Bill Discount	账单尾部折扣	請求書割引	បញ្ចុះតម្លៃចុងវិក្កយបត្រ	청구서 할인	ສ່ວນຫຼຸດທ້າຍບິນ	ဘေလ်အဆုံး လျှော့စျေး	Giảm giá cuối hóa đơn	Bill Discount	Bill Discount	Bill Discount
discountformula_example	สูตรส่วนลด เช่น 5%,10,3%,20 = ลด 5% แล้วลดอีก 10 บาท แล้วลดอีก 3% แล้วลดอีก 20 บาท	Discount formula e.g. 5%,10,3%,20 = 5% off, then 10 Baht off, then 3% off, then 20 Baht off	折扣公式 例如 5%,10,3%,20 = 减 5%，再减 10 泰铢，再减 3%，再减 20 泰铢	割引計算式 例: 5%,10,3%,20 = 5%オフ、さらに10バーツオフ、さらに3%オフ、さらに20バーツオフ	រូបមន្តបញ្ចុះតម្លៃ ឧទាហរណ៍ 5%,10,3%,20 = បញ្ចុះ 5% បន្ទាប់មកបញ្ចុះ 10 បាត បន្ទាប់មកបញ្ចុះ 3% បន្ទាប់មកបញ្ចុះ 20 បាត	할인 공식 예: 5%,10,3%,20 = 5% 할인, 그 다음 10 바트 할인, 그 다음 3% 할인, 그 다음 20 바트 할인	ສູດສ່ວນຫຼຸດ ເຊັ່ນ: 5%,10,3%,20 = ຫຼຸດ 5%, ແລ້ວຫຼຸດອີກ 10 ບາດ, ແລ້ວຫຼຸດອີກ 3%, ແລ້ວຫຼຸດອີກ 20 ບາດ	လျှော့စျေးဖော်မြူလာ ဥပမာ 5%,10,3%,20 = 5% လျှော့၊ ထို့နောက် 10 ဘတ် လျှော့၊ ထို့နောက် 3% လျှော့၊ ထို့နောက် 20 ဘတ် လျှော့	Công thức giảm giá ví dụ 5%,10,3%,20 = Giảm 5%, sau đó giảm 10 Baht, sau đó giảm 3%, sau đó giảm 20 Baht	Discount formula e.g. 5%,10,3%,20 = 5% off, then 10 Baht off, then 3% off, then 20 Baht off	Discount formula e.g. 5%,10,3%,20 = 5% off, then 10 Baht off, then 3% off, then 20 Baht off	Discount formula e.g. 5%,10,3%,20 = 5% off, then 10 Baht off, then 3% off, then 20 Baht off
display	แสดง	Display	显示	表示	បង្ហាញ	표시	ສະແດງ	ပြသ	Hiển thị	Display	Display	Display
display_options	ตัวเลือกการแสดงผล	Display Options	Display Options	Display Options	Display Options	Display Options	Display Options	Display Options	Display Options	Display Options	Display Options	Display Options
display_settings	ตั้งค่าการแสดงผล	Display Settings	显示设置	表示設定	កំណត់ការបង្ហាញ	디스플레이 설정	ຕັ້ງຄ່າການສະແດງຜົນ	ပြသမှုဆက်တင်များ	Cài đặt hiển thị	Display Settings	Display Settings	Display Settings
display_time	เวลาแสดง (วินาที)	Display Time (seconds)	显示时间 (秒)	表示時間 (秒)	ពេលបង្ហាញ (វិនាទី)	표시 시간 (초)	ເວລາສະແດງ (ວິນາທີ)	ပြသချိန် (စက္ကန့်)	Thời gian hiển thị (giây)	Display Time (seconds)	Display Time (seconds)	Display Time (seconds)
district_code	รหัสเขต	District Code	区代码	地区コード	កូដស្រុក	구역 코드	ລະຫັດເຂດ	ခရိုင်ကုဒ်	Mã quận	District Code	District Code	District Code
dividevalue	ค่าหาร	Divide Value	除值	除算値	តម្លៃចែក	나누기 값	ຄ່າຫານ	စားလဒ်	Giá trị chia	Divide Value	Divide Value	Divide Value
do_you_want_to_continue	คุณต้องการดำเนินการต่อหรือไม่?	Do you want to continue?	您要继续吗？	続行しますか？	តើអ្នកចង់បន្តទេ?	계속하시겠습니까?	ທ່ານຕ້ອງການດຳເນີນການຕໍ່ບໍ່?	ဆက်လုပ်ဆောင်လိုပါသလား?	Bạn có muốn tiếp tục không?	Do you want to continue?	Do you want to continue?	Do you want to continue?
do_you_want_to_delete	ต้องการลบข้อมูลใช่หรือไม่?	Do you want to delete?	您要删除吗？	削除してもよろしいですか？	តើអ្នកចង់លុបទេ?	삭제하시겠습니까?	ທ່ານຕ້ອງການລຶບຂໍ້ມູນບໍ່?	ဖျက်လိုပါသလား?	Bạn có muốn xóa không?	Do you want to delete?	Do you want to delete?	Do you want to delete?
doc_after_vat_amount	ยอดรวมสินค้ามีภาษี	Total Amount (Inc. VAT)	含税总额	税込合計金額	ចំនួនសរុប (រួមទាំងអាករ)	총액 (VAT 포함)	ຍອດລວມສິນຄ້າລວມພາສີ	စုစုပေါင်းပမာဏ (အခွန်ပါဝင်ပြီး)	Tổng số tiền (Bao gồm VAT)	Total Amount (Inc. VAT)	Total Amount (Inc. VAT)	Total Amount (Inc. VAT)
doc_already_exists	เลขที่เอกสารมีอยู่ในระบบแล้ว	Document number already exists	Document number already exists	Document number already exists	Document number already exists	Document number already exists	Document number already exists	Document number already exists	Document number already exists	Document number already exists	Document number already exists	Document number already exists
doc_before_vat_amount	ยอดก่อนภาษี	Amount Before VAT	税前金额	税抜金額	ចំនួនទឹកប្រាក់មុនអាករ	VAT 전 금액	ຍອດກ່ອນພາສີ	အခွန်မဆောင်မီ ပမာဏ	Số tiền trước VAT	Amount Before VAT	Amount Before VAT	Amount Before VAT
doc_cancelled	เอกสารนี้ถูกยกเลิกแล้ว	Document has been cancelled	Document has been cancelled	Document has been cancelled	Document has been cancelled	Document has been cancelled	Document has been cancelled	Document has been cancelled	Document has been cancelled	Document has been cancelled	Document has been cancelled	Document has been cancelled
doc_closed	เอกสารนี้รับครบแล้ว	Document is fully received	Document is fully received	Document is fully received	Document is fully received	Document is fully received	Document is fully received	Document is fully received	Document is fully received	Document is fully received	Document is fully received	Document is fully received
doc_closed_manual	เอกสารถูกปิดด้วยมือ	Document manually closed	Document manually closed	Document manually closed	Document manually closed	Document manually closed	Document manually closed	Document manually closed	Document manually closed	Document manually closed	Document manually closed	Document manually closed
doc_currency	สกุลเงินเอกสาร	Document Currency	文档货币	ドキュメント通貨	រូបិយប័ណ្ណឯកសារ	문서 통화	ສະກຸນເງິນເອກະສານ	စာရွက်စာတမ်းငွေကြေး	Tiền tệ chứng từ	Document Currency	Document Currency	Document Currency
doc_customer_code	รหัสลูกค้า	Customer Code	客户代码	顧客コード	កូដអតិថិជន	고객 코드	ລະຫັດລູກຄ້າ	ဖောက်သည်ကုဒ်	Mã khách hàng	Customer Code	Customer Code	Customer Code
doc_customer_name	ชื่อลูกค้า	Customer Name	客户名称	顧客名	ឈ្មោះអតិថិជន	고객 이름	ຊື່ລູກຄ້າ	ဖောက်သည်အမည်	Tên khách hàng	Customer Name	Customer Name	Customer Name
doc_date	เอกสารวันที่	Document Date	文档日期	文書日付	កាលបរិច្ឆេទឯកសារ	문서 날짜	ວັນທີເອກະສານ	စာရွက်စာတမ်းရက်စွဲ	Ngày tài liệu	Document Date	Document Date	Document Date
doc_fully_received	รับครบแล้ว	Fully Received	已全部收到	全量受領済み	បានទទួលគ្រប់	전량 입고 완료	ຮັບຄົບແລ້ວ	အားလုံးလက်ခံပြီး	Đã nhận đủ	Fully Received	Fully Received	Fully Received
doc_deleted	เอกสารนี้ถูกลบแล้ว	Document has been deleted	Document has been deleted	Document has been deleted	Document has been deleted	Document has been deleted	Document has been deleted	Document has been deleted	Document has been deleted	Document has been deleted	Document has been deleted	Document has been deleted
doc_details	รายการสินค้า	Product List	产品列表	製品リスト	បញ្ជីផលិតផល	제품 목록	ລາຍການສິນຄ້າ	ကုန်ပစ္စည်းစာရင်း	Danh sách sản phẩm	Product List	Product List	Product List
doc_discount	ส่วนลด	Discount	折扣	割引	បញ្ចុះតម្លៃ	할인	ສ່ວນຫຼຸດ	လျှော့စျေး	Giảm giá	Discount	Discount	Discount
doc_discount_amount	ยอดส่วนลด	Discount Amount	折扣金额	割引額	ចំនួនបញ្ចុះតម្លៃ	할인 금액	ຍອດສ່ວນຫຼຸດ	လျှော့စျေးပမာဏ	Số tiền giảm giá	Discount Amount	Discount Amount	Discount Amount
doc_except_vat_amount	ยอดรวมสินค้ายกเว้นภาษี	Total Amount (Exempt VAT)	免税总额	免税合計金額	ចំនួនសរុប (លើកលែងអាករ)	총액 (VAT 면제)	ຍອດລວມສິນຄ້າຍົກເວັ້ນພາສີ	စုစုပေါင်းပမာဏ (အခွန်ကင်းလွတ်)	Tổng số tiền (Miễn VAT)	Total Amount (Exempt VAT)	Total Amount (Exempt VAT)	Total Amount (Exempt VAT)
doc_expert_vat_amount	ยอดยกเว้นภาษี	Exempt VAT Amount	免税金额	免税額	ចំនួនទឹកប្រាក់លើកលែងអាករ	VAT 면제 금액	ຍອດຍົກເວັ້ນພາສີ	အခွန်ကင်းလွတ်ခွင့်ပမာဏ	Số tiền miễn VAT	Exempt VAT Amount	Exempt VAT Amount	Exempt VAT Amount
doc_format	กำหนดรูปแบบเอกสาร	Set Document Format	设置文档格式	文書形式を設定	កំណត់ទម្រង់ឯកសារ	문서 형식 설정	ກຳນົດຮູບແບບເອກະສານ	စာရွက်စာတမ်းပုံစံသတ်မှတ်ပါ	Đặt định dạng tài liệu	Set Document Format	Set Document Format	Set Document Format
doc_format_code	รหัสเอกสาร	Document Code	文档代码	文書コード	កូដឯកសារ	문서 코드	ລະຫັດເອກະສານ	စာရွက်စာတမ်းကုဒ်	Mã tài liệu	Document Code	Document Code	Document Code
doc_format_type	รูปแบบเอกสาร	Document Format	文档格式	文書形式	ទម្រង់ឯកសារ	문서 형식	ຮູບແບບເອກະສານ	စာရွက်စာတမ်းပုံစံ	Định dạng tài liệu	Document Format	Document Format	Document Format
doc_header	เอกสาร	Document	文档	文書	ឯកសារ	문서	ເອກະສານ	စာရွက်စာတမ်း	Tài liệu	Document	Document	Document
doc_no	เลขที่	Number	编号	番号	លេខ	번호	ເລກທີ	နံပါတ်	Số	Number	Number	Number
doc_no_cannot_be_empty	เลขที่เอกสารไม่สามารถเป็นค่าว่างได้	Document number cannot be empty	Document number cannot be empty	Document number cannot be empty	Document number cannot be empty	Document number cannot be empty	Document number cannot be empty	Document number cannot be empty	Document number cannot be empty	Document number cannot be empty	Document number cannot be empty	Document number cannot be empty
doc_no_label	เลขที่:	Doc No:	Doc No:	Doc No:	Doc No:	Doc No:	Doc No:	Doc No:	Doc No:	Doc No:	Doc No:	Doc No:
doc_number	เอกสารเลขที่	Document Number	文档编号	文書番号	លេខឯកសារ	문서 번호	ເລກທີເອກະສານ	စာရွက်စာတမ်းနံပါတ်	Số tài liệu	Document Number	Document Number	Document Number
doc_partially_approved_cannot_resubmit	เอกสารถูกอนุมัติบางส่วนแล้ว ไม่สามารถส่งอนุมัติใหม่ได้	Document partially approved, cannot resubmit	Document partially approved, cannot resubmit	Document partially approved, cannot resubmit	Document partially approved, cannot resubmit	Document partially approved, cannot resubmit	Document partially approved, cannot resubmit	Document partially approved, cannot resubmit	Document partially approved, cannot resubmit	Document partially approved, cannot resubmit	Document partially approved, cannot resubmit	Document partially approved, cannot resubmit
doc_pending_approval_cannot_edit	เอกสารอยู่ระหว่างรออนุมัติ ไม่สามารถแก้ไขได้	Document is pending approval and cannot be edited	Document is pending approval and cannot be edited	Document is pending approval and cannot be edited	Document is pending approval and cannot be edited	Document is pending approval and cannot be edited	Document is pending approval and cannot be edited	Document is pending approval and cannot be edited	Document is pending approval and cannot be edited	Document is pending approval and cannot be edited	Document is pending approval and cannot be edited	Document is pending approval and cannot be edited
doc_pending_withdraw_first	เอกสารอยู่ระหว่างรออนุมัติ กรุณาถอนการส่งอนุมัติก่อน	Document is pending approval, please withdraw first	Document is pending approval, please withdraw first	Document is pending approval, please withdraw first	Document is pending approval, please withdraw first	Document is pending approval, please withdraw first	Document is pending approval, please withdraw first	Document is pending approval, please withdraw first	Document is pending approval, please withdraw first	Document is pending approval, please withdraw first	Document is pending approval, please withdraw first	Document is pending approval, please withdraw first
doc_ref	เอกสารอ้างอิง	Reference Document	参考文档	参照ドキュメント	ឯកសារយោង	참조 문서	ເອກະສານອ້າງອິງ	ကိုးကားစာရွက်စာတမ်း	Tài liệu tham khảo	Reference Document	Reference Document	Reference Document
doc_ref_date	วันที่เอกสารอ้างอิง	Reference Document Date	参考文档日期	参照ドキュメントの日付	កាលបរិច្ឆេទឯកសារយោង	참조 문서 날짜	ວັນທີເອກະສານອ້າງອິງ	ကိုးကားစာရွက်စာတမ်းရက်စွဲ	Ngày tài liệu tham khảo	Reference Document Date	Reference Document Date	Reference Document Date
doc_reference	เอกสารอ้างอิง	Reference Document	参考文档	参照ドキュメント	ឯកសារយោង	참조 문서	ເອກະສານອ້າງອິງ	ကိုးကားစာရွက်စာတမ်း	Tài liệu tham khảo	Reference Document	Reference Document	Reference Document
doc_referenced	เอกสารนี้ถูกอ้างอิงแล้ว	Document has been referenced	Document has been referenced	Document has been referenced	Document has been referenced	Document has been referenced	Document has been referenced	Document has been referenced	Document has been referenced	Document has been referenced	Document has been referenced	Document has been referenced
doc_referenced_cannot_cancel	เอกสารถูกอ้างอิงแล้ว ไม่สามารถยกเลิกได้	Document is referenced and cannot be cancelled	Document is referenced and cannot be cancelled	Document is referenced and cannot be cancelled	Document is referenced and cannot be cancelled	Document is referenced and cannot be cancelled	Document is referenced and cannot be cancelled	Document is referenced and cannot be cancelled	Document is referenced and cannot be cancelled	Document is referenced and cannot be cancelled	Document is referenced and cannot be cancelled	Document is referenced and cannot be cancelled
doc_supplier_code	รหัสเจ้าหนี้	Supplier Code	供应商代码	サプライヤーコード	កូដអ្នកផ្គត់ផ្គង់	공급업체 코드	ລະຫັດເຈົ້າໜີ້	ကုန်သွင်းသူကုဒ်	Mã nhà cung cấp	Supplier Code	Supplier Code	Supplier Code
doc_supplier_name	ชื่อเจ้าหนี้	Supplier Name	供应商名称	サプライヤー名	ឈ្មោះអ្នកផ្គត់ផ្គង់	공급업체 이름	ຊື່ເຈົ້າໜີ້	ကုန်သွင်းသူအမည်	Tên nhà cung cấp	Supplier Name	Supplier Name	Supplier Name
doc_time	เวลา	Time	时间	時間	ពេលវេលា	시간	ເວລາ	အချိန်	Thời gian	Time	Time	Time
doc_total_amount	ยอดรวมทั้งสิ้น	Total Amount	总金额	合計金額	ចំនួនទឹកប្រាក់សរុប	총액	ຍອດລວມທັງໝົດ	စုစုပေါင်းပမာဏ	Tổng số tiền	Total Amount	Total Amount	Total Amount
doc_total_value	รวมมูลค่า	Total Value	总价值	合計価値	តម្លៃសរុប	총 가치	ລວມມູນຄ່າ	စုစုပေါင်းတန်ဖိုး	Tổng giá trị	Total Value	Total Value	Total Value
doc_type	ประเภทเอกสาร	Document Type	文档类型	文書タイプ	ប្រភេទឯកសារ	문서 유형	ປະເພດເອກະສານ	စာရွက်စာတမ်းအမျိုးအစား	Loại tài liệu	Document Type	Document Type	Document Type
doc_vat_amount	ภาษีมูลค่าเพิ่ม	VAT Amount	增值税金额	VAT額	ចំនួនអាករ	VAT 금액	ພາສີມູນຄ່າເພີ່ມ	VAT ပမာဏ	Số tiền VAT	VAT Amount	VAT Amount	VAT Amount
docdate	วันที่ เอกสาร	Document Date	文档日期	文書日付	កាលបរិច្ឆេទឯកសារ	문서 날짜	ວັນທີເອກະສານ	စာရွက်စာတမ်းရက်စွဲ	Ngày tài liệu	Document Date	Document Date	Document Date
docdate_ref	วันที่อ้างอิง	Reference Date	参考日期	参照日	កាលបរិច្ឆេទយោង	참조 날짜	ວັນທີອ້າງອີງ	ကိုးကားရက်စွဲ	Ngày tham chiếu	Reference Date	Reference Date	Reference Date
docno	เลขที่เอกสาร	Document Number	文档编号	文書番号	លេខឯកសារ	문서 번호	ເລກທີເອກະສານ	စာရွက်စာတမ်းနံပါတ်	Số tài liệu	Document Number	Document Number	Document Number
docno_ref	เลขที่เอกสารอ้างอิง	Reference Document Number	参考文档编号	参照文書番号	លេខឯកសារយោង	참조 문서 번호	ເລກທີເອກະສານອ້າງອີງ	ကိုးကားစာရွက်စာတမ်းနံပါတ်	Số tài liệu tham chiếu	Reference Document Number	Reference Document Number	Reference Document Number
docreferences	เอกสารอ้างอิง	Document References	参考文档	参照ドキュメント	ឯកសារយោង	참조 문서	ເອກະສານອ້າງອິງ	ကိုးကားစာရွက်စာတမ်းများ	Tài liệu tham khảo	Document References	Document References	Document References
document	เอกสาร	Document	文档	ドキュメント	ឯកសារ	문서	ເອກະສານ	စာရွက်စာတမ်း	Tài liệu	Document	Document	Document
document_already_added	เอกสารถูกเพิ่มแล้ว	Document already added	Document already added	Document already added	Document already added	Document already added	Document already added	Document already added	Document already added	Document already added	Document already added	Document already added
document_already_exists	มีอยู่ในรายการแล้ว	Already exists in the list	列表中已存在	リストに既に存在します	មានរួចហើយក្នុងបញ្ជី	목록에 이미 존재합니다	ມີຢູ່ໃນລາຍການແລ້ວ	စာရင်းတွင်ရှိပြီးဖြစ်သည်	Đã tồn tại trong danh sách	Already exists in the list	Already exists in the list	Already exists in the list
document_already_used	เอกสารถูกใช้แล้วในรายการอื่น	Document already used in another entry	Document already used in another entry	Document already used in another entry	Document already used in another entry	Document already used in another entry	Document already used in another entry	Document already used in another entry	Document already used in another entry	Document already used in another entry	Document already used in another entry	Document already used in another entry
document_approved	เอกสารอนุมัติแล้ว	Document Approved	Document Approved	Document Approved	Document Approved	Document Approved	Document Approved	Document Approved	Document Approved	Document Approved	Document Approved	Document Approved
document_attachments	ไฟล์แนบเอกสาร	Document Attachments	Document Attachments	Document Attachments	Document Attachments	Document Attachments	Document Attachments	Document Attachments	Document Attachments	Document Attachments	Document Attachments	Document Attachments
document_audit_info	ข้อมูลผู้สร้าง/ผู้แก้ไข	Creator/Editor Info	Creator/Editor Info	Creator/Editor Info	Creator/Editor Info	Creator/Editor Info	Creator/Editor Info	Creator/Editor Info	Creator/Editor Info	Creator/Editor Info	Creator/Editor Info	Creator/Editor Info
document_cancelled	เอกสารถูกยกเลิกแล้ว	Document Cancelled	Document Cancelled	Document Cancelled	Document Cancelled	Document Cancelled	Document Cancelled	Document Cancelled	Document Cancelled	Document Cancelled	Document Cancelled	Document Cancelled
document_cancelled_cannot_proceed	เอกสารถูกยกเลิกแล้ว ไม่สามารถดำเนินการได้	Document cancelled, cannot proceed	文档已取消，无法继续	文書はキャンセルされました、続行できません	ឯកសារត្រូវបានលុបចោល មិនអាចបន្តបានទេ	문서가 취소되어 진행할 수 없습니다	ເອກະສານຖືກຍົກເລີກແລ້ວ ບໍ່ສາມາດດຳເນີນການໄດ້	စာရွက်စာတမ်းပယ်ဖျက်ပြီး ဆက်လက်ဆောင်ရွက်၍မရပါ	Tài liệu đã hủy, không thể tiếp tục	Document cancelled, cannot proceed	Document cancelled, cannot proceed	Document cancelled, cannot proceed
document_creator	ผู้สร้างเอกสาร	Document Creator	文档创建者	文書作成者	អ្នកបង្កើតឯកសារ	문서 작성자	ຜູ້ສ້າງເອກະສານ	စာရွက်စာတမ်းဖန်တီးသူ	Người tạo tài liệu	Document Creator	Document Creator	Document Creator
document_date	วันที่เอกสาร	Document Date	单据日期	伝票日付	កាលបរិច្ឆេទឯកសារ	문서 날짜	ວັນທີເອກະສານ	စာရွက်စာတမ်းရက်စွဲ	Ngày chứng từ	Document Date	Document Date	Document Date
document_deleted_cannot_proceed	เอกสารถูกลบแล้ว ไม่สามารถดำเนินการได้	Document deleted, cannot proceed	文档已删除，无法继续	文書は削除されました、続行できません	ឯកសារត្រូវបានលុប មិនអាចបន្តបានទេ	문서가 삭제되어 진행할 수 없습니다	ເອກະສານຖືກລຶບແລ້ວ ບໍ່ສາມາດດຳເນີນການໄດ້	စာရွက်စာတမ်းဖျက်ပြီး ဆက်လက်ဆောင်ရွက်၍မရပါ	Tài liệu đã xóa, không thể tiếp tục	Document deleted, cannot proceed	Document deleted, cannot proceed	Document deleted, cannot proceed
document_flow	เส้นทางการไหลของเอกสาร	Document Flow	文档流	ドキュメントフロー	ចរន្តឯកសារ	문서 흐름	ເສັ້ນທາງການໄຫຼຂອງເອກະສານ	စာရွက်စာတမ်းစီးဆင်းမှု	Luồng chứng từ	Document Flow	Document Flow	Document Flow
document_footer	ท้ายเอกสาร	Document Footer	文档页脚	文書フッター	បាតឯកសារ	문서 바닥글	ທ້າຍເອກະສານ	စာရွက်စာတမ်းအောက်ခြေ	Chân tài liệu	Document Footer	Document Footer	Document Footer
document_format	รูปแบบเอกสาร	Document Format	文档格式	文書形式	ទម្រង់ឯកសារ	문서 형식	ຮູບແບບເອກະສານ	စာရွက်စာတမ်းပုံစံ	Định dạng tài liệu	Document Format	Document Format	Document Format
document_header	หัวเอกสาร	Document Header	文档页眉	文書ヘッダー	បឋមកថាឯកសារ	문서 머리글	ຫົວເອກະສານ	စာရွက်စာတမ်းခေါင်းစီး	Đầu tài liệu	Document Header	Document Header	Document Header
document_info	ข้อมูลเอกสาร	Document Info	文档信息	書類情報	ព័ត៌មានឯកសារ	문서 정보	ຂໍ້ມູນເອກະສານ	စာရွက်စာတမ်းအချက်အလက်	Thông tin tài liệu	Document Info	Document Info	Document Info
document_language	ภาษาเอกสาร	Document Language	文档语言	文書言語	ភាសាឯកសារ	문서 언어	ພາສາເອກະສານ	စာရွက်စာတမ်းဘာသာစကား	Ngôn ngữ tài liệu	Document Language	Document Language	Document Language
document_modified	เอกสารถูกแก้ไข	Document modified	文档已修改	文書が変更されました	ឯកសារត្រូវបានកែប្រែ	문서가 수정되었습니다	ເອກະສານຖືກແກ້ໄຂ	စာရွက်စာတမ်းပြင်ဆင်ပြီး	Tài liệu đã được sửa đổi	Document modified	Document modified	Document modified
document_no	เลขที่เอกสาร	Document No.	文档编号	文書番号	លេខឯកសារ	문서 번호	ເລກທີເອກະສານ	စာရွက်စာတမ်းနံပါတ်	Số tài liệu	Document No.	Document No.	Document No.
document_number	เลขที่เอกสาร	Document No.	文档编号	文書番号	លេខឯកសារ	문서 번호	ເລກທີເອກະສານ	စာရွက်စာတမ်းနံပါတ်	Số tài liệu	Document No.	Document No.	Document No.
document_referenced_cannot_edit	เอกสารถูกอ้างอิงแล้ว ไม่สามารถแก้ไขได้	Document referenced, cannot edit	文档已被引用，无法编辑	文書は参照済み、編集できません	ឯកសារត្រូវបានយោង មិនអាចកែសម្រួលបានទេ	문서가 참조되어 편집할 수 없습니다	ເອກະສານຖືກອ້າງອີງແລ້ວ ບໍ່ສາມາດແກ້ໄຂໄດ້	စာရွက်စာတမ်းကိုးကားပြီး တည်းဖြတ်၍မရပါ	Tài liệu đã được tham chiếu, không thể chỉnh sửa	Document referenced, cannot edit	Document referenced, cannot edit	Document referenced, cannot edit
document_referenced_cannot_proceed	เอกสารถูกอ้างอิงแล้ว ไม่สามารถดำเนินการได้	Document referenced, cannot proceed	文档已被引用，无法继续	文書は参照済み、続行できません	ឯកសារត្រូវបានយោង មិនអាចបន្តបានទេ	문서가 참조되어 진행할 수 없습니다	ເອກະສານຖືກອ້າງອີງແລ້ວ ບໍ່ສາມາດດຳເນີນການໄດ້	စာရွက်စာတမ်းကိုးကားပြီး ဆက်လက်ဆောင်ရွက်၍မရပါ	Tài liệu đã được tham chiếu, không thể tiếp tục	Document referenced, cannot proceed	Document referenced, cannot proceed	Document referenced, cannot proceed
document_submitted	ส่งเอกสารแล้ว	Document submitted	文档已提交	文書が送信されました	ឯកសារត្រូវបានដាក់ស្នើ	문서가 제출되었습니다	ສົ່ງເອກະສານແລ້ວ	စာရွက်စာတမ်းတင်ပြပြီး	Tài liệu đã được gửi	Document submitted	Document submitted	Document submitted
document_template	แม่แบบเอกสาร	Document Template	文档模板	文書テンプレート	គំរូឯកសារ	문서 템플릿	ແມ່ແບບເອກະສານ	စာရွက်စာတမ်းပုံစံ	Mẫu tài liệu	Document Template	Document Template	Document Template
document_theme	ธีมเอกสาร	Document Theme	文档主题	文書テーマ	ស្បែកឯកសារ	문서 테마	ທີມເອກະສານ	စာရွက်စာတမ်းအပြင်အဆင်	Chủ đề tài liệu	Document Theme	Document Theme	Document Theme
document_type	ประเภทเอกสาร	Document Type	文档类型	文書タイプ	ប្រភេទឯកសារ	문서 유형	ປະເພດເອກະສານ	စာရွက်စာတမ်းအမျိုးအစား	Loại tài liệu	Document Type	Document Type	Document Type
document_value	มูลค่าเอกสาร	Document Value	文档价值	文書の価値	តម្លៃឯកសារ	문서 가치	ມູນຄ່າເອກະສານ	စာရွက်စာတမ်းတန်ဖိုး	Giá trị tài liệu	Document Value	Document Value	Document Value
done	เสร็จสิ้น	Done	完成	完了	រួចរាល់	완료	ສຳເລັດ	ပြီးပါပြီ	Xong	Done	Done	Done
download	ดาวน์โหลด	Download	下载	ダウンロード	ទាញយក	다운로드	ດາວໂຫຼດ	ဒေါင်းလုဒ်လုပ်ပါ	Tải xuống	Download	Download	Download
download_excel_template	ดาวน์โหลดแม่แบบ Excel	Download Excel Template	下载Excel模板	Excelテンプレートをダウンロード	ទាញយកគំរូ Excel	Excel 템플릿 다운로드	ດາວໂຫຼດແມ່ແບບ Excel	Excel ပုံစံခွက်ကို ဒေါင်းလုဒ်လုပ်ပါ	Tải xuống mẫu Excel	Download Excel Template	Download Excel Template	Download Excel Template
download_file_excel_ex_sample_product	ดาวน์โหลด ไฟล์นำเข้าสินค้า	Download Product Import File	下载产品导入文件	商品インポートファイルをダウンロード	ទាញយកឯកសារនាំចូលផលិតផល	제품 가져오기 파일 다운로드	ດາວໂຫຼດໄຟລ໌ນຳເຂົ້າສິນຄ້າ	ကုန်ပစ္စည်းတင်သွင်းဖိုင် ဒေါင်းလုဒ်လုပ်ပါ	Tải xuống tệp nhập sản phẩm	Download Product Import File	Download Product Import File	Download Product Import File
download_file_excel_ex_sample_stock_balance	ดาวน์โหลด ไฟล์นำเข้ายอดยกมา	Download Opening Balance Import File	下载期初余额导入文件	開始残高インポートファイルをダウンロード	ទាញយកឯកសារនាំចូលសមតុល្យដើមគ្រា	기초 잔액 가져오기 파일 다운로드	ດາວໂຫຼດໄຟລ໌ນຳເຂົ້າຍອດຍົກມາ	လက်ကျန်စာရင်းတင်သွင်းဖိုင် ဒေါင်းလုဒ်လုပ်ပါ	Tải xuống tệp nhập số dư đầu kỳ	Download Opening Balance Import File	Download Opening Balance Import File	Download Opening Balance Import File
download_sample_excel	ดาวน์โหลดไฟล์ตัวอย่าง Excel สินค้า	Download Sample Product Excel File	下载产品Excel样本文件	商品Excelサンプルファイルをダウンロード	ទាញយកឯកសារគំរូ Excel ផលិតផល	제품 Excel 샘플 파일 다운로드	ດາວໂຫຼດໄຟລ໌ຕົວຢ່າງ Excel ສິນຄ້າ	ကုန်ပစ္စည်း Excel နမူနာဖိုင် ဒေါင်းလုဒ်လုပ်ပါ	Tải xuống tệp Excel mẫu sản phẩm	Download Sample Product Excel File	Download Sample Product Excel File	Download Sample Product Excel File
download_template	ดาวน์โหลดแม่แบบ	Download Template	下载模板	テンプレートをダウンロード	ទាញយកគំរូ	템플릿 다운로드	ດາວໂຫຼດແມ່ແບບ	ပုံစံခွက် ဒေါင်းလုဒ်လုပ်ပါ	Tải xuống mẫu	Download Template	Download Template	Download Template
download_template_failed	ดาวน์โหลดไฟล์ไม่สำเร็จ	Download failed	Download failed	Download failed	Download failed	Download failed	Download failed	Download failed	Download failed	Download failed	Download failed	Download failed
download_template_success	ดาวน์โหลดไฟล์ template สำเร็จ	Template downloaded successfully	Template downloaded successfully	Template downloaded successfully	Template downloaded successfully	Template downloaded successfully	Template downloaded successfully	Template downloaded successfully	Template downloaded successfully	Template downloaded successfully	Template downloaded successfully	Template downloaded successfully
download_url_not_found	ไม่พบ URL สำหรับดาวน์โหลดไฟล์	Download URL not found	Download URL not found	Download URL not found	Download URL not found	Download URL not found	Download URL not found	Download URL not found	Download URL not found	Download URL not found	Download URL not found	Download URL not found
draft	ฉบับร่าง	Draft	草稿	下書き	សេចក្ដីព្រាង	초안	ສະບັບຮ່າງ	မူကြမ်း	Bản nháp	Draft	Draft	Draft
drink	เครื่องดื่ม	Beverage	饮料	飲料	ភេសជ្ជៈ	음료	ເຄື່ອງດື່ມ	အချိုရည်	Đồ uống	Beverage	Beverage	Beverage
dual_currency	2 สกุลเงิน	Dual Currency	Dual Currency	Dual Currency	Dual Currency	Dual Currency	Dual Currency	Dual Currency	Dual Currency	Dual Currency	Dual Currency	Dual Currency
due_date	วันที่สั่งจ่าย	Due Date	付款日期	支払期日	កាលបរិច្ឆេទកំណត់	마감일	ວັນທີຄົບກຳນົດຈ່າຍ	ပေးချေရမည့်ရက်စွဲ	Ngày đến hạn	Due Date	Due Date	Due Date
duplicate_docno	เลขที่เอกสารซ้ำ	Duplicate Document Number	文档编号重复	ドキュメント番号が重複しています	លេខឯកសារស្ទួន	문서 번호 중복	ເລກທີ່ເອກະສານຊ້ຳ	စာရွက်စာတမ်းနံပါတ် ထပ်နေသည်	Số chứng từ trùng lặp	Duplicate Document Number	Duplicate Document Number	Duplicate Document Number
duplicate_document_number	เลขที่เอกสารซ้ำ	Duplicate document number	文档编号重复	文書番号が重複しています	លេខឯកសារស្ទួន	중복된 문서 번호	ເລກທີ່ເອກະສານຊ້ຳ	စာရွက်စာတမ်းနံပါတ်ထပ်နေသည်	Số tài liệu trùng	Duplicate document number	Duplicate document number	Duplicate document number
duplicate_short	ซ้ำ	Dup	重复	重複	ស្ទួន	중복	ຊ້ຳ	ထပ်	Trùng	Dup	Dup	Dup
duration	ช่วงเวลา	Duration	持续时间	期間	Duration	기간	ໄລຍະເວລາ	ကြာမြင့်ချိန်	Thời lượng	Duration	Duration	Duration
edit	แก้ไข	Edit	编辑	編集	កែសម្រួល	편집	ແກ້ໄຂ	တည်းဖြတ်ပါ	Chỉnh sửa	Edit	Edit	Edit
edit_all	แก้ทั้งหมด	Edit All	Edit All	Edit All	Edit All	Edit All	Edit All	Edit All	Edit All	Edit All	Edit All	Edit All
edit_all_quantities	แก้ไขจำนวนพร้อมกันทั้งหมด	Edit All Quantities	编辑所有数量	すべての数量を編集	កែសម្រួលបរិមាណទាំងអស់	모든 수량 편집	ແກ້ໄຂຈຳນວນພ້ອມກັນທັງໝົດ	အရေအတွက်အားလုံးကို တည်းဖြတ်ပါ	Chỉnh sửa tất cả số lượng	Edit All Quantities	Edit All Quantities	Edit All Quantities
edit_cart_name_and_type	แก้ไขชื่อและประเภทตะกร้า	Edit Cart Name and Type	编辑购物车名称和类型	カート名とタイプを編集	កែឈ្មោះ និងប្រភេទកន្ត្រក	장바구니 이름 및 유형 편집	ແກ້ໄຂຊື່ ແລະ ປະເພດກະຕ່າ	ဈေးခြင်းအမည်နှင့် အမျိုးအစား ပြင်ဆင်ပါ	Sửa tên và loại giỏ hàng	Edit Cart Name and Type	Edit Cart Name and Type	Edit Cart Name and Type
edit_currency	แก้ไขสกุลเงิน	Edit Currency	编辑货币	通貨を編集	កែប្រែរូបិយប័ណ្ណ	통화 수정	ແກ້ໄຂສະກຸນເງິນ	ငွေကြေးပြင်ဆင်ပါ	Chỉnh sửa tiền tệ	Edit Currency	Edit Currency	Edit Currency
edit_currency_success	แก้ไขสกุลเงินสำเร็จ	Edit Currency Success	编辑货币成功	通貨の編集に成功	កែប្រែរូបិយប័ណ្ណជោគជ័យ	통화 수정 성공	ແກ້ໄຂສະກຸນເງິນສຳເລັດ	ငွေကြေးပြင်ဆင်ပြီးပါပြီ	Chỉnh sửa tiền tệ thành công	Edit Currency Success	Edit Currency Success	Edit Currency Success
edit_document	แก้ไขเอกสาร	Edit Document	编辑文档	書類を編集	កែប្រែឯកសារ	문서 수정	ແກ້ໄຂເອກະສານ	စာရွက်စာတမ်းကို တည်းဖြတ်ပါ	Chỉnh sửa tài liệu	Edit Document	Edit Document	Edit Document
edit_failed	แก้ไขไม่สำเร็จ	Edit Failed	编辑失败	編集に失敗しました	ការកែសម្រួលបានបរាជ័យ	편집 실패	ແກ້ໄຂບໍ່ສຳເລັດ	တည်းဖြတ်မှု မအောင်မြင်ပါ	Chỉnh sửa thất bại	Edit Failed	Edit Failed	Edit Failed
edit_history	ประวัติ	History	修改记录	変更履歴	ប្រវត្តិកែប្រែ	수정 이력	ປະຫວັດແກ້ໄຂ	တည်းဖြတ်မှတ်တမ်း	Lịch sử chỉnh sửa	History	History	History
edit_items	แก้ไขรายการ	Edit Items	编辑商品	商品を編集	កែផលិតផល	상품 편집	ແກ້ໄຂລາຍການ	ပစ္စည်းများ ပြင်ဆင်ပါ	Sửa sản phẩm	Edit Items	Edit Items	Edit Items
edit_mode	โหมดแก้ไข	Edit Mode	编辑模式	編集モード	របៀបកែសម្រួល	편집 모드	ໂໝດແກ້ໄຂ	တည်းဖြတ်မုဒ်	Chế độ chỉnh sửa	Edit Mode	Edit Mode	Edit Mode
edit_name	แก้ไขชื่อ	Edit Name	编辑姓名	名前を編集	កែសម្រួលឈ្មោះ	이름 수정	ແກ້ໄຂຊື່	အမည်ပြင်ဆင်ပါ	Sửa tên	Edit Name	Edit Name	Edit Name
edit_own	แก้ตัวเอง	Edit Own	Edit Own	Edit Own	Edit Own	Edit Own	Edit Own	Edit Own	Edit Own	Edit Own	Edit Own	Edit Own
edit_permission	แก้ไขสิทธิ์	Edit Permission	Edit Permission	Edit Permission	Edit Permission	Edit Permission	Edit Permission	Edit Permission	Edit Permission	Edit Permission	Edit Permission	Edit Permission
edit_permission_success	แก้ไขสิทธิ์สำเร็จ	Permission edited successfully	Permission edited successfully	Permission edited successfully	Permission edited successfully	Permission edited successfully	Permission edited successfully	Permission edited successfully	Permission edited successfully	Permission edited successfully	Permission edited successfully	Permission edited successfully
edit_product_info	แก้ไขข้อมูลสินค้า	Edit Product Info	编辑产品信息	商品情報を編集	កែសម្រួលព័ត៌មានផលិតផល	상품 정보 수정	ແກ້ໄຂຂໍ້ມູນສິນຄ້າ	ကုန်ပစ္စည်းအချက်အလက်ပြင်ဆင်	Sửa thông tin sản phẩm	Edit Product Info	Edit Product Info	Edit Product Info
edit_purchase_type	แก้ไขประเภทการจัดซื้อ	Edit Purchase Type	Edit Purchase Type	Edit Purchase Type	Edit Purchase Type	Edit Purchase Type	Edit Purchase Type	Edit Purchase Type	Edit Purchase Type	Edit Purchase Type	Edit Purchase Type	Edit Purchase Type
edit_quantity	แก้ไขจำนวน	Edit Quantity	编辑数量	数量を編集	កែសម្រួលបរិមាណ	수량 편집	ແກ້ໄຂຈຳນວນ	အရေအတွက်တည်းဖြတ်ပါ	Chỉnh sửa số lượng	Edit Quantity	Edit Quantity	Edit Quantity
edit_quantity_success	แก้ไขจำนวนสำเร็จ	Quantity updated successfully	数量已成功更新	数量が更新されました	បានធ្វើបច្ចុប្បន្នភាពបរិមាណដោយជោគជ័យ	수량이 업데이트되었습니다	ແກ້ໄຂຈຳນວນສຳເລັດ	အရေအတွက် အပ်ဒိတ်လုပ်ပြီးပါပြီ	Đã cập nhật số lượng thành công	Quantity updated successfully	Quantity updated successfully	Quantity updated successfully
edit_quotation_type	แก้ไขประเภทใบเสนอราคา	Edit Quotation Type	Edit Quotation Type	Edit Quotation Type	Edit Quotation Type	Edit Quotation Type	Edit Quotation Type	Edit Quotation Type	Edit Quotation Type	Edit Quotation Type	Edit Quotation Type	Edit Quotation Type
edit_sale_order_type	แก้ไขประเภทใบสั่งขาย	Edit Sale Order Type	Edit Sale Order Type	Edit Sale Order Type	Edit Sale Order Type	Edit Sale Order Type	Edit Sale Order Type	Edit Sale Order Type	Edit Sale Order Type	Edit Sale Order Type	Edit Sale Order Type	Edit Sale Order Type
edit_success	แก้ไขสำเร็จ	Edited Successfully	编辑成功	編集に成功しました	កែសម្រួលដោយជោគជ័យ	편집 성공	ແກ້ໄຂສຳເລັດ	တည်းဖြတ်မှု အောင်မြင်သည်	Chỉnh sửa thành công	Edited Successfully	Edited Successfully	Edited Successfully
edit_supplement_option	แก้ไขตัวเลือกเสริม	Edit Supplement Option	编辑补充选项	追加オプションを編集	កែសម្រួលជម្រើសបន្ថែម	추가 옵션 편집	ແກ້ໄຂທາງເລືອກເສີມ	ထပ်တိုးရွေးချယ်မှု ပြင်ဆင်ပါ	Chỉnh sửa tùy chọn bổ sung	Edit Supplement Option	Edit Supplement Option	Edit Supplement Option
edit_supplement_option_success	แก้ไข ตัวเลือกเสริม สำเร็จ!	Supplement option updated successfully!	补充选项更新成功！	追加オプションが正常に更新されました！	កែសម្រួលជម្រើសបន្ថែមដោយជោគជ័យ!	추가 옵션이 성공적으로 업데이트되었습니다!	ແກ້ໄຂທາງເລືອກເສີມສຳເລັດ!	ထပ်တိုးရွေးချယ်မှု ပြင်ဆင်ခြင်း အောင်မြင်ပါသည်!	Cập nhật tùy chọn bổ sung thành công!	Supplement option updated successfully!	Supplement option updated successfully!	Supplement option updated successfully!
edit_type_data	แก้ไขข้อมูลประเภท	Edit type data	编辑类型数据	タイプデータを編集	កែសម្រួលទិន្នន័យប្រភេទ	유형 데이터 편집	ແກ້ໄຂຂໍ້ມູນປະເພດ	အမျိုးအစားဒေတာ ပြင်ဆင်ပါ	Chỉnh sửa dữ liệu loại	Edit type data	Edit type data	Edit type data
edit_type_info	แก้ไขข้อมูลประเภท:	Edit Type Info:	Edit Type Info:	Edit Type Info:	Edit Type Info:	Edit Type Info:	Edit Type Info:	Edit Type Info:	Edit Type Info:	Edit Type Info:	Edit Type Info:	Edit Type Info:
edit_wht	แก้ไขรายการหัก ณ ที่จ่าย	Edit WHT	编辑预扣税	源泉徴収税を編集	កែសម្រួលពន្ធកាត់ទុក	원천징수세 수정	ແກ້ໄຂພາສີຫັກ ນ ທີ່ຈ່າຍ	အခွန်ဖြတ်တောက်ပြင်ဆင်	Sửa thuế khấu trừ	Edit WHT	Edit WHT	Edit WHT
effective_date	วันที่มีผล	Effective Date	生效日期	有効日	កាលបរិច្ឆេទមានប្រសិទ្ធភាព	유효 날짜	ວັນທີມີຜົນບັງຄັບໃຊ້	အာဏာတည်သည့်ရက်	Ngày hiệu lực	Effective Date	Effective Date	Effective Date
eg_general_special_quotation	เช่น เสนอราคาทั่วไป, เสนอราคาพิเศษ	e.g., General Quotation, Special Quotation	e.g., General Quotation, Special Quotation	e.g., General Quotation, Special Quotation	e.g., General Quotation, Special Quotation	e.g., General Quotation, Special Quotation	e.g., General Quotation, Special Quotation	e.g., General Quotation, Special Quotation	e.g., General Quotation, Special Quotation	e.g., General Quotation, Special Quotation	e.g., General Quotation, Special Quotation	e.g., General Quotation, Special Quotation
eg_general_special_sale_order	เช่น สั่งขายทั่วไป, สั่งขายพิเศษ	e.g., General Sale Order, Special Sale Order	e.g., General Sale Order, Special Sale Order	e.g., General Sale Order, Special Sale Order	e.g., General Sale Order, Special Sale Order	e.g., General Sale Order, Special Sale Order	e.g., General Sale Order, Special Sale Order	e.g., General Sale Order, Special Sale Order	e.g., General Sale Order, Special Sale Order	e.g., General Sale Order, Special Sale Order	e.g., General Sale Order, Special Sale Order	e.g., General Sale Order, Special Sale Order
eg_general_special_vip	เช่น GENERAL, SPECIAL, VIP	e.g., GENERAL, SPECIAL, VIP	e.g., GENERAL, SPECIAL, VIP	e.g., GENERAL, SPECIAL, VIP	e.g., GENERAL, SPECIAL, VIP	e.g., GENERAL, SPECIAL, VIP	e.g., GENERAL, SPECIAL, VIP	e.g., GENERAL, SPECIAL, VIP	e.g., GENERAL, SPECIAL, VIP	e.g., GENERAL, SPECIAL, VIP	e.g., GENERAL, SPECIAL, VIP	e.g., GENERAL, SPECIAL, VIP
ejournal	E-journal	E-Journal	电子日志	Eジャーナル	E-Journal	E-저널	E-Journal	E-Journal	Nhật ký điện tử	E-Journal	E-Journal	E-Journal
email	อีเมลล์	Email	电子邮件	メール	អ៊ីមែល	이메일	ອີເມວ	အီးမေးလ်	Email	Email	Email	Email
registered_email	อีเมลที่ลงทะเบียน	Registered email	注册邮箱	登録メール	អ៊ីមែលដែលបានចុះឈ្មោះ	등록 이메일	ອີເມວທີ່ລົງທະບຽນ	မှတ်ပုံတင်ထားသော အီးမေးလ်	Email đã đăng ký	E-mel berdaftar	Email terdaftar	Nakarehistrong email
email_error	อีเมลไม่ถูกต้อง	Invalid Email	邮箱格式不正确	メールが無効です	អ៊ីមែលមិនត្រឹមត្រូវ	이메일이 올바르지 않습니다	ອີເມວບໍ່ຖືກຕ້ອງ	အီးမေးလ်မမှန်ကန်ပါ	Email không hợp lệ	Invalid Email	Invalid Email	Invalid Email
emp_code	รหัสพนักงาน	Employee Code	员工代码	従業員コード	កូដបុគ្គលិក	직원 코드	ລະຫັດພະນັກງານ	ဝန်ထမ်းကုဒ်	Mã nhân viên	Employee Code	Employee Code	Employee Code
employee	พนักงาน	Employee	员工	従業員	បុគ្គលិក	직원	ພະນັກງານ	ဝန်ထမ်း	Nhân viên	Employee	Employee	Employee
employee_address	ที่อยู่	Address	地址	住所	អាសយដ្ឋាន	주소	ທີ່ຢູ່	လိပ်စာ	Địa chỉ	Address	Address	Address
employee_code	รหัสพนักงาน	Employee Code	员工代码	従業員コード	កូដបុគ្គលិក	직원 코드	ລະຫັດພະນັກງານ	ဝန်ထမ်းကုဒ်	Mã nhân viên	Employee Code	Employee Code	Employee Code
employee_email	อีเมล์	Employee Email	员工邮箱	従業員メール	អ៊ីមែលបុគ្គលិក	직원 이메일	ອີເມວພະນັກງານ	ဝန်ထမ်းအီးမေးလ်	Email nhân viên	Employee Email	Employee Email	Employee Email
employee_list	รายชื่อพนักงาน	Employee List	员工列表	従業員リスト	បញ្ជីបុគ្គលិក	직원 목록	ລາຍຊື່ພະນັກງານ	ဝန်ထမ်းစာရင်း	Danh sách nhân viên	Employee List	Employee List	Employee List
employee_name	ชื่อพนักงาน	Employee Name	员工姓名	従業員名	ឈ្មោះបុគ្គលិក	직원 이름	ຊື່ພະນັກງານ	ဝန်ထမ်းအမည်	Tên nhân viên	Employee Name	Employee Name	Employee Name
employee_not_found	ไม่พบลูกค้า	Employee not found	未找到员工	従業員が見つかりません	រកមិនឃើញបុគ្គលិក	직원을 찾을 수 없습니다	ບໍ່ພົບພະນັກງານ	ဝန်ထမ်းမတွေ့ပါ	Không tìm thấy nhân viên	Employee not found	Employee not found	Employee not found
employee_phone	เบอร์โทร	Phone Number	电话号码	電話番号	លេខទូរស័ព្ទ	전화번호	ເບີໂທ	ဖုန်းနံပါတ်	Số điện thoại	Phone Number	Phone Number	Phone Number
empty_data	ไม่มีข้อมูล	No Data	没有数据	データなし	គ្មានទិន្នន័យ	데이터 없음	ບໍ່ມີຂໍ້ມູນ	ဒေတာမရှိပါ	Không có dữ liệu	No Data	No Data	No Data
enable_edit_to_add	เปิดโหมดแก้ไขเพื่อเพิ่มชั้นวาง	Enable edit mode to add shelf	启用编辑模式以添加货架	棚を追加するには編集モードを有効にしてください	បើកមុខងារកែសម្រួលដើម្បីបន្ថែមធ្នើ	선반을 추가하려면 편집 모드를 활성화하세요	ເປີດໂໝດແກ້ໄຂເພື່ອເພີ່ມຊັ້ນວາງ	စင်ထည့်ရန် ပြင်ဆင်မုဒ် ဖွင့်ပါ	Bật chế độ chỉnh sửa để thêm kệ	Enable edit mode to add shelf	Enable edit mode to add shelf	Enable edit mode to add shelf
enable_access	ให้เข้าใช้งานได้	Enable access	启用访问	アクセスを有効化	បើកការចូលប្រើ	접속 허용	ເປີດໃຫ້ເຂົ້າໃຊ້ງານ	ဝင်ရောက်ခွင့်ဖွင့်ပါ	Bật quyền truy cập	Aktifkan akses	Aktifkan akses	Paganahin ang access
enable_location_service	กรุณาเปิด Location Service ในการตั้งค่าเครื่อง	Please enable Location Service in device settings	Please enable Location Service in device settings	Please enable Location Service in device settings	Please enable Location Service in device settings	Please enable Location Service in device settings	Please enable Location Service in device settings	Please enable Location Service in device settings	Please enable Location Service in device settings	Please enable Location Service in device settings	Please enable Location Service in device settings	Please enable Location Service in device settings
enable_notify	เปิดการแจ้งเตือน	Enable Notification	启用通知	通知を有効化	បើកការជូនដំណឹង	알림 활성화	ເປີດການແຈ້ງເຕືອນ	အသိပေးချက်ဖွင့်ပါ	Bật thông báo	Enable Notification	Enable Notification	Enable Notification
enable_rounding	เปิดการปัดเศษ	Enable Rounding	开启四舍五入	丸めを有効化	បើកការបង្គត់	반올림 활성화	ເປີດການປັດເສດ	အနီးစပ်ဆုံးယူခြင်းဖွင့်	Bật làm tròn	Enable Rounding	Enable Rounding	Enable Rounding
end_date	วันที่สิ้นสุด	End Date	结束日期	終了日	កាលបរិច្ឆេទបញ្ចប់	종료일	ວັນທີສິ້ນສຸດ	ကုန်ဆုံးရက်	Ngày kết thúc	End Date	End Date	End Date
enddate	สิ้นสุดวันที่	End Date	结束日期	終了日	កាលបរិច្ឆេទបញ្ចប់	종료일	ວັນທີສິ້ນສຸດ	ပြီးဆုံးရက်	Ngày kết thúc	End Date	End Date	End Date
enlarge_card_size	ขยายขนาดการ์ด	Enlarge Card Size	放大卡片	カードサイズを拡大	ពង្រីកទំហំកាត	카드 크기 확대	ຂະຫຍາຍຂະໜາດບັດ	ကတ်အရွယ်အစား ချဲ့ပါ	Phóng to thẻ	Enlarge Card Size	Enlarge Card Size	Enlarge Card Size
enter_cart_name	ใส่ชื่อตะกร้า	Enter cart name	输入购物车名称	カート名を入力	បញ្ចូលឈ្មោះកន្ត្រក	장바구니 이름을 입력하세요	ໃສ່ຊື່ກະຕ່າ	ဈေးခြင်းအမည် ထည့်ပါ	Nhập tên giỏ hàng	Enter cart name	Enter cart name	Enter cart name
enter_description	กรุณาใส่คำอธิบาย	Enter Description	请输入描述	説明を入力してください	បញ្ចូលការពិពណ៌នា	설명을 입력하세요	ກະລຸນາໃສ່ລາຍລະອຽດ	ဖော်ပြချက်ရိုက်ထည့်ပါ	Nhập mô tả	Enter Description	Enter Description	Enter Description
enter_discount	ส่วนลด	Enter Discount	输入折扣	割引を入力	បញ្ចូលការបញ្ចុះតម្លៃ	할인 입력	ປ້ອນສ່ວນຫຼຸດ	လျှော့စျေးရိုက်ထည့်ပါ	Nhập giảm giá	Enter Discount	Enter Discount	Enter Discount
enter_item_code_to_audit	กรอกรหัสสินค้าที่ต้องการตรวจสอบ	Enter Item Code to Audit	输入要审核的物料代码	監査する商品コードを入力	បញ្ចូលលេខកូដផលិតផលដើម្បីត្រួតពិនិត្យ	감사할 상품 코드 입력	ປ້ອນລະຫັດສິນຄ້າທີ່ຕ້ອງການກວດສອບ	စိစစ်ရန် ပစ္စည်းကုဒ်ကို ရိုက်ထည့်ပါ	Nhập mã sản phẩm để kiểm toán	Enter Item Code to Audit	Enter Item Code to Audit	Enter Item Code to Audit
enter_keyword_to_search_creditor	กรอกคำค้นเพื่อค้นหาเจ้าหนี้	Enter keyword to search creditor	输入关键词搜索债权人	キーワードを入力して債権者を検索	បញ្ចូលពាក្យគន្លឹះដើម្បីស្វែងរកម្ចាស់បំណុល	채권자를 검색하려면 키워드를 입력하세요	ກະລຸນາປ້ອນຄຳຄົ້ນຫາເຈົ້າໜີ້	ငွေရှင်ရှာရန် အဓိကစာလုံးထည့်ပါ	Nhập từ khóa để tìm chủ nợ	Enter keyword to search creditor	Enter keyword to search creditor	Enter keyword to search creditor
enter_keyword_to_search_debtor	กรอกคำค้นเพื่อค้นหาลูกหนี้	Enter keyword to search debtor	输入关键词搜索债务人	キーワードを入力して債務者を検索	បញ្ចូលពាក្យគន្លឹះដើម្បីស្វែងរកកូនបំណុល	채무자를 검색하려면 키워드를 입력하세요	ກະລຸນາປ້ອນຄຳຄົ້ນຫາລູກໜີ້	အကြွေးရှင်ရှာရန် အဓိကစာလုံးထည့်ပါ	Nhập từ khóa để tìm con nợ	Enter keyword to search debtor	Enter keyword to search debtor	Enter keyword to search debtor
enter_pin	กรอกรหัส PIN	Enter PIN	输入PIN码	PINを入力	បញ្ចូលលេខកូដ PIN	PIN 입력	ປ້ອນລະຫັດ PIN	PIN ရိုက်ထည့်ပါ	Nhập mã PIN	Enter PIN	Enter PIN	Enter PIN
enter_price	ราคา	Enter Price	输入价格	価格を入力	បញ្ចូលតម្លៃ	가격 입력	ປ້ອນລາຄາ	စျေးနှုန်းရိုက်ထည့်ပါ	Nhập giá	Enter Price	Enter Price	Enter Price
enter_product_name	กรุณาใส่ชื่อสินค้า	Enter Product Name	请输入产品名称	商品名を入力してください	បញ្ចូលឈ្មោះផលិតផល	상품명을 입력하세요	ກະລຸນາໃສ່ຊື່ສິນຄ້າ	ကုန်ပစ္စည်းအမည်ရိုက်ထည့်ပါ	Nhập tên sản phẩm	Enter Product Name	Enter Product Name	Enter Product Name
enter_qty	จำนวน	Enter Quantity	输入数量	数量を入力	បញ្ចូលបរិមាណ	수량 입력	ປ້ອນຈຳນວນ	အရေအတွက်ရိုက်ထည့်ပါ	Nhập số lượng	Enter Quantity	Enter Quantity	Enter Quantity
equals_to	เท่ากับ	Equals to	等于	等しい	ស្មើនឹង	같음	ເທົ່າກັບ	နှင့်ညီသည်	Bằng	Equals to	Equals to	Equals to
error	Error	Error	错误	エラー	កំហុស	오류	ຂໍ້ຜິດພາດ	အမှား	Lỗi	Error	Error	Error
error.api_call_failed	เกิดข้อผิดพลาดในการเรียก API	API call error	API调用错误	API呼び出しエラー	កំហុសក្នុងការហៅ API	API 호출 오류	ເກີດຂໍ້ຜິດພາດໃນການເອີ້ນ API	API ခေါ်ဆိုမှု အမှားအယွင်း	Lỗi gọi API	API call error	API call error	API call error
error.connection_failed	เกิดข้อผิดพลาดในการเชื่อมต่อ	Connection error	连接错误	接続エラー	កំហុសក្នុងការតភ្ជាប់	연결 오류	ເກີດຂໍ້ຜິດພາດໃນການເຊື່ອມຕໍ່	ချိတ်ဆက်မှု အမှားအယွင်း	Lỗi kết nối	Connection error	Connection error	Connection error
error_add_product	เกิดข้อผิดพลาดในการเพิ่มรายการสินค้า	Error adding product	添加产品时出错	商品追加エラー	កំហុសក្នុងការបន្ថែមផលិតផល	제품 추가 오류	ເກີດຂໍ້ຜິດພາດໃນການເພີ່ມລາຍການສິນຄ້າ	ကုန်ပစ္စည်းထည့်မှုအမှား	Lỗi thêm sản phẩm	Error adding product	Error adding product	Error adding product
error_add_reference	เกิดข้อผิดพลาดในการเพิ่มเอกสารอ้างอิง	Error adding reference document	添加参考文档时出错	参照ドキュメント追加エラー	កំហុសក្នុងការបន្ថែមឯកសារយោង	참조 문서 추가 오류	ເກີດຂໍ້ຜິດພາດໃນການເພີ່ມເອກະສານອ້າງອິງ	ကိုးကားစာရွက်စာတမ်းထည့်မှုအမှား	Lỗi thêm tài liệu tham chiếu	Error adding reference document	Error adding reference document	Error adding reference document
error_adding_product	เกิดข้อผิดพลาดในการเพิ่มสินค้า	Error adding product	添加商品时出错	商品の追加中にエラーが発生しました	មានកំហុសក្នុងការបន្ថែមផលិតផល	상품 추가 중 오류가 발생했습니다	ເກີດຂໍ້ຜິດພາດໃນການເພີ່ມສິນຄ້າ	ကုန်ပစ္စည်းထည့်ရာတွင် အမှားအယွင်းရှိသည်	Lỗi khi thêm sản phẩm	Error adding product	Error adding product	Error adding product
error_calculate_total	เกิดข้อผิดพลาดในการคำนวณยอดรวม	Error calculating total	计算总额时出错	合計計算エラー	កំហុសក្នុងការគណនាសរុប	합계 계산 오류	ເກີດຂໍ້ຜິດພາດໃນການຄຳນວນຍອດລວມ	စုစုပေါင်းတွက်ချက်မှုအမှား	Lỗi tính tổng	Error calculating total	Error calculating total	Error calculating total
error_connecting	เกิดข้อผิดพลาดในการเชื่อมต่อ	Connection error	Connection error	Connection error	Connection error	Connection error	Connection error	Connection error	Connection error	Connection error	Connection error	Connection error
error_copying	เกิดข้อผิดพลาดในการคัดลอก	Error copying	复制错误	コピーエラー	កំហុសក្នុងការចម្លង	복사 오류	ເກີດຂໍ້ຜິດພາດໃນການຄັດລອກ	ကူးယူရာတွင် အမှားဖြစ်ပါသည်	Lỗi khi sao chép	Error copying	Error copying	Error copying
error_deleting	เกิดข้อผิดพลาดในการลบ	Error deleting	删除错误	削除エラー	កំហុសក្នុងការលុប	삭제 오류	ເກີດຂໍ້ຜິດພາດໃນການລຶບ	ဖျက်ရာတွင် အမှားဖြစ်ပါသည်	Lỗi khi xóa	Error deleting	Error deleting	Error deleting
error_deleting_data	เกิดข้อผิดพลาดในการลบข้อมูล	Error deleting data	删除数据出错	データの削除中にエラーが発生しました	កំហុសក្នុងការលុបទិន្នន័យ	데이터 삭제 중 오류	ເກີດຂໍ້ຜິດພາດໃນການລຶບຂໍ້ມູນ	ဒေတာဖျက်ရာတွင်အမှားဖြစ်ပွား	Lỗi khi xóa dữ liệu	Error deleting data	Error deleting data	Error deleting data
error_details	รายละเอียดข้อผิดพลาด	Error Details	错误详情	エラー詳細	ព័ត៌មានលម្អិតអំពីកំហុស	오류 세부 정보	ລາຍລະອຽດຂໍ້ຜິດພາດ	အမှားအသေးစိတ်	Chi tiết lỗi	Error Details	Error Details	Error Details
error_displaying_pdf	เกิดข้อผิดพลาดในการแสดง PDF	Error displaying PDF	显示PDF出错	PDFの表示中にエラーが発生しました	កំហុសក្នុងការបង្ហាញ PDF	PDF 표시 중 오류	ເກີດຂໍ້ຜິດພາດໃນການສະແດງ PDF	PDF ပြသရာတွင်အမှားဖြစ်ပွား	Lỗi khi hiển thị PDF	Error displaying PDF	Error displaying PDF	Error displaying PDF
error_downloading_file	เกิดข้อผิดพลาดในการดาวน์โหลดไฟล์	Error downloading file	Error downloading file	Error downloading file	Error downloading file	Error downloading file	Error downloading file	Error downloading file	Error downloading file	Error downloading file	Error downloading file	Error downloading file
error_fetching_report	เกิดข้อผิดพลาดในการดึงข้อมูลรายงาน	Error fetching report data	Error fetching report data	Error fetching report data	Error fetching report data	Error fetching report data	Error fetching report data	Error fetching report data	Error fetching report data	Error fetching report data	Error fetching report data	Error fetching report data
error_fetching_report_summary	เกิดข้อผิดพลาดในการดึงข้อมูลสรุปรายงาน	Error fetching report summary	Error fetching report summary	Error fetching report summary	Error fetching report summary	Error fetching report summary	Error fetching report summary	Error fetching report summary	Error fetching report summary	Error fetching report summary	Error fetching report summary	Error fetching report summary
error_in_request	เกิดข้อผิดพลาดในการส่งคำขอ	Error sending request	发送请求时出错	リクエスト送信エラー	កំហុសក្នុងការផ្ញើសំណើ	요청 전송 오류	ເກີດຂໍ້ຜິດພາດໃນການສົ່ງຄຳຮ້ອງຂໍ	တောင်းဆိုမှုပေးပို့ရာတွင် အမှားအယွင်း	Lỗi khi gửi yêu cầu	Error sending request	Error sending request	Error sending request
error_infinite_loop	ตรวจพบลูปซ้ำไม่สิ้นสุด	Error: Infinite Loop Detected	Error: Infinite Loop Detected	Error: Infinite Loop Detected	Error: Infinite Loop Detected	Error: Infinite Loop Detected	Error: Infinite Loop Detected	Error: Infinite Loop Detected	Error: Infinite Loop Detected	Error: Infinite Loop Detected	Error: Infinite Loop Detected	Error: Infinite Loop Detected
error_loading	เกิดข้อผิดพลาดในการโหลดข้อมูล	Error loading data	Error loading data	Error loading data	Error loading data	Error loading data	Error loading data	Error loading data	Error loading data	Error loading data	Error loading data	Error loading data
error_loading_cart_data	เกิดข้อผิดพลาดในการโหลดข้อมูลจากตระกร้า	Error loading cart data	加载购物车数据出错	カートデータの読み込みエラー	កំហុសក្នុងការផ្ទុកទិន្នន័យកន្រ្ត	장바구니 데이터 로딩 오류	ເກີດຂໍ້ຜິດພາດໃນການໂຫຼດຂໍ້ມູນຈາກກະຕ່າ	ဈေးခြင်းတောင်းဒေတာ ဖတ်ယူရာတွင် အမှားဖြစ်သည်	Lỗi tải dữ liệu giỏ hàng	Error loading cart data	Error loading cart data	Error loading cart data
error_loading_data	เกิดข้อผิดพลาดในการโหลดข้อมูล	Error loading data	加载数据出错	データの読み込みエラー	កំហុសក្នុងការផ្ទុកទិន្នន័យ	데이터 로딩 오류	ເກີດຂໍ້ຜິດພາດໃນການໂຫຼດຂໍ້ມູນ	ဒေတာဖတ်ယူရာတွင် အမှားဖြစ်သည်	Lỗi tải dữ liệu	Error loading data	Error loading data	Error loading data
error_loading_data_from_cart	เกิดข้อผิดพลาดในการโหลดข้อมูลจากตะกร้า	Error loading data from cart	从购物车加载数据出错	カートからデータの読み込み中にエラーが発生しました	កំហុសក្នុងការផ្ទុកទិន្នន័យពីរទេះ	장바구니에서 데이터 로딩 중 오류	ເກີດຂໍ້ຜິດພາດໃນການໂຫຼດຂໍ້ມູນຈາກກະຕ່າ	ဈေးခြင်းတောင်းမှဒေတာတင်ရာတွင်အမှားဖြစ်ပွား	Lỗi khi tải dữ liệu từ giỏ hàng	Error loading data from cart	Error loading data from cart	Error loading data from cart
error_loading_pdf	เกิดข้อผิดพลาดในการโหลด PDF	Error loading PDF	Error loading PDF	Error loading PDF	Error loading PDF	Error loading PDF	Error loading PDF	Error loading PDF	Error loading PDF	Error loading PDF	Error loading PDF	Error loading PDF
error_loading_warehouse	เกิดข้อผิดพลาดในการโหลดคลัง	Error loading warehouse	加载仓库时出错	倉庫の読み込みエラー	មានកំហុសក្នុងការផ្ទុកឃ្លាំង	창고 로딩 오류	ເກີດຂໍ້ຜິດພາດໃນການໂຫຼດສາງ	ဂိုဒေါင် ဖတ်ယူရာတွင် အမှားရှိသည်	Lỗi khi tải kho	Error loading warehouse	Error loading warehouse	Error loading warehouse
error_occurred	เกิดข้อผิดพลาด	Error Occurred	发生错误	エラーが発生しました	កំហុសបានកើតឡើង	오류 발생	ເກີດຂໍ້ຜິດພາດ	အမှားအယွင်းဖြစ်ပွားသည်	Đã xảy ra lỗi	Error Occurred	Error Occurred	Error Occurred
error_printing	เกิดข้อผิดพลาดในการพิมพ์	Error printing	打印出错	印刷中にエラーが発生しました	កំហុសក្នុងការបោះពុម្ព	인쇄 중 오류	ເກີດຂໍ້ຜິດພາດໃນການພິມ	ပရင့်ထုတ်ရာတွင်အမှားဖြစ်ပွား	Lỗi khi in	Error printing	Error printing	Error printing
error_process_document	เกิดข้อผิดพลาดในการประมวลผลเอกสาร	Error processing document	处理文档时出错	ドキュメント処理エラー	កំហុសក្នុងការដំណើរការឯកសារ	문서 처리 오류	ເກີດຂໍ້ຜິດພາດໃນການປະມວນຜົນເອກະສານ	စာရွက်စာတမ်းလုပ်ဆောင်မှုအမှား	Lỗi xử lý tài liệu	Error processing document	Error processing document	Error processing document
error_rows	แถวที่ผิดพลาด	Error Rows	错误行	エラー行	ជួរដេកកំហុស	오류 행	ແຖວທີ່ຜິດພາດ	အမှားအတန်းများ	Hàng lỗi	Error Rows	Error Rows	Error Rows
error_saving	เกิดข้อผิดพลาดในการบันทึก	Error saving	Error saving	Error saving	Error saving	Error saving	Error saving	Error saving	Error saving	Error saving	Error saving	Error saving
error_selecting_file	เกิดข้อผิดพลาดในการเลือกไฟล์	Error selecting file	选择文件时出错	ファイル選択エラー	កំហុសក្នុងការជ្រើសរើសឯកសារ	파일 선택 오류	ເກີດຂໍ້ຜິດພາດໃນການເລືອກໄຟລ໌	ဖိုင် ရွေးချယ်ရာတွင် အမှားဖြစ်သည်	Lỗi khi chọn tệp	Error selecting file	Error selecting file	Error selecting file
error_sending_request	เกิดข้อผิดพลาดในการส่งคำขอ: 	Error sending request: 	发送请求时出错: 	リクエスト送信エラー: 	កំហុសក្នុងការផ្ញើសំណើ: 	요청 전송 오류: 	ເກີດຂໍ້ຜິດພາດໃນການສົ່ງຄຳຂໍ: 	တောင်းဆိုမှုပို့ရာတွင် အမှားအယွင်း: 	Lỗi khi gửi yêu cầu: 	Error sending request: 	Error sending request: 	Error sending request: 
error_update_data	เกิดข้อผิดพลาดในการอัพเดทข้อมูล	Error updating data	更新数据时出错	データ更新エラー	កំហុសក្នុងការធ្វើបច្ចុប្បន្នភាពទិន្នន័យ	데이터 업데이트 오류	ເກີດຂໍ້ຜິດພາດໃນການອັບເດດຂໍ້ມູນ	ဒေတာအဆင့်မြှင့်တင်မှုအမှား	Lỗi cập nhật dữ liệu	Error updating data	Error updating data	Error updating data
error_with_detail	เกิดข้อผิดพลาด	Error occurred	发生错误	エラーが発生しました	កំហុសបានកើតឡើង	오류가 발생했습니다	ເກີດຂໍ້ຜິດພາດ	အမှားအယွင်း ဖြစ်ပွားသည်	Đã xảy ra lỗi	Error occurred	Error occurred	Error occurred
errors	ผิดพลาด	Errors	错误	エラー	កំហុស	오류	ຂໍ້ຜິດພາດ	အမှားများ	Lỗi	Errors	Errors	Errors
evening	เย็น	Evening	Evening	Evening	Evening	Evening	Evening	Evening	Evening	Evening	Evening	Evening
event_quantity	จำนวนเหตุการณ์	Event Quantity	事件数量	イベント数	បរិមាណព្រឹត្តិការណ៍	이벤트 수량	ຈຳນວນເຫດການ	အဖြစ်အပျက်အရေအတွက်	Số lượng sự kiện	Event Quantity	Event Quantity	Event Quantity
example	ตัวอย่าง	Example	示例	例	ឧទាហរណ៍	예시	ຕົວຢ່າງ	ဥပမာ	Ví dụ	Example	Example	Example
example_claude_desktop_key	เช่น Claude Desktop Key	e.g., Claude Desktop Key	e.g., Claude Desktop Key	e.g., Claude Desktop Key	e.g., Claude Desktop Key	e.g., Claude Desktop Key	e.g., Claude Desktop Key	e.g., Claude Desktop Key	e.g., Claude Desktop Key	e.g., Claude Desktop Key	e.g., Claude Desktop Key	e.g., Claude Desktop Key
exchange_rate	อัตราแลกเปลี่ยน	Exchange Rate	汇率	為替レート	អត្រាប្តូរប្រាក់	환율	ອັດຕາແລກປ່ຽນ	ငွေလဲနှုန်း	Tỷ giá	Exchange Rate	Exchange Rate	Exchange Rate
exchange_rate_hint	กรอกอัตราแลกเปลี่ยน	Enter exchange rate	输入汇率	為替レートを入力	បញ្ចូលអត្រាប្តូរប្រាក់	환율 입력	ກະລຸນາປ້ອນອັດຕາແລກປ່ຽນ	ငွေလဲနှုန်းထည့်ပါ	Nhập tỷ giá	Enter exchange rate	Enter exchange rate	Enter exchange rate
exchange_rate_history	ประวัติอัตราแลกเปลี่ยน	Exchange Rate History	汇率历史	為替レート履歴	ប្រវត្តិអត្រាប្តូរប្រាក់	환율 이력	ປະຫວັດອັດຕາແລກປ່ຽນ	ငွေလဲနှုန်းမှတ်တမ်း	Lịch sử tỷ giá	Exchange Rate History	Exchange Rate History	Exchange Rate History
exchange_rate_not_found_for	ไม่พบอัตราแลกเปลี่ยนสำหรับ	Exchange rate not found for	未找到汇率	為替レートが見つかりません	រកមិនឃើញអត្រាប្តូរប្រាក់សម្រាប់	환율을 찾을 수 없습니다	ບໍ່ພົບອັດຕາແລກປ່ຽນສຳລັບ	လဲလှယ်နှုန်း ရှာမတွေ့ပါ	Không tìm thấy tỷ giá cho	Exchange rate not found for	Exchange rate not found for	Exchange rate not found for
exchange_rate_set_count	จำนวนที่ตั้งค่าอัตราแลกเปลี่ยน	Exchange rate set count	已设置汇率数量	設定済み為替レート数	ចំនួនអត្រាប្តូរប្រាក់បានកំណត់	설정된 환율 수	ຈຳນວນທີ່ຕັ້ງຄ່າອັດຕາແລກປ່ຽນ	သတ်မှတ်ထားသောငွေလဲနှုန်းအရေအတွက်	Số tỷ giá đã thiết lập	Exchange rate set count	Exchange rate set count	Exchange rate set count
executive	ผู้บริหาร	Executive	Executive	Executive	Executive	Executive	Executive	Executive	Executive	Executive	Executive	Executive
exit	ออก	Exit	退出	終了	ចាកចេញ	종료	ອອກ	ထွက်ရန်	Thoát	Exit	Exit	Exit
expires_at	วันหมดอายุ	Expires At	到期时间	有効期限	ផុតកំណត់នៅ	만료일	ໝົດອາຍຸ	သက်တမ်းကုန်ဆုံးရက်	Hết hạn vào	Expires At	Expires At	Expires At
expiry_alert_days	แจ้งเตือนก่อนหมดอายุ	Expiry Alert Days	到期提醒天数	有効期限アラート日数	ថ្ងៃជូនដំណឹងផុតកំណត់	만료 알림 일수	ຈຳນວນວັນແຈ້ງເຕືອນໝົດອາຍຸ	သက်တမ်းကုန်သတိပေးရက်	Số ngày cảnh báo hết hạn	Expiry Alert Days	Expiry Alert Days	Expiry Alert Days
expiry_date	วันที่หมดอายุ	Expiry Date	过期日期	有効期限	កាលបរិច្ឆេទផុតកំណត់	만료일	ວັນທີໝົດອາຍຸ	သက်တမ်းကုန်ဆုံးရက်	Ngày hết hạn	Expiry Date	Expiry Date	Expiry Date
expiry_tracking	ติดตามวันหมดอายุ	Expiry Tracking	到期日跟踪	有効期限追跡	តាមដានថ្ងៃផុតកំណត់	유통기한 추적	ຕິດຕາມວັນໝົດອາຍຸ	သက်တမ်းကုန်ခြေရာခံ	Theo dõi hạn sử dụng	Expiry Tracking	Expiry Tracking	Expiry Tracking
export	ส่งออก	Export	导出	エクスポート	នាំចេញ	내보내기	ສົ່ງອອກ	ထုတ်ယူပါ	Xuất	Export	Export	Export
estimated_duty	ประมาณการอากร	Estimated Duty	预估关税	推定関税	ពន្ធគយប៉ាន់ស្មាន	예상 관세	ພາສີປະມານການ	ခန့်မှန်းအခွန်	Thuế ước tính	Estimated Duty	Estimated Duty	Estimated Duty
estimated_freight	ประมาณการค่าขนส่ง	Estimated Freight	预估运费	推定運送費	ថ្លៃដឹកជញ្ជូនប៉ាន់ស្មាន	예상 운임	ຄ່າຂົນສົ່ງປະມານການ	ခန့်မှန်းသယ်ယူခ	Cước vận chuyển ước tính	Estimated Freight	Estimated Freight	Estimated Freight
estimated_landed_cost	ประมาณการต้นทุนรวม	Estimated Landed Cost	预估到岸成本	推定総コスト	ថ្លៃដើមសរុបប៉ាន់ស្មាន	예상 총원가	ຕົ້ນທຶນລວມປະມານການ	ခန့်မှန်းစုစုပေါင်းကုန်ကျစရိတ်	Chi phí hàng đến ước tính	Estimated Landed Cost	Estimated Landed Cost	Estimated Landed Cost
estimated_unit_cost	ประมาณการราคาต่อหน่วย	Estimated Unit Cost	预估单价	推定単価	តម្លៃឯកតាប៉ាន់ស្មាន	예상 단가	ລາຄາຕໍ່ໜ່ວຍປະມານການ	ခန့်မှန်းယူနစ်ကုန်ကျစရိတ်	Chi phí đơn vị ước tính	Estimated Unit Cost	Estimated Unit Cost	Estimated Unit Cost
export_config	Export Config	Export Config	导出配置	設定をエクスポート	នាំចេញការកំណត់	설정 내보내기	ສົ່ງອອກການຕັ້ງຄ່າ	ဆက်တင်ထုတ်ယူရန်	Xuất cấu hình	Export Config	Export Config	Export Config
export_excel	ส่งออก Excel	Export Excel	Export Excel	Export Excel	Export Excel	Export Excel	Export Excel	Export Excel	Export Excel	Export Excel	Export Excel	Export Excel
export_pdf	ส่งออก PDF	Export PDF	Export PDF	Export PDF	Export PDF	Export PDF	Export PDF	Export PDF	Export PDF	Export PDF	Export PDF	Export PDF
export_report	ส่งออกรายงาน	Export Report	导出报告	レポートをエクスポート	នាំចេញរបាយការណ៍	보고서 내보내기	ສົ່ງອອກລາຍງານ	အစီရင်ခံစာထုတ်ယူပါ	Xuất báo cáo	Export Report	Export Report	Export Report
export_report_cancel	ยกเลิก	Cancel	取消	キャンセル	បោះបង់	취소	ຍົກເລີກ	ပယ်ဖျက်ရန်	Hủy	Cancel	Cancel	Cancel
export_report_cannot_open_link	ไม่สามารถเปิดลิงก์ได้	Cannot Open Link	无法打开链接	リンクを開けません	មិនអាចបើកតំណបានទេ	링크를 열 수 없습니다	ບໍ່ສາມາດເປີດລິ້ງໄດ້	လင့်ခ်ကို ဖွင့်၍မရပါ	Không thể mở liên kết	Cannot Open Link	Cannot Open Link	Cannot Open Link
export_report_check_status	ตรวจสอบสถานะการส่งออกรายงาน	Check Report Export Status	检查报告导出状态	レポートのエクスポートステータスを確認	ពិនិត្យស្ថានភាពនាំចេញរបាយការណ៍	보고서 내보내기 상태 확인	ກວດສອບສະຖານະການສົ່ງອອກລາຍງານ	အစီရင်ခံစာထုတ်ယူမှုအခြေအနေစစ်ဆေးပါ	Kiểm tra trạng thái xuất báo cáo	Check Report Export Status	Check Report Export Status	Check Report Export Status
export_report_checking_status	กำลังตรวจสอบสถานะ...	Checking Status...	正在检查状态...	ステータスを確認中...	កំពុងពិនិត្យស្ថានភាព...	상태 확인 중...	ກຳລັງກວດສອບສະຖານະ...	အခြေအနေ စစ်ဆေးနေသည်...	Đang kiểm tra trạng thái...	Checking Status...	Checking Status...	Checking Status...
export_report_close	ปิด	Close	关闭	閉じる	បិទ	닫기	ປິດ	ပိတ်ပါ	Đóng	Close	Close	Close
export_report_complete	การส่งออกรายงานเสร็จสมบูรณ์	Report Export Complete	报告导出完成	レポートのエクスポートが完了しました	ការនាំចេញរបាយការណ៍បានបញ្ចប់	보고서 내보내기 완료	ການສົ່ງອອກລາຍງານສຳເລັດ	အစီရင်ခံစာထုတ်ယူမှုပြီးစီးပါပြီ	Xuất báo cáo hoàn tất	Report Export Complete	Report Export Complete	Report Export Complete
export_report_download	ดาวน์โหลดรายงาน	Download Report	下载报告	レポートをダウンロード	ទាញយករបាយការណ៍	보고서 다운로드	ດາວໂຫຼດລາຍງານ	အစီရင်ခံစာ ဒေါင်းလုဒ်လုပ်ပါ	Tải xuống báo cáo	Download Report	Download Report	Download Report
export_report_error	เกิดข้อผิดพลาดในการส่งออกรายงาน	Export Report Error	导出报表错误	レポートのエクスポートエラー	កំហុសក្នុងការនាំចេញរបាយការណ៍	보고서 내보내기 오류	ເກີດຂໍ້ຜິດພາດໃນການສົ່ງອອກລາຍງານ	အစီရင်ခံစာ ထုတ်ယူရာတွင် အမှားဖြစ်ပွားသည်	Lỗi xuất báo cáo	Export Report Error	Export Report Error	Export Report Error
export_report_excel_desc	ส่งออกรายงานเป็นไฟล์ Excel	Export Report as Excel File	导出 Excel 报告文件	レポートをExcelファイルとしてエクスポート	នាំចេញរបាយការណ៍ជាឯកសារ Excel	보고서를 Excel 파일로 내보내기	ສົ່ງອອກລາຍງານເປັນໄຟລ໌ Excel	အစီရင်ခံစာကို Excel ဖိုင်အဖြစ် ထုတ်ယူပါ	Xuất báo cáo dưới dạng tệp Excel	Export Report as Excel File	Export Report as Excel File	Export Report as Excel File
export_report_file_ready	ไฟล์รายงานพร้อมดาวน์โหลดแล้ว	Report file is ready for download	报告文件已准备好下载	レポートファイルのダウンロード準備ができました	ឯកសាររបាយការណ៍រួចរាល់សម្រាប់ការទាញយក	보고서 파일을 다운로드할 준비가 되었습니다	ໄຟລ໌ລາຍງານພ້ອມດາວໂຫຼດແລ້ວ	အစီရင်ခံစာဖိုင် ဒေါင်းလုဒ်လုပ်ရန် အသင့်ဖြစ်ပါပြီ	Tệp báo cáo đã sẵn sàng để tải xuống	Report file is ready for download	Report file is ready for download	Report file is ready for download
export_report_filename	ชื่อไฟล์รายงาน:	Report Filename:	报告文件名:	レポートファイル名:	ឈ្មោះឯកសាររបាយការណ៍:	보고서 파일 이름:	ຊື່ໄຟລ໌ລາຍງານ:	အစီရင်ခံစာဖိုင်အမည်:	Tên tệp báo cáo:	Report Filename:	Report Filename:	Report Filename:
export_report_no_token	ไม่พบ Token การยืนยันตัวตน	No Authentication Token	未找到认证令牌	認証トークンが見つかりません	រកមិនឃើញ Token ផ្ទៀងផ្ទាត់ទេ	인증 토큰을 찾을 수 없습니다	ບໍ່ພົບ Token ການຢືນຢັນຕົວຕົນ	အထောက်အထား Token မတွေ့ပါ	Không tìm thấy Token xác thực	No Authentication Token	No Authentication Token	No Authentication Token
export_report_pdf_desc	ส่งออกรายงานเป็นไฟล์ PDF	Export Report as PDF File	导出 PDF 报告文件	レポートをPDFファイルとしてエクスポート	នាំចេញរបាយការណ៍ជាឯកសារ PDF	보고서를 PDF 파일로 내보내기	ສົ່ງອອກລາຍງານເປັນໄຟລ໌ PDF	အစီရင်ခံစာကို PDF ဖိုင်အဖြစ် ထုတ်ယူပါ	Xuất báo cáo dưới dạng tệp PDF	Export Report as PDF File	Export Report as PDF File	Export Report as PDF File
export_report_retry	ลองใหม่	Retry	重试	再試行	ព្យាយាមម្តងទៀត	다시 시도	ລອງໃໝ່	ထပ်စမ်းရန်	Thử lại	Retry	Retry	Retry
export_report_select_format	เลือกประเภทการส่งออกรายงาน	Select Report Export Format	选择报告导出格式	レポートのエクスポート形式を選択	ជ្រើសរើសទម្រង់នាំចេញរបាយការណ៍	보고서 내보내기 형식 선택	ເລືອກຮູບແບບການສົ່ງອອກລາຍງານ	အစီရင်ခံစာထုတ်ယူမှုပုံစံ ရွေးချယ်ပါ	Chọn định dạng xuất báo cáo	Select Report Export Format	Select Report Export Format	Select Report Export Format
export_report_start	เริ่มการส่งออกรายงาน	Start Report Export	开始导出报告	レポートのエクスポートを開始	ចាប់ផ្តើមនាំចេញរបាយការណ៍	보고서 내보내기 시작	ເລີ່ມການສົ່ງອອກລາຍງານ	အစီရင်ခံစာထုတ်ယူမှု စတင်ပါ	Bắt đầu xuất báo cáo	Start Report Export	Start Report Export	Start Report Export
export_report_submitting	กำลังส่งคำขอ...	Submitting...	正在提交...	送信中...	កំពុងដាក់ស្នើ...	제출 중...	ກຳລັງສົ່ງຄຳຂໍ...	တင်သွင်းနေသည်...	Đang gửi yêu cầu...	Submitting...	Submitting...	Submitting...
export_success	Download สำเร็จ	Download Successful	下载成功	ダウンロード成功	ទាញយកជោគជ័យ	다운로드 성공	ດາວໂຫຼດສຳເລັດ	ဒေါင်းလုဒ်အောင်မြင်	Tải xuống thành công	Download Successful	Download Successful	Download Successful
extra_details	รายละเอียดเพิ่มเติม	Extra Details	Extra Details	Extra Details	Extra Details	Extra Details	Extra Details	Extra Details	Extra Details	Extra Details	Extra Details	Extra Details
extra_name	ชื่อเพิ่มเติม	Extra Name	附加名称	追加名	ឈ្មោះបន្ថែម	추가 이름	ຊື່ເພີ່ມເຕີມ	နောက်ထပ်အမည်	Tên bổ sung	Extra Name	Extra Name	Extra Name
failed	ไม่สำเร็จ	Failed	失败	失敗	បរាជ័យ	실패	ບໍ່ສຳເລັດ	မအောင်မြင်ပါ	Thất bại	Failed	Failed	Failed
fd_align_bottom	จัดชิดล่าง	Align Bottom	底部对齐	下揃え	តម្រឹមខាងក្រោម	아래쪽 정렬	ຈັດຊິດລຸ່ມ	အောက် ချိန်ညှိ	Căn dưới	Align Bottom	Align Bottom	Align Bottom
fd_align_center	จัดกลาง	Align Center	居中对齐	中央揃え	តម្រឹមកណ្ដាល	가운데 정렬	ຈັດກາງ	အလယ် ချိန်ညှိ	Căn giữa	Align Center	Align Center	Align Center
fd_align_left	จัดชิดซ้าย	Align Left	左对齐	左揃え	តម្រឹមឆ្វេង	왼쪽 정렬	ຈັດຊິດຊ້າຍ	ဘယ်ဘက် ချိန်ညှိ	Căn trái	Align Left	Align Left	Align Left
fd_align_middle	จัดกลางแนวตั้ง	Align Middle	垂直居中	垂直中央	តម្រឹមកណ្ដាលបញ្ឈរ	세로 가운데	ຈັດກາງແນວຕັ້ງ	ဒေါင်လိုက် အလယ်	Căn giữa dọc	Align Middle	Align Middle	Align Middle
fd_align_right	จัดชิดขวา	Align Right	右对齐	右揃え	តម្រឹមស្ដាំ	오른쪽 정렬	ຈັດຊິດຂວາ	ညာဘက် ချိန်ညှိ	Căn phải	Align Right	Align Right	Align Right
fd_align_top	จัดชิดบน	Align Top	顶部对齐	上揃え	តម្រឹមខាងលើ	위쪽 정렬	ຈັດຊິດເທິງ	အပေါ် ချိန်ညှိ	Căn trên	Align Top	Align Top	Align Top
fd_alignment	จัดตำแหน่ง	Alignment	对齐	整列	តម្រឹម	정렬	ຈັດຕຳແໜ່ງ	ချိန်ညှိခြင်း	Căn chỉnh	Alignment	Alignment	Alignment
fd_appearance	รูปลักษณ์	Appearance	外观	外観	រូបរាង	외관	ຮູບລັກສະນະ	ပုံပန်းသဏ္ဌာန်	Giao diện	Appearance	Appearance	Appearance
fd_apply	ใช้งาน	Apply	应用	適用	អនុវត្ត	적용	ນຳໃຊ້	အသုံးပြုရန်	Áp dụng	Apply	Apply	Apply
fd_background	พื้นหลัง	Background	背景	背景	ផ្ទៃខាងក្រោយ	배경	ພື້ນຫຼັງ	နောက်ခံ	Nền	Background	Background	Background
fd_barcode	บาร์โค้ด	Barcode	条形码	バーコード	បាកូដ	바코드	ບາໂຄ້ດ	ဘားကုဒ်	Mã vạch	Barcode	Barcode	Barcode
fd_bg_color	สีพื้นหลัง	Background Color	背景颜色	背景色	ពណ៌ផ្ទៃខាងក្រោយ	배경색	ສີພື້ນຫຼັງ	နောက်ခံအရောင်	Màu nền	Background Color	Background Color	Background Color
fd_blank_template	แม่แบบเปล่า	Blank Template	空白模板	空白テンプレート	គំរូទទេ	빈 템플릿	ແມ່ແບບເປົ່າ	ဗလာ ပုံစံခွက်	Mẫu trống	Blank Template	Blank Template	Blank Template
fd_bold	ตัวหนา	Bold	粗体	太字	ដិត	굵게	ຕົວໜາ	စာလုံးထူ	In đậm	Bold	Bold	Bold
fd_border	เส้นขอบ	Border	边框	枠線	ស៊ុម	테두리	ຂອບ	ဘောင်	Viền	Border	Border	Border
fd_border_color	สีเส้นขอบ	Border Color	边框颜色	枠線の色	ពណ៌ស៊ុម	테두리 색	ສີຂອບ	ဘောင်အရောင်	Màu viền	Border Color	Border Color	Border Color
fd_border_radius	มุมโค้ง	Border Radius	圆角	角の丸み	កោណផ្គង	모서리 둥글기	ມຸມໂຄ້ງ	ဘောင်အကွေး	Bo góc	Border Radius	Border Radius	Border Radius
fd_border_width	ความหนาเส้นขอบ	Border Width	边框宽度	枠線の太さ	កម្រាស់ស៊ុម	테두리 두께	ຄວາມໜາຂອບ	ဘောင်အထူ	Độ dày viền	Border Width	Border Width	Border Width
fd_bring_to_front	นำมาหน้าสุด	Bring to Front	置于顶层	最前面へ	នាំមកមុខ	맨 앞으로	ນຳມາໜ້າສຸດ	ရှေ့ဆုံးသို့	Đưa lên trước	Bring to Front	Bring to Front	Bring to Front
fd_category_all	ทั้งหมด	All	全部	すべて	ទាំងអស់	전체	ທັງໝົດ	အားလုံး	Tất cả	All	All	All
fd_category_financial	การเงิน	Financial	财务	財務	ហិរញ្ញវត្ថុ	재무	ການເງິນ	ငွေကြေး	Tài chính	Financial	Financial	Financial
fd_category_inventory	คลัง	Inventory	库存	在庫	ស្តុក	재고	ຄັງ	ကုန်လက်ကျန်	Kho	Inventory	Inventory	Inventory
fd_category_purchase	ซื้อ	Purchase	采购	購入	ទិញ	구매	ຊື້	ဝယ်ယူမှု	Mua hàng	Purchase	Purchase	Purchase
fd_category_sales	ขาย	Sales	销售	販売	លក់	판매	ຂາຍ	ရောင်းချမှု	Bán hàng	Sales	Sales	Sales
fd_data	ข้อมูล	Data	数据	データ	ទិន្នន័យ	데이터	ຂໍ້ມູນ	ဒေတာ	Dữ liệu	Data	Data	Data
fd_data_binding	เชื่อมต่อข้อมูล	Data Binding	数据绑定	データバインディング	ការភ្ជាប់ទិន្នន័យ	데이터 바인딩	ການເຊື່ອມໂຍງຂໍ້ມູນ	ဒေတာချိတ်ဆက်ခြင်း	Liên kết dữ liệu	Data Binding	Data Binding	Data Binding
fd_data_field	ฟิลด์ข้อมูล	Data Field	数据字段	データフィールド	វាលទិន្នន័យ	데이터 필드	ຟິລ໌ຂໍ້ມູນ	ဒေတာအကွက်	Trường dữ liệu	Data Field	Data Field	Data Field
fd_date_time	วันที่/เวลา	Date/Time	日期/时间	日付/時刻	កាលបរិច្ឆេទ/ពេលវេលា	날짜/시간	ວັນທີ/ເວລາ	ရက်စွဲ/အချိန်	Ngày/Giờ	Date/Time	Date/Time	Date/Time
fd_delete	ลบ	Delete	删除	削除	លុប	삭제	ລຶບ	ဖျက်ရန်	Xóa	Delete	Delete	Delete
fd_detail	รายละเอียด	Detail	详情	明細	លម្អិត	상세	ລາຍລະອຽດ	အသေးစိတ်	Chi tiết	Detail	Detail	Detail
fd_distribute_h	กระจายแนวนอน	Distribute Horizontally	水平分布	水平方向に分布	ចែកចាយផ្ដេក	가로 분포	ກະຈາຍແນວນອນ	အလျားလိုက်ဖြန့်	Phân bố ngang	Distribute Horizontally	Distribute Horizontally	Distribute Horizontally
fd_distribute_v	กระจายแนวตั้ง	Distribute Vertically	垂直分布	垂直方向に分布	ចែកចាយបញ្ឈរ	세로 분포	ກະຈາຍແນວຕັ້ງ	ဒေါင်လိုက်ဖြန့်	Phân bố dọc	Distribute Vertically	Distribute Vertically	Distribute Vertically
fd_elements	องค์ประกอบ	Elements	元素	要素	ធាតុ	요소	ອົງປະກອບ	အစိတ်အပိုင်းများ	Phần tử	Elements	Elements	Elements
fd_font_family	แบบอักษร	Font	字体	フォント	ពុម្ពអក្សរ	글꼴	ແບບຕົວອັກສອນ	ဖောင့်	Phông chữ	Font	Font	Font
fd_font_size	ขนาดตัวอักษร	Font Size	字号	フォントサイズ	ទំហំអក្សរ	글꼴 크기	ຂະໜາດຕົວອັກສອນ	ဖောင့်အရွယ်အစား	Cỡ chữ	Font Size	Font Size	Font Size
fd_footer	ท้ายกระดาษ	Footer	页脚	フッター	បាតកថា	하단	ທ້າຍກະດາດ	အောက်ခြေ	Chân trang	Footer	Footer	Footer
fd_form_info	ข้อมูลฟอร์ม	Form Info	表单信息	フォーム情報	ព័ត៌មានទម្រង់	양식 정보	ຂໍ້ມູນແບບຟອມ	ပုံစံအချက်အလက်	Thông tin biểu mẫu	Form Info	Form Info	Form Info
fd_format	รูปแบบ	Format	格式	フォーマット	ទម្រង់	형식	ຮູບແບບ	ပုံစံ	Định dạng	Format	Format	Format
fd_grid	ตาราง	Grid	网格	グリッド	ក្រឡា	격자	ຕາຕະລາງ	ဂရစ်	Lưới	Grid	Grid	Grid
fd_grid_off	ตาราง: ปิด	Grid: Off	网格: 关	グリッド: オフ	ក្រឡា: បិទ	격자: 끄기	ຕາຕະລາງ: ປິດ	ဂရစ်: ပိတ်	Lưới: Tắt	Grid: Off	Grid: Off	Grid: Off
fd_header	หัวกระดาษ	Header	页眉	ヘッダー	បឋមកថា	상단	ຫົວກະດາດ	ခေါင်းစီး	Đầu trang	Header	Header	Header
fd_hide	ซ่อน	Hide	隐藏	非表示	លាក់	숨기기	ເຊື່ອງ	ဖုံးကွယ်ရန်	Ẩn	Hide	Hide	Hide
fd_image	รูปภาพ	Image	图片	画像	រូបភាព	이미지	ຮູບພາບ	ပုံ	Hình ảnh	Image	Image	Image
fd_italic	ตัวเอียง	Italic	斜体	斜体	ទ្រេត	기울임	ຕົວອຽງ	စာလုံးစောင်း	In nghiêng	Italic	Italic	Italic
fd_json_editor	แก้ไข JSON	JSON Editor	JSON编辑器	JSONエディタ	កែសម្រួល JSON	JSON 편집기	ແກ້ໄຂ JSON	JSON တည်းဖြတ်	Trình soạn JSON	JSON Editor	JSON Editor	JSON Editor
fd_layers	เลเยอร์	Layers	图层	レイヤー	ស្រទាប់	레이어	ເລເຢີ	အလွှာများ	Lớp	Layers	Layers	Layers
fd_left_panel	แผงซ้าย	Left Panel	左面板	左パネル	បន្ទះឆ្វេង	왼쪽 패널	ແຜງຊ້າຍ	ဘယ်ဘက်ပန်နယ်	Bảng trái	Left Panel	Left Panel	Left Panel
fd_line	เส้น	Line	线	線	បន្ទាត់	선	ເສັ້ນ	မျဉ်း	Đường kẻ	Line	Line	Line
fd_load	โหลด	Load	加载	読み込み	ផ្ទុក	불러오기	ໂຫລດ	ဖွင့်ရန်	Tải	Load	Load	Load
fd_lock	ล็อค	Lock	锁定	ロック	ចាក់សោ	잠금	ລ໋ອກ	လော့ခ်ချရန်	Khóa	Lock	Lock	Lock
fd_lock_aspect_ratio	ล็อคสัดส่วน	Lock aspect ratio	锁定比例	アスペクト比を固定	ចាក់សោសមាមាត្រ	비율 잠금	ລ໋ອກສັດສ່ວນ	အချိုးအစား လော့ခ်ချရန်	Khóa tỷ lệ	Lock aspect ratio	Lock aspect ratio	Lock aspect ratio
fd_multi_page	หลายหน้า	Multi-page	多页	マルチページ	ច្រើនទំព័រ	다중 페이지	ຫຼາຍໜ້າ	စာမျက်နှာများ	Nhiều trang	Multi-page	Multi-page	Multi-page
fd_multi_page_desc	ส่วนรายการซ้ำหลายหน้า	Detail section repeats across pages	明细部分跨页重复	明細セクションがページをまたいで繰り返し	ផ្នែកលម្អិតម្តងទៀតក្នុងទំព័រ	상세 섹션이 페이지에 걸쳐 반복	ສ່ວນລາຍລະອຽດຊ້ຳຫຼາຍໜ້າ	အသေးစိတ်ကဏ္ဍ စာမျက်နှာများတွင် ထပ်ခါထပ်ခါ	Phần chi tiết lặp qua các trang	Detail section repeats across pages	Detail section repeats across pages	Detail section repeats across pages
fd_no_elements	ไม่มีองค์ประกอบ	No elements	无元素	要素なし	មិនមានធាតុ	요소 없음	ບໍ່ມີອົງປະກອບ	အစိတ်အပိုင်းမရှိပါ	Không có phần tử	No elements	No elements	No elements
fd_no_selection	ไม่ได้เลือกอะไร	No Selection	未选择	未選択	មិនបានជ្រើសរើស	선택 없음	ບໍ່ໄດ້ເລືອກ	ရွေးချယ်မှုမရှိ	Chưa chọn	No Selection	No Selection	No Selection
fd_no_selection_hint	คลิกเลือก element บน canvas หรือลากจากแผงซ้าย	Click an element on the canvas or drag from the left panel	点击画布上的元素 或从左侧面板拖拽	キャンバス上の要素をクリック または左パネルからドラッグ	ចុចធាតុនៅលើផ្ទាំង ឬអូសពីបន្ទះឆ្វេង	캔버스의 요소를 클릭하거나 왼쪽 패널에서 드래그하세요	ຄລິກເລືອກອົງປະກອບເທິງ canvas ຫຼືລາກຈາກແຜງຊ້າຍ	canvas ပေါ်ရှိ element ကို နှိပ်ပါ သို့မဟုတ် ဘယ်ဘက်မှ ဆွဲယူပါ	Nhấp vào phần tử trên canvas hoặc kéo từ bảng trái	Click an element on the canvas or drag from the left panel	Click an element on the canvas or drag from the left panel	Click an element on the canvas or drag from the left panel
fd_opacity	ความโปร่งใส	Opacity	透明度	不透明度	ភាពស្រអាប់	불투명도	ຄວາມໂປ່ງໃສ	အလင်းဖောက်နှုန်း	Độ trong suốt	Opacity	Opacity	Opacity
fd_page_number	เลขหน้า	Page Number	页码	ページ番号	លេខទំព័រ	페이지 번호	ເລກໜ້າ	စာမျက်နှာနံပါတ်	Số trang	Page Number	Page Number	Page Number
fd_position_size	ตำแหน่งและขนาด	Position & Size	位置和大小	位置とサイズ	ទីតាំងនិងទំហំ	위치 및 크기	ຕຳແໜ່ງແລະຂະໜາດ	တည်နေရာနှင့် အရွယ်အစား	Vị trí & Kích thước	Position & Size	Position & Size	Position & Size
fd_preview	ดูตัวอย่าง	Preview	预览	プレビュー	មើលជាមុន	미리보기	ເບິ່ງຕົວຢ່າງ	ကြိုတင်ကြည့်ရှု	Xem trước	Preview	Preview	Preview
fd_print_mode	โหมดพิมพ์	Print Mode	打印模式	印刷モード	របៀបបោះពុម្ព	인쇄 모드	ໂໝດພິມ	ပုံနှိပ်မုဒ်	Chế độ in	Print Mode	Print Mode	Print Mode
fd_qr_code	คิวอาร์โค้ด	QR Code	二维码	QRコード	កូដ QR	QR 코드	QR ໂຄ້ດ	QR ကုဒ်	Mã QR	QR Code	QR Code	QR Code
fd_rectangle	สี่เหลี่ยม	Rectangle	矩形	四角形	ចតុកោណ	사각형	ສີ່ແຈ	ထောင့်မှန်စတုဂံ	Hình chữ nhật	Rectangle	Rectangle	Rectangle
fd_redo	ทำซ้ำ	Redo	重做	やり直し	ធ្វើឡើងវិញ	다시 실행	ເຮັດຊ້ຳ	ပြန်လုပ်ရန်	Làm lại	Redo	Redo	Redo
fd_right_panel	แผงขวา	Right Panel	右面板	右パネル	បន្ទះស្តាំ	오른쪽 패널	ແຜງຂວາ	ညာဘက်ပန်နယ်	Bảng phải	Right Panel	Right Panel	Right Panel
fd_rotation	การหมุน	Rotation	旋转	回転	ការបង្វិល	회전	ການໝຸນ	လှည့်ခြင်း	Xoay	Rotation	Rotation	Rotation
fd_rows_per_page	จำนวนแถวต่อหน้า	Rows per page	每页行数	1ページあたりの行数	ជួរដេកក្នុងមួយទំព័រ	페이지당 행	ແຖວຕໍ່ໜ້າ	စာမျက်နှာတစ်ခုတွင် အတန်းအရေအတွက်	Dòng mỗi trang	Rows per page	Rows per page	Rows per page
fd_rulers	ไม้บรรทัด	Rulers	标尺	定規	បន្ទាត់	눈금자	ໄມ້ບັນທັດ	အတိုင်းအတာများ	Thước	Rulers	Rulers	Rulers
fd_save	บันทึก	Save	保存	保存	រក្សាទុក	저장	ບັນທຶກ	သိမ်းရန်	Lưu	Save	Save	Save
fd_search_elements	ค้นหาองค์ประกอบ...	Search elements...	搜索元素...	要素を検索...	ស្វែងរកធាតុ...	요소 검색...	ຄົ້ນຫາອົງປະກອບ...	အစိတ်အပိုင်း ရှာရန်...	Tìm phần tử...	Search elements...	Search elements...	Search elements...
fd_search_templates	ค้นหาแม่แบบ...	Search templates...	搜索模板...	テンプレートを検索...	ស្វែងរកគំរូ...	템플릿 검색...	ຄົ້ນຫາແມ່ແບບ...	ပုံစံခွက် ရှာရန်...	Tìm mẫu...	Search templates...	Search templates...	Search templates...
fd_select_element_hint	เลือก element เพื่อดูคุณสมบัติ	Select an element to see properties	选择元素查看属性	要素を選択してプロパティを表示	ជ្រើសធាតុដើម្បីមើលលក្ខណសម្បត្តិ	요소를 선택하여 속성 보기	ເລືອກອົງປະກອບເພື່ອເບິ່ງຄຸນສົມບັດ	ဂုဏ်သတ္တိများကြည့်ရန် element ရွေးပါ	Chọn phần tử để xem thuộc tính	Select an element to see properties	Select an element to see properties	Select an element to see properties
fd_select_variable	เลือกตัวแปร	Select Variable	选择变量	変数を選択	ជ្រើសរើសអថេរ	변수 선택	ເລືອກຕົວແປ	ကိန်းရှင် ရွေးပါ	Chọn biến	Select Variable	Select Variable	Select Variable
fd_send_to_back	ส่งไปหลังสุด	Send to Back	置于底层	最背面へ	បញ្ជូនទៅក្រោយ	맨 뒤로	ສົ່ງໄປຫຼັງສຸດ	နောက်ဆုံးသို့	Đưa ra sau	Send to Back	Send to Back	Send to Back
fd_separator	เส้นคั่น	Separator	分隔线	区切り線	បន្ទាត់បែងចែក	구분선	ເສັ້ນຂັ້ນ	ပိုင်းခြားမျဉ်း	Đường phân cách	Separator	Separator	Separator
fd_show	แสดง	Show	显示	表示	បង្ហាញ	표시	ສະແດງ	ပြသရန်	Hiện	Show	Show	Show
fd_signature	ลายเซ็น	Signature	签名	署名	ហត្ថលេខា	서명	ລາຍເຊັນ	လက်မှတ်	Chữ ký	Signature	Signature	Signature
fd_snap_to_grid	จัดชิดตาราง	Snap to Grid	对齐网格	グリッドにスナップ	តម្រឹមក្រឡា	격자에 맞추기	ຈັດຊິດຕາຕະລາງ	ဂရစ်သို့ ကပ်ညှိ	Bắt lưới	Snap to Grid	Snap to Grid	Snap to Grid
fd_special	พิเศษ	Special	特殊	特殊	ពិសេស	특수	ພິເສດ	အထူး	Đặc biệt	Special	Special	Special
fd_static	คงที่	Static	静态	静的	ថេរ	정적	ຄົງທີ່	ပုံသေ	Tĩnh	Static	Static	Static
fd_table	ตาราง	Table	表格	テーブル	តារាង	표	ຕາຕະລາງ	ဇယား	Bảng	Table	Table	Table
fd_template_gallery	แกลเลอรีแม่แบบ	Template Gallery	模板库	テンプレートギャラリー	វិចិត្រសាលគំរូ	템플릿 갤러리	ແກລເລີຣີແມ່ແບບ	ပုံစံခွက် ပြခန်း	Thư viện mẫu	Template Gallery	Template Gallery	Template Gallery
fd_templates	แม่แบบ	Templates	模板	テンプレート	គំរូ	템플릿	ແມ່ແບບ	ပုံစံခွက်များ	Mẫu	Templates	Templates	Templates
fd_text	ข้อความ	Text	文本	テキスト	អត្ថបទ	텍스트	ຂໍ້ຄວາມ	စာသား	Văn bản	Text	Text	Text
fd_text_color	สีตัวอักษร	Text Color	文字颜色	文字色	ពណ៌អក្សរ	글자 색	ສີຕົວອັກສອນ	စာသားအရောင်	Màu chữ	Text Color	Text Color	Text Color
fd_text_style	รูปแบบตัวอักษร	Text Style	文本样式	テキストスタイル	រចនាប័ទ្មអត្ថបទ	텍스트 스타일	ຮູບແບບຂໍ້ຄວາມ	စာသားပုံစံ	Kiểu chữ	Text Style	Text Style	Text Style
fd_underline	ขีดเส้นใต้	Underline	下划线	下線	គូសបន្ទាត់ក្រោម	밑줄	ຂີດເສັ້ນໃຕ້	မျဉ်းသား	Gạch chân	Underline	Underline	Underline
fd_undo	เลิกทำ	Undo	撤销	元に戻す	មិនធ្វើវិញ	실행 취소	ຍົກເລີກ	ပြန်ဖျက်ရန်	Hoàn tác	Undo	Undo	Undo
fd_unlock	ปลดล็อค	Unlock	解锁	ロック解除	ដោះសោ	잠금 해제	ປົດລ໋ອກ	လော့ခ်ဖွင့်ရန်	Mở khóa	Unlock	Unlock	Unlock
fd_variable	ตัวแปร	Variable	变量	変数	អថេរ	변수	ຕົວແປ	ကိန်းရှင်	Biến	Variable	Variable	Variable
fd_zoom	ซูม	Zoom	缩放	ズーム	ពង្រីក	확대/축소	ຊູມ	ဇမ်း	Phóng to	Zoom	Zoom	Zoom
feature_not_available	ฟีเจอร์นี้ยังไม่พร้อมใช้งาน	Feature Not Available	功能暂不可用	この機能はまだ利用できません	មុខងារនេះមិនទាន់អាចប្រើបានទេ	기능을 사용할 수 없습니다	ຟີເຈີນີ້ຍັງບໍ່ພ້ອມໃຊ້ງານ	ဤအင်္ဂါရပ်ကို အသုံးပြု၍ မရသေးပါ	Tính năng chưa khả dụng	Feature Not Available	Feature Not Available	Feature Not Available
fetch_exchange_rate_failed	ดึงอัตราแลกเปลี่ยนไม่สำเร็จ	Failed to fetch exchange rate	获取汇率失败	為替レートの取得に失敗しました	បរាជ័យក្នុងការទាញយកអត្រាប្តូរប្រាក់	환율 가져오기 실패	ດຶງອັດຕາແລກປ່ຽນບໍ່ສຳເລັດ	လဲလှယ်နှုန်း ရယူ၍ မအောင်မြင်ပါ	Không thể lấy tỷ giá	Failed to fetch exchange rate	Failed to fetch exchange rate	Failed to fetch exchange rate
fetching_data	กำลังดึงข้อมูล...	Fetching data...	正在获取数据...	データ取得中...	កំពុងទាញយកទិន្នន័យ...	데이터 가져오는 중...	ກຳລັງດຶງຂໍ້ມູນ...	ဒေတာဆွဲယူနေသည်...	Đang lấy dữ liệu...	Fetching data...	Fetching data...	Fetching data...
fetching_data_from_mongodb	กำลังดึงข้อมูลจาก MongoDB	Fetching data from MongoDB	正在从MongoDB获取数据	MongoDBからデータを取得中	កំពុងទាញយកទិន្នន័យពី MongoDB	MongoDB에서 데이터 가져오는 중	ກຳລັງດຶງຂໍ້ມູນຈາກ MongoDB	MongoDB မှ ဒေတာ ရယူနေသည်	Đang lấy dữ liệu từ MongoDB	Fetching data from MongoDB	Fetching data from MongoDB	Fetching data from MongoDB
fetching_data_from_system	กำลังดึงข้อมูลจากระบบ อาจใช้เวลาสักครู่	Fetching data from system, this may take a moment	正在从系统获取数据，可能需要一些时间	システムからデータを取得中、しばらくお待ちください	កំពុងទាញទិន្នន័យពីប្រព័ន្ធ អាចចំណាយពេលបន្តិច	시스템에서 데이터를 가져오는 중, 잠시 걸릴 수 있습니다	ກຳລັງດຶງຂໍ້ມູນຈາກລະບົບ ອາດໃຊ້ເວລາສັກຄູ່	စနစ်မှ ဒေတာရယူနေသည်၊ ခဏစောင့်ပါ	Đang lấy dữ liệu từ hệ thống, có thể mất một lúc	Fetching data from system, this may take a moment	Fetching data from system, this may take a moment	Fetching data from system, this may take a moment
file	ไฟล์	File	文件	ファイル	ឯកសារ	파일	ໄຟລ໌	ဖိုင်	Tệp	File	File	File
file_description	คำอธิบายไฟล์	File Description	File Description	File Description	File Description	File Description	File Description	File Description	File Description	File Description	File Description	File Description
file_download_excel	ประเภทไฟล์ .xlsx	File Type .xlsx	文件类型 .xlsx	ファイル形式 .xlsx	ប្រភេទឯកសារ .xlsx	파일 형식 .xlsx	ປະເພດໄຟລ໌ .xlsx	ဖိုင်အမျိုးအစား .xlsx	Loại tệp .xlsx	File Type .xlsx	File Type .xlsx	File Type .xlsx
file_download_pdf	ประเภทไฟล์ .pdf	File Type .pdf	文件类型 .pdf	ファイル形式 .pdf	ប្រភេទឯកសារ .pdf	파일 형식 .pdf	ປະເພດໄຟລ໌ .pdf	ဖိုင်အမျိုးအစား .pdf	Loại tệp .pdf	File Type .pdf	File Type .pdf	File Type .pdf
file_format_error	รูปแบบไฟล์ไม่ถูกต้อง	Invalid File Format	文件格式不正确	ファイル形式が無効です	ទម្រង់ឯកសារមិនត្រឹមត្រូវ	잘못된 파일 형식	ຮູບແບບໄຟລ໌ບໍ່ຖືກຕ້ອງ	ဖိုင်ပုံစံ မမှန်ကန်ပါ	Định dạng tệp không hợp lệ	Invalid File Format	Invalid File Format	Invalid File Format
file_name	ชื่อไฟล์	File Name	文件名	ファイル名	ឈ្មោះឯកសារ	파일 이름	ຊື່ໄຟລ໌	ဖိုင်အမည်	Tên tệp	File Name	File Name	File Name
file_name_barcode_not_found	ชื่อไฟล์ไม่ตรงกับบาร์โค้ดในระบบ	File name does not match barcode in system	文件名与系统中的条形码不匹配	ファイル名がシステムのバーコードと一致しません	ឈ្មោះឯកសារមិនត្រូវគ្នានឹងបាកូដនៅក្នុងប្រព័ន្ធទេ	파일 이름이 시스템의 바코드와 일치하지 않습니다	ຊື່ໄຟລ໌ບໍ່ກົງກັບບາໂຄດໃນລະບົບ	ဖိုင်အမည်သည် စနစ်ရှိ ဘားကုဒ်နှင့် မကိုက်ညီပါ	Tên tệp không khớp với mã vạch trong hệ thống	File name does not match barcode in system	File name does not match barcode in system	File name does not match barcode in system
file_saved_successfully	บันทึกไฟล์เรียบร้อยแล้ว	File saved successfully	文件保存成功	ファイルを保存しました	រក្សាទុកឯកសារបានជោគជ័យ	파일이 성공적으로 저장되었습니다	ບັນທຶກໄຟລ໌ຮຽບຮ້ອຍແລ້ວ	ဖိုင်ကိုအောင်မြင်စွာသိမ်းဆည်းပြီးပါပြီ	Lưu tệp thành công	File saved successfully	File saved successfully	File saved successfully
file_size	ขนาดไฟล์ปัจุบัน	Current File Size	当前文件大小	現在のファイルサイズ	ទំហំឯកសារបច្ចុប្បន្ន	현재 파일 크기	ຂະໜາດໄຟລ໌ປັດຈຸບັນ	လက်ရှိ ဖိုင်အရွယ်အစား	Kích thước tệp hiện tại	Current File Size	Current File Size	Current File Size
file_size_exceeds_2_mb	ขนาดไฟล์เกิน 2.0 MB	File size exceeds 2.0 MB	文件大小超过 2.0 MB	ファイルサイズが2.0MBを超えています	ទំហំឯកសារលើសពី 2.0 MB	파일 크기가 2.0MB를 초과합니다	ຂະໜາດໄຟລ໌ເກີນ 2.0 MB	ဖိုင်အရွယ်အစား 2.0 MB ကျော်လွန်သည်	Kích thước tệp vượt quá 2.0 MB	File size exceeds 2.0 MB	File size exceeds 2.0 MB	File size exceeds 2.0 MB
file_size_label	ขนาดไฟล์	File size	文件大小	ファイルサイズ	ទំហំឯកសារ	파일 크기	ຂະໜາດໄຟລ່	ဖိုင်အရွယ်အစား	Kích thước tệp	File size	File size	File size
file_size_limit_exceeded	ขนาดไฟล์เกิน 2 MB	File size exceeds 2 MB	文件大小超过 2 MB	ファイルサイズが2MBを超えています	ទំហំឯកសារលើសពី 2 MB	파일 크기가 2MB를 초과합니다	ຂະໜາດໄຟລ່ເກິນ 2 MB	ဖိုင်အရွယ်အစား 2 MB ကျော်လွန်သည်	Kích thước tệp vượt quá 2 MB	File size exceeds 2 MB	File size exceeds 2 MB	File size exceeds 2 MB
file_too_large	ไฟล์ใหญ่เกิน	File too large	File too large	File too large	File too large	File too large	File too large	File too large	File too large	File too large	File too large	File too large
files	ไฟล์	Files	文件	ファイル	ឯកសារ	파일	ໄຟລ໌	ဖိုင်များ	Tệp	Files	Files	Files
fill_data_to_add_new_type	กรอกข้อมูลด้านล่างเพื่อเพิ่มประเภทใหม่	Fill data below to add new type	Fill data below to add new type	Fill data below to add new type	Fill data below to add new type	Fill data below to add new type	Fill data below to add new type	Fill data below to add new type	Fill data below to add new type	Fill data below to add new type	Fill data below to add new type	Fill data below to add new type
filter	ค้นหา	Search	搜索	検索	ស្វែងរក	검색	ຄົ້ນຫາ	ရှာဖွေပါ	Tìm kiếm	Search	Search	Search
filter_all	ทั้งหมด	All	全部	すべて	ទាំងអស់	전체	ທັງຫມົດ	အားလုံး	Tất cả	All	All	All
filter_credit_group	ค้นหากลุ่มเจ้าหนี้	Search Creditor Group	搜索债权人组	債権者グループを検索	ស្វែងរកក្រុមម្ចាស់បំណុល	채권자 그룹 검색	ຄົ້ນຫາກຸ່ມເຈົ້າໜີ້	မြီရှင်အုပ်စု ရှာဖွေပါ	Tìm kiếm nhóm chủ nợ	Search Creditor Group	Search Creditor Group	Search Creditor Group
filter_debtor_group	ค้นหากลุ่มลูกหนี้	Search Debtor Group	搜索债务人组	債務者グループを検索	ស្វែងរកក្រុមកូនបំណុល	채무자 그룹 검색	ຄົ້ນຫາກຸ່ມລູກໜີ້	မြီစားအုပ်စု ရှာဖွေပါ	Tìm kiếm nhóm con nợ	Search Debtor Group	Search Debtor Group	Search Debtor Group
filter_frequent	ใช้บ่อย	Frequent	常用	よく使う	ប្រើញឹកញាប់	자주 사용	ໃຊ້ເລື້ອຍໆ	မကြာခဏအသုံးပြု	Thường xuyên	Frequent	Frequent	Frequent
filter_product	ค้นหาสินค้า	Search Product	搜索产品	商品を検索	ស្វែងរកផលិតផល	상품 검색	ຄົ້ນຫາສິນຄ້າ	ကုန်ပစ္စည်းရှာဖွေပါ	Tìm kiếm sản phẩm	Search Product	Search Product	Search Product
filter_recent	ใช้ล่าสุด	Recent	最近使用	最近使用	ប្រើថ្មីៗ	최근 사용	ໃຊ້ລ່າສຸດ	မကြာသေးမီက အသုံးပြု	Gần đây	Recent	Recent	Recent
filter_transaction	ค้นหาตามประเภทการขาย	ค้นหาตามTypeการขาย	ค้นหาตาม类型การขาย	ค้นหาตามタイプการขาย	ค้นหาตามប្រភេទการขาย	판매 유형별 검색	ຄົ້ນຫາຕາມປະເພດການຂາຍ	အရောင်းအမျိုးအစားအလိုက် ရှာဖွေပါ	Tìm kiếm theo loại bán hàng	ค้นหาตามTypeการขาย	ค้นหาตามTypeการขาย	ค้นหาตามTypeการขาย
finance	การเงิน	Finance	Finance	Finance	Finance	Finance	Finance	Finance	Finance	Finance	Finance	Finance
first_page	หน้าแรก	First Page	第一页	最初のページ	ទំព័រដំបូង	첫 페이지	ໜ້າທຳອິດ	ပထမစာမျက်နှာ	Trang đầu	First Page	First Page	First Page
fit_height	พอดีความสูง	Fit Height	适应高度	高さに合わせる	សមកម្ពស់	높이 맞춤	ພໍດີຄວາມສູງ	အမြင့်နှင့်ကိုက်ညီ	Vừa chiều cao	Fit Height	Fit Height	Fit Height
fit_height_short	สูง	Height	高	高さ	កម្ពស់	높이	ສູງ	အမြင့်	Cao	Height	Height	Height
fit_width	พอดีความกว้าง	Fit Width	适应宽度	幅に合わせる	សមទទឹង	너비 맞춤	ພໍດີຄວາມກວ້າງ	အကျယ်နှင့်ကိုက်ညီ	Vừa chiều rộng	Fit Width	Fit Width	Fit Width
fit_width_short	กว้าง	Width	宽	幅	ទទឹង	너비	ກວ້າງ	အကျယ်	Rộng	Width	Width	Width
fixed_amount	จำนวนเงินคงที่	Fixed Amount	固定金额	固定金額	ចំនួនទឹកប្រាក់ថេរ	고정 금액	ຈຳນວນເງິນຄົງທີ່	သတ်မှတ်ပမာဏ	Số tiền cố định	Fixed Amount	Fixed Amount	Fixed Amount
fixed_cost	ต้นทุนคงที่	Fixed Cost	固定成本	固定費	ថ្លៃដើមថេរ	고정 비용	ຕົ້ນທຶນຄົງທີ່	ပုံသေကုန်ကျစရိတ်	Chi phí cố định	Fixed Cost	Fixed Cost	Fixed Cost
font_preview_text	สวัสดีครับ Hello World	Hello World	Hello World	Hello World	Hello World	Hello World	Hello World	Hello World	Hello World	Hello World	Hello World	Hello World
font_size	ขนาดตัวอักษร	Font Size	字体大小	フォントサイズ	ទំហំអក្សរ	글꼴 크기	ຂະໜາດຕົວອັກສອນ	စာလုံးအရွယ်အစား	Cỡ chữ	Font Size	Font Size	Font Size
food	อาหาร	Food	食物	食べ物	អាហារ	음식	ອາຫານ	အစားအစာ	Thực phẩm	Food	Food	Food
food_type	ประเภทอาหาร	Food Type	食物类型	食品の種類	ប្រភេទអាហារ	음식 유형	ປະເພດອາຫານ	အစားအစာအမျိုးအစား	Loại thực phẩm	Food Type	Food Type	Food Type
footer_receipt_pos	ข้อความท้ายใบเสร็จ	Receipt Footer Message	收据尾注	領収書のフッターメッセージ	សារបាតសំបុត្របង្កាន់ដៃ	영수증 꼬리말 메시지	ຂໍ້ຄວາມທ້າຍໃບຮັບເງິນ	ပြေစာအောက်ခြေစာသား	Tin nhắn chân trang hóa đơn	Receipt Footer Message	Receipt Footer Message	Receipt Footer Message
for_print_and_save_report	 สำหรับพิมพ์และบันทึกรายงาน	 for printing and saving report	 for printing and saving report	 for printing and saving report	 for printing and saving report	 for printing and saving report	 for printing and saving report	 for printing and saving report	 for printing and saving report	 for printing and saving report	 for printing and saving report	 for printing and saving report
forgot_pass	ลืมรหัสผ่าน?	Forgot password?	忘记密码?	パスワードをお忘れですか？	ភ្លេចពាក្យសម្ងាត់?	비밀번호를 잊으셨나요?	ລືມລະຫັດຜ່ານ?	စကားဝှက်မေ့နေပါသလား?	Quên mật khẩu?	Forgot password?	Forgot password?	Forgot password?
form_booking_desc	แบบฟอร์มใบรับจองสินค้า/บริการ	Booking Form	Booking Form	Booking Form	Booking Form	Booking Form	Booking Form	Booking Form	Booking Form	Booking Form	Booking Form	Booking Form
form_design	ออกแบบฟอร์ม	Form Design	Form Design	Form Design	Form Design	Form Design	Form Design	Form Design	Form Design	Form Design	Form Design	Form Design
form_design_align_bottom	จัดชิดล่าง	Align Bottom	底部对齐	下揃え	តម្រឹមខាងក្រោម	하단 정렬	ຈັດຊິດລຸ່ມ	အောက်ညီအောင် ချိန်ညှိပါ	Căn dưới	Align Bottom	Align Bottom	Align Bottom
form_design_align_center	จัดกึ่งกลาง	Align Center	居中对齐	中央揃え	តម្រឹមកណ្ដាល	가운데 정렬	ຈັດກາງ	အလယ်ညီအောင် ချိန်ညှိပါ	Căn giữa	Align Center	Align Center	Align Center
form_design_align_left	จัดชิดซ้าย	Align Left	左对齐	左揃え	តម្រឹមឆ្វេង	왼쪽 정렬	ຈັດຊິດຊ້າຍ	ဘယ်ညီအောင် ချိန်ညှိပါ	Căn trái	Align Left	Align Left	Align Left
form_design_align_middle	จัดกึ่งกลางแนวตั้ง	Align Middle	垂直居中	垂直中央	តម្រឹមកណ្ដាលបញ្ឈរ	세로 가운데	ຈັດກາງແນວຕັ້ງ	ဒေါင်လိုက် အလယ်ညီအောင် ချိန်ညှိပါ	Căn giữa dọc	Align Middle	Align Middle	Align Middle
form_design_align_right	จัดชิดขวา	Align Right	右对齐	右揃え	តម្រឹមស្ដាំ	오른쪽 정렬	ຈັດຊິດຂວາ	ညာညီအောင် ချိန်ညှိပါ	Căn phải	Align Right	Align Right	Align Right
form_design_align_top	จัดชิดบน	Align Top	顶部对齐	上揃え	តម្រឹមខាងលើ	상단 정렬	ຈັດຊິດເທິງ	အပေါ်ညီအောင် ချိန်ညှိပါ	Căn trên	Align Top	Align Top	Align Top
form_design_apply_changes	ใช้การเปลี่ยนแปลง	Apply Changes	应用更改	変更を適用	អនុវត្តការផ្លាស់ប្តូរ	변경사항 적용	ນຳໃຊ້ການປ່ຽນແປງ	ပြောင်းလဲမှုများကို သုံးစွဲပါ	Áp dụng thay đổi	Apply Changes	Apply Changes	Apply Changes
form_design_apply_changes_success	ใช้การเปลี่ยนแปลงสำเร็จ	Changes applied successfully	更改应用成功	変更を適用しました	អនុវត្តការផ្លាស់ប្តូរដោយជោគជ័យ	변경사항이 적용되었습니다	ນຳໃຊ້ການປ່ຽນແປງສຳເລັດແລ້ວ	ပြောင်းလဲမှုများကို အောင်မြင်စွာ သုံးစွဲပြီးပါပြီ	Áp dụng thay đổi thành công	Changes applied successfully	Changes applied successfully	Changes applied successfully
form_design_bring_to_front	นำมาด้านหน้า	Bring to Front	置于顶层	最前面へ	នាំមកខាងមុខ	맨 앞으로	ນຳມາດ້ານໜ້າ	ရှေ့သို့ ယူလာပါ	Đưa lên trên	Bring to Front	Bring to Front	Bring to Front
form_design_cancel	ยกเลิก	Cancel	取消	キャンセル	បោះបង់	취소	ຍົກເລີກ	ပယ်ဖျက်ရန်	Hủy bỏ	Cancel	Cancel	Cancel
form_design_cat_all	ทั้งหมด	All	全部	すべて	ទាំងអស់	전체	ທັງໝົດ	အားလုံး	Tất cả	All	All	All
form_design_cat_financial	การเงิน	Financial	财务	財務	ហិរញ្ញវត្ថុ	재무	ການເງິນ	ငွေကြေး	Tài chính	Financial	Financial	Financial
form_design_cat_inventory	คลังสินค้า	Inventory	库存	在庫	ឃ្លាំង	재고	ຄັງສິນຄ້າ	ကုန်ပစ္စည်းသိုလှောင်ရုံ	Kho hàng	Inventory	Inventory	Inventory
form_design_cat_purchase	จัดซื้อ	Purchase	采购	仕入	ទិញ	구매	ການຊື້	ဝယ်ယူ	Mua hàng	Purchase	Purchase	Purchase
form_design_cat_sales	ขาย	Sales	销售	販売	លក់	판매	ການຂາຍ	ရောင်းချ	Bán hàng	Sales	Sales	Sales
form_design_category_data	ข้อมูล	Data	数据	データ	ទិន្នន័យ	데이터	ຂໍ້ມູນ	ဒေတာ	Dữ liệu	Data	Data	Data
form_design_category_special	พิเศษ	Special	特殊	特殊	ពិសេស	특수	ພິເສດ	အထူး	Đặc biệt	Special	Special	Special
form_design_category_static	คงที่	Static	静态	静的	ថេរ	정적	ຄົງທີ່	တည်ငြိမ်	Tĩnh	Static	Static	Static
form_design_category_table	ตาราง	Table	表格	テーブル	តារាង	테이블	ຕາຕະລາງ	ဇယား	Bảng	Table	Table	Table
form_design_close	ปิด	Close	关闭	閉じる	បិទ	닫기	ປິດ	ပိတ်ပါ	Đóng	Close	Close	Close
form_design_create_forms	สร้างและออกแบบฟอร์มเอกสารของคุณเอง	Create and Design Your Own Document Forms	创建和设计您自己的文档表单	独自の文書フォームを作成・デザイン	បង្កើតនិងរចនាទម្រង់ឯកសារផ្ទាល់ខ្លួន	나만의 문서 양식 만들기	ສ້າງແລະອອກແບບຟອມເອກະສານຂອງທ່ານເອງ	သင့်ကိုယ်ပိုင် စာရွက်စာတမ်းဖောင်များ ဖန်တီးပြီး ဒီဇိုင်းရေးဆွဲပါ	Tạo và thiết kế biểu mẫu tài liệu của bạn	Create and Design Your Own Document Forms	Create and Design Your Own Document Forms	Create and Design Your Own Document Forms
form_design_created_with_designer	ฟอร์มที่สร้างด้วย Form Designer	Form created with Form Designer	使用表单设计器创建的表单	フォームデザイナーで作成されたフォーム	ទម្រង់ដែលបង្កើតដោយ Form Designer	폼 디자이너로 만든 양식	ແບບຟອມທີ່ສ້າງດ້ວຍ Form Designer	Form Designer ဖြင့် ဖန်တီးထားသော ပုံစံ	Biểu mẫu được tạo bằng Form Designer	Form created with Form Designer	Form created with Form Designer	Form created with Form Designer
form_design_description	คำอธิบาย	Description	描述	説明	ការពិពណ៌នា	설명	ຄຳອະທິບາຍ	ဖော်ပြချက်	Mô tả	Description	Description	Description
form_design_design_form	ออกแบบฟอร์ม	Design Form	设计表单	フォームをデザイン	រចនាទម្រង់	양식 디자인	ອອກແບບແບບຟອມ	ပုံစံကို ဒီဇိုင်းရေးဆွဲပါ	Thiết kế biểu mẫu	Design Form	Design Form	Design Form
form_design_distribute_h	กระจายแนวนอน	Distribute Horizontally	水平分布	水平分布	ចែកចាយផ្ដេក	수평 분포	ແຈກຢາຍແນວນອນ	အလျားလိုက် ဖြန့်ကျက်ပါ	Phân bố ngang	Distribute Horizontally	Distribute Horizontally	Distribute Horizontally
form_design_distribute_v	กระจายแนวตั้ง	Distribute Vertically	垂直分布	垂直分布	ចែកចាយបញ្ឈរ	수직 분포	ແຈກຢາຍແນວຕັ້ງ	ဒေါင်လိုက် ဖြန့်ကျက်ပါ	Phân bố dọc	Distribute Vertically	Distribute Vertically	Distribute Vertically
form_design_edit	แก้ไข	Edit	编辑	編集	កែសម្រួល	편집	ແກ້ໄຂ	တည်းဖြတ်ပါ	Chỉnh sửa	Edit	Edit	Edit
form_design_elements	องค์ประกอบ	Elements	元素	要素	ធាតុ	요소	ອົງປະກອບ	အစိတ်အပိုင်းများ	Thành phần	Elements	Elements	Elements
form_design_error	เกิดข้อผิดพลาด	Error occurred	发生错误	エラーが発生しました	មានកំហុសបានកើតឡើង	오류 발생	ເກີດຂໍ້ຜິດພາດ	အမှားအယွင်း ဖြစ်ပွားခဲ့သည်	Đã xảy ra lỗi	Error occurred	Error occurred	Error occurred
form_design_features	ฟีเจอร์: เพิ่มข้อความ กรอบ ตาราง รูปภาพ และอื่นๆ	Features: Add text, frames, tables, images, and more	功能：添加文字、框架、表格、图片等	機能：テキスト、フレーム、テーブル、画像などを追加	មុខងារ: បន្ថែមអត្ថបទ ស៊ុម តារាង រូបភាព និងច្រើនទៀត	기능: 텍스트, 프레임, 표, 이미지 등 추가	ຄຸນສົມບັດ: ເພີ່ມຂໍ້ຄວາມ ກອບ ຕາຕະລາງ ຮູບພາບ ແລະອື່ນໆ	အင်္ဂါရပ်များ: စာသား ဘောင် ဇယား ပုံများ နှင့် အခြားအရာများ ထည့်ရန်	Tính năng: Thêm văn bản, khung, bảng, hình ảnh và nhiều hơn	Features: Add text, frames, tables, images, and more	Features: Add text, frames, tables, images, and more	Features: Add text, frames, tables, images, and more
form_design_form_info	ข้อมูลฟอร์ม	Form Information	表单信息	フォーム情報	ព័ត៌មានទម្រង់	양식 정보	ຂໍ້ມູນແບບຟອມ	ပုံစံအချက်အလက်	Thông tin biểu mẫu	Form Information	Form Information	Form Information
form_design_form_info_title	ข้อมูลฟอร์ม	Form Information	表单信息	フォーム情報	ព័ត៌មានទម្រង់	양식 정보	ຂໍ້ມູນແບບຟອມ	ပုံစံအချက်အလက်	Thông tin biểu mẫu	Form Information	Form Information	Form Information
form_design_form_name	ชื่อฟอร์ม	Form Name	表单名称	フォーム名	ឈ្មោះទម្រង់	양식 이름	ຊື່ແບບຟອມ	ပုံစံအမည်	Tên biểu mẫu	Form Name	Form Name	Form Name
form_design_grid	ตาราง	Grid	网格	グリッド	ក្រឡា	격자	ຕາຂ່າຍ	ဂရစ်	Lưới	Grid	Grid	Grid
form_design_hide_json	ซ่อน JSON	Hide JSON	隐藏 JSON	JSONを非表示	លាក់ JSON	JSON 숨기기	ເຊື່ອງ JSON	JSON ကို ဖျောက်ပါ	Ẩn JSON	Hide JSON	Hide JSON	Hide JSON
form_design_hide_ruler	ซ่อนไม้บรรทัด	Hide Ruler	隐藏标尺	定規を非表示	លាក់បន្ទាត់ខ្នាត	눈금자 숨기기	ເຊື່ອງໄມ້ບັນທັດ	စကေးကို ဖျောက်ပါ	Ẩn thước	Hide Ruler	Hide Ruler	Hide Ruler
form_design_json_editor	แก้ไข JSON	JSON Editor	JSON编辑器	JSONエディタ	កម្មវិធីកែ JSON	JSON 편집기	ແກ້ໄຂ JSON	JSON တည်းဖြတ်သူ	Trình sửa JSON	JSON Editor	JSON Editor	JSON Editor
form_design_json_invalid	JSON ไม่ถูกต้อง	Invalid JSON	JSON 无效	無効なJSON	JSON មិនត្រឹមត្រូវ	잘못된 JSON	JSON ບໍ່ຖືກຕ້ອງ	JSON မှားနေပါသည်	JSON không hợp lệ	Invalid JSON	Invalid JSON	Invalid JSON
form_design_layers	เลเยอร์	Layers	图层	レイヤー	ស្រទាប់	레이어	ຊັ້ນ	အလွှာများ	Lớp	Layers	Layers	Layers
form_design_left_panel	แผงซ้าย	Left Panel	左面板	左パネル	បន្ទះឆ្វេង	왼쪽 패널	ແຜງຊ້າຍ	ဘယ်ဘက်အကန့်	Bảng trái	Left Panel	Left Panel	Left Panel
form_design_load	โหลด	Load	加载	読み込み	ផ្ទុក	불러오기	ໂຫລດ	တင်ဆောင်ပါ	Tải	Load	Load	Load
form_design_load_form	โหลดฟอร์ม	Load Form	加载表单	フォームを読み込む	ផ្ទុកទម្រង់	양식 불러오기	ໂຫລດແບບຟອມ	ပုံစံကို တင်ဆောင်ပါ	Tải biểu mẫu	Load Form	Load Form	Load Form
form_design_load_success	โหลดฟอร์มสำเร็จ	Form loaded successfully	表单加载成功	フォームを読み込みました	ផ្ទុកទម្រង់ដោយជោគជ័យ	양식이 로드되었습니다	ໂຫລດແບບຟອມສຳເລັດແລ້ວ	ပုံစံကို တင်ဆောင်ပြီးပါပြီ	Tải biểu mẫu thành công	Form loaded successfully	Form loaded successfully	Form loaded successfully
form_design_multi_page	หลายหน้า	Multi-page	多页	複数ページ	ច្រើនទំព័រ	여러 페이지	ຫລາຍໜ້າ	စာမျက်နှာများစွာ	Nhiều trang	Multi-page	Multi-page	Multi-page
form_design_multi_page_desc	ส่วน Detail จะทำซ้ำในแต่ละหน้า	Detail section repeats across pages	明细部分在各页重复	明細セクションがページをまたいで繰り返されます	ផ្នែកលម្អិតនឹងធ្វើម្តងទៀតនៅលើទំព័រ	상세 섹션이 페이지에 걸쳐 반복됩니다	ສ່ວນລາຍລະອຽດຈະຊ້ຳໃນແຕ່ລະໜ້າ	အသေးစိတ်ကဏ္ဍကို စာမျက်နှာများတွင် ထပ်ခါတလဲလဲ ပြသပါမည်	Phần chi tiết lặp lại trên các trang	Detail section repeats across pages	Detail section repeats across pages	Detail section repeats across pages
form_design_new_form	ฟอร์มใหม่	New Form	新表单	新しいフォーム	ទម្រង់ថ្មី	새 양식	ແບບຟອມໃໝ່	ပုံစံအသစ်	Biểu mẫu mới	New Form	New Form	New Form
form_design_no_elements	ไม่มีองค์ประกอบ	No elements	没有元素	要素なし	គ្មានធាតុ	요소 없음	ບໍ່ມີອົງປະກອບ	အစိတ်အပိုင်း မရှိပါ	Không có thành phần	No elements	No elements	No elements
form_design_no_template_found	ไม่พบเทมเพลตที่ค้นหา	No templates found	未找到模板	テンプレートが見つかりません	រកមិនឃើញគំរូ	템플릿을 찾을 수 없습니다	ບໍ່ພົບແມ່ແບບ	ပုံစံ ရှာမတွေ့ပါ	Không tìm thấy mẫu	No templates found	No templates found	No templates found
form_design_open	เปิดโปรแกรมออกแบบ	Open Form Designer	打开表单设计器	フォームデザイナーを開く	បើកកម្មវិធីរចនាទម្រង់	양식 디자이너 열기	ເປີດໂປຣແກຣມອອກແບບ	ဖောင်ဒီဇိုင်နာ ဖွင့်ရန်	Mở trình thiết kế biểu mẫu	Open Form Designer	Open Form Designer	Open Form Designer
form_design_paper_size	ขนาดกระดาษ	Paper Size	纸张大小	用紙サイズ	ទំហំក្រដាស	용지 크기	ຂະໜາດເຈ້ຍ	စာရွက်အရွယ်အစား	Kích thước giấy	Paper Size	Paper Size	Paper Size
form_design_preview	ดูตัวอย่าง	Preview	预览	プレビュー	មើលជាមុន	미리보기	ເບິ່ງຕົວຢ່າງ	ကြိုတင်ကြည့်ရှုပါ	Xem trước	Preview	Preview	Preview
form_design_preview_form	ดูตัวอย่างฟอร์ม	Preview Form	预览表单	フォームのプレビュー	មើលទម្រង់ជាមុន	양식 미리보기	ເບິ່ງຕົວຢ່າງແບບຟອມ	ပုံစံကို ကြိုတင်ကြည့်ရှုပါ	Xem trước biểu mẫu	Preview Form	Preview Form	Preview Form
form_design_print_mode	โหมดพิมพ์	Print Mode	打印模式	印刷モード	របៀបបោះពុម្ព	인쇄 모드	ໂໝດພິມ	ပုံနှိပ်မုဒ်	Chế độ in	Print Mode	Print Mode	Print Mode
form_design_properties	คุณสมบัติ	Properties	属性	プロパティ	លក្ខណសម្បត្តិ	속성	ຄຸນສົມບັດ	ဂုဏ်သတ္တိများ	Thuộc tính	Properties	Properties	Properties
form_design_redo	ทำซ้ำ	Redo	重做	やり直し	ធ្វើម្តងទៀត	다시 실행	ເຮັດຊ້ຳ	ပြန်လုပ်ပါ	Làm lại	Redo	Redo	Redo
form_design_reset	รีเซ็ต	Reset	重置	リセット	កំណត់ឡើងវិញ	재설정	ຣີເຊັດ	ပြန်လည်သတ်မှတ်ပါ	Đặt lại	Reset	Reset	Reset
form_design_right_panel	แผงขวา	Right Panel	右面板	右パネル	បន្ទះស្ដាំ	오른쪽 패널	ແຜງຂວາ	ညာဘက်အကန့်	Bảng phải	Right Panel	Right Panel	Right Panel
form_design_rows_per_page	จำนวนแถวต่อหน้า	Rows per page	每页行数	1ページあたりの行数	ចំនួនជួរក្នុងមួយទំព័រ	페이지당 행 수	ຈຳນວນແຖວຕໍ່ໜ້າ	စာမျက်နှာတစ်ခုလျှင် အတန်းအရေအတွက်	Số dòng mỗi trang	Rows per page	Rows per page	Rows per page
form_design_rulers	ไม้บรรทัด	Rulers	标尺	定規	បន្ទាត់ខ្នាត	눈금자	ໄມ້ບັນທັດ	စကေးများ	Thước	Rulers	Rulers	Rulers
form_design_save	บันทึก	Save	保存	保存	រក្សាទុក	저장	ບັນທຶກ	သိမ်းဆည်းပါ	Lưu	Save	Save	Save
form_design_save_form	บันทึกฟอร์ม	Save Form	保存表单	フォームを保存	រក្សាទុកទម្រង់	양식 저장	ບັນທຶກແບບຟອມ	ပုံစံကို သိမ်းဆည်းပါ	Lưu biểu mẫu	Save Form	Save Form	Save Form
form_design_save_success	บันทึกฟอร์มสำเร็จ	Form saved successfully	表单保存成功	フォームを保存しました	រក្សាទុកទម្រង់ដោយជោគជ័យ	양식이 저장되었습니다	ບັນທຶກແບບຟອມສຳເລັດແລ້ວ	ပုံစံကို သိမ်းဆည်းပြီးပါပြီ	Lưu biểu mẫu thành công	Form saved successfully	Form saved successfully	Form saved successfully
form_design_search_elements	ค้นหาองค์ประกอบ...	Search elements...	搜索元素...	要素を検索...	ស្វែងរកធាតុ...	요소 검색...	ຄົ້ນຫາອົງປະກອບ...	အစိတ်အပိုင်းများ ရှာဖွေပါ...	Tìm thành phần...	Search elements...	Search elements...	Search elements...
form_design_search_templates	ค้นหาเทมเพลต...	Search templates...	搜索模板...	テンプレートを検索...	ស្វែងរកគំរូ...	템플릿 검색...	ຄົ້ນຫາແມ່ແບບ...	ပုံစံများ ရှာဖွေပါ...	Tìm mẫu...	Search templates...	Search templates...	Search templates...
form_design_section_detail	รายละเอียด	Detail	明细	明細	លម្អិត	상세	ລາຍລະອຽດ	အသေးစိတ်	Chi tiết	Detail	Detail	Detail
form_design_section_footer	ท้ายกระดาษ	Footer	页脚	フッター	បាតកថា	푸터	ສ່ວນລຸ່ມ	အောက်ခြေစာ	Chân trang	Footer	Footer	Footer
form_design_section_header	หัวกระดาษ	Header	页眉	ヘッダー	បឋមកថា	헤더	ສ່ວນຫົວ	ခေါင်းစီး	Đầu trang	Header	Header	Header
form_design_send_to_back	ส่งไปด้านหลัง	Send to Back	置于底层	最背面へ	បញ្ជូនទៅខាងក្រោយ	맨 뒤로	ສົ່ງໄປດ້ານຫລັງ	နောက်သို့ ပို့ပါ	Đưa xuống dưới	Send to Back	Send to Back	Send to Back
form_design_set_global_bg	ตั้งพื้นหลังทั้งหมด	Set Global Background	设置全局背景	グローバル背景を設定	កំណត់ផ្ទៃខាងក្រោយទាំងអស់	전체 배경 설정	ຕັ້ງພື້ນຫລັງທັງໝົດ	နောက်ခံတစ်ခုလုံးကို သတ်မှတ်ပါ	Đặt nền toàn cục	Set Global Background	Set Global Background	Set Global Background
form_design_show_json	แสดง JSON	Show JSON	显示 JSON	JSONを表示	បង្ហាញ JSON	JSON 표시	ສະແດງ JSON	JSON ကို ပြပါ	Hiển thị JSON	Show JSON	Show JSON	Show JSON
form_design_show_json_panel	แสดง JSON Panel	Show JSON Panel	显示 JSON 面板	JSONパネルを表示	បង្ហាញបន្ទះ JSON	JSON 패널 표시	ສະແດງແຜງ JSON	JSON Panel ကို ပြပါ	Hiển thị bảng JSON	Show JSON Panel	Show JSON Panel	Show JSON Panel
form_design_show_ruler	แสดงไม้บรรทัด	Show Ruler	显示标尺	定規を表示	បង្ហាញបន្ទាត់ខ្នាត	눈금자 표시	ສະແດງໄມ້ບັນທັດ	စကေးကို ပြပါ	Hiển thị thước	Show Ruler	Show Ruler	Show Ruler
form_design_snap_to_grid	จับยึดตาราง	Snap to Grid	对齐网格	グリッドに合わせる	ភ្ជាប់ក្រឡា	격자에 맞추기	ຈັບຕິດຕາຂ່າຍ	ဂရစ်သို့ ညှိပါ	Bắt lưới	Snap to Grid	Snap to Grid	Snap to Grid
form_design_template_gallery	แกลเลอรีเทมเพลต	Template Gallery	模板库	テンプレートギャラリー	វិចិត្រសាលគំរូ	템플릿 갤러리	ຄັງແມ່ແບບ	ပုံစံပြခန်း	Thư viện mẫu	Template Gallery	Template Gallery	Template Gallery
form_design_templates	เทมเพลต	Templates	模板	テンプレート	គំរូ	템플릿	ແມ່ແບບ	ပုံစံများ	Mẫu	Templates	Templates	Templates
form_design_title	ออกแบบฟอร์มเอกสาร	Form Designer	表单设计器	フォームデザイナー	កម្មវិធីរចនាទម្រង់	양식 디자이너	ອອກແບບຟອມເອກະສານ	ဖောင်ဒီဇိုင်းရေးဆွဲရန်	Trình thiết kế biểu mẫu	Form Designer	Form Designer	Form Designer
form_design_undo	เลิกทำ	Undo	撤销	元に戻す	មិនធ្វើវិញ	실행 취소	ຍົກເລີກ	ပြန်ဖျက်ပါ	Hoàn tác	Undo	Undo	Undo
form_design_zoom	ซูม	Zoom	缩放	ズーム	ពង្រីក/បង្រួម	확대/축소	ຊູມ	ချဲ့/ချုံ့	Phóng to/Thu nhỏ	Zoom	Zoom	Zoom
form_purchase_order_desc	แบบฟอร์มใบสั่งซื้อสินค้า	Purchase Order Form	Purchase Order Form	Purchase Order Form	Purchase Order Form	Purchase Order Form	Purchase Order Form	Purchase Order Form	Purchase Order Form	Purchase Order Form	Purchase Order Form	Purchase Order Form
form_quotation_desc	แบบฟอร์มใบเสนอราคาสินค้า/บริการ	Quotation Form	Quotation Form	Quotation Form	Quotation Form	Quotation Form	Quotation Form	Quotation Form	Quotation Form	Quotation Form	Quotation Form	Quotation Form
format_manual	กำหนดรูปแบบเอง	Custom Format	自定义格式	カスタム形式	ទម្រង់ផ្ទាល់ខ្លួន	사용자 정의 형식	ກຳນົດຮູບແບບເອງ	စိတ်ကြိုက်ပုံစံ	Định dạng tùy chỉnh	Custom Format	Custom Format	Custom Format
format_manual_description	สามารถแก้ไขรูปแบบเอกสารได้	Can edit document format	可以编辑文档格式	ドキュメント形式を編集できます	អាចកែសម្រួលទម្រង់ឯកសារបាន	문서 형식을 편집할 수 있습니다	ສາມາດແກ້ໄຂຮູບແບບເອກະສານໄດ້	စာရွက်စာတမ်းပုံစံကို တည်းဖြတ်နိုင်သည်	Có thể chỉnh sửa định dạng tài liệu	Can edit document format	Can edit document format	Can edit document format
formula	สูตร	Formula	公式	計算式	រូបមន្ត	공식	ສູດ	ဖော်မြူလာ	Công thức	Formula	Formula	Formula
found	พบ	Found	找到	見つかりました	រកឃើញ	발견	ພົບ	တွေ့ရှိ	Tìm thấy	Found	Found	Found
found_duplicate_barcode	พบ Barcode ซ้ำ	Found duplicate barcode	发现重复条形码	重複バーコードが見つかりました	រកឃើញបាកូដស្ទួន	중복 바코드 발견	ພົບ Barcode ຊ້ຳ	ထပ်နေသောဘားကုဒ်တွေ့	Tìm thấy mã vạch trùng	Found duplicate barcode	Found duplicate barcode	Found duplicate barcode
found_n_records	พบ	Found	Found	Found	Found	Found	Found	Found	Found	Found	Found	Found
friday	วันศุกร์	Friday	星期五	金曜日	ថ្ងៃសុក្រ	금요일	ວັນສຸກ	သောကြာနေ့	Thứ Sáu	Friday	Friday	Friday
from	จาก	From	从	から	ពី	에서	ຈາກ	မှ	Từ	From	From	From
from_acc_code	ผังบัญชีที่	From Account Code	从账户代码	勘定科目コードから	ពីកូដគណនី	계정 코드에서	ຈາກລະຫັດບັນຊີ	အကောင့်ကုဒ်မှ	Từ mã tài khoản	From Account Code	From Account Code	From Account Code
from_barcode	จากรหัสสินค้า	From Product Barcode	从商品条码	商品バーコードから	ពីបាកូដផលិតផល	상품 바코드에서	ຈາກບາໂຄດສິນຄ້າ	ကုန်ပစ္စည်း ဘားကုဒ်မှ	Từ mã vạch sản phẩm	From Product Barcode	From Product Barcode	From Product Barcode
from_customer_code	จากรหัสลูกค้า	From Customer Code	从客户代码	顧客コードから	ពីកូដអតិថិជន	고객 코드에서	ຈາກລະຫັດລູກຄ້າ	ဖောက်သည်ကုဒ်မှ	Từ mã khách hàng	From Customer Code	From Customer Code	From Customer Code
from_date	จากวันที่	From Date	从日期	日付から	ពីកាលបរិច្ឆេទ	날짜부터	ຈາກວັນທີ	ရက်စွဲမှ	Từ ngày	From Date	From Date	From Date
from_group	จากกลุ่มสินค้า	From Product Group	从商品组	商品グループから	ពីក្រុមផលិតផល	상품 그룹에서	ຈາກກຸ່ມສິນຄ້າ	ကုန်ပစ္စည်းအုပ်စုမှ	Từ nhóm sản phẩm	From Product Group	From Product Group	From Product Group
from_sale	จากพนักงาน	From Employee	从员工	従業員から	ពីបុគ្គលិក	직원에게서	ຈາກພະນັກງານ	ဝန်ထမ်းမှ	Từ nhân viên	From Employee	From Employee	From Employee
from_supplier_code	ถึงรหัสเจ้าหนี้	From Supplier Code	从供应商代码	仕入先コードから	ពីកូដអ្នកផ្គត់ផ្គង់	공급업체 코드에서	ຈາກລະຫັດຜູ້ສະໜອງ	ကုန်ລະဖြန့်ဖြူးသူကုဒ်မှ	Từ mã nhà cung cấp	From Supplier Code	From Supplier Code	From Supplier Code
from_time	จากเวลา	From Time	从时间	時間から	ពីពេលវេលា	시간부터	ຈາກເວລາ	အချိန်မှ	Từ thời gian	From Time	From Time	From Time
from_to	ถึงเวลา	To Time	到时间	時間まで	ដល់ពេលវេលា	시간까지	ເຖິງເວລາ	အချိန်ထိ	Đến thời gian	To Time	To Time	To Time
from_total_items	จากทั้งหมด	From Total	从总数	合計から	ពីសរុប	전체에서	ຈາກທັງໝົດ	စုစုပေါင်းမှ	Từ tổng số	From Total	From Total	From Total
from_warehouse	จากคลัง	From Warehouse	从仓库	倉庫から	ពីឃ្លាំង	창고에서	ຈາກສາງ	ဂိုဒေါင်မှ	Từ kho	From Warehouse	From Warehouse	From Warehouse
full_form_editor_add_in	เพิ่มใน	Add In	添加到	追加先	បន្ថែមក្នុង	추가 위치	ເພີ່ມໃນ	ထည့်ရန်	Thêm vào	Add In	Add In	Add In
full_form_editor_font_size	ขนาดตัวอักษร	Font Size	字体大小	フォントサイズ	ទំហំអក្សរ	글꼴 크기	ຂະໜາດຕົວອັກສອນ	ဖောင့်အရွယ်အစား	Cỡ chữ	Font Size	Font Size	Font Size
full_form_editor_frame	กรอบ	Frame	边框	フレーム	ស៊ុម	프레임	ກອບ	ဘောင်	Khung	Frame	Frame	Frame
full_form_editor_height	ความสูง	Height	高度	高さ	កម្ពស់	높이	ຄວາມສູງ	အမြင့်	Chiều cao	Height	Height	Height
full_form_editor_image	รูปภาพ	Image	图片	画像	រូបភាព	이미지	ຮູບພາບ	ပုံ	Hình ảnh	Image	Image	Image
full_form_editor_line	เส้น	Line	线条	線	បន្ទាត់	선	ເສັ້ນ	မျဉ်း	Đường kẻ	Line	Line	Line
full_form_editor_new_text	ข้อความใหม่	New Text	新文本	新しいテキスト	អត្ថបទថ្មី	새 텍스트	ຂໍ້ຄວາມໃໝ່	စာသားအသစ်	Văn bản mới	New Text	New Text	New Text
full_form_editor_properties	คุณสมบัติ	Properties	属性	プロパティ	លក្ខណៈសម្បត្តិ	속성	ຄຸນສົມບັດ	ဂုဏ်သတ္တိများ	Thuộc tính	Properties	Properties	Properties
full_form_editor_table	ตาราง	Table	表格	テーブル	តារាង	표	ຕາຕະລາງ	ဇယား	Bảng	Table	Table	Table
full_form_editor_text	ข้อความ	Text	文本	テキスト	អត្ថបទ	텍스트	ຂໍ້ຄວາມ	စာသား	Văn bản	Text	Text	Text
full_form_editor_width	ความกว้าง	Width	宽度	幅	ទទឹង	너비	ຄວາມກວ້າງ	အကျယ်	Chiều rộng	Width	Width	Width
full_invoice	ใบกำกับเต็ม	Full Invoice	完整发票	完全請求書	វិក្កយបត្រពេញ	전체 청구서	ໃບກຳກັບເຕັມ	ပြေစာအပြည့်အစုံ	Hóa đơn đầy đủ	Full Invoice	Full Invoice	Full Invoice
fulltext_search	ค้นหาทั่วไป (Full-text)	Full-text Search	Full-text Search	Full-text Search	Full-text Search	Full-text Search	Full-text Search	Full-text Search	Full-text Search	Full-text Search	Full-text Search	Full-text Search
fully_received	รับครบแล้ว	Fully Received	Fully Received	Fully Received	Fully Received	Fully Received	Fully Received	Fully Received	Fully Received	Fully Received	Fully Received	Fully Received
fund_code	รหัสกองทุน	Fund Code	基金代码	ファンドコード	កូដមូលនិធិ	펀드 코드	ລະຫັດກອງທຶນ	ရန်ပုံငွေကုဒ်	Mã quỹ	Fund Code	Fund Code	Fund Code
fundcode	รหัสกองทุน	Fund Code	基金代码	ファンドコード	កូដមូលនិធិ	펀드 코드	ລະຫັດກອງທຶນ	ရန်ပုံငွေကုဒ်	Mã quỹ	Fund Code	Fund Code	Fund Code
general	ทั่วไป	General	一般	一般	ទូទៅ	일반	ທົ່ວໄປ	အထွေထွေ	Chung	General	General	General
general_location	ทั่วไป	General	一般	一般	ទូទៅ	일반	ທົ່ວໄປ	အထွေထွေ	Chung	General	General	General
general_rules	กฎทั่วไป	General Rules	一般规则	一般ルール	ច្បាប់ទូទៅ	일반 규칙	ກົດທົ່ວໄປ	အထွေထွေစည်းမျဉ်းများ	Quy tắc chung	General Rules	General Rules	General Rules
general_rules_for_points	กฎทั่วไปสำหรับแต้ม	General rules for points	积分通用规则	ポイントの一般ルール	ច្បាប់ទូទៅសម្រាប់ពិន្ទុ	포인트 일반 규칙	ກົດທົ່ວໄປສຳລັບແຕ້ມ	အမှတ်များအတွက်အထွေထွေစည်းမျဉ်းများ	Quy tắc chung cho điểm	General rules for points	General rules for points	General rules for points
general_settings	การตั้งค่าทั่วไป	General Settings	General Settings	General Settings	General Settings	General Settings	General Settings	General Settings	General Settings	General Settings	General Settings	General Settings
generate_new_docno_and_save	สร้างเลขใหม่และบันทึก	Generate new number and save	生成新编号并保存	新しい番号を生成して保存	បង្កើតលេខថ្មីហើយរក្សាទុក	새 번호 생성 및 저장	ສ້າງເລກໃໝ່ແລະບັນທຶກ	နံပါတ်အသစ်ထုတ်ပြီးသိမ်းရန်	Tạo số mới và lưu	Generate new number and save	Generate new number and save	Generate new number and save
generating	กำลังสร้าง...	Generating...	Generating...	Generating...	Generating...	Generating...	Generating...	Generating...	Generating...	Generating...	Generating...	Generating...
generating_pdf	กำลังสร้าง PDF	Generating PDF	正在生成PDF	PDF生成中	កំពុងបង្កើត PDF	PDF 생성 중	ກຳລັງສ້າງ PDF	PDF ဖန်တီးနေသည်	Đang tạo PDF	Generating PDF	Generating PDF	Generating PDF
generating_report	กำลังเริ่มสร้างรายงาน...	Generating report...	正在生成报告...	レポートを生成中...	កំពុងបង្កើតរបាយការណ៍...	보고서 생성 중...	ກຳລັງສ້າງລາຍງານ...	အစီရင်ခံစာဖန်တီးနေသည်...	Đang tạo báo cáo...	Generating report...	Generating report...	Generating report...
generating_report_start	กำลังเริ่มสร้างรายงาน...	Starting report generation...	正在开始生成报告...	レポート生成を開始しています...	កំពុងចាប់ផ្តើមបង្កើតរបាយការណ៍...	보고서 생성을 시작하는 중...	ກຳລັງເລີ່ມສ້າງລາຍງານ...	အစီရင်ခံစာဖန်တီးခြင်းကို စတင်နေသည်...	Đang bắt đầu tạo báo cáo...	Starting report generation...	Starting report generation...	Starting report generation...
get	ดึงข้อมูล	Get	获取	取得	ទាញយក	가져오기	ດຶງຂໍ້ມູນ	ရယူ	Lấy	Get	Get	Get
get_api_key	GET	Get API Key	获取 API 密钥	APIキーを取得	ទទួលបាន API Key	API 키 받기	ຮັບ API Key	API Key ရယူပါ	Nhận mã API	Get API Key	Get API Key	Get API Key
get_hold_bill	ดึงบิลพัก	Get Hold Bill	获取暂存账单	保留中の請求書を取得	ទទួលបានវិក្កយបត្រដែលបានផ្អាក	보류 중인 청구서 가져오기	ດຶງໃບບິນທີ່ພັກໄວ້	ဆိုင်းငံ့ထားသော ဘေလ်ကို ရယူပါ	Lấy hóa đơn tạm giữ	Get Hold Bill	Get Hold Bill	Get Hold Bill
get_money	รับเงิน	Get Money	取钱	お金を得る	ទទួលបានប្រាក់	돈 받기	ຮັບເງິນ	ငွေရယူပါ	Nhận tiền	Get Money	Get Money	Get Money
gl_adjustment_type	ประเภทการปรับปรุง	Adjustment Type	调整类型	調整タイプ	ប្រភេទការកែតម្រូវ	조정 유형	ປະເພດການປັບປຸງ	ချိန်ညှိမှုအမျိုးအစား	Loại điều chỉnh	Adjustment Type	Adjustment Type	Adjustment Type
gl_creditor_name	ชื่อเจ้าหนี้ :	Creditor Name:	Creditor Name:	Creditor Name:	Creditor Name:	Creditor Name:	Creditor Name:	Creditor Name:	Creditor Name:	Creditor Name:	Creditor Name:	Creditor Name:
gl_customer_name	ชื่อลูกค้า :	Customer Name:	Customer Name:	Customer Name:	Customer Name:	Customer Name:	Customer Name:	Customer Name:	Customer Name:	Customer Name:	Customer Name:	Customer Name:
gl_employee_name	ชื่อพนักงาน :	Employee Name:	Employee Name:	Employee Name:	Employee Name:	Employee Name:	Employee Name:	Employee Name:	Employee Name:	Employee Name:	Employee Name:	Employee Name:
gl_inquiry_type	ประเภทรายการ :	Transaction Type:	Transaction Type:	Transaction Type:	Transaction Type:	Transaction Type:	Transaction Type:	Transaction Type:	Transaction Type:	Transaction Type:	Transaction Type:	Transaction Type:
gl_make_payment	จ่ายชำระ	Make Payment	Make Payment	Make Payment	Make Payment	Make Payment	Make Payment	Make Payment	Make Payment	Make Payment	Make Payment	Make Payment
gl_payment_type	ประเภทการชำระ	Payment Type	付款类型	支払いタイプ	ប្រភេទការទូទាត់	결제 유형	ປະເພດການຊຳລະ	ငွေပေးချေမှုအမျိုးအစား	Loại thanh toán	Payment Type	Payment Type	Payment Type
gl_process	ประมาลผลบัญชี	Process Account	处理账户	アカウント処理	ដំណើរការគណនី	계정 처리	ປະມວນຜົນບັນຊີ	အကောင့်လုပ်ဆောင်မှု	Xử lý tài khoản	Process Account	Process Account	Process Account
gl_purchase	ซื้อสินค้า	Purchase	Purchase	Purchase	Purchase	Purchase	Purchase	Purchase	Purchase	Purchase	Purchase	Purchase
gl_receive_from_requisition	รับคืนจากการเบิก	Receive from Requisition	Receive from Requisition	Receive from Requisition	Receive from Requisition	Receive from Requisition	Receive from Requisition	Receive from Requisition	Receive from Requisition	Receive from Requisition	Receive from Requisition	Receive from Requisition
gl_receive_payment	รับชำระ	Receive Payment	Receive Payment	Receive Payment	Receive Payment	Receive Payment	Receive Payment	Receive Payment	Receive Payment	Receive Payment	Receive Payment	Receive Payment
gl_receive_product	รับสินค้า	Receive Product	Receive Product	Receive Product	Receive Product	Receive Product	Receive Product	Receive Product	Receive Product	Receive Product	Receive Product	Receive Product
gl_receive_return	รับคืนสินค้า	Receive Return	Receive Return	Receive Return	Receive Return	Receive Return	Receive Return	Receive Return	Receive Return	Receive Return	Receive Return	Receive Return
gl_remark	หมายเหตุ :	Remark:	Remark:	Remark:	Remark:	Remark:	Remark:	Remark:	Remark:	Remark:	Remark:	Remark:
gl_requisition	เบิกสินค้า	Requisition	Requisition	Requisition	Requisition	Requisition	Requisition	Requisition	Requisition	Requisition	Requisition	Requisition
gl_return_product	ส่งคืนสินค้า	Return Product	Return Product	Return Product	Return Product	Return Product	Return Product	Return Product	Return Product	Return Product	Return Product	Return Product
gl_sale	ขายสินค้า	Sale	Sale	Sale	Sale	Sale	Sale	Sale	Sale	Sale	Sale	Sale
gl_stock_adjustment	ปรับปรุงสต็อก	Stock Adjustment	Stock Adjustment	Stock Adjustment	Stock Adjustment	Stock Adjustment	Stock Adjustment	Stock Adjustment	Stock Adjustment	Stock Adjustment	Stock Adjustment	Stock Adjustment
gl_vat_type	ประเภทภาษี :	VAT Type:	VAT Type:	VAT Type:	VAT Type:	VAT Type:	VAT Type:	VAT Type:	VAT Type:	VAT Type:	VAT Type:	VAT Type:
go_add_purchase_type	ไปเพิ่มประเภทการจัดซื้อ	Go Add Purchase Type	Go Add Purchase Type	Go Add Purchase Type	Go Add Purchase Type	Go Add Purchase Type	Go Add Purchase Type	Go Add Purchase Type	Go Add Purchase Type	Go Add Purchase Type	Go Add Purchase Type	Go Add Purchase Type
go_add_quotation_type	ไปเพิ่มประเภทใบเสนอราคา	Go Add Quotation Type	Go Add Quotation Type	Go Add Quotation Type	Go Add Quotation Type	Go Add Quotation Type	Go Add Quotation Type	Go Add Quotation Type	Go Add Quotation Type	Go Add Quotation Type	Go Add Quotation Type	Go Add Quotation Type
go_add_sale_order_type	ไปเพิ่มประเภทใบสั่งขาย	Go Add Sale Order Type	Go Add Sale Order Type	Go Add Sale Order Type	Go Add Sale Order Type	Go Add Sale Order Type	Go Add Sale Order Type	Go Add Sale Order Type	Go Add Sale Order Type	Go Add Sale Order Type	Go Add Sale Order Type	Go Add Sale Order Type
go_back	ย้อนกลับ	Go Back	Go Back	Go Back	Go Back	Go Back	Go Back	Go Back	Go Back	Go Back	Go Back	Go Back
go_to_condition_page	ไปยังหน้าเงื่อนไข	Go to Condition Page	Go to Condition Page	Go to Condition Page	Go to Condition Page	Go to Condition Page	Go to Condition Page	Go to Condition Page	Go to Condition Page	Go to Condition Page	Go to Condition Page	Go to Condition Page
go_to_permission_definition	กรุณาไปที่หน้ากำหนดสิทธิ์เพื่อสร้างสิทธิ์ก่อน	Please go to Permission Definition to create permissions first	请先到权限定义页面创建权限	まず権限定義ページで権限を作成してください	សូមទៅទំព័រកំណត់សិទ្ធិដើម្បីបង្កើតសិទ្ធិជាមុន	먼저 권한 정의에서 권한을 만들어 주세요	ກະລຸນາໄປທີ່ໜ້າກຳນົດສິດເພື່ອສ້າງສິດກ່ອນ	ခွင့်ပြုချက်ဖန်တီးရန် ခွင့်ပြုချက်သတ်မှတ်ချက်သို့ သွားပါ	Vui lòng đến trang Định nghĩa quyền để tạo quyền trước	Please go to Permission Definition to create permissions first	Please go to Permission Definition to create permissions first	Please go to Permission Definition to create permissions first
good_return	รับคืนสินค้า	Receive Product Return	接收退货	返品を受け取る	ទទួលការສົ່ງຄືນផលិតផល	반품 수령	ຮັບຄືນສິນຄ້າ	ကုန်ပစ္စည်းပြန်အမ်းမှုကို လက်ခံပါ	Nhận hàng trả lại	Receive Product Return	Receive Product Return	Receive Product Return
goods_issue	ใบเบิกสินค้า	Goods Issue	出库单	出庫伝票	វិក្កយបត្រចេញទំនិញ	출고	ໃບເບີກສິນຄ້າ	ကုန်ပစ္စည်းထုတ်ပေးခြင်း	Phiếu xuất kho	Goods Issue	Goods Issue	Goods Issue
goods_receive	ใบรับสินค้า	Goods Receive	入库单	入庫伝票	វិក្កយបត្រទទួលទំនិញ	입고	ໃບຮັບສິນຄ້າ	ကုန်ပစ္စည်းလက်ခံခြင်း	Phiếu nhập kho	Goods Receive	Goods Receive	Goods Receive
grade	เกรด	Grade	等级	グレード	ថ្នាក់	등급	ເກຣດ	အဆင့်	Hạng	Grade	Grade	Grade
grade_code	รหัสเกรด	Grade Code	等级代码	グレードコード	កូដថ្នាក់	등급 코드	ລະຫັດເກຣດ	အဆင့်ကုဒ်	Mã hạng	Grade Code	Grade Code	Grade Code
grade_codes	รหัสเกรด	Grade Code	等级代码	グレードコード	កូដថ្នាក់	등급 코드	ລະຫັດເກຣດ	အဆင့်ကုဒ်	Mã hạng	Grade Code	Grade Code	Grade Code
grade_name	ชื่อเกรด	Grade Name	等级名称	グレード名	ឈ្មោះថ្នាក់	등급 이름	ຊື່ເກຣດ	အဆင့်အမည်	Tên hạng	Grade Name	Grade Name	Grade Name
gradual_product_receipt	รับสินค้าแบบทยอย	Gradual Product Receipt	逐步收货	段階的商品受領	ទទួលផលិតផលជាជំហាន	점진적 상품 수령	ຮັບສິນຄ້າແບບທະຍອຍ	အဆင့်ဆင့်ပစ္စည်းလက်ခံခြင်း	Nhận hàng dần dần	Gradual Product Receipt	Gradual Product Receipt	Gradual Product Receipt
gradual_receipt_report	รายงานรับสินค้าแบบทยอยรับ	Gradual Receipt Report	逐步收货报告	段階的受領レポート	របាយការណ៍ទទួលជាជំហាន	점진적 수령 보고서	ລາຍງານຮັບສິນຄ້າແບບທະຍອຍຮັບ	အဆင့်ဆင့်လက်ခံမှုအစီရင်ခံစာ	Báo cáo nhận hàng dần	Gradual Receipt Report	Gradual Receipt Report	Gradual Receipt Report
grand_total	ยอดรวมทั้งสิ้น	Grand Total	总计	総計	សរុបរួម	총합계	ຍອດລວມທັງໝົດ	စုစုပေါင်း	Tổng cộng	Grand Total	Grand Total	Grand Total
gross_profit	กำไรขั้นต้น	Gross Profit	Gross Profit	Gross Profit	Gross Profit	Gross Profit	Gross Profit	Gross Profit	Gross Profit	Gross Profit	Gross Profit	Gross Profit
gross_profit_by_document_report	รายงานกำไรขั้นต้นตามเอกสาร	Gross Profit by Document Report	按文档的毛利报告	ドキュメント別粗利益レポート	របាយការណ៍ប្រាក់ចំណេញសរុបតាមឯកសារ	문서별 총이익 보고서	ລາຍງານກຳໄລຂັ້ນຕົ້ນຕາມເອກະສານ	စာရွက်စာတမ်းအလိုက် အမြတ်အစွန်းအစီရင်ခံစာ	Báo cáo lợi nhuận gộp theo tài liệu	Gross Profit by Document Report	Gross Profit by Document Report	Gross Profit by Document Report
gross_profit_by_product_report	รายงานกำไรขั้นต้นตามสินค้า	Gross Profit by Product Report	按产品的毛利报告	商品別粗利益レポート	របាយការណ៍ប្រាក់ចំណេញសរុបតាមផលិតផល	상품별 총이익 보고서	ລາຍງານກຳໄລຂັ້ນຕົ້ນຕາມສິນຄ້າ	ကုန်ပစ္စည်းအလိုက် အမြတ်အစွန်းအစီရင်ခံစာ	Báo cáo lợi nhuận gộp theo sản phẩm	Gross Profit by Product Report	Gross Profit by Product Report	Gross Profit by Product Report
gross_profit_pct	%กำไรขั้นต้น	% Gross Profit	% Gross Profit	% Gross Profit	% Gross Profit	% Gross Profit	% Gross Profit	% Gross Profit	% Gross Profit	% Gross Profit	% Gross Profit	% Gross Profit
gross_profit_report_by_document	รายงานกำไรขั้นต้นตามเอกสาร	Gross Profit Report by Document	按单据毛利报表	文書別粗利益レポート	របាយការណ៍ប្រាក់ចំណេញសរុបតាមឯកសារ	문서별 매출총이익 보고서	ລາຍງານກຳໄລລວມຕາມເອກະສານ	စာရွက်စာတမ်းအလိုက်အကြမ်းအမြတ်အစီရင်ခံစာ	Báo cáo lợi nhuận gộp theo chứng từ	Gross Profit Report by Document	Gross Profit Report by Document	Gross Profit Report by Document
group	กลุ่ม	Group	组	グループ	ក្រុម	그룹	ກຸ່ມ	အုပ်စု	Nhóm	Group	Group	Group
group_code	รหัสกลุ่ม	Group Code	组代码	グループコード	កូដក្រុម	그룹 코드	ລະຫັດກຸ່ມ	အုပ်စုကုဒ်	Mã nhóm	Group Code	Group Code	Group Code
group_codes	รหัสกลุ่มสินค้า	Product Group Code	商品组代码	商品グループコード	កូដក្រុមផលិតផល	상품 그룹 코드	ລະຫັດກຸ່ມສິນຄ້າ	ကုန်ပစ္စည်းအုပ်စုကုဒ်	Mã nhóm sản phẩm	Product Group Code	Product Group Code	Product Group Code
group_main	กลุ่มสินค้าหลัก	Main Product Group	主要商品组	主要商品グループ	ក្រុមផលិតផលចម្បង	주요 상품 그룹	ກຸ່ມສິນຄ້າຫຼັກ	အဓိကကုန်ပစ္စည်းအုပ်စု	Nhóm sản phẩm chính	Main Product Group	Main Product Group	Main Product Group
group_main_code	รหัสกลุ่มสินค้าหลัก	Main Product Group Code	主要商品组代码	主要商品グループコード	កូដក្រុមផលិតផលចម្បង	주요 상품 그룹 코드	ລະຫັດກຸ່ມສິນຄ້າຫຼັກ	အဓိကကုန်ပစ္စည်းအုပ်စုကုဒ်	Mã nhóm sản phẩm chính	Main Product Group Code	Main Product Group Code	Main Product Group Code
group_main_guid	กลุ่มหลัก	Main Group	主组	メイングループ	ក្រុមចម្បង	메인 그룹	ກຸ່ມຫຼັກ	အဓိကအုပ်စု	Nhóm chính	Main Group	Main Group	Main Group
group_main_name	ชื่อกลุ่มสินค้าหลัก	Main Product Group Name	主要商品组名称	主要商品グループ名	ឈ្មោះក្រុមផលិតផលចម្បង	주요 상품 그룹 이름	ຊື່ກຸ່ມສິນຄ້າຫຼັກ	အဓိကကုန်ပစ္စည်းအုပ်စုအမည်	Tên nhóm sản phẩm chính	Main Product Group Name	Main Product Group Name	Main Product Group Name
group_name	ชื่อกลุ่ม	Group Name	组名称	グループ名	ឈ្មោះក្រុម	그룹 이름	ຊື່ກຸ່ມ	အုပ်စုအမည်	Tên nhóm	Group Name	Group Name	Group Name
group_number	ลำดับที่	No.	序号	番号	លេខរៀង	번호	ລຳດັບທີ	အမှတ်စဉ်	Số thứ tự	No.	No.	No.
group_root	กลุ่มหลัก	Main Group	主要组	メイングループ	ក្រុមចម្បង	메인 그룹	ກຸ່ມຫຼັກ	အဓိကအုပ်စု	Nhóm chính	Main Group	Main Group	Main Group
group_sub1	กลุ่มสินค้าย่อย 1	Sub Product Group 1	子商品组 1	サブ商品グループ 1	ក្រុមផលិតផលរង 1	하위 상품 그룹 1	ກຸ່ມສິນຄ້າຍ່ອຍ 1	ကုန်ပစ္စည်းအုပ်စုခွဲ 1	Nhóm sản phẩm phụ 1	Sub Product Group 1	Sub Product Group 1	Sub Product Group 1
group_sub1_code	รหัสกลุ่มสินค้าย่อย 1	Sub Product Group Code 1	子商品组代码 1	サブ商品グループコード 1	កូដក្រុមផលិតផលរង 1	하위 상품 그룹 코드 1	ລະຫັດກຸ່ມສິນຄ້າຍ່ອຍ 1	ကုန်ပစ္စည်းအုပ်စုခွဲကုဒ် 1	Mã nhóm sản phẩm phụ 1	Sub Product Group Code 1	Sub Product Group Code 1	Sub Product Group Code 1
group_sub1_name	ชื่อกลุ่มสินค้าย่อย 1	Sub Product Group Name 1	子商品组名称 1	サブ商品グループ名 1	ឈ្មោះក្រុមផលិតផលរង 1	하위 상품 그룹 이름 1	ຊື່ກຸ່ມສິນຄ້າຍ່ອຍ 1	ကုန်ပစ္စည်းအုပ်စုခွဲအမည် 1	Tên nhóm sản phẩm phụ 1	Sub Product Group Name 1	Sub Product Group Name 1	Sub Product Group Name 1
group_sub2	กลุ่มสินค้าย่อย 2	Sub Product Group 2	子商品组 2	サブ商品グループ 2	ក្រុមផលិតផលរង 2	하위 상품 그룹 2	ກຸ່ມສິນຄ້າຍ່ອຍ 2	ကုန်ပစ္စည်းအုပ်စုခွဲ 2	Nhóm sản phẩm phụ 2	Sub Product Group 2	Sub Product Group 2	Sub Product Group 2
group_sub2_code	รหัสกลุ่มสินค้าย่อย 2	Sub Product Group Code 2	子商品组代码 2	サブ商品グループコード 2	កូដក្រុមផលិតផលរង 2	하위 상품 그룹 코드 2	ລະຫັດກຸ່ມສິນຄ້າຍ່ອຍ 2	ကုန်ပစ္စည်းအုပ်စုခွဲကုဒ် 2	Mã nhóm sản phẩm phụ 2	Sub Product Group Code 2	Sub Product Group Code 2	Sub Product Group Code 2
group_sub2_name	ชื่อกลุ่มสินค้าย่อย 2	Sub Product Group Name 2	子商品组名称 2	サブ商品グループ名 2	ឈ្មោះក្រុមផលិតផលរង 2	하위 상품 그룹 이름 2	ຊື່ກຸ່ມສິນຄ້າຍ່ອຍ 2	ကုန်ပစ္စည်းအုပ်စုခွဲအမည် 2	Tên nhóm sản phẩm phụ 2	Sub Product Group Name 2	Sub Product Group Name 2	Sub Product Group Name 2
group_sub_guid	กลุ่มย่อย	Sub Group	子组	サブグループ	ក្រុមរង	서브 그룹	ກຸ່ມຍ່ອຍ	အခွဲအုပ်စု	Nhóm phụ	Sub Group	Sub Group	Sub Group
group_sub_one	กลุ่มย่อย 1	Sub Group 1	子组一	サブグループ1	ក្រុមរង ១	서브 그룹 1	ກຸ່ມຍ່ອຍ 1	အခွဲအုပ်စု ၁	Nhóm phụ 1	Sub Group 1	Sub Group 1	Sub Group 1
group_sub_two	กลุ่มย่อย 2	Sub Group 2	子组二	サブグループ2	ក្រុមរង ២	서브 그룹 2	ກຸ່ມຍ່ອຍ 2	အခွဲအုပ်စု ၂	Nhóm phụ 2	Sub Group 2	Sub Group 2	Sub Group 2
group_subone_codes	รหัสกลุ่มย่อย 1	Sub Group Code 1	子组代码 1	サブグループコード 1	កូដក្រុមរង 1	하위 그룹 코드 1	ລະຫັດກຸ່ມຍ່ອຍ 1	အုပ်စုခွဲကုဒ် 1	Mã nhóm phụ 1	Sub Group Code 1	Sub Group Code 1	Sub Group Code 1
group_subtwo_codes	รหัสกลุ่มย่อย 2	Sub Group Code 2	子组代码 2	サブグループコード 2	កូដក្រុមរង 2	하위 그룹 코드 2	ລະຫັດກຸ່ມຍ່ອຍ 2	အုပ်စုခွဲကုဒ် 2	Mã nhóm phụ 2	Sub Group Code 2	Sub Group Code 2	Sub Group Code 2
guid	Guid	Guid	Guid	Guid	Guid	Guid	Guid	Guid	Guid	Guid	Guid	Guid
have barcode not found in product	ไม่มีบาร์โค้ดในระบบกรุณาตรวจสอบ	Barcode not found in system, please check	系统中未找到条形码，请检查	システムにバーコードが見つかりません。確認してください	រកមិនឃើញបាកូដនៅក្នុងប្រព័ន្ធទេ សូមពិនិត្យ	시스템에서 바코드를 찾을 수 없습니다. 확인해 주세요	ບໍ່ພົບບາໂຄດໃນລະບົບ ກະລຸນາກວດສອບ	စနစ်တွင် ဘားကုဒ်မတွေ့ပါ၊ ကျေးဇူးပြု၍ စစ်ဆေးပါ	Không tìm thấy mã vạch trong hệ thống, vui lòng kiểm tra	Barcode not found in system, please check	Barcode not found in system, please check	Barcode not found in system, please check
head_of	สำนักงานใหญ่	Head Office	总部	本社	ការិយាល័យកណ្តាល	본사	ສຳນັກງານໃຫຍ່	ရုံးချုပ်	Trụ sở chính	Head Office	Head Office	Head Office
head_office	สำนักงานใหญ่	Head Office	总部	本社	ការិយាល័យកណ្តាល	본사	ສຳນັກງານໃຫຍ່	ရုံးချုပ်	Trụ sở chính	Head Office	Head Office	Head Office
header_names	ชื่อหัวใบเสร็จ	Receipt Header Name	收据标题	領収書ヘッダー名	ឈ្មោះក្បាលបង្កាន់ដៃ	영수증 헤더 이름	ຊື່ຫົວໃບຮັບເງິນ	ပြေစာခေါင်းစဉ်အမည်	Tên tiêu đề hóa đơn	Receipt Header Name	Receipt Header Name	Receipt Header Name
header_receipt_pos	ข้อความหัวใบเสร็จ	ข้อความหัวReceipt	ข้อความหัว收据	ข้อความหัว領収書	ข้อความหัวបង្កាន់ដៃ	ข้อความหัว영수증	ข้อความหัวໃບຮັບເງິນ	ข้อความหัวပြေစာ	ข้อความหัวHóa đơn	ข้อความหัวReceipt	ข้อความหัวReceipt	ข้อความหัวReceipt
hide	ซ่อน	Hide	隐藏	非表示	លាក់	숨기기	ເຊື່ອງ	ဖျောက်	Ẩn	Hide	Hide	Hide
hide_border	ไม่แสดงกรอบ	Hide Border	Hide Border	Hide Border	Hide Border	Hide Border	Hide Border	Hide Border	Hide Border	Hide Border	Hide Border	Hide Border
hide_cancelled_documents	ไม่แสดงเอกสารยกเลิก	Hide Cancelled Documents	Hide Cancelled Documents	Hide Cancelled Documents	Hide Cancelled Documents	Hide Cancelled Documents	Hide Cancelled Documents	Hide Cancelled Documents	Hide Cancelled Documents	Hide Cancelled Documents	Hide Cancelled Documents	Hide Cancelled Documents
hide_filter_panel	ซ่อนแผงตัวกรอง	Hide Filter Panel	隐藏筛选面板	フィルターパネルを非表示	លាក់បន្ទះតម្រង	필터 패널 숨기기	ເຊື່ອງແຜງຕົວກອງ	စစ်ထုတ်မှု panel ကိုဖျောက်ပါ	Ẩn bảng lọc	Hide Filter Panel	Hide Filter Panel	Hide Filter Panel
hide_preview	ซ่อน Preview	Hide Preview	隐藏预览	プレビューを非表示	លាក់ការមើលជាមុន	미리보기 숨기기	ເຊື່ອງ Preview	Preview ဖျောက်ရန်	Ẩn xem trước	Hide Preview	Hide Preview	Hide Preview
hide_tips	ซ่อนคำแนะนำ	Hide Tips	Hide Tips	Hide Tips	Hide Tips	Hide Tips	Hide Tips	Hide Tips	Hide Tips	Hide Tips	Hide Tips	Hide Tips
history	ประวัติ	History	历史	履歴	ប្រវត្តិ	이력	ປະຫວັດ	မှတ်တမ်း	Lịch sử	History	History	History
hold_bill	พักบิล	Hold Bill	暂存账单	請求書を保留	ផ្អាកវិក្កយបត្រ	청구서 보류	ພັກບິນ	ဘေလ်ဆိုင်းငံ့	Giữ hóa đơn	Hold Bill	Hold Bill	Hold Bill
holiday	วันหยุด	Holiday	Holiday	Holiday	Holiday	Holiday	Holiday	Holiday	Holiday	Holiday	Holiday	Holiday
holidays	วันหยุดพิเศษ	Special Holidays	特别假期	特別休暇	ថ្ងៃឈប់សម្រាកពិសេស	특별 휴일	ວັນພັກພິເສດ	အထူးရုံးပိတ်ရက်များ	Ngày lễ đặc biệt	Special Holidays	Special Holidays	Special Holidays
host	โฮสต์	HOST	HOST	HOST	HOST	HOST	HOST	HOST	HOST	HOST	HOST	HOST
hours	ชั่วโมง	Hours	小时	時間	ម៉ោង	시간	ຊົ່ວໂມງ	နာရီ	Giờ	Hours	Hours	Hours
how_do_you_want_to_discard_the_data	ต้องการยกเลิกไฟล์	Do you want to cancel the file?	您想取消文件吗？	ファイルをキャンセルしますか？	តើអ្នកចង់បោះបង់ឯកសារទេ?	파일을 취소하시겠습니까?	ຕ້ອງການຍົກເລີກໄຟລ໌ບໍ່?	ဖိုင်ကို ပယ်ဖျက်လိုပါသလား။	Bạn có muốn hủy tệp không?	Do you want to cancel the file?	Do you want to cancel the file?	Do you want to cancel the file?
how_it_works	วิธีทำงาน	How It Works	How It Works	How It Works	How It Works	How It Works	How It Works	How It Works	How It Works	How It Works	How It Works	How It Works
how_to_cancel_pin	ต้องการยกเลิก PIN ใช่หรือไม่	Do you want to cancel PIN?	您想取消 PIN 吗？	PINをキャンセルしますか？	តើអ្នកចង់បោះបង់ PIN ទេ?	PIN을 취소하시겠습니까?	ຕ້ອງການຍົກເລີກ PIN ບໍ່?	PIN ကို ပယ်ဖျက်လိုပါသလား။	Bạn có muốn hủy mã PIN không?	Do you want to cancel PIN?	Do you want to cancel PIN?	Do you want to cancel PIN?
how_to_print	ต้องการปริ้นเอกสารหรือไม่ ?	Do you want to print the document?	您想打印文档吗？	ドキュメントを印刷しますか？	តើអ្នកចង់បោះពុម្ពឯកសារទេ?	문서를 인쇄하시겠습니까?	ຕ້ອງການພິມເອກະສານບໍ່?	စာရွက်စာတမ်းကို ပရင့်ထုတ်လိုပါသလား။	Bạn có muốn in tài liệu không?	Do you want to print the document?	Do you want to print the document?	Do you want to print the document?
how_to_use_stock_movement_cost_report	วิธีใช้รายงานเคลื่อนไหวสินค้า พร้อมต้นทุน	How to Use Stock Movement Cost Report	如何使用库存移动成本报告	在庫移動原価レポートの使い方	របៀបប្រើរបាយការណ៍ចំណាយចលនាស្តុក	재고 이동 원가 보고서 사용법	ວິທີໃຊ້ລາຍງານເຄື່ອນໄຫວສິນຄ້າ ພ້ອມຕົ້ນທຶນ	ကုန်ပစ္စည်းရွေ့လျားမှုကုန်ကျစရိတ်အစီရင်ခံစာ အသုံးပြုနည်း	Cách sử dụng báo cáo chi phí di chuyển hàng tồn kho	How to Use Stock Movement Cost Report	How to Use Stock Movement Cost Report	How to Use Stock Movement Cost Report
human_resources	บุคคล	Human Resources	人力资源	人事	ធនធានមនុស្ស	인사	ບຸກຄະລາກອນ	လူ့စွမ်းအားအရင်းအမြစ်	Nhân sự	Human Resources	Human Resources	Human Resources
ignore_branches	ข้ามสาขา	Ignore Branches	忽略分支	支店を無視	មិនអើពើសាខា	지점 무시	ຂ້າມສາຂາ	ဌာနခွဲများကိုလျစ်လျူရှု	Bỏ qua chi nhánh	Ignore Branches	Ignore Branches	Ignore Branches
image	รูปภาพ	Image	图片	画像	រូបភាព	이미지	ຮູບພາບ	ပုံ	Hình ảnh	Image	Image	Image
image_cover	รูปหน้าปก	Cover Image	封面图片	表紙画像	រូបភាពគម្រប	표지 이미지	ຮູບໜ້າປົກ	မျက်နှာဖုံးပုံ	Ảnh bìa	Cover Image	Cover Image	Cover Image
img	รูปภาพ	Images	图片	画像	រូបភាព	이미지	ຮູບພາບ	ပုံ	Hình ảnh	Images	Images	Images
img_name	ชื่อรูป	Image Name	图片名称	画像名	ឈ្មោះរូបភាព	이미지 이름	ຊື່ຮູບ	ပုံအမည်	Tên hình ảnh	Image Name	Image Name	Image Name
import	นำเข้า	Import	导入	インポート	នាំចូល	가져오기	ນຳເຂົ້າ	သွင်းကုန်	Nhập	Import	Import	Import
import.action.created	สร้างใหม่	Created	新建	新規作成	បានបង្កើតថ្មី	생성됨	ສ້າງໃໝ່	အသစ်ဖန်တီးပြီး	Tạo mới	Created	Created	Created
import.action.unchanged	ไม่เปลี่ยนแปลง	Unchanged	未更改	変更なし	មិនមានការផ្លាស់ប្តូរ	변경 없음	ບໍ່ມີການປ່ຽນແປງ	ပြောင်းလဲမှုမရှိ	Không thay đổi	Unchanged	Unchanged	Unchanged
import.action.updated	อัปเดต	Updated	已更新	更新済み	បានធ្វើបច្ចុប្បន្នភាព	업데이트됨	ອັບເດດ	အပ်ဒိတ်လုပ်ပြီး	Đã cập nhật	Updated	Updated	Updated
import_completed	นำเข้าเสร็จสิ้น	Import Completed	导入完成	インポート完了	ការនាំចូលបានបញ្ចប់	가져오기 완료	ນໍາເຂົ້າສໍາເລັດແລ້ວ	တင်သွင်းမှု ပြီးဆုံးပါပြီ	Nhập hoàn tất	Import Completed	Import Completed	Import Completed
import_completed_successfully	นำเข้าสำเร็จ	Import Completed Successfully	导入成功	インポートが正常に完了しました	នាំចូលបានជោគជ័យ	가져오기가 성공적으로 완료되었습니다	ນຳເຂົ້າສຳເລັດ	တင်သွင်းမှုအောင်မြင်ပါသည်	Nhập hoàn tất thành công	Import Completed Successfully	Import Completed Successfully	Import Completed Successfully
import_data_success	นำเข้าข้อมูลสำเร็จ	Import data successful	数据导入成功	データのインポートに成功しました	នាំចូលទិន្នន័យជោគជ័យ	데이터 가져오기 성공	ນຳເຂົ້າຂໍ້ມູນສຳເລັດ	ဒေတာတင်သွင်းမှုအောင်မြင်	Nhập dữ liệu thành công	Import data successful	Import data successful	Import data successful
import_debtor_data	นำเข้าข้อมูลลูกหนี้	Import Debtor Data	Import Debtor Data	Import Debtor Data	Import Debtor Data	Import Debtor Data	Import Debtor Data	Import Debtor Data	Import Debtor Data	Import Debtor Data	Import Debtor Data	Import Debtor Data
import_debtor_list_data	นำเข้ารายชื่อและข้อมูลลูกหนี้	Import debtor list and data	导入债务人列表和数据	債務者リストとデータをインポート	នាំចូលបញ្ជីនិងទិន្នន័យកូនបំណុល	채무자 목록 및 데이터 가져오기	ນຳເຂົ້າລາຍຊື່ແລະຂໍ້ມູນລູກໜີ້	အကြွေးရှင်စာရင်းနှင့်ဒေတာ ထည့်သွင်းပါ	Nhập danh sách và dữ liệu con nợ	Import debtor list and data	Import debtor list and data	Import debtor list and data
import_debtor_points	นำเข้าแต้มลูกหนี้	Import Debtor Points	Import Debtor Points	Import Debtor Points	Import Debtor Points	Import Debtor Points	Import Debtor Points	Import Debtor Points	Import Debtor Points	Import Debtor Points	Import Debtor Points	Import Debtor Points
import_debtor_points_data	นำเข้าข้อมูลแต้มสะสมของลูกหนี้	Import debtor accumulated points data	导入债务人累计积分数据	債務者の累計ポイントデータをインポート	នាំចូលទិន្នន័យពិន្ទុកូនបំណុល	채무자 적립 포인트 데이터 가져오기	ນຳເຂົ້າຂໍ້ມູນແຕ້ມສະສົມຂອງລູກໜີ້	အကြွေးရှင် စုဆောင်းအမှတ်ဒေတာ ထည့်သွင်းပါ	Nhập dữ liệu điểm tích lũy con nợ	Import debtor accumulated points data	Import debtor accumulated points data	Import debtor accumulated points data
import_directly	นำเข้าทันที	Import Immediately	立即导入	すぐにインポート	នាំចូលភ្លាមៗ	즉시 가져오기	ນຳເຂົ້າທັນທີ	ချက်ချင်းတင်သွင်းပါ	Nhập ngay lập tức	Import Immediately	Import Immediately	Import Immediately
import_directly_description	นำเข้าข้อมูลเข้าระบบโดยตรง	Import data directly into the system	直接将数据导入系统	システムにデータを直接インポート	នាំចូលទិន្នន័យចូលក្នុងប្រព័ន្ធដោយផ្ទាល់	시스템으로 데이터 직접 가져오기	ນຳເຂົ້າຂໍ້ມູນເຂົ້າລະບົບໂດຍກົງ	ဒေတာကို စနစ်ထဲသို့ တိုက်ရိုက်တင်သွင်းပါ	Nhập dữ liệu trực tiếp vào hệ thống	Import data directly into the system	Import data directly into the system	Import data directly into the system
import_error	เกิดข้อผิดพลาดในการ Import	Import Error	导入错误	インポートエラー	កំហុសក្នុងការនាំចូល	가져오기 오류	ເກີດຂໍ້ຜິດພາດໃນການ Import	Import အမှားအယွင်း	Lỗi nhập	Import Error	Import Error	Import Error
import_excel	นำเข้าจาก Excel	Import from Excel	从 Excel 导入	Excelからインポート	នាំចូលពី Excel	Excel에서 가져오기	ນຳເຂົ້າຈາກ Excel	Excel မှ တင်သွင်းပါ	Nhập từ Excel	Import from Excel	Import from Excel	Import from Excel
import_export	นำเข้า/ส่งออก	Import/Export	Import/Export	Import/Export	Import/Export	Import/Export	Import/Export	Import/Export	Import/Export	Import/Export	Import/Export	Import/Export
import_export_data	นำเข้า/ส่งออกข้อมูล	Import/Export Data	导入/导出数据	データのインポート/エクスポート	នាំចូល/នាំចេញទិន្នន័យ	데이터 가져오기/내보내기	ນຳເຂົ້າ/ສົ່ງອອກຂໍ້ມູນ	ဒေတာတင်သွင်း/ထုတ်ယူ	Nhập/Xuất dữ liệu	Import/Export Data	Import/Export Data	Import/Export Data
import_failed	นำเข้าข้อมูลไม่สำเร็จ	Import Failed	导入失败	インポート失敗	នាំចូលមិនជោគជ័យ	가져오기 실패	ນໍາເຂົ້າບໍ່ສຳເລັດ	တင်သွင်းမှုမအောင်မြင်ပါ	Nhập không thành công	Import Failed	Import Failed	Import Failed
import_from_excel	นำเข้าจาก Excel	Import from Excel	从 Excel 导入	Excelからインポート	នាំចូលពី Excel	Excel에서 가져오기	ນຳເຂົ້າຈາກ Excel	Excel မှ တင်သွင်းပါ	Nhập từ Excel	Import from Excel	Import from Excel	Import from Excel
import_from_file	นำเข้าจากไฟล์	Import from File	Import from File	Import from File	Import from File	Import from File	Import from File	Import from File	Import from File	Import from File	Import from File	Import from File
import_mode_description	คุณต้องการตรวจสอบข้อมูลก่อนนำเข้า หรือนำเข้าทันที?	Do you want to validate data before importing or import immediately?	您想在导入前验证数据还是立即导入？	インポート前にデータを検証しますか、それともすぐにインポートしますか？	តើអ្នកចង់ផ្ទៀងផ្ទាត់ទិន្នន័យមុនពេលនាំចូល ឬនាំចូលភ្លាមៗ?	가져오기 전에 데이터를 확인하시겠습니까, 아니면 즉시 가져오시겠습니까?	ທ່ານຕ້ອງການກວດສອບຂໍ້ມູນກ່ອນນຳເຂົ້າ ຫຼື ນຳເຂົ້າທັນທີ?	တင်သွင်းခြင်းမပြုမီ ဒေတာကို စစ်ဆေးလိုပါသလား သို့မဟုတ် ချက်ချင်းတင်သွင်းလိုပါသလား။	Bạn muốn xác thực dữ liệu trước khi nhập hay nhập ngay lập tức?	Do you want to validate data before importing or import immediately?	Do you want to validate data before importing or import immediately?	Do you want to validate data before importing or import immediately?
import_points_error	เกิดข้อผิดพลาดในการ Import แต้ม	Error importing points	导入积分时出错	ポイントインポートエラー	កំហុសក្នុងការនាំចូលពិន្ទុ	포인트 가져오기 오류	ເກີດຂໍ້ຜິດພາດໃນການນຳເຂົ້າແຕ້ມ	အမှတ်ထည့်သွင်းရာတွင် အမှားဖြစ်ပါသည်	Lỗi khi nhập điểm	Error importing points	Error importing points	Error importing points
import_points_failed	นำเข้าแต้มไม่สำเร็จ	Import points failed	Import points failed	Import points failed	Import points failed	Import points failed	Import points failed	Import points failed	Import points failed	Import points failed	Import points failed	Import points failed
import_points_success	นำเข้าแต้มสำเร็จ	Import points success	Import points success	Import points success	Import points success	Import points success	Import points success	Import points success	Import points success	Import points success	Import points success	Import points success
import_product	นำเข้าสินค้า	Import Product	导入商品	商品をインポート	នាំចូលផលិតផល	상품 가져오기	ນຳເຂົ້າສິນຄ້າ	ကုန်ပစ္စည်းတင်သွင်းပါ	Nhập sản phẩm	Import Product	Import Product	Import Product
import_product_balance	นำเข้าสินค้ายกมา	Import Beginning Inventory	导入期初库存	期首在庫をインポート	នាំចូលសារពើភ័ណ្ឌដើមគ្រា	기초 재고 가져오기	ນຳເຂົ້າສິນຄ້າຍົກມາ	စာရင်းဖွင့်ကုန်ပစ္စည်းတင်သွင်းပါ	Nhập tồn kho đầu kỳ	Import Beginning Inventory	Import Beginning Inventory	Import Beginning Inventory
import_product_data	นำเข้าข้อมูลสินค้า	Import Product Data	导入产品数据	商品データインポート	នាំចូលទិន្នន័យផលិតផល	제품 데이터 가져오기	ນຳເຂົ້າຂໍ້ມູນສິນຄ້າ	ထုတ်ကုန်ဒေတာတင်သွင်းရန်	Nhập dữ liệu sản phẩm	Import Product Data	Import Product Data	Import Product Data
import_product_detail.all	ทั้งหมด	All	全部	すべて	ទាំងអស់	전체	ທັງໝົດ	အားလုံး	Tất cả	All	All	All
import_product_detail.items	รายการ	Items	项目	項目	ធាតុ	항목	ລາຍການ	ပစ္စည်းများ	Mục	Items	Items	Items
import_product_detail.no_data	ไม่มีข้อมูล	No data	无数据	データなし	គ្មានទិន្នន័យ	데이터 없음	ບໍ່ມີຂໍ້ມູນ	ဒေတာမရှိပါ	Không có dữ liệu	No data	No data	No data
import_product_detail.no_data_found	ไม่พบข้อมูลที่ค้นหา	No search results found	未找到搜索结果	検索結果が見つかりません	រកមិនឃើញលទ្ធផលស្វែងរក	검색 결과를 찾을 수 없습니다	ບໍ່ພົບຂໍ້ມູນທີ່ຄົ້ນຫາ	ရှာဖွေမှုရလဒ်မတွေ့ပါ	Không tìm thấy kết quả tìm kiếm	No search results found	No search results found	No search results found
import_product_detail.product_code	รหัสสินค้า	Product Code	产品代码	製品コード	លេខកូដផលិតផល	제품 코드	ລະຫັດສິນຄ້າ	ထုတ်ကုန်ကုဒ်	Mã sản phẩm	Product Code	Product Code	Product Code
import_product_detail.product_import_details	รายละเอียดการนำเข้าสินค้า	Product Import Details	产品导入详细信息	製品インポートの詳細	ព័ត៌មានលម្អិតនៃការនាំចូលផលិតផល	제품 가져오기 세부정보	ລາຍລະອຽດການນໍາເຂົ້າສິນຄ້າ	ထုတ်ကုန်တင်သွင်းခြင်းအသေးစိတ်	Chi tiết nhập khẩu sản phẩm	Product Import Details	Product Import Details	Product Import Details
import_product_detail.product_name	ชื่อสินค้า	Product Name	产品名称	製品名	ឈ្មោះផលិតផល	제품명	ຊື່ສິນຄ້າ	ထုတ်ကုန်အမည်	Tên sản phẩm	Product Name	Product Name	Product Name
import_product_detail.search	ค้นหา	Search	搜索	検索	ស្វែងរក	검색	ຄົ້ນຫາ	ရှာဖွေရန်	Tìm kiếm	Search	Search	Search
import_product_detail.search_hint	ค้นหาจาก Barcode, รหัสสินค้า, ชื่อสินค้า...	Search by Barcode, Product Code, Product Name...	通过条码、产品代码、产品名称搜索...	バーコード、製品コード、製品名で検索...	ស្វែងរកតាម Barcode, លេខកូដផលិតផល, ឈ្មោះផលិតផល...	바코드, 제품 코드, 제품명으로 검색...	ຄົ້ນຫາຈາກ Barcode, ລະຫັດສິນຄ້າ, ຊື່ສິນຄ້າ...	Barcode၊ ထုတ်ကုန်ကုဒ်၊ ထုတ်ကုန်အမည်ဖြင့် ရှာဖွေရန်...	Tìm kiếm theo Barcode, Mã sản phẩm, Tên sản phẩm...	Search by Barcode, Product Code, Product Name...	Search by Barcode, Product Code, Product Name...	Search by Barcode, Product Code, Product Name...
import_product_detail.showing	แสดง	Showing	显示	表示	កំពុងបង្ហាញ	표시	ສະແດງ	ပြသခြင်း	Hiển thị	Showing	Showing	Showing
import_product_detail.total	ทั้งหมด	Total	全部	合計	សរុប	전체	ທັງໝົດ	စုစုပေါင်း	Tổng cộng	Total	Total	Total
import_product_detail.unchanged	เหมือนกัน	Unchanged	相同	変更なし	ដូចគ្នា	동일	ເໝືອນກັນ	တူညီသည်	Giống nhau	Unchanged	Unchanged	Unchanged
import_product_detail.unit	หน่วยนับ	Unit	单位	単位	ឯកតា	단위	ຫົວໜ່ວຍນັບ	ယူနစ်	Đơn vị	Unit	Unit	Unit
import_product_file_back_to_main	กลับหน้าหลัก	Back to Main	返回主页	メインに戻る	ត្រឡប់ទៅទំព័រដើម	메인으로 돌아가기	ກັບໄປໜ້າຫຼັກ	ပင်မစာမျက်နှာသို့ပြန်သွားပါ	Quay lại trang chính	Back to Main	Back to Main	Back to Main
import_product_file_cancel	ยกเลิก	Cancel	取消	キャンセル	បោះបង់	취소	ຍົກເລີກ	ပယ်ဖျက်	Hủy	Cancel	Cancel	Cancel
import_product_file_close	ปิด	Close	关闭	閉じる	បិទ	닫기	ປິດ	ပိတ်	Đóng	Close	Close	Close
import_product_file_confirm	ยืนยัน	Confirm	确认	確認	បញ្ជាក់	확인	ຢືນຢັນ	အတည်ပြု	Xác nhận	Confirm	Confirm	Confirm
import_product_file_confirm_import	ยืนยันการนำเข้าข้อมูล	Confirm Import	确认导入	インポートを確認	បញ្ជាក់ការនាំចូល	가져오기 확인	ຢືນຢັນການນຳເຂົ້າຂໍ້ມູນ	တင်သွင်းမှုအတည်ပြုပါ	Xác nhận nhập	Confirm Import	Confirm Import	Confirm Import
import_product_file_duplicate_barcode_detail	รายละเอียด Barcode ซ้ำ:	Duplicate Barcode Details:	重复条形码详情：	重複バーコード詳細：	ព័ត៌មានលម្អិតបារកូដស្ទួន:	중복 바코드 세부 정보:	ລາຍລະອຽດ Barcode ຊ້ຳກັນ:	ထပ်နေသော Barcode အသေးစိတ်:	Chi tiết mã vạch trùng lặp:	Duplicate Barcode Details:	Duplicate Barcode Details:	Duplicate Barcode Details:
import_product_file_duplicate_barcode_found	พบ Barcode ซ้ำ	Duplicate Barcode Found	发现重复条形码	重複バーコードが見つかりました	រកឃើញបារកូដស្ទួន	중복 바코드 발견	ພົບ Barcode ຊ້ຳກັນ	ထပ်နေသော Barcode တွေ့ရှိပါသည်	Tìm thấy mã vạch trùng lặp	Duplicate Barcode Found	Duplicate Barcode Found	Duplicate Barcode Found
import_product_file_duplicate_count	ซ้ำ	Duplicate	重复	重複	ស្ទួន	중복	ຊ້ຳ	ထပ်	Trùng lặp	Duplicate	Duplicate	Duplicate
import_product_file_error	ข้อผิดพลาด	Error	错误	エラー	កំហុស	오류	ຂໍ້ຜິດພາດ	အမှား	Lỗi	Error	Error	Error
import_product_file_error_found	พบข้อผิดพลาด	Error Found	发现错误	エラーが見つかりました	រកឃើញកំហុស	오류 발견	ພົບຂໍ້ຜິດພາດ	အမှားတွေ့ရှိပါသည်	Phát hiện lỗi	Error Found	Error Found	Error Found
import_product_file_excel_only	รูปแบบไฟล์ Excel (.xlsx) เท่านั้น	Excel (.xlsx) files only	仅限Excel（.xlsx）文件	Excel（.xlsx）ファイルのみ	ឯកសារ Excel (.xlsx) តែប៉ុណ្ណោះ	Excel(.xlsx) 파일만	ໄຟລ໌ Excel (.xlsx) ເທົ່ານັ້ນ	Excel (.xlsx) ဖိုင်များသာ	Chỉ tệp Excel (.xlsx)	Excel (.xlsx) files only	Excel (.xlsx) files only	Excel (.xlsx) files only
import_product_file_excel_rows	แถวใน Excel	Rows in Excel	Excel中的行	Excelの行	ជួរក្នុង Excel	Excel의 행	ແຖວໃນ Excel	Excel ရှိ အတန်းများ	Hàng trong Excel	Rows in Excel	Rows in Excel	Rows in Excel
import_product_file_file	ไฟล์	File	文件	ファイル	ឯកសារ	파일	ໄຟລ໌	ဖိုင်	Tệp	File	File	File
import_product_file_fix_duplicates_msg	กรุณาแก้ไขไฟล์ Excel ให้ barcode ไม่ซ้ำกันก่อนนำเข้าอีกครั้ง	Please fix the Excel file to ensure barcodes are unique before importing again	请修复Excel文件以确保条形码唯一后再次导入	再度インポートする前に、Excelファイルを修正してバーコードが一意であることを確認してください	សូមជួសជុលឯកសារ Excel ឱ្យបារកូដមិនស្ទួនមុនពេលនាំចូលម្តងទៀត	다시 가져오기 전에 Excel 파일을 수정하여 바코드가 고유한지 확인하십시오	ກະລຸນາແກ້ໄຂໄຟລ໌ Excel ໃຫ້ barcode ບໍ່ຊ້ຳກັນກ່ອນນຳເຂົ້າອີກຄັ້ງ	ထပ်မံတင်သွင်းမီ barcode များထူးခြားစေရန် Excel ဖိုင်ကိုပြင်ဆင်ပါ	Vui lòng sửa tệp Excel để đảm bảo mã vạch là duy nhất trước khi nhập lại	Please fix the Excel file to ensure barcodes are unique before importing again	Please fix the Excel file to ensure barcodes are unique before importing again	Please fix the Excel file to ensure barcodes are unique before importing again
import_product_file_import_detail	รายละเอียดการนำเข้า	Import Details	导入详情	インポート詳細	ព័ត៌មានលម្អិតការនាំចូល	가져오기 세부 정보	ລາຍລະອຽດການນຳເຂົ້າ	တင်သွင်းမှုအသေးစိတ်	Chi tiết nhập	Import Details	Import Details	Import Details
import_product_file_import_product_barcode	นำเข้าสินค้า/Barcode	Import Product/Barcode	导入产品/条形码	製品/バーコードをインポート	នាំចូលផលិតផល/បារកូដ	제품/바코드 가져오기	ນຳເຂົ້າສິນຄ້າ/Barcode	ထုတ်ကုန်/ဘားကုဒ်တင်သွင်းပါ	Nhập sản phẩm/Mã vạch	Import Product/Barcode	Import Product/Barcode	Import Product/Barcode
import_product_file_import_result	ผลการนำเข้าข้อมูล	Import Results	导入结果	インポート結果	លទ្ធផលការនាំចូល	가져오기 결과	ຜົນການນຳເຂົ້າຂໍ້ມູນ	တင်သွင်းမှုရလဒ်များ	Kết quả nhập	Import Results	Import Results	Import Results
import_product_file_importing	กำลังนำเข้าข้อมูล...	Importing data...	正在导入数据...	データをインポート中...	កំពុងនាំចូលទិន្នន័យ...	데이터 가져오는 중...	ກຳລັງນຳເຂົ້າຂໍ້ມູນ...	ဒေတာတင်သွင်းနေသည်...	Đang nhập dữ liệu...	Importing data...	Importing data...	Importing data...
import_product_file_latest_file	ไฟล์ล่าสุด	Latest File	最新文件	最新ファイル	ឯកសារចុងក្រោយ	최신 파일	ໄຟລ໌ລ່າສຸດ	နောက်ဆုံးဖိုင်	Tệp mới nhất	Latest File	Latest File	Latest File
import_product_file_max_size	ขนาดไฟล์สูงสุด: 500 MB	Maximum file size: 500 MB	最大文件大小：500 MB	最大ファイルサイズ：500 MB	ទំហំឯកសារអតិបរមា: 500 MB	최대 파일 크기: 500 MB	ຂະໜາດໄຟລ໌ສູງສຸດ: 500 MB	အများဆုံးဖိုင်အရွယ်အစား: 500 MB	Kích thước tệp tối đa: 500 MB	Maximum file size: 500 MB	Maximum file size: 500 MB	Maximum file size: 500 MB
import_product_file_new_products	สินค้าใหม่	New Products	新产品	新製品	ផលិតផលថ្មី	새 제품	ສິນຄ້າໃໝ່	ထုတ်ကုန်အသစ်များ	Sản phẩm mới	New Products	New Products	New Products
import_product_file_products_in_system	สินค้าในระบบ	Products in System	系统中的产品	システム内の製品	ផលិតផលក្នុងប្រព័ន្ធ	시스템의 제품	ສິນຄ້າໃນລະບົບ	စနစ်ထဲရှိထုတ်ကုန်များ	Sản phẩm trong hệ thống	Products in System	Products in System	Products in System
import_product_file_row_found	แถวที่พบ	Row Found	找到行	見つかった行	ជួរដែលរកឃើញ	찾은 행	ແຖວທີ່ພົບ	တွေ့ရှိသောအတန်း	Hàng tìm thấy	Row Found	Row Found	Row Found
import_product_file_select_file	เลือกไฟล์	Select File	选择文件	ファイルを選択	ជ្រើសរើសឯកសារ	파일 선택	ເລືອກໄຟລ໌	ဖိုင်ရွေးချယ်ပါ	Chọn tệp	Select File	Select File	Select File
import_product_file_size	ขนาด	Size	大小	サイズ	ទំហំ	크기	ຂະໜາດ	အရွယ်အစား	Kích thước	Size	Size	Size
import_product_file_success	สำเร็จ	Success	成功	成功	ជោគជ័យ	성공	ສຳເລັດ	အောင်မြင်	Thành công	Success	Success	Success
import_product_file_time_used	เวลาที่ใช้	Time Used	使用时间	使用時間	ពេលវេលាប្រើប្រាស់	사용 시간	ເວລາທີ່ໃຊ້	အသုံးပြုချိန်	Thời gian sử dụng	Time Used	Time Used	Time Used
import_product_file_title	นำเข้าข้อมูลสินค้าจากไฟล์	Import Products from File	从文件导入产品	ファイルから製品をインポート	នាំចូលផលិតផលពីឯកសារ	파일에서 제품 가져오기	ນຳເຂົ້າຂໍ້ມູນສິນຄ້າຈາກໄຟລ໌	ဖိုင်မှထုတ်ကုန်များတင်သွင်းပါ	Nhập sản phẩm từ tệp	Import Products from File	Import Products from File	Import Products from File
import_product_file_unchanged	ไม่เปลี่ยนแปลง	Unchanged	未更改	変更なし	មិនមានការផ្លាស់ប្តូរ	변경 없음	ບໍ່ມີການປ່ຽນແປງ	ပြောင်းလဲမှုမရှိ	Không thay đổi	Unchanged	Unchanged	Unchanged
import_product_file_updated	อัปเดต	Updated	已更新	更新済み	បានធ្វើបច្ចុប្បន្នភាព	업데이트됨	ອັບເດດ	အပ်ဒိတ်လုပ်ပြီး	Đã cập nhật	Updated	Updated	Updated
import_product_file_upload_complete	อัปโหลดเรียบร้อยแล้ว	Upload complete	上传完成	アップロード完了	ការបញ្ជូនរួចរាល់	업로드 완료	ອັບໂຫຼດສຳເລັດແລ້ວ	အပ်လုဒ်ပြီးပါပြီ	Tải lên hoàn tất	Upload complete	Upload complete	Upload complete
import_product_file_upload_success	อัปโหลดสำเร็จ!	Upload successful!	上传成功！	アップロード成功！	ការបញ្ជូនជោគជ័យ!	업로드 성공!	อັບໂຫຼດສຳເລັດ!	အပ်လုဒ်အောင်မြင်ပါသည်!	Tải lên thành công!	Upload successful!	Upload successful!	Upload successful!
import_product_file_uploading	กำลังอัปโหลด...	Uploading...	正在上传...	アップロード中...	កំពុងបញ្ជូន...	업로드 중...	ກຳລັງອັບໂຫຼດ...	အပ်လုဒ်လုပ်နေသည်...	Đang tải lên...	Uploading...	Uploading...	Uploading...
import_product_file_view_all_details	ดูรายละเอียดทั้งหมด	View All Details	查看所有详情	すべての詳細を表示	មើលព័ត៌មានលម្អិតទាំងអស់	모든 세부 정보 보기	ເບິ່ງລາຍລະອຽດທັງໝົດ	အသေးစိတ်အားလုံးကြည့်ပါ	Xem tất cả chi tiết	View All Details	View All Details	View All Details
import_product_file_view_duplicate_list	ดูรายการ Barcode ซ้ำ	View Duplicate Barcode List	查看重复条形码列表	重複バーコードリストを表示	មើលបញ្ជីបារកូដស្ទួន	중복 바코드 목록 보기	ເບິ່ງລາຍການ Barcode ຊ້ຳກັນ	ထပ်နေသော Barcode စာရင်းကြည့်ပါ	Xem danh sách mã vạch trùng lặp	View Duplicate Barcode List	View Duplicate Barcode List	View Duplicate Barcode List
import_product_from_excel	นำเข้าสินค้าจากไฟล์ Excel ขนาดไม่เกิน 2MB	Import products from Excel file (max 2MB)	从Excel文件导入产品（最大2MB）	Excelファイルから商品をインポート（最大2MB）	នាំចូលផលិតផលពីឯកសារ Excel (អតិបរមា 2MB)	Excel 파일에서 제품 가져오기 (최대 2MB)	ນໍາເຂົ້າສິນຄ້າຈາກໄຟລ່ Excel (ບໍ່ເກີນ 2MB)	Excel ဖိုင်မှ ကုန်ပစ္စည်းများ တင်သွင်းပါ (အများဆုံး 2MB)	Nhập sản phẩm từ tệp Excel (tối đa 2MB)	Import products from Excel file (max 2MB)	Import products from Excel file (max 2MB)	Import products from Excel file (max 2MB)
import_product_from_excel_file_size_2mb	ไฟล์นำเข้าสินค้า .xlsx ขนาดไม่เกิน 2.0 MB	Product import file .xlsx max size 2.0 MB	产品导入文件 .xlsx 最大 2.0 MB	製品インポートファイル .xlsx 最大 2.0 MB	ឯកសារនាំចូលផលិតផល .xlsx ទំហំអតិបរមា 2.0 MB	제품 가져오기 파일 .xlsx 최대 2.0 MB	ໄຟລ໌ນຳເຂົ້າສິນຄ້າ .xlsx ຂະໜາດບໍ່ເກີນ 2.0 MB	ကုန်ပစ္စည်းတင်သွင်းသည့်ဖိုင် .xlsx အများဆုံး 2.0 MB	Tệp nhập sản phẩm .xlsx tối đa 2.0 MB	Product import file .xlsx max size 2.0 MB	Product import file .xlsx max size 2.0 MB	Product import file .xlsx max size 2.0 MB
import_product_image	นำเข้ารูปภาพสินค้า	Import Product Image	导入产品图片	製品画像をインポート	នាំចូលរូបភាពផលិតផល	제품 이미지 가져오기	ນຳເຂົ້າຮູບພາບສິນຄ້າ	ကုန်ပစ္စည်းပုံတင်သွင်းပါ	Nhập hình ảnh sản phẩm	Import Product Image	Import Product Image	Import Product Image
import_product_image_file_only_jpg_png	นำเข้าได้เฉพาะไฟล์ .jpg .png	Import only .jpg .png files	仅支持导入 .jpg .png 文件	.jpg .png ファイルのみインポート可能	នាំចូលបានតែឯកសារ .jpg .png ប៉ុណ្ណោះ	.jpg .png 파일만 가져올 수 있습니다	ນຳເຂົ້າໄດ້ສະເພາະໄຟລ໌ .jpg .png	.jpg .png ဖိုင်များကိုသာ တင်သွင်းနိုင်သည်	Chỉ nhập được tệp .jpg .png	Import only .jpg .png files	Import only .jpg .png files	Import only .jpg .png files
import_select_template	เลือก Template ที่ต้องการดาวน์โหลด	Select Template to Download	Select Template to Download	Select Template to Download	Select Template to Download	Select Template to Download	Select Template to Download	Select Template to Download	Select Template to Download	Select Template to Download	Select Template to Download	Select Template to Download
import_select_type	เลือกประเภทข้อมูลที่ต้องการนำเข้า	Select Data Type to Import	Select Data Type to Import	Select Data Type to Import	Select Data Type to Import	Select Data Type to Import	Select Data Type to Import	Select Data Type to Import	Select Data Type to Import	Select Data Type to Import	Select Data Type to Import	Select Data Type to Import
import_shelf_from_excel	นำเข้าชั้นวางจาก Excel	Import Shelf from Excel	从Excel导入货架	Excelから棚をインポート	នាំចូលធ្នើពី Excel	Excel에서 선반 가져오기	ນຳເຂົ້າຊັ້ນວາງຈາກ Excel	Excel မှ စင် တင်သွင်းပါ	Nhập kệ từ Excel	Import Shelf from Excel	Import Shelf from Excel	Import Shelf from Excel
import_status	สถานะการนำเข้า	Import status	导入状态	インポート状態	ស្ថានភាពនាំចូល	가져오기 상태	ສະຖານະການນໍາເຂົ້າ	တင်သွင်းမှုအခြေအနေ	Trạng thái nhập	Import status	Import status	Import status
import_stock_balance_from_excel_file_size_2mb	ไฟล์นำเข้าสินค้ายกมา .xlsx ขนาดไม่เกิน 2.0 MB	Beginning inventory import file .xlsx max size 2.0 MB	期初库存导入文件 .xlsx 最大 2.0 MB	期首在庫インポートファイル .xlsx 最大 2.0 MB	ឯកសារនាំចូលសារពើភ័ណ្ឌដើមគ្រា .xlsx ទំហំអតិបរមា 2.0 MB	기초 재고 가져오기 파일 .xlsx 최대 2.0 MB	ໄຟລ໌ນຳເຂົ້າສິນຄ້າຍົກມາ .xlsx ຂະໜາດບໍ່ເກີນ 2.0 MB	စာရင်းဖွင့်ကုန်ပစ္စည်းတင်သွင်းသည့်ဖိုင် .xlsx အများဆုံး 2.0 MB	Tệp nhập tồn kho đầu kỳ .xlsx tối đa 2.0 MB	Beginning inventory import file .xlsx max size 2.0 MB	Beginning inventory import file .xlsx max size 2.0 MB	Beginning inventory import file .xlsx max size 2.0 MB
import_success	Import สำเร็จ	Import Successful	导入成功	インポート成功	នាំចូលជោគជ័យ	가져오기 성공	Import ສໍາເລັດ	Import အောင်မြင်သည်	Nhập thành công	Import Successful	Import Successful	Import Successful
import_success_with_existing_units	นำเข้าสำเร็จ - หน่วยนับที่มีอยู่แล้ว	Import successful - existing units	导入成功 - 现有单位	インポート成功 - 既存の単位	នាំចូលជោគជ័យ - ឯកតាដែលមានរួចហើយ	가져오기 성공 - 기존 단위	ນຳເຂົ້າສຳເລັດ - ຫົວໜ່ວຍທີ່ມີຢູ່ແລ້ວ	တင်သွင်းမှုအောင်မြင်သည် - ရှိပြီးသားယူနစ်များ	Nhập thành công - đơn vị hiện có	Import successful - existing units	Import successful - existing units	Import successful - existing units
importing	กำลังนำเข้า	Importing	正在导入	インポート中	កំពុងនាំចូល	가져오는 중	ກຳລັງນຳເຂົ້າ	ထည့်သွင်းနေသည်	Đang nhập	Importing	Importing	Importing
importing_data	กำลังนำเข้าข้อมูล	Importing Data	正在导入数据	データをインポート中	កំពុងនាំចូលទិន្នន័យ	데이터 가져오는 중	ກຳລັງນຳເຂົ້າຂໍ້ມູນ	ဒေတာတင်သွင်းနေသည်	Đang nhập dữ liệu	Importing Data	Importing Data	Importing Data
in	เข้า	In	入	入	ចូល	입	ເຂົ້າ	ဝင်	Vào	In	In	In
in_new_tab	ในแท็บใหม่	in new tab	在新标签页中	新しいタブで	នៅក្នុងផ្ទាំងថ្មី	새 탭에서	ໃນແທັບໃໝ່	တဘ်အသစ်တွင်	trong tab mới	in new tab	in new tab	in new tab
in_use	ใช้งานอยู่	In Use	使用中	使用中	កំពុងប្រើប្រាស់	사용 중	ກຳລັງໃຊ້ງານ	အသုံးပြုနေသည်	Đang sử dụng	In Use	In Use	In Use
inactive	ปิดใช้งาน	Inactive	未激活	非アクティブ	អសកម្ម	비활성	ປິດໃຊ້ງານ	မလှုပ်ရှား	Không hoạt động	Inactive	Inactive	Inactive
include_product	สินค้าที่แถม	Free Product	赠品	無料製品	ផលិតផលថែម	무료 상품	ສິນຄ້າແຖມ	လက်ဆောင်ပစ္စည်း	Sản phẩm tặng kèm	Free Product	Free Product	Free Product
income_type	ประเภทเงินได้	Income Type	收入类型	所得タイプ	ប្រភេទចំណូល	소득 유형	ປະເພດລາຍໄດ້	ဝင်ငွေအမျိုးအစား	Loại thu nhập	Income Type	Income Type	Income Type
incoming	เข้ามา	Incoming	传入	受信	ចូលមក	수신	ເຂົ້າມາ	ဝင်လာ	Đến	Incoming	Incoming	Incoming
increase	ปรับปรุงสต๊อกเพิ่ม	Increase Stock	增加库存	在庫を増やす	បង្កើនស្តុក	재고 증가	ເພີ່ມສະຕັອກ	စတော့ရှယ်ယာတိုးမြှင့်	Tăng tồn kho	Increase Stock	Increase Stock	Increase Stock
increase_font_size	เพิ่มขนาดตัวอักษร	Increase font size	增大字体大小	フォントサイズを拡大	បង្កើនទំហំអក្សរ	글꼴 크기 늘리기	ເພີ່ມຂະໜາດຕົວອັກສອນ	စာလုံးအရွယ်အစားကြီးရန်	Tăng cỡ chữ	Increase font size	Increase font size	Increase font size
index	ลำดับ	Index	序号	インデックス	លេខរៀង	색인	ລຳດັບ	အညွှန်း	Chỉ mục	Index	Index	Index
info	รายละเอียด	Details	详情	詳細	ព័ត៌មានលម្អិត	상세	ລາຍລະອຽດ	အသေးစိတ်	Chi tiết	Details	Details	Details
inquiry_all	ทั้งหมด	All	全部	すべて	ទាំងអស់	전체	ທັງໝົດ	အားလုံး	Tất cả	All	All	All
inquiry_cash	เงินสด	Cash	现金	現金	សាច់ប្រាក់	현금	ເງິນສົດ	ငွေသား	Tiền mặt	Cash	Cash	Cash
inquiry_credit	เงินเชื่อ	Credit	赊账	クレジット	ឥណទាន	외상	ເງິນເຊື່ອ	အကြွေး	Tín dụng	Credit	Credit	Credit
inquiry_type	ประเภทรายการ	Transaction Type	交易类型	取引タイプ	ប្រភេទប្រតិបត្តិការ	거래 유형	ປະເພດລາຍການ	ငွေပေးချေမှုအမျိုးအစား	Loại giao dịch	Transaction Type	Transaction Type	Transaction Type
inquirytype_purchase	ประเภทรายการซื้อ	Purchase Type	采购类型	購入タイプ	ប្រភេទការទិញ	구매 유형	ປະເພດລາຍການຊື້	ဝယ်ယူမှုအမျိုးအစား	Loại mua hàng	Purchase Type	Purchase Type	Purchase Type
inquirytype_sale	ประเภทรายการขาย	Sale Type	销售类型	販売タイプ	ប្រភេទការលក់	판매 유형	ປະເພດລາຍການຂາຍ	အရောင်းအမျိုးအစား	Loại bán hàng	Sale Type	Sale Type	Sale Type
invalid_data	ข้อมูลไม่ถูกต้อง	Invalid data	Invalid data	Invalid data	Invalid data	Invalid data	Invalid data	Invalid data	Invalid data	Invalid data	Invalid data	Invalid data
invalid_date	วันที่ไม่ถูกต้อง	Invalid Date	无效日期	無効な日付	កាលបរិច្ឆេទមិនត្រឹមត្រូវ	잘못된 날짜	ວັນທີບໍ່ຖືກຕ້ອງ	ရက်စွဲမမှန်ကန်ပါ	Ngày không hợp lệ	Invalid Date	Invalid Date	Invalid Date
invalid_file_format	รูปแบบไฟล์ไม่ถูกต้อง	Invalid file format	文件格式无效	無効なファイル形式	ទម្រង់ឯកសារមិនត្រឹមត្រូវ	잘못된 파일 형식	ຮູບແບບໄຟລ່ບໍ່ຖືກຕ້ອງ	ဖိုင်ပုံစံမမှန်ကန်ပါ	Định dạng tệp không hợp lệ	Invalid file format	Invalid file format	Invalid file format
invalid_format	รูปแบบไม่ถูกต้อง	Invalid Format	格式无效	無効な形式	ទម្រង់មិនត្រឹមត្រូវ	잘못된 형식	ຮູບແບບບໍ່ຖືກຕ້ອງ	မှားယွင်းသော ဖော်မတ်	Định dạng không hợp lệ	Invalid Format	Invalid Format	Invalid Format
inventory	คลัง	Inventory	库存	在庫	សារពើភ័ណ្ឌ	재고	ຄັງສິນຄ້າ	ကုန်ပစ္စည်းစာရင်း	Kho hàng	Inventory	Inventory	Inventory
inventory_costing_config	ตั้งค่าต้นทุนสินค้า	Inventory Costing Config	库存成本配置	在庫原価設定	ការកំណត់ថ្លៃដើមស្តុក	재고 원가 설정	ຕັ້ງຄ່າຕົ້ນທຶນສິນຄ້າ	ကုန်ပစ္စည်းကုန်ကျစရိတ်ဖွဲ့စည်းမှု	Cấu hình chi phí tồn kho	Inventory Costing Config	Inventory Costing Config	Inventory Costing Config
inventory_report	รายงานสินค้าคงเหลือ	Inventory Report	库存报告	在庫レポート	របាយការណ៍ស្តុកសល់	재고 보고서	ລາຍງານສິນຄ້າຄົງເຫຼືອ	လက်ကျန်ပစ္စည်းအစီရင်ခံစာ	Báo cáo tồn kho	Inventory Report	Inventory Report	Inventory Report
inventory_turnover	อัตราหมุนเวียนสินค้า	Inventory Turnover	Inventory Turnover	Inventory Turnover	Inventory Turnover	Inventory Turnover	Inventory Turnover	Inventory Turnover	Inventory Turnover	Inventory Turnover	Inventory Turnover	Inventory Turnover
inventory_value	มูลค่าสินค้าคงเหลือ	Inventory Value	Inventory Value	Inventory Value	Inventory Value	Inventory Value	Inventory Value	Inventory Value	Inventory Value	Inventory Value	Inventory Value	Inventory Value
is	เป็น	Is	是	である	គឺជា	이다	ເປັນ	ဖြစ်သည်	Là	Is	Is	Is
is_discount_point_of_purchase	ลดราคา ณ จุดขาย	Discount at Point of Sale	销售点折扣	販売時点割引	ការបញ្ចុះតម្លៃនៅកន្លែងលក់	판매 시점 할인	ສ່ວນຫຼຸດທີ່ຈຸດຂາຍ	အရောင်းပွိုင့်တွင် လျှော့စျေး	Giảm giá tại điểm bán hàng	Discount at Point of Sale	Discount at Point of Sale	Discount at Point of Sale
is_for_customer	ลูกค้าสามารถสั่งได้	Customer can order	客户可订购	顧客注文可能	អតិថិជនអាចកុម្ម៉ង់បាន	고객 주문 가능	ລູກຄ້າສາມາດສັ່ງໄດ້	ဖောက်သည်မှာယူနိုင်သည်	Khách hàng có thể đặt hàng	Customer can order	Customer can order	Customer can order
is_for_customer_preorder	ระบบสั่งอาหารล่วงหน้า	Pre-order System	预订系统	事前注文システム	ប្រព័ន្ធកុម្ម៉ង់ទុកមុន	사전 주문 시스템	ລະບົບສັ່ງອາຫານລ່ວງໜ້າ	ကြိုတင်မှာယူမှုစနစ်	Hệ thống đặt hàng trước	Pre-order System	Pre-order System	Pre-order System
is_for_delivery	เดลิเวอรี่	Delivery	外卖	デリバリー	ដឹកជញ្ជូន	배달	ເດລິເວີຣີ	အိမ်အရောက်ပို့	Giao hàng	Delivery	Delivery	Delivery
is_for_restaurant	ทานที่ร้าน	Dine In	堂食	店内	ញ៉ាំនៅហាង	매장식사	ກິນທີ່ຮ້ານ	စားသောက်ဆိုင်မှာစား	Ăn tại quán	Dine In	Dine In	Dine In
is_for_takeaway	กลับบ้าน	Takeaway	外带	持ち帰り	ខ្ចប់	포장	ກັບບ້ານ	ပါဆယ်	Mang về	Takeaway	Takeaway	Takeaway
is_manual_amount	บันทึกยอดเงินเอง	Manual Amount Entry	手动输入金额	手動金額入力	បញ្ចូលចំនួនទឹកប្រាក់ដោយដៃ	수동 금액 입력	ບັນທຶກຍອດເງິນເອງ	ကိုယ်တိုင်ပမာဏထည့်သွင်းခြင်း	Nhập số tiền thủ công	Manual Amount Entry	Manual Amount Entry	Manual Amount Entry
is_member	เป็นสมาชิก	Member	会员	会員	សមាជិក	회원	ສະມາຊິກ	အဖွဲ့ဝင်	Thành viên	Member	Member	Member
is_one_time_use	ใช้ได้ครั้งเดียว	One-time use	一次性使用	一回限り使用可能	ប្រើបានតែម្តង	일회용	ໃຊ້ໄດ້ເທື່ອດຽວ	တစ်ကြိမ်သုံး	Sử dụng một lần	One-time use	One-time use	One-time use
is_only_employee	แสดงเฉพาะพนักงาน	Show only to employees	仅向员工显示	従業員のみ表示	បង្ហាញតែចំពោះបុគ្គលិក	직원에게만 표시	ສະແດງສະເພາະພະນັກງານ	ဝန်ထမ်းများကိုသာ ပြသပါ	Chỉ hiển thị cho nhân viên	Show only to employees	Show only to employees	Show only to employees
is_preorder	แจ้งเตือนระบบ Preorder	Preorder System Notification	预订系统通知	予約システム通知	ជូនដំណឹងប្រព័ន្ធ Preorder	사전주문 시스템 알림	ແຈ້ງເຕືອນລະບົບ Preorder	Preorder စနစ်အသိပေး	Thông báo hệ thống đặt trước	Preorder System Notification	Preorder System Notification	Preorder System Notification
is_split_unit_print	พิมพ์ใบจัดอาหารแบบแยก	Print Split Kitchen Order	打印分单厨房订单	分割キッチンオーダーを印刷	បោះពុម្ពការកុម្ម៉ង់ផ្ទះបាយដាច់ដោយឡែក	분할 주방 주문 인쇄	ພິມໃບຈັດອາຫານແບບແຍກ	မီးဖိုချောင်အမိန့်ခွဲထုတ်ပါ	In đơn hàng nhà bếp tách biệt	Print Split Kitchen Order	Print Split Kitchen Order	Print Split Kitchen Order
is_stock_for_restaurant	สต็อคสำหรับร้านอาหาร	Stock for Restaurant	餐厅库存	レストラン用在庫	ស្តុកសម្រាប់ភោជនីយដ្ឋាន	식당 재고	ສະຕັອກສຳລັບຮ້ານອາຫານ	စားသောက်ဆိုင်အတွက် စတော့	Kho cho nhà hàng	Stock for Restaurant	Stock for Restaurant	Stock for Restaurant
is_use_alert	แสดงคำเตือน	Show Warning	显示警告	警告を表示	បង្ហាញការព្រមាន	경고 표시	ສະແດງຄຳເຕືອນ	သတိပေးချက်ပြပါ	Hiển thị cảnh báo	Show Warning	Show Warning	Show Warning
is_use_delivery	ช่องทางการขาย	Sales Channel	销售渠道	販売チャネル	ឆានែលលក់	판매 채널	ຊ່ອງທາງການຂາຍ	အရောင်းလမ်းကြောင်း	Kênh bán hàng	Sales Channel	Sales Channel	Sales Channel
is_use_transport	ช่องทางการจัดส่ง	Shipping Channel	配送渠道	配送チャネル	ឆានែលដឹកជញ្ជូន	배송 채널	ຊ່ອງທາງການຈັດສົ່ງ	ပို့ဆောင်ရေးလမ်းကြောင်း	Kênh vận chuyển	Shipping Channel	Shipping Channel	Shipping Channel
isdividend	เงินปันผล	Dividend	股息	配当	ភាគលាភ	배당금	ເງິນປັນຜົນ	အမြတ်ဝေစု	Cổ tức	Dividend	Dividend	Dividend
isentryselfaccount	ลงรายตัว	List Individually	逐项	個別	រាយបញ្ជីម្នាក់ៗ	개별	ລົງລາຍຕົວ	တစ်ခုချင်းစာရင်း	Liệt kê riêng	List Individually	List Individually	List Individually
issued_date	วันที่ออก	Issued Date	发行日期	発行日	កាលបរិច្ឆេទចេញ	발행일	ວັນທີອອກ	ထုတ်ပေးသည့်ရက်စွဲ	Ngày phát hành	Issued Date	Issued Date	Issued Date
issumpoint	คะแนนสะสม	Accumulated Points	累积积分	累積ポイント	ពិន្ទុសន្សំ	누적 포인트	ຄະແນນສະສົມ	စုဆောင်းထားသောအမှတ်များ	Điểm tích lũy	Accumulated Points	Accumulated Points	Accumulated Points
isusecreadit	ขายเงินเชื่อได้	Can sell on credit	可赊销	掛け売り可能	អាចលក់ជំពាក់បាន	외상 판매 가능	ຂາຍເງິນເຊື່ອໄດ້	အကြွေးရောင်းနိုင်သည်	Có thể bán chịu	Can sell on credit	Can sell on credit	Can sell on credit
item_at	รายการที่	Item	项目	項目	ធាតុទី	항목	ລາຍການທີ່	အရာ	Mục	Item	Item	Item
item_code	รหัสสินค้า	Product Code	产品代码	商品コード	លេខកូដផលិតផល	상품 코드	ລະຫັດສິນຄ້າ	ကုန်ပစ္စည်းကုဒ်	Mã sản phẩm	Product Code	Product Code	Product Code
item_code_colon	รหัสสินค้า:	Item Code:	物料代码：	商品コード：	លេខកូដផលិតផល៖	상품 코드:	ລະຫັດສິນຄ້າ:	ပစ္စည်းကုဒ်:	Mã sản phẩm:	Item Code:	Item Code:	Item Code:
item_code_not_found	ไม่พบรหัสสินค้า	Item Code Not Found	未找到物料代码	商品コードが見つかりません	រកមិនឃើញលេខកូដផលិតផល	상품 코드를 찾을 수 없음	ບໍ່ພົບລະຫັດສິນຄ້າ	ပစ္စည်းကုဒ်ကို ရှာမတွေ့ပါ	Không tìm thấy mã sản phẩm	Item Code Not Found	Item Code Not Found	Item Code Not Found
item_count	จำนวนรายการ	Item Count	项目数量	項目数	ចំនួនធាតុ	항목 수	ຈໍານວນລາຍການ	ပစ္စည်းအရေအတွက်	Số lượng mục	Item Count	Item Count	Item Count
item_details	รายละเอียดสินค้า	Item Details	Item Details	Item Details	Item Details	Item Details	Item Details	Item Details	Item Details	Item Details	Item Details	Item Details
item_display_all		Item display all	Item display all	Item display all	Item display all	Item display all	Item display all	Item display all	Item display all	Item display all	Item display all	Item display all
item_display_barcode		Item display barcode	Item display barcode	Item display barcode	Item display barcode	Item display barcode	Item display barcode	Item display barcode	Item display barcode	Item display barcode	Item display barcode	Item display barcode
item_display_price		Item display price	Item display price	Item display price	Item display price	Item display price	Item display price	Item display price	Item display price	Item display price	Item display price	Item display price
item_display_sku		Item display sku	Item display sku	Item display sku	Item display sku	Item display sku	Item display sku	Item display sku	Item display sku	Item display sku	Item display sku	Item display sku
item_name	ชื่อสินค้า	Product Name	产品名称	商品名	ឈ្មោះផលិតផល	상품명	ຊື່ສິນຄ້າ	ကုန်ပစ္စည်းအမည်	Tên sản phẩm	Product Name	Product Name	Product Name
item_no_multiple_units_or_not_found	ไม่มีหลายหน่วยนับ หรือไม่พบข้อมูล	No Multiple Units or Data Not Found	没有多个单位或未找到数据	複数単位なし、またはデータが見つかりません	គ្មានច្រើនឯកតាឬរកមិនឃើញទិន្នន័យ	여러 단위 없음 또는 데이터를 찾을 수 없음	ບໍ່ມີຫຼາຍຫົວໜ່ວຍນັບ ຫຼືບໍ່ພົບຂໍ້ມູນ	ယူနစ်အများအပြားမရှိပါ သို့မဟုတ် ဒေတာမတွေ့ပါ	Không có nhiều đơn vị hoặc không tìm thấy dữ liệu	No Multiple Units or Data Not Found	No Multiple Units or Data Not Found	No Multiple Units or Data Not Found
item_not_found	ไม่พบสินค้า	Product Not Found	未找到产品	商品が見つかりません	រកមិនឃើញផលិតផល	상품을 찾을 수 없음	ບໍ່ພົບສິນຄ້າ	ကုန်ပစ္စည်းမတွေ့ပါ	Không tìm thấy sản phẩm	Product Not Found	Product Not Found	Product Not Found
item_order	ลำดับ	Order	序号	順序	លំដាប់	순서	ລຳດັບ	အစဉ်	Thứ tự	Order	Order	Order
item_reference_code	รหัสสินค้าอ้างอิง	Item Reference Code	物品参考代码	商品参照コード	លេខកូដផលិតផលយោង	품목 참조 코드	ລະຫັດສິນຄ້າອ້າງອິງ	ပစ္စည်းရည်ညွှန်းကုဒ်	Mã tham chiếu sản phẩm	Item Reference Code	Item Reference Code	Item Reference Code
item_type												
itemcode	รหัสสินค้า	Product Code	产品代码	商品コード	លេខកូដផលិតផល	상품 코드	ລະຫັດສິນຄ້າ	ကုန်ပစ္စည်းကုဒ်	Mã sản phẩm	Product Code	Product Code	Product Code
items	รายการ	items	项目	項目	ធាតុ	항목	ລາຍການ	အရာများ	mục	items	items	items
items_count	จำนวนรายการ	Items Count	项目数	アイテム数	ចំនួនមុខទំនិញ	항목 수	ຈຳນວນລາຍການ	ပစ္စည်းအရေအတွက်	Số lượng mục	Items Count	Items Count	Items Count
items_label	รายการ	items	项目	項目	ធាតុ	항목	ລາຍການ	အရာများ	mục	items	items	items
items_per_page	รายการ	items	项	件	ធាតុ	항목	ລາຍການ	ပစ္စည်း	mục	items	items	items
items_text	รายการ	items	项目	アイテム	ធាតុ	항목	ລາຍການ	ပစ္စည်းများ	mục	items	items	items
items_to_shelf	รายการ เข้าชั้นวาง	items to shelf	项到货架	個を棚に	ធាតុទៅធ្នើ	항목을 선반에	ລາຍການ ເຂົ້າຊັ້ນວາງ	အရာများစင်သို့	mục vào kệ	items to shelf	items to shelf	items to shelf
itemtype	ประเภทสินค้า	Product Type	产品类型	商品タイプ	ប្រភេទផលិតផល	상품 유형	ປະເພດສິນຄ້າ	ကုန်ပစ္စည်းအမျိုးအစား	Loại sản phẩm	Product Type	Product Type	Product Type
job_position	ตำแหน่งงาน	Job Position	Job Position	Job Position	Job Position	Job Position	Job Position	Job Position	Job Position	Job Position	Job Position	Job Position
job_position_hint	เช่น หัวหน้าแผนก, ผู้จัดการฝ่าย	e.g., Department Head, Division Manager	如部门主管、部门经理	例：部門長、課長	ឧ. ប្រធានផ្នែក, អ្នកគ្រប់គ្រង	예: 부서장, 부문 관리자	ເຊັ່ນ ຫົວໜ້າແຜນກ, ຜູ້ຈັດການ	ဥပမာ ဌာနမှူး, ဌာနမန်နေဂျာ	Ví dụ: Trưởng phòng, Giám đốc bộ phận	e.g., Department Head, Division Manager	e.g., Department Head, Division Manager	e.g., Department Head, Division Manager
job	งาน	Job	工作	作業	ការងារ	작업	ວຽກ	အလုပ်	Công việc	Job	Job	Job
job_project	งาน/โครงการ	Job/Project	工作/项目	ジョブ/プロジェクト	ការងារ/គម្រោង	작업/프로젝트	ວຽກ/ໂຄງການ	အလုပ်/ပရောဂျက်	Công việc/Dự án	Job/Project	Job/Project	Job/Project
job_project_code	รหัสงาน/โครงการ	Job/Project Code	工作/项目代码	仕事/プロジェクトコード	លេខកូដការងារ/គម្រោង	작업/프로젝트 코드	ລະຫັດວຽກ/ໂຄງການ	အလုပ်/စီမံကိန်းကုဒ်	Mã công việc/dự án	Job/Project Code	Job/Project Code	Job/Project Code
job_project_name	ชื่องาน/โครงการ	Job/Project Name	工作/项目名称	仕事/プロジェクト名	ឈ្មោះការងារ/គម្រោង	작업/프로젝트 이름	ຊື່ວຽກ/ໂຄງການ	အလုပ်/စီမံကိန်းအမည်	Tên công việc/dự án	Job/Project Name	Job/Project Name	Job/Project Name
journal	ข้อมูลรายวัน	Daily Data	每日数据	日次データ	ទិន្នន័យប្រចាំថ្ងៃ	일일 데이터	ຂໍ້ມູນລາຍວັນ	နေ့စဉ်ဒေတာ	Dữ liệu hàng ngày	Daily Data	Daily Data	Daily Data
json_code_hint	JSON Code...	JSON Code...	JSON Code...	JSON Code...	JSON Code...	JSON Code...	JSON Code...	JSON Code...	JSON Code...	JSON Code...	JSON Code...	JSON Code...
kb_all_branches	ทุกสาขา	All Branches	所有分店	すべての支店	សាខាទាំងអស់	모든 지점	ທຸກສາຂາ	ဌာနခွဲအားလုံး	Tất cả Chi nhánh	All Branches	All Branches	All Branches
kb_change_to_use_time_period	เปลี่ยนเป็นใช้ช่วงเวลาที่กำหนด	Changed to use specific time period	更改为使用指定时间段	特定の期間を使用するように変更しました	ផ្លាស់ប្តូរទៅប្រើរយៈពេលកំណត់	특정 기간 사용으로 변경됨	ປ່ຽນເປັນໃຊ້ໄລຍະເວລາທີ່ກຳນົດ	သတ်မှတ်ထားသော အချိန်ကာလကို အသုံးပြုသို့ ပြောင်းလဲခဲ့သည်	Đã chuyển sang sử dụng khoảng thời gian cụ thể	Changed to use specific time period	Changed to use specific time period	Changed to use specific time period
kb_change_to_work_all_time	เปลี่ยนเป็นทำงานตลอดเวลา	Changed to work all time	更改为全天工作	常時稼働に変更しました	ផ្លាស់ប្តូរទៅធ្វើការគ្រប់ពេល	항상 작동으로 변경됨	ປ່ຽນເປັນເຮັດວຽກຕະຫຼອດເວລາ	အချိန်တိုင်း အလုပ်လုပ်သို့ ပြောင်းလဲခဲ့သည်	Đã chuyển sang hoạt động mọi lúc	Changed to work all time	Changed to work all time	Changed to work all time
kb_chatbot_welcome	สวัสดีครับ! ผมเป็น AI Assistant พร้อมช่วยเหลือคุณเกี่ยวกับเอกสารใน Knowledge Base	Hello! I am an AI Assistant ready to help you with documents in the Knowledge Base	您好！我是AI助手，随时准备帮助您处理知识库中的文档	こんにちは！私はナレッジベースのドキュメントに関してお手伝いする準備ができているAIアシスタントです	សួស្តី! ខ្ញុំជា AI Assistant ត្រៀមរួចដើម្បីជួយអ្នកអំពីឯកសារនៅក្នុង Knowledge Base	안녕하세요! 저는 지식 베이스의 문서에 대해 도움을 드릴 준비가 된 AI 어시스턴트입니다	ສະບາຍດີ! ຂ້ອຍແມ່ນ AI Assistant ພ້ອມຊ່ວຍເຫຼືອທ່ານກ່ຽວກັບເອກະສານໃນ Knowledge Base	မင်္ဂလာပါ! ကျွန်တော်သည် Knowledge Base ထဲရှိ စာရွက်စာတမ်းများနှင့်ပတ်သက်၍ သင့်အား အကူအညီပေးရန် အသင့်ရှိသော AI လက်ထောက်ဖြစ်ပါသည်	Xin chào! Tôi là AI Trợ lý sẵn sàng giúp bạn với các tài liệu trong Cơ sở Tri thức	Hello! I am an AI Assistant ready to help you with documents in the Knowledge Base	Hello! I am an AI Assistant ready to help you with documents in the Knowledge Base	Hello! I am an AI Assistant ready to help you with documents in the Knowledge Base
kb_click_upload_to_add	คลิกปุ่มอัพโหลดเพื่อเพิ่มเอกสาร	Click upload button to add document	点击上传按钮添加文档	アップロードボタンをクリックしてドキュメントを追加	ចុចប៊ូតុងបង្ហោះដើម្បីបន្ថែមឯកសារ	업로드 버튼을 클릭하여 문서를 추가하세요	ຄລິກປຸ່ມອັບໂຫລດເພື່ອເພີ່ມເອກະສານ	စာရွက်စာတမ်း ထည့်ရန် အပ်လုဒ်ခလုတ်ကို နှိပ်ပါ	Nhấp nút tải lên để thêm tài liệu	Click upload button to add document	Click upload button to add document	Click upload button to add document
kb_condition	เงื่อนไข:	Condition:	条件：	条件：	លក្ខខណ្ឌ:	조건:	ເງື່ອນໄຂ:	အခြေအနေ:	Điều kiện:	Condition:	Condition:	Condition:
kb_confirm_action	ยืนยันการ	Confirm	确认	確認	បញ្ជាក់ការ	확인	ຢືນຢັນການ	အတည်ပြုရန်	Xác nhận	Confirm	Confirm	Confirm
kb_confirm_delete	ยืนยันการลบ	Confirm Delete	确认删除	削除の確認	បញ្ជាក់ការលុប	삭제 확인	ຢືນຢັນການລຶບ	ဖျက်ခြင်းကို အတည်ပြုပါ	Xác nhận xóa	Confirm Delete	Confirm Delete	Confirm Delete
kb_date_cleared	ล้างวันที่เรียบร้อยแล้ว	Date cleared successfully	日期清除成功	日付をクリアしました	លុបកាលបរិច្ឆេទរួចរាល់	날짜가 지워졌습니다	ລ້າງວັນທີ່ສຳເລັດແລ້ວ	ရက်စွဲကို ရှင်းလင်းပြီးပါပြီ	Xóa ngày thành công	Date cleared successfully	Date cleared successfully	Date cleared successfully
kb_date_set_error	เกิดข้อผิดพลาดในการกำหนดวันที่	Error setting date	设置日期时发生错误	日付の設定中にエラーが発生しました	កំហុសក្នុងការកំណត់កាលបរិច្ឆេទ	날짜 설정 중 오류 발생	ເກີດຂໍ້ຜິດພາດໃນການກຳນົດວັນທີ	ရက်စွဲ သတ်မှတ်ရာတွင် အမှား ဖြစ်ပွားခဲ့သည်	Lỗi khi đặt ngày	Error setting date	Error setting date	Error setting date
kb_date_set_success	กำหนดวันที่เรียบร้อยแล้ว	Date set successfully	日期设置成功	日付を設定しました	កំណត់កាលបរិច្ឆេទរួចរាល់	날짜가 설정되었습니다	ກຳນົດວັນທີ່ສຳເລັດແລ້ວ	ရက်စွဲ သတ်မှတ်ပြီးပါပြီ	Đặt ngày thành công	Date set successfully	Date set successfully	Date set successfully
kb_delete_document_question	คุณต้องการลบเอกสาร	Do you want to delete document	您想删除文档	ドキュメントを削除しますか	តើអ្នកចង់លុបឯកសារ	문서를 삭제하시겠습니까	ທ່ານຕ້ອງການລຶບເອກະສານ	စာရွက်စာတမ်းကို ဖျက်လိုပါသလား	Bạn có muốn xóa tài liệu	Do you want to delete document	Do you want to delete document	Do you want to delete document
kb_delete_success	ลบเอกสารสำเร็จ	Document deleted successfully	文档删除成功	ドキュメントの削除に成功しました	លុបឯកសារបានជោគជ័យ	문서가 성공적으로 삭제되었습니다	ລຶບເອກະສານສຳເລັດ	စာရွက်စာတမ်း ဖျက်ခြင်း အောင်မြင်ပါသည်	Xóa tài liệu thành công	Document deleted successfully	Document deleted successfully	Document deleted successfully
kb_description	รายละเอียด:	Description:	描述：	説明：	ការពិពណ៌នា:	설명:	ລາຍລະອຽດ:	ဖော်ပြချက်:	Mô tả:	Description:	Description:	Description:
kb_disable	ปิดใช้งาน	Disable	禁用	無効化	បិទការប្រើ	비활성화	ປິດໃຊ້ງານ	ပိတ်ရန်	Vô hiệu hóa	Disable	Disable	Disable
kb_disable_document_success	ปิดใช้งานเอกสารสำเร็จ	Document disabled successfully	禁用文档成功	ドキュメントの無効化に成功しました	បិទឯកសារបានជោគជ័យ	문서가 성공적으로 비활성화되었습니다	ປິດໃຊ້ງານເອກະສານສຳເລັດ	စာရွက်စာတမ်း ပိတ်ခြင်း အောင်မြင်ပါသည်	Tắt tài liệu thành công	Document disabled successfully	Document disabled successfully	Document disabled successfully
kb_do_you_want_to	คุณต้องการ	Do you want to	您想要	以下を実行しますか：	តើអ្នកចង់	다음을 원하시나요:	ທ່ານຕ້ອງການ	သင်လိုလားပါသလား	Bạn có muốn	Do you want to	Do you want to	Do you want to
kb_document	เอกสาร	document	文档	ドキュメント	ឯកសារ	문서	ເອກະສານ	စာရွက်စာတမ်း	tài liệu	document	document	document
kb_documents_knowledge_base	เอกสาร Knowledge Base	Knowledge Base Documents	知识库文档	ナレッジベースドキュメント	ឯកសារ Knowledge Base	지식 베이스 문서	ເອກະສານ Knowledge Base	အသိပညာဘေ့စ် စာရွက်စာတမ်းများ	Tài liệu Cơ sở Tri thức	Knowledge Base Documents	Knowledge Base Documents	Knowledge Base Documents
kb_enable	เปิดใช้งาน	Enable	启用	有効化	បើកការប្រើ	활성화	ເປີດໃຊ້ງານ	ဖွင့်ရန်	Kích hoạt	Enable	Enable	Enable
kb_enable_document_success	เปิดใช้งานเอกสารสำเร็จ	Document enabled successfully	启用文档成功	ドキュメントの有効化に成功しました	បើកឯកសារបានជោគជ័យ	문서가 성공적으로 활성화되었습니다	ເປີດໃຊ້ງານເອກະສານສຳເລັດ	စာရွက်စာတမ်း ဖွင့်ခြင်း အောင်မြင်ပါသည်	Bật tài liệu thành công	Document enabled successfully	Document enabled successfully	Document enabled successfully
kb_error_occurred	เกิดข้อผิดพลาด	An error occurred	发生错误	エラーが発生しました	មានកំហុសកើតឡើង	오류가 발생했습니다	ເກີດຂໍ້ຜິດພາດ	အမှားတစ်ခု ဖြစ်ပွားခဲ့သည်	Đã xảy ra lỗi	An error occurred	An error occurred	An error occurred
kb_loading_branch_data	กำลังโหลดข้อมูลสาขา...	Loading branch data...	正在加载分店数据...	支店データを読み込んでいます...	កំពុងផ្ទុកទិន្នន័យសាខា...	지점 데이터를 로드하는 중...	ກຳລັງໂຫລດຂໍ້ມູນສາຂາ...	ဌာနခွဲဒေတာ တင်နေသည်...	Đang tải dữ liệu chi nhánh...	Loading branch data...	Loading branch data...	Loading branch data...
kb_no_date_set	ไม่ได้กำหนดวันที่	No date set	未设置日期	日付が設定されていません	មិនបានកំណត់កាលបរិច្ឆេទ	날짜가 설정되지 않음	ບໍ່ໄດ້ກຳນົດວັນທີ	ရက်စွဲ သတ်မှတ်မထားပါ	Chưa đặt ngày	No date set	No date set	No date set
kb_no_documents	ไม่มีเอกสาร	No documents	没有文档	ドキュメントがありません	គ្មានឯកសារ	문서 없음	ບໍ່ມີເອກະສານ	စာရွက်စာတမ်း မရှိပါ	Không có tài liệu	No documents	No documents	No documents
kb_off	ปิด	Off	关	オフ	បិទ	꺼짐	ປິດ	ပိတ်	Tắt	Off	Off	Off
kb_on	เปิด	On	开	オン	បើក	켜짐	ເປີດ	ဖွင့်	Bật	On	On	On
kb_or_not	หรือไม่?	or not?	吗？	？	ឬទេ?	?	ຫຼືບໍ່?	လား?	không?	or not?	or not?	or not?
kb_please_select_branch_before_upload	กรุณาเลือกสาขาก่อนอัพโหลด	Please select a branch before uploading	请在上传前选择分店	アップロードする前に支店を選択してください	សូមជ្រើសរើសសាខាមុនពេលបង្ហោះ	업로드하기 전에 지점을 선택하세요	ກະລຸນາເລືອກສາຂາກ່ອນອັບໂຫລດ	တင်သွင်းခြင်းမပြုမီ ဌာနခွဲကို ရွေးပါ	Vui lòng chọn chi nhánh trước khi tải lên	Please select a branch before uploading	Please select a branch before uploading	Please select a branch before uploading
kb_refresh	รีเฟรช	Refresh	刷新	更新	ធ្វើឱ្យស្រស់	새로고침	ຣີເຟຣຊ	ပြန်လည်စတင်ပါ	Làm mới	Refresh	Refresh	Refresh
kb_select_branch_description	เลือกสาขา ทุกสาขาหมายถึงเอกสารที่ใช้ได้กับทุกสาขา ถ้าเลือกสาขาใดสาขาหนึ่งจะแสดงเฉพาะเอกสารของสาขานั้น	Select branch. All branches means documents available for all branches. If you select a specific branch, only documents for that branch will be shown	选择分店。所有分店是指适用于所有分店的文档。如果选择特定分店，则只显示该分店的文档	支店を選択してください。すべての支店は、すべての支店で利用可能なドキュメントを意味します。特定の支店を選択すると、その支店のドキュメントのみが表示されます	ជ្រើសរើសសាខា។ សាខាទាំងអស់មានន័យថាឯកសារដែលអាចប្រើបានសម្រាប់សាខាទាំងអស់។ ប្រសិនបើអ្នកជ្រើសរើសសាខាណាមួយ នឹងបង្ហាញតែឯកសាររបស់សាខានោះ	지점을 선택하세요. 모든 지점은 모든 지점에서 사용 가능한 문서를 의미합니다. 특정 지점을 선택하면 해당 지점의 문서만 표시됩니다	ເລືອກສາຂາ ທຸກສາຂາຫມາຍເຖິງເອກະສານທີ່ໃຊ້ໄດ້ກັບທຸກສາຂາ ຖ້າເລືອກສາຂາໃດໜຶ່ງຈະສະແດງສະເພາະເອກະສານຂອງສາຂານັ້ນ	ဌာနခွဲကို ရွေးပါ။ ဌာနခွဲအားလုံးဆိုသည်မှာ ဌာနခွဲအားလုံးအတွက် အသုံးပြုနိုင်သော စာရွက်စာတမ်းများကို ဆိုလိုသည်။ သီးခြားဌာနခွဲတစ်ခုကို ရွေးပါက ထိုဌာနခွဲ၏ စာရွက်စာတမ်းများသာ ပြသမည်	Chọn chi nhánh. Tất cả chi nhánh có nghĩa là tài liệu có sẵn cho tất cả các chi nhánh. Nếu bạn chọn một chi nhánh cụ thể, chỉ hiển thị tài liệu của chi nhánh đó	Select branch. All branches means documents available for all branches. If you select a specific branch, only documents for that branch will be shown	Select branch. All branches means documents available for all branches. If you select a specific branch, only documents for that branch will be shown	Select branch. All branches means documents available for all branches. If you select a specific branch, only documents for that branch will be shown
kb_select_date	เลือกวันที่	Select Date	选择日期	日付を選択	ជ្រើសរើសកាលបរិច្ឆេទ	날짜 선택	ເລືອກວັນທີ	ရက်စွဲ ရွေးပါ	Chọn Ngày	Select Date	Select Date	Select Date
kb_select_end_date	เลือกวันที่สิ้นสุด	Select End Date	选择结束日期	終了日を選択	ជ្រើសរើសកាលបរិច្ឆេទបញ្ចប់	종료 날짜 선택	ເລືອກວັນທີ່ສິ້ນສຸດ	ပြီးဆုံးသည့်ရက်စွဲကို ရွေးပါ	Chọn Ngày Kết Thúc	Select End Date	Select End Date	Select End Date
kb_select_start_date	เลือกวันที่เริ่มต้น	Select Start Date	选择开始日期	開始日を選択	ជ្រើសរើសកាលបរិច្ឆេទចាប់ផ្តើម	시작 날짜 선택	ເລືອກວັນທີ່ເລີ່ມຕົ້ນ	စတင်သည့်ရက်စွဲကို ရွေးပါ	Chọn Ngày Bắt Đầu	Select Start Date	Select Start Date	Select Start Date
kb_set_time_period	กำหนดช่วงเวลา	Set Time Period	设置时间段	期間を設定	កំណត់រយៈពេល	기간 설정	ກຳນົດໄລຍະເວລາ	အချိန်ကာလ သတ်မှတ်ပါ	Đặt Khoảng Thời Gian	Set Time Period	Set Time Period	Set Time Period
kb_size	ขนาด:	Size:	大小：	サイズ：	ទំហំ:	크기:	ຂະໜາດ:	အရွယ်အစား:	Kích thước:	Size:	Size:	Size:
kb_start	เริ่ม:	Start:	开始：	開始：	ចាប់ផ្តើម:	시작:	ເລີ່ມ:	စတင်:	Bắt đầu:	Start:	Start:	Start:
kb_title	จัดการ Knowledge Base	Manage Knowledge Base	管理知识库	ナレッジベース管理	គ្រប់គ្រង Knowledge Base	지식 베이스 관리	ຈັດການ Knowledge Base	အသိပညာဘေ့စ် စီမံခန့်ခွဲခြင်း	Quản lý Cơ sở Tri thức	Manage Knowledge Base	Manage Knowledge Base	Manage Knowledge Base
kb_to	ถึง	to	至	から	ដល់	부터	ຫາ	မှ	đến	to	to	to
kb_upload_document	อัพโหลดเอกสาร	Upload Document	上传文档	ドキュメントをアップロード	បង្ហោះឯកសារ	문서 업로드	ອັບໂຫລດເອກະສານ	စာရွက်စာတမ်း တင်သွင်းပါ	Tải lên Tài liệu	Upload Document	Upload Document	Upload Document
kb_upload_error	เกิดข้อผิดพลาดในการอัพโหลด	Upload error occurred	上传时发生错误	アップロードエラーが発生しました	មានកំហុសក្នុងការបង្ហោះ	업로드 중 오류가 발생했습니다	ເກີດຂໍ້ຜິດພາດໃນການອັບໂຫລດ	တင်သွင်းစဉ် အမှား ဖြစ်ပွားခဲ့သည်	Lỗi tải lên	Upload error occurred	Upload error occurred	Upload error occurred
kb_upload_success	อัพโหลดเอกสารสำเร็จ	Document uploaded successfully	文档上传成功	ドキュメントのアップロードに成功しました	ការបង្ហោះឯកសារបានជោគជ័យ	문서가 성공적으로 업로드되었습니다	ອັບໂຫລດເອກະສານສຳເລັດ	စာရွက်စာတမ်း တင်သွင်းမှု အောင်မြင်ပါသည်	Tải lên tài liệu thành công	Document uploaded successfully	Document uploaded successfully	Document uploaded successfully
kb_uploaded_at	อัพโหลดเมื่อ:	Uploaded at:	上传于：	アップロード日時：	បានបង្ហោះនៅ:	업로드 시간:	ອັບໂຫລດເມື່ອ:	တင်သွင်းသည့်အချိန်:	Tải lên lúc:	Uploaded at:	Uploaded at:	Uploaded at:
kb_uploader	ผู้อัพโหลด:	Uploader:	上传者：	アップロード者：	អ្នកបង្ហោះ:	업로더:	ຜູ້ອັບໂຫລດ:	တင်သွင်းသူ:	Người tải lên:	Uploader:	Uploader:	Uploader:
kb_work_all_time	ทำงานตลอดเวลา	Work all time	全天工作	常時稼働	ធ្វើការគ្រប់ពេល	항상 작동	ເຮັດວຽກຕະຫຼອດເວລາ	အချိန်တိုင်း အလုပ်လုပ်	Hoạt động mọi lúc	Work all time	Work all time	Work all time
kb_working_status	ทำงานอยู่:	Status:	工作状态：	ステータス：	ស្ថានភាពធ្វើការ:	상태:	ເຮັດວຽກຢູ່:	အလုပ်လုပ်နေသည်:	Trạng thái:	Status:	Status:	Status:
kitchen	ห้องครัว	Kitchen	厨房	キッチン	ផ្ទះបាយ	주방	ເຮືອນຄົວ	မီးဖိုချောင်	Nhà bếp	Kitchen	Kitchen	Kitchen
kitchen_code	รหัสครัว	Kitchen Code	厨房代码	キッチンコード	លេខកូដផ្ទះបាយ	주방 코드	ລະຫັດເຮືອນຄົວ	မီးဖိုချောင်ကုဒ်	Mã nhà bếp	Kitchen Code	Kitchen Code	Kitchen Code
kitchen_display	ตั้งค่าห้องครัว	Kitchen Settings	厨房设置	キッチン設定	ការកំណត់ផ្ទះបាយ	주방 설정	ຕັ້ງຄ່າເຮືອນຄົວ	မီးဖိုချောင်ဆက်တင်များ	Cài đặt nhà bếp	Kitchen Settings	Kitchen Settings	Kitchen Settings
kitchen_group_number	ลำดับห้องครัว	Kitchen Order	厨房顺序	キッチン順序	លំដាប់ផ្ទះបាយ	주방 순서	ລຳດັບເຮືອນຄົວ	မီးဖိုချောင်အစီအစဉ်	Thứ tự nhà bếp	Kitchen Order	Kitchen Order	Kitchen Order
kitchen_list	รายการห้องครัว	Kitchen List	厨房列表	キッチンリスト	បញ្ជីផ្ទះបាយ	주방 목록	ລາຍການເຮືອນຄົວ	မီးဖိုချောင်စာရင်း	Danh sách nhà bếp	Kitchen List	Kitchen List	Kitchen List
kitchen_name	ชื่อครัว	Kitchen Name	厨房名称	キッチン名	ឈ្មោះផ្ទះបាយ	주방 이름	ຊື່ເຮືອນຄົວ	မီးဖိုချောင်အမည်	Tên nhà bếp	Kitchen Name	Kitchen Name	Kitchen Name
kitchen_printer	เครื่องพิมพ์ห้องครัว	Kitchen Printer	厨房打印机	キッチンプリンター	ម៉ាស៊ីនបោះពុម្ពផ្ទះបាយ	주방 프린터	ເຄື່ອງພິມເຮືອນຄົວ	မီးဖိုချောင်ပရင်တာ	Máy in nhà bếp	Kitchen Printer	Kitchen Printer	Kitchen Printer
kitchen_secondary		Kitchen secondary	Kitchen secondary	Kitchen secondary	Kitchen secondary	Kitchen secondary	Kitchen secondary	Kitchen secondary	Kitchen secondary	Kitchen secondary	Kitchen secondary	Kitchen secondary
kitchenprinter		Kitchen printer	Kitchen printer	Kitchen printer	Kitchen printer	Kitchen printer	Kitchen printer	Kitchen printer	Kitchen printer	Kitchen printer	Kitchen printer	Kitchen printer
label_format_regular_desc	รูปแบบดั้งเดิม สำหรับพิมพ์ติดสินค้า	Original format for product labels	用于产品标签的原始格式	商品ラベル用の元の形式	ទម្រង់ដើមសម្រាប់ស្លាកផលិតផល	제품 라벨용 원본 형식	ຮູບແບບເດີມ ສຳລັບພິມຕິດສິນຄ້າ	ကုန်ပစ္စည်းတံဆိပ်အတွက် မူရင်းပုံစံ	Định dạng gốc cho nhãn sản phẩm	Original format for product labels	Original format for product labels	Original format for product labels
label_general_description	เหมาะสำหรับการพิมพ์ทั่วไป	Suitable for general printing	Suitable for general printing	Suitable for general printing	Suitable for general printing	Suitable for general printing	Suitable for general printing	Suitable for general printing	Suitable for general printing	Suitable for general printing	Suitable for general printing	Suitable for general printing
label_special_price_description	เหมาะสำหรับการเน้นราคาพิเศษ	Suitable for highlighting special prices	Suitable for highlighting special prices	Suitable for highlighting special prices	Suitable for highlighting special prices	Suitable for highlighting special prices	Suitable for highlighting special prices	Suitable for highlighting special prices	Suitable for highlighting special prices	Suitable for highlighting special prices	Suitable for highlighting special prices	Suitable for highlighting special prices
landscape	แนวนอน	Landscape	横向	横向き	ផ្ដេក	가로	ແນວນອນ	အလျားလိုက်	Ngang	Landscape	Landscape	Landscape
language_settings	ตั้งค่าภาษา	Language Settings	语言设置	言語設定	ការកំណត់ភាសា	언어 설정	ການຕັ້ງຄ່າພາສາ	ဘာသာစကားဆက်တင်များ	Cài đặt ngôn ngữ	Language Settings	Language Settings	Language Settings
languages	ภาษา	Languages	语言	言語	ភាសា	언어	ພາສາ	ဘာသာစကားများ	Ngôn ngữ	Languages	Languages	Languages
last_modifier	ผู้แก้ไขล่าสุด	Last Modified By	Last Modified By	Last Modified By	Last Modified By	Last Modified By	Last Modified By	Last Modified By	Last Modified By	Last Modified By	Last Modified By	Last Modified By
last_page	หน้าสุดท้าย	Last Page	最后一页	最後のページ	ទំព័រចុងក្រោយ	마지막 페이지	ໜ້າສຸດທ້າຍ	နောက်ဆုံးစာမျက်နှာ	Trang cuối	Last Page	Last Page	Last Page
last_used	ใช้งานล่าสุด	Last Used	最后使用	最終使用	ប្រើប្រាស់ចុងក្រោយ	마지막 사용	ໃຊ້ລ່າສຸດ	နောက်ဆုံးအသုံးပြုခဲ့သည်	Sử dụng lần cuối	Last Used	Last Used	Last Used
latest	ล่าสุด	Latest	最新	最新	ចុងក្រោយបំផុត	최신	ລ່າສຸດ	နောက်ဆုံး	Mới nhất	Latest	Latest	Latest
latest_date	วันที่ล่าสุด	Latest Date	最新日期	最新日付	កាលបរិច្ឆេទចុងក្រោយបំផុត	최신 날짜	ວັນທີຫຼ້າສຸດ	နောက်ဆုံးရက်စွဲ	Ngày mới nhất	Latest Date	Latest Date	Latest Date
latest_number	เลขที่ล่าสุด	Latest Number	最新编号	最新番号	លេខចុងក្រោយបំផុត	최신 번호	ເລກທີ່ຫຼ້າສຸດ	နောက်ဆုံးနံပါတ်	Số mới nhất	Latest Number	Latest Number	Latest Number
latest_remark	หมายเหตุล่าสุด	Latest Remark	最新备注	最新の備考	កំណត់សម្គាល់ចុងក្រោយ	최신 비고	ໝາຍເຫດລ່າສຸດ	နောက်ဆုံးမှတ်ချက်	Ghi chú mới nhất	Latest Remark	Latest Remark	Latest Remark
leave_this_screen	ต้องการออกจากหน้าจอนี้หรือไม่	Do you want to leave this screen?	您想离开此屏幕吗？	この画面を離れますか？	តើអ្នកចង់ចាកចេញពីអេក្រង់នេះទេ?	이 화면을 나가시겠습니까?	ຕ້ອງການອອກຈາກໜ້າຈໍນີ້ບໍ່?	ဤမျက်နှာပြင်မှ ထွက်လိုပါသလား။	Bạn có muốn rời khỏi màn hình này không?	Do you want to leave this screen?	Do you want to leave this screen?	Do you want to leave this screen?
ledger	บัญชีแยกประเภท	Ledger	分类账	元帳	សៀវភៅបញ្ជី	원장	ບັນຊີແຍກປະເພດ	စာရင်းချုပ်	Sổ cái	Ledger	Ledger	Ledger
level	ระดับ	Level	级别	レベル	កម្រិត	레벨	ລະດັບ	အဆင့်	Cấp	Level	Level	Level
level_1	ระดับ 1	Level 1	Level 1	Level 1	Level 1	Level 1	Level 1	Level 1	Level 1	Level 1	Level 1	Level 1
level_2	ระดับ 2	Level 2	Level 2	Level 2	Level 2	Level 2	Level 2	Level 2	Level 2	Level 2	Level 2	Level 2
level_3	ระดับ 3	Level 3	Level 3	Level 3	Level 3	Level 3	Level 3	Level 3	Level 3	Level 3	Level 3	Level 3
level_description	คำอธิบายระดับ:	Level description:	级别说明:	レベル説明:	ការពិពណ៌នាកម្រិត:	레벨 설명:	ຄຳອະທິບາຍລະດັບ:	အဆင့်ဖော်ပြချက်:	Mô tả cấp độ:	Level description:	Level description:	Level description:
level_dimension	ระดับมิติ	Dimension Level	维度级别	次元レベル	កម្រិតវិមាត្រ	차원 레벨	ລະດັບມິຕິ	အတိုင်းအတာအဆင့်	Cấp chiều	Dimension Level	Dimension Level	Dimension Level
limit_amount	มูลค่าที่ต้องซื้อ	Purchase Amount Required	需购买金额	必要購入金額	ចំនួនទឹកប្រាក់ដែលត្រូវទិញ	필요 구매 금액	ມູນຄ່າທີ່ຕ້ອງຊື້	ဝယ်ယူရန်လိုအပ်သောပမာဏ	Số tiền cần mua	Purchase Amount Required	Purchase Amount Required	Purchase Amount Required
line	บรรทัด	Line	行	行	បន្ទាត់	줄	ແຖວ	လိုင်း	Dòng	Line	Line	Line
line_display_name	ชื่อ LINE	LINE display name	LINE 显示名称	LINE表示名	ឈ្មោះបង្ហាញ LINE	LINE 표시 이름	ຊື່ສະແດງ LINE	LINE တွင်ပြသသောအမည်	Tên hiển thị LINE	Nama paparan LINE	Nama tampilan LINE	Display name sa LINE
line_connect_success	เชื่อมต่อ LINE สำเร็จ	LINE connected successfully	LINE connected successfully	LINE connected successfully	LINE connected successfully	LINE connected successfully	LINE connected successfully	LINE connected successfully	LINE connected successfully	LINE connected successfully	LINE connected successfully	LINE connected successfully
line_disconnected	ยกเลิกการเชื่อมต่อ LINE แล้ว	LINE disconnected	LINE disconnected	LINE disconnected	LINE disconnected	LINE disconnected	LINE disconnected	LINE disconnected	LINE disconnected	LINE disconnected	LINE disconnected	LINE disconnected
line_notify	แจ้งเตือนผ่าน LINE	LINE Notification	LINE通知	LINE通知	ជូនដំណឹងតាម LINE	LINE 알림	ແຈ້ງເຕືອນຜ່ານ LINE	LINE အသိပေး	Thông báo qua LINE	LINE Notification	LINE Notification	LINE Notification
line_notify_menu	Line Notify	Line Notify	Line Notify	Line Notify	Line Notify	Line Notify	Line Notify	Line Notify	Line Notify	Line Notify	Line Notify	Line Notify
line_number	ลำดับ	Line number	序号	番号	ល.រ	순번	ລຳດັບ	စဥ်	STT	Line number	Line number	Line number
line_oa_menu	Line OA	Line OA	Line OA	Line OA	Line OA	Line OA	Line OA	Line OA	Line OA	Line OA	Line OA	Line OA
line_oa_qrcode	QR สำหรับ LINE OA	LINE OA QR Code	LINE OA 二维码	LINE OA QRコード	LINE OA QR 코드	QR ສຳລັບ LINE OA	LINE OA QR ကုဒ်	QR LINE OA	Kod QR LINE OA	Kode QR LINE OA	QR para sa LINE OA
line_spacing_detail	ระยะห่างบรรทัดรายละเอียด	Line Spacing (Detail)	行距（明细）	行間（明細）	គម្លាតបន្ទាត់ (លម្អិត)	줄 간격 (상세)	ໄລຍະຫ່າງແຖວລາຍລະອຽດ	စာကြောင်းအကွာအဝေး (အသေးစိတ်)	Khoảng cách dòng (chi tiết)	Line Spacing (Detail)	Line Spacing (Detail)	Line Spacing (Detail)
line_user_id	รหัสผู้ใช้ LINE	LINE user ID	LINE 用户 ID	LINEユーザーID	លេខសម្គាល់អ្នកប្រើ LINE	LINE 사용자 ID	ລະຫັດຜູ້ໃຊ້ LINE	LINE အသုံးပြုသူ ID	ID người dùng LINE	ID pengguna LINE	ID pengguna LINE	User ID sa LINE
lineoa_config_title	ตั้งค่า LINE OA	LINE OA Settings	LINE OA Settings	LINE OA Settings	LINE OA Settings	LINE OA Settings	LINE OA Settings	LINE OA Settings	LINE OA Settings	LINE OA Settings	LINE OA Settings	LINE OA Settings
line_oa_user_link	เชื่อม LINE OA	Connect LINE OA	连接 LINE OA	LINE OA連携	ភ្ជាប់ LINE OA	LINE OA 연결	ເຊື່ອມຕໍ່ LINE OA	LINE OA ချိတ်ဆက်ရန်	Kết nối LINE OA	Sambung LINE OA	Hubungkan LINE OA	Ikonekta ang LINE OA
lineoa_user_link_title	เชื่อมต่อ LINE OA	Connect LINE OA	连接 LINE OA	LINE OAを連携	ភ្ជាប់ LINE OA	LINE OA 연결	ເຊື່ອມຕໍ່ LINE OA	LINE OA ချိတ်ဆက်ရန်	Kết nối LINE OA	Sambung LINE OA	Hubungkan LINE OA	Ikonekta ang LINE OA
lineoa_user_link_subtitle	ผูกผู้ใช้ของบริษัทที่เลือกกับ LINE OA สำหรับแจ้งเตือนและอนุมัติเอกสาร	Link the selected company user with LINE OA for alerts and approvals.	将所选公司用户与 LINE OA 关联，用于提醒和审批。	選択した会社のユーザーを通知と承認用の LINE OA に連携します。	ភ្ជាប់អ្នកប្រើក្រុមហ៊ុនដែលបានជ្រើសជាមួយ LINE OA សម្រាប់ជូនដំណឹង និងអនុម័ត។	선택한 회사 사용자를 알림 및 승인용 LINE OA와 연결합니다.	ຜູກຜູ້ໃຊ້ຂອງກິດຈະການທີ່ເລືອກກັບ LINE OA ສຳລັບແຈ້ງເຕືອນ ແລະ ອະນຸມັດ.	ရွေးထားသော ကုမ္ပဏီအသုံးပြုသူကို အသိပေးချက်နှင့် အတည်ပြုမှုအတွက် LINE OA နှင့်ချိတ်ဆက်ပါ။	Liên kết người dùng công ty đã chọn với LINE OA để thông báo và phê duyệt.	Pautkan pengguna syarikat terpilih dengan LINE OA untuk amaran dan kelulusan.	Hubungkan pengguna perusahaan terpilih dengan LINE OA untuk notifikasi dan persetujuan.	I-link ang napiling user ng kumpanya sa LINE OA para sa alert at approval.
lineoa_no_user_profile	ยังไม่พบโปรไฟล์ LINE OA ของผู้ใช้นี้	No LINE OA profile found for this user.	未找到此用户的 LINE OA 资料。	このユーザーの LINE OA プロフィールは見つかりません。	រកមិនឃើញប្រវត្តិរូប LINE OA សម្រាប់អ្នកប្រើនេះទេ។	이 사용자의 LINE OA 프로필이 없습니다.	ຍັງບໍ່ພົບໂປຣໄຟລ໌ LINE OA ຂອງຜູ້ໃຊ້ນີ້.	ဤအသုံးပြုသူအတွက် LINE OA profile မတွေ့ပါ။	Chưa có hồ sơ LINE OA cho người dùng này.	Profil LINE OA untuk pengguna ini belum ditemui.	Profil LINE OA untuk pengguna ini belum ditemukan.	Walang LINE OA profile para sa user na ito.
lineoa_create_link	สร้างลิงก์เชื่อมต่อ	Create link	创建链接	リンクを作成	បង្កើតតំណភ្ជាប់	링크 만들기	ສ້າງລິ້ງເຊື່ອມຕໍ່	ချိတ်ဆက်လင့် ဖန်တီးရန်	Tạo liên kết	Cipta pautan	Buat tautan	Gumawa ng link
lineoa_creating_link	กำลังสร้างลิงก์	Creating link	正在创建链接	リンク作成中	កំពុងបង្កើតតំណ	링크 생성 중	ກຳລັງສ້າງລິ້ງ	လင့် ဖန်တီးနေသည်	Đang tạo liên kết	Mencipta pautan	Membuat tautan	Ginagawa ang link
lineoa_scan_qr	สแกน QR ด้วย LINE หรือเปิดลิงก์บนมือถือ	Scan this QR with LINE or open the link on mobile.	用 LINE 扫描此 QR 或在手机打开链接。	LINEでQRを読み取るか、モバイルでリンクを開いてください。	ស្កេន QR នេះដោយ LINE ឬបើកតំណនៅលើទូរស័ព្ទ។	LINE으로 QR을 스캔하거나 모바일에서 링크를 여세요.	ສະແກນ QR ນີ້ດ້ວຍ LINE ຫຼື ເປີດລິ້ງໃນມືຖື.	ဤ QR ကို LINE ဖြင့် scan လုပ်ပါ သို့မဟုတ် mobile တွင် link ကိုဖွင့်ပါ။	Quét QR này bằng LINE hoặc mở liên kết trên di động.	Imbas QR ini dengan LINE atau buka pautan di telefon.	Pindai QR ini dengan LINE atau buka tautan di ponsel.	I-scan ang QR gamit ang LINE o buksan ang link sa mobile.
lineoa_link_ready	สร้างลิงก์แล้ว ให้ยืนยันต่อใน LINE	Link is ready. Complete the connection in LINE.	链接已准备好，请在 LINE 中完成连接。	リンクの準備ができました。LINEで連携を完了してください。	តំណរួចរាល់ សូមបញ្ចប់ការភ្ជាប់ក្នុង LINE។	링크가 준비되었습니다. LINE에서 연결을 완료하세요.	ລິ້ງພ້ອມແລ້ວ ຢືນຢັນຕໍ່ໃນ LINE.	လင့် အဆင်သင့်ဖြစ်ပါပြီ။ LINE တွင် ချိတ်ဆက်မှုကို အပြီးသတ်ပါ။	Liên kết đã sẵn sàng. Hoàn tất trong LINE.	Pautan sedia. Lengkapkan sambungan dalam LINE.	Tautan siap. Selesaikan koneksi di LINE.	Handa na ang link. Tapusin ang connection sa LINE.
lineoa_linked_success	เชื่อมต่อ LINE OA สำเร็จ	LINE OA connected.	LINE OA 已连接。	LINE OAを連携しました。	បានភ្ជាប់ LINE OA។	LINE OA가 연결되었습니다.	ເຊື່ອມຕໍ່ LINE OA ສຳເລັດ.	LINE OA ချိတ်ဆက်ပြီးပါပြီ။	Đã kết nối LINE OA.	LINE OA disambungkan.	LINE OA terhubung.	Nakonekta ang LINE OA.
lineoa_profile_load_failed	โหลดโปรไฟล์ LINE OA ไม่สำเร็จ	Could not load LINE OA profile.	无法加载 LINE OA 资料。	LINE OAプロフィールを読み込めません。	មិនអាចផ្ទុកប្រវត្តិរូប LINE OA បានទេ។	LINE OA 프로필을 불러올 수 없습니다.	ໂຫຼດໂປຣໄຟລ໌ LINE OA ບໍ່ສຳເລັດ.	LINE OA profile ကိုဖတ်၍မရပါ။	Không thể tải hồ sơ LINE OA.	Tidak dapat memuatkan profil LINE OA.	Tidak dapat memuat profil LINE OA.	Hindi ma-load ang LINE OA profile.
lineoa_login_required	กรุณาเข้าสู่ระบบและเลือกบริษัทก่อนเปิดหน้าจอนี้	Please login and select a company before opening this screen.	请先登录并选择公司。	この画面を開く前にログインして会社を選択してください。	សូមចូលប្រើ និងជ្រើសក្រុមហ៊ុនមុនបើកអេក្រង់នេះ។	이 화면을 열기 전에 로그인하고 회사를 선택하세요.	ກະລຸນາເຂົ້າລະບົບ ແລະ ເລືອກກິດຈະການກ່ອນເປີດໜ້ານີ້.	ဤမျက်နှာပြင်ကို မဖွင့်မီ login ဝင်ပြီး ကုမ္ပဏီရွေးပါ။	Vui lòng đăng nhập và chọn công ty trước khi mở màn hình này.	Log masuk dan pilih syarikat sebelum membuka skrin ini.	Masuk dan pilih perusahaan sebelum membuka layar ini.	Mag-login at pumili muna ng kumpanya bago buksan ang screen na ito.
lineoa_setup_required	บริษัทนี้ยังไม่ได้ตั้งค่า LINE OA หรือ LIFF ID	LINE OA or LIFF ID is not configured for this company.	此公司尚未设置 LINE OA 或 LIFF ID。	この会社には LINE OA または LIFF ID が設定されていません。	ក្រុមហ៊ុននេះមិនទាន់កំណត់ LINE OA ឬ LIFF ID ទេ។	이 회사에는 LINE OA 또는 LIFF ID가 설정되지 않았습니다.	ກິດຈະການນີ້ຍັງບໍ່ໄດ້ຕັ້ງຄ່າ LINE OA ຫຼື LIFF ID.	ဤကုမ္ပဏီတွင် LINE OA သို့မဟုတ် LIFF ID မသတ်မှတ်ရသေးပါ။	Công ty này chưa cấu hình LINE OA hoặc LIFF ID.	LINE OA atau LIFF ID belum dikonfigurasi untuk syarikat ini.	LINE OA atau LIFF ID belum dikonfigurasi untuk perusahaan ini.	Hindi pa naka-configure ang LINE OA o LIFF ID para sa kumpanyang ito.
lineoa_secure_note	ผูกระดับ user เฉพาะบริษัทที่ใช้งานอยู่	User-level link for the active company only.	仅为当前公司建立用户级连接。	現在の会社専用のユーザーレベル連携です。	ភ្ជាប់កម្រិតអ្នកប្រើសម្រាប់ក្រុមហ៊ុនសកម្មតែប៉ុណ្ណោះ។	현재 회사에만 적용되는 사용자 수준 연결입니다.	ຜູກລະດັບ user ສຳລັບກິດຈະການທີ່ໃຊ້ຢູ່ເທົ່ານັ້ນ.	လက်ရှိကုမ္ပဏီအတွက်သာ user-level ချိတ်ဆက်မှုဖြစ်သည်။	Liên kết cấp người dùng chỉ cho công ty hiện hành.	Pautan tahap pengguna untuk syarikat aktif sahaja.	Tautan level pengguna hanya untuk perusahaan aktif.	User-level link para lang sa aktibong kumpanya.
lineoa_step_generate	ลิงก์	Link	链接	リンク	តំណ	링크	ລິ້ງ	လင့်	Liên kết	Pautan	Tautan	Link
lineoa_step_confirm	ยืนยัน	Confirm	确认	確認	បញ្ជាក់	확인	ຢືນຢັນ	အတည်ပြုပါ	Xác nhận	Sahkan	Konfirmasi	Kumpirmahin
link_copied	คัดลอกลิงก์แล้ว	Link Copied	Link Copied	Link Copied	Link Copied	Link Copied	Link Copied	Link Copied	Link Copied	Link Copied	Link Copied	Link Copied
link_line_success	เชื่อมต่อ LINE สำเร็จ	LINE connected successfully	LINE连接成功	LINE連携に成功しました	ភ្ជាប់ LINE ជោគជ័យ	LINE 연결 성공	ເຊື່ອມຕໍ່ LINE ສຳເລັດ	LINE ချိတ်ဆက်မှုအောင်မြင်	Kết nối LINE thành công	LINE connected successfully	LINE connected successfully	LINE connected successfully
link_permission	เชื่อมสิทธิ์	Link Permission	Link Permission	Link Permission	Link Permission	Link Permission	Link Permission	Link Permission	Link Permission	Link Permission	Link Permission	Link Permission
link_success	เชื่อมต่อสำเร็จ!	Connected successfully!	Connected successfully!	Connected successfully!	Connected successfully!	Connected successfully!	Connected successfully!	Connected successfully!	Connected successfully!	Connected successfully!	Connected successfully!	Connected successfully!
linked_permissions	สิทธิ์ที่เชื่อม:	Linked Permissions:	Linked Permissions:	Linked Permissions:	Linked Permissions:	Linked Permissions:	Linked Permissions:	Linked Permissions:	Linked Permissions:	Linked Permissions:	Linked Permissions:	Linked Permissions:
list	รายการ	list	列表	項目	រាយការណ៍	항목	ລາຍຊື່	စာရင်း	Mục	list	list	list
list_cheque	รายการเช็ค	Cheque List	支票列表	小切手リスト	បញ្ជីមូលប្បទានប័ត្រ	수표 목록	ລາຍການເຊັກ	ချက်လက်မှတ်စာရင်း	Danh sách séc	Cheque List	Cheque List	Cheque List
list_coupon	รายการคูปอง	Coupon List	优惠券列表	クーポンリスト	បញ្ជីគូប៉ុង	쿠폰 목록	ລາຍການຄູປອງ	ကူပွန်စာရင်း	Danh sách phiếu giảm giá	Coupon List	Coupon List	Coupon List
list_creditcard	รายการบัตรเครดิต	Credit Card List	信用卡列表	クレジットカードリスト	បញ្ជីកាតឥណទាន	신용카드 목록	ລາຍການບັດເຄຣດິດ	ခရက်ဒစ်ကတ်စာရင်း	Danh sách thẻ tín dụng	Credit Card List	Credit Card List	Credit Card List
list_qr	รายการ QR CODE	QR Code Item	二维码 项目	QRコード 項目	កូដ QR បញ្ជី	QR 코드 항목	QR CODE ລາຍການ	QR ကုဒ် စာရင်း	Mã QR Mục	QR Code Item	QR Code Item	QR Code Item
list_transfer	รายการโอน	Transfer List	转账列表	振込リスト	បញ្ជីផ្ទេរប្រាក់	이체 목록	ລາຍການໂອນ	ငွေလွှဲစာရင်း	Danh sách chuyển khoản	Transfer List	Transfer List	Transfer List
load_data_failed	โหลดข้อมูลไม่สำเร็จ	Failed to load data	加载数据失败	データの読み込みに失敗しました	បរាជ័យក្នុងការផ្ទុកទិន្នន័យ	데이터 로드 실패	ໂຫລດຂໍ້ມູນບໍ່ສຳເລັດ	ဒေတာတင်ခြင်းမအောင်မြင်ပါ	Tải dữ liệu thất bại	Failed to load data	Failed to load data	Failed to load data
load_language_success	ดึงข้้อมูลภาษาสำเร็จ	Language loaded successfully	语言加载成功	言語の読み込みに成功しました	ផ្ទុកភាសាបានជោគជ័យ	언어 로드 성공	ໂຫລດພາສາສຳເລັດ	ဘာသာစကားတင်ခြင်း အောင်မြင်ပါသည်	Tải ngôn ngữ thành công	Language loaded successfully	Language loaded successfully	Language loaded successfully
load_success	ดึงข้อมูลสำเร็จ	Data loaded successfully	数据加载成功	データの読み込みに成功しました	ផ្ទុកទិន្នន័យបានជោគជ័យ	데이터 로드 성공	ໂຫລດຂໍ້ມູນສຳເລັດ	ဒေတာတင်ခြင်း အောင်မြင်ပါသည်	Tải dữ liệu thành công	Data loaded successfully	Data loaded successfully	Data loaded successfully
loading	กำลังโหลดข้อมูล...	Loading data...	正在加载数据...	データを読み込んでいます...	កំពុងផ្ទុកទិន្នន័យ...	데이터 로딩 중...	ກຳລັງໂຫຼດຂໍ້ມູນ...	ဒေတာတင်နေသည်...	Đang tải dữ liệu...	Loading data...	Loading data...	Loading data...
loading_approval_status	กำลังโหลดสถานะอนุมัติ	Loading approval status	正在加载审批状态	承認ステータスを読み込み中	កំពុងផ្ទុកស្ថានភាពអនុម័ត	승인 상태 로딩 중	ກຳລັງໂຫຼດສະຖານະອະນຸມັດ	ခွင့်ပြုချက်အခြေအနေ ဖတ်ယူနေသည်	Đang tải trạng thái phê duyệt	Loading approval status	Loading approval status	Loading approval status
loading_coupon_data	กำลังโหลดข้อมูลคูปอง	Loading coupon data	正在加载优惠券数据	クーポンデータを読み込み中	កំពុងផ្ទុកទិន្នន័យគូប៉ុង	쿠폰 데이터 로딩 중	ກຳລັງໂຫຼດຂໍ້ມູນຄູປອງ	ကူပွန်အချက်အလက်များ တင်နေသည်	Đang tải dữ liệu phiếu giảm giá	Loading coupon data	Loading coupon data	Loading coupon data
loading_customer_data	กำลังโหลดข้อมูลลูกค้า	Loading customer data	正在加载客户数据	顧客データを読み込み中	កំពុងផ្ទុកទិន្នន័យអតិថិជន	고객 데이터 로딩 중	ກຳລັງໂຫຼດຂໍ້ມູນລູກຄ້າ	ဖောက်သည်အချက်အလက်များ တင်နေသည်	Đang tải dữ liệu khách hàng	Loading customer data	Loading customer data	Loading customer data
loading_data	กำลังโหลดข้อมูล...	Loading data...	正在加载数据...	データを読み込んでいます...	កំពុងផ្ទុកទិន្នន័យ...	데이터 로딩 중...	ກຳລັງໂຫຼດຂໍ້ມູນ...	ဒေတာတင်နေသည်...	Đang tải dữ liệu...	Loading data...	Loading data...	Loading data...
loading_details	กำลังโหลดรายละเอียด...	Loading details...	正在加载详情...	詳細を読み込み中...	កំពុងផ្ទុកព័ត៌មានលម្អិត...	세부 정보 로딩 중...	ກຳລັງໂຫລດລາຍລະອຽດ...	အသေးစိတ်အချက်အလက်များ ဖွင့်နေသည်...	Đang tải chi tiết...	Loading details...	Loading details...	Loading details...
loading_image	กำลังโหลดรูปภาพ...	Loading image...	Loading image...	Loading image...	Loading image...	Loading image...	Loading image...	Loading image...	Loading image...	Loading image...	Loading image...	Loading image...
loading_locations	กำลังโหลดตำแหน่งที่เก็บ...	Loading locations...	Loading locations...	Loading locations...	Loading locations...	Loading locations...	Loading locations...	Loading locations...	Loading locations...	Loading locations...	Loading locations...	Loading locations...
loading_more_data	กำลังโหลดข้อมูลเพิ่ม...	Loading more data...	Loading more data...	Loading more data...	Loading more data...	Loading more data...	Loading more data...	Loading more data...	Loading more data...	Loading more data...	Loading more data...	Loading more data...
loading_new_page	กำลังโหลดหน้าใหม่...	Loading new page...	正在加载新页面...	新しいページを読み込んでいます...	កំពុងផ្ទុកទំព័រថ្មី...	새 페이지 로딩 중...	ກຳລັງໂຫຼດໜ້າໃໝ່...	စာမျက်နှာအသစ်တင်နေသည်...	Đang tải trang mới...	Loading new page...	Loading new page...	Loading new page...
loading_pdf	กำลังโหลด PDF	Loading PDF	正在加载PDF	PDF読み込み中	កំពុងផ្ទុក PDF	PDF 로딩 중	ກຳລັງໂຫຼດ PDF	PDF တင်နေသည်	Đang tải PDF	Loading PDF	Loading PDF	Loading PDF
loading_pdf_please_wait	กำลังโหลด PDF กรุณารอสักครู่...	Loading PDF, please wait...	Loading PDF, please wait...	Loading PDF, please wait...	Loading PDF, please wait...	Loading PDF, please wait...	Loading PDF, please wait...	Loading PDF, please wait...	Loading PDF, please wait...	Loading PDF, please wait...	Loading PDF, please wait...	Loading PDF, please wait...
loading_products	กำลังโหลดรายการสินค้า...	Loading products...	Loading products...	Loading products...	Loading products...	Loading products...	Loading products...	Loading products...	Loading products...	Loading products...	Loading products...	Loading products...
loading_shop_list	กำลังโหลดรายการร้านค้า...	Loading shop list...	正在加载商店列表...	店舗リストを読み込み中...	កំពុងផ្ទុកបញ្ជីហាង...	매장 목록 로딩 중...	ກຳລັງໂຫຼດລາຍການຮ້ານຄ້າ...	ဆိုင်စာရင်း ဖွင့်နေသည်...	Đang tải danh sách cửa hàng...	Loading shop list...	Loading shop list...	Loading shop list...
loading_warehouse	กำลังโหลดคลังสินค้า...	Loading warehouses...	Loading warehouses...	Loading warehouses...	Loading warehouses...	Loading warehouses...	Loading warehouses...	Loading warehouses...	Loading warehouses...	Loading warehouses...	Loading warehouses...	Loading warehouses...
loadsuc	โหลดข้อมูลสำเร็จ	Load Successfully	加载成功	読み込み成功	ផ្ទុកជោគជ័យ	로드 성공	ໂຫລດຂໍ້ມູນສຳເລັດ	အောင်မြင်စွာ တင်ပြီးပါပြီ	Tải thành công	Load Successfully	Load Successfully	Load Successfully
location	ที่เก็บ	Storage Location	存储位置	保管場所	ទីតាំងផ្ទុក	보관 장소	ບ່ອນເກັບ	သိုလှောင်နေရာ	Vị trí lưu trữ	Storage Location	Storage Location	Storage Location
location_code	รหัสที่เก็บสินค้า	Storage Code	存储代码	保管コード	លេខកូដទីតាំងផ្ទុក	보관 코드	ລະຫັດບ່ອນເກັບສິນຄ້າ	သိုလှောင်မှုကုဒ်	Mã vị trí lưu trữ	Storage Code	Storage Code	Storage Code
location_code_duplicate	กีอปปี้รหัสที่เก็บสินค้า	Copy Storage Code	复制存储代码	保管コードをコピー	ចម្លងលេខកូដទីតាំងផ្ទុក	보관 코드 복사	ສຳເນົາລະຫັດບ່ອນເກັບສິນຄ້າ	သိုလှောင်မှုကုဒ်ကို ကူးယူပါ	Sao chép mã vị trí lưu trữ	Copy Storage Code	Copy Storage Code	Copy Storage Code
location_name	ชื่อที่เก็บสินค้า	Storage Name	存储名称	保管名	ឈ្មោះទីតាំងផ្ទុក	보관 명칭	ຊື່ບ່ອນເກັບສິນຄ້າ	သိုလှောင်မှုအမည်	Tên vị trí lưu trữ	Storage Name	Storage Name	Storage Name
location_permission_denied	สิทธิ์การเข้าถึงตำแหน่งถูกปฏิเสธ	Location permission denied	Location permission denied	Location permission denied	Location permission denied	Location permission denied	Location permission denied	Location permission denied	Location permission denied	Location permission denied	Location permission denied	Location permission denied
location_permission_denied_forever	สิทธิ์การเข้าถึงตำแหน่งถูกปฏิเสธถาวร — กรุณาเปิดในการตั้งค่าเครื่อง	Location permission permanently denied — please enable in device settings	位置权限被永久拒绝 — 请在设备设置中启用	位置情報の権限が永久に拒否されました — デバイスの設定で有効にしてください	ការអនុញ្ញាតទីតាំងត្រូវបានបដិសេធជាអចិន្ត្រៃយ៍ — សូមបើកក្នុងការកំណត់ឧបករណ៍	위치 권한이 영구적으로 거부되었습니다 — 기기 설정에서 활성화하세요	ສິດການເຂົ້າເຖິງຕຳແໜ່ງຖືກປະຕິເສດຖາວອນ — ກະລຸນາເປີດໃນການຕັ້ງຄ່າເຄື່ອງ	တည်နေရာခွင့်ပြုချက် အပြီးတိုင်ပယ်ချခံရသည် — ကိရိယာ ဆက်တင်တွင် ဖွင့်ပါ	Quyền vị trí bị từ chối vĩnh viễn — vui lòng bật trong cài đặt thiết bị	Location permission permanently denied — please enable in device settings	Location permission permanently denied — please enable in device settings	Location permission permanently denied — please enable in device settings
login	เข้าสู่ระบบ	login	登录	ログイン	ចូល	로그인	ເຂົ້າສູ່ລະບົບ	ဝင်ရောက်	Đăng nhập	login	login	login
login_success	เข้าสู่ระบบสำเร็จ!	Login Successful!	Login Successful!	Login Successful!	Login Successful!	Login Successful!	Login Successful!	Login Successful!	Login Successful!	Login Successful!	Login Successful!	Login Successful!
login_user	เข้าสู่ระบบผู้ใช้งาน	User Login	用户登录	ユーザーログイン	ការចូលអ្នកប្រើប្រាស់	사용자 로그인	ເຂົ້າສູ່ລະບົບຜູ້ໃຊ້	အသုံးပြုသူ ဝင်ရောက်ခြင်း	Đăng nhập người dùng	User Login	User Login	User Login
login_with_line	เข้าสู่ระบบด้วย LINE	Login with LINE	Login with LINE	Login with LINE	Login with LINE	Login with LINE	Login with LINE	Login with LINE	Login with LINE	Login with LINE	Login with LINE	Login with LINE
logo	โลโก้ร้าน	Logo Shop	标志 店	ロゴ 店	ឡូហ្គោ ហាង	로고 가게	ໂລໂກ້ ຮ້ານ	လိုဂို ဆိုင်	Logo Quán	Logo Shop	Logo Shop	Logo Shop
logout	ออกจากระบบ	Logout	退出	ログアウト	ចាកចេញ	로그아웃	ອອກຈາກລະບົບ	ထွက်	Đăng xuất	Logout	Logout	Logout
logout_confirm	ยืนยันออกจากระบบ	Confirm Logout	确认注销	ログアウトの確認	បញ្ជាក់ការចាកចេញ	로그아웃 확인	ຢືນຢັນການອອກຈາກລະບົບ	စနစ်မှ ထွက်ရန် အတည်ပြုပါ	Xác Nhận Đăng Xuất	Confirm Logout	Confirm Logout	Confirm Logout
lot_tracking	ติดตามล็อต	Lot Tracking	批次追踪	ロット追跡	តាមដានឡូត	로트 추적	ຕິດຕາມລ໋ອດ	လော့ခြေရာခံ	Theo dõi lô hàng	Lot Tracking	Lot Tracking	Lot Tracking
low_stock_alerts	สินค้าใกล้หมด	Low Stock Alerts	库存不足警报	在庫少アラート	ការជូនដំណឹងស្តុកទាប	재고 부족 알림	ສິນຄ້າໃກ້ໝົດ	ကုန်ပစ္စည်းနည်းနေကြောင်း သတိပေးချက်	Cảnh báo hàng sắp hết	Low Stock Alerts	Low Stock Alerts	Low Stock Alerts
lower_bound	ต่ำสุด	Minimum	最小	最小	អប្បបរមា	최소	ຕ່ຳສຸດ	အနည်းဆုံး	Tối thiểu	Minimum	Minimum	Minimum
loyalty_code	รหัสสะสมแต้ม	Loyalty Code	积分代码	ポイントコード	លេខកូដប្រមូលពិន្ទុ	적립 코드	ລະຫັດສະສົມຄະແນນ	အမှတ်စုဆောင်းကုဒ်	Mã tích điểm	Loyalty Code	Loyalty Code	Loyalty Code
lugen	Lugen	Lugen	Lugen	Lugen	Lugen	Lugen	Lugen	Lugen	Lugen	Lugen	Lugen	Lugen
lugent_alipay	Lugent AliPay	Lugent AliPay	Lugent AliPay	Lugent AliPay	Lugent AliPay	Lugent AliPay	Lugent AliPay	Lugent AliPay	Lugent AliPay	Lugent AliPay	Lugent AliPay	Lugent AliPay
lugent_line_pay	Lugent LinePay	Lugent LinePay	Lugent LinePay	Lugent LinePay	Lugent LinePay	Lugent LinePay	Lugent LinePay	Lugent LinePay	Lugent LinePay	Lugent LinePay	Lugent LinePay	Lugent LinePay
lugent_promptpay	Lugent PromptPay	Lugent PromptPay	Lugent PromptPay	Lugent PromptPay	Lugent PromptPay	Lugent PromptPay	Lugent PromptPay	Lugent PromptPay	Lugent PromptPay	Lugent PromptPay	Lugent PromptPay	Lugent PromptPay
lugent_true_money	Lugent TrueMoney	Lugent TrueMoney	Lugent TrueMoney	Lugent TrueMoney	Lugent TrueMoney	Lugent TrueMoney	Lugent TrueMoney	Lugent TrueMoney	Lugent TrueMoney	Lugent TrueMoney	Lugent TrueMoney	Lugent TrueMoney
machine_customer	เครื่องลูกค้า	Customer Machine	客户机	顧客用端末	ម៉ាស៊ីនអតិថិជន	고객용 기기	ເຄື່ອງລູກຄ້າ	ဖောက်သည်စက်	Máy khách hàng	Customer Machine	Customer Machine	Customer Machine
machine_employee	เครื่องพนักงาน	Employee Machine	员工机	従業員用端末	ម៉ាស៊ីនបុគ្គលិក	직원용 기기	ເຄື່ອງພະນັກງານ	ဝန်ထမ်းစက်	Máy nhân viên	Employee Machine	Employee Machine	Employee Machine
main_menu	เมนูหลัก	Main Menu	主菜单	メインメニュー	ម៉ឺនុយមេ	메인 메뉴	ເມນູຫຼັກ	ပင်မမီနူး	Menu Chính	Main Menu	Main Menu	Main Menu
main_screen	หน้าหลัก	Main Screen	主屏幕	メイン画面	អេក្រង់មេ	메인 화면	ໜ້າຈໍຫຼັກ	ပင်မမျက်နှာပြင်	Màn hình chính	Main Screen	Main Screen	Main Screen
manage	จัดการ	Manage	管理	管理	គ្រប់គ្រង	관리	ຈັດການ	စီမံခန့်ခွဲ	Quản lý	Manage	Manage	Manage
manual_closed	ปิดเอกสารด้วยตนเอง	Manual Closed	手动关闭	手動終了	បិទដោយដៃ	수동 마감	ປິດດ້ວຍຕົນເອງ	ကိုယ်တိုင်ပိတ်ပြီး	Đóng thủ công	Manual Closed	Manual Closed	Manual Closed
mapping_prices	จับคู่ราคา	Mapping Prices	映射价格	価格マッピング	ផ្គូផ្គងតម្លៃ	가격 매핑	ຈັບຄູ່ລາຄາ	စျေးနှုန်းတွဲချိတ်	Ánh xạ giá	Mapping Prices	Mapping Prices	Mapping Prices
manage_cart	จัดการตะกร้า	Manage Cart	管理购物车	カートを管理	គ្រប់គ្រងកន្ត្រក	장바구니 관리	ຈັດການກະຕ່າ	ဈေးခြင်း စီမံပါ	Quản lý giỏ hàng	Manage Cart	Manage Cart	Manage Cart
manage_cost_centers	จัดการศูนย์ต้นทุน	Manage Cost Centers	管理成本中心	コストセンター管理	គ្រប់គ្រងមជ្ឈមណ្ឌលដើមទុន	비용센터 관리	ຈັດການສູນຕົ້ນທຶນ	ကုန်ကျစရိတ်ဌာနစီမံ	Quản lý trung tâm chi phí	Manage Cost Centers	Manage Cost Centers	Manage Cost Centers
manage_creditors	จัดการเจ้าหนี้	Manage Creditors	管理债权人	債権者管理	គ្រប់គ្រងម្ចាស់បំណុល	채권자 관리	ຈັດການເຈົ້າໜີ້	ကြွေးရှင်စီမံရန်	Quản lý chủ nợ	Manage Creditors	Manage Creditors	Manage Creditors
manage_customers_creditors	จัดการลูกค้า/เจ้าหนี้	Manage Customers/Creditors	管理客户/债权人	顧客/債権者管理	គ្រប់គ្រងអតិថិជន/ម្ចាស់បំណុល	고객/채권자 관리	ຈັດການລູກຄ້າ/ເຈົ້າໜີ້	ဖောက်သည်/ကြွေးရှင်စီမံရန်	Quản lý khách hàng/chủ nợ	Manage Customers/Creditors	Manage Customers/Creditors	Manage Customers/Creditors
manage_debtors	จัดการลูกหนี้	Manage Debtors	管理债务人	債務者管理	គ្រប់គ្រងកូនបំណុល	채무자 관리	ຈັດການລູກໜີ້	မြီစားစီမံရန်	Quản lý con nợ	Manage Debtors	Manage Debtors	Manage Debtors
manage_database	จัดการฐานข้อมูล	Manage Database	管理数据库	データベース管理	គ្រប់គ្រងមូលដ្ឋានទិន្នន័យ	데이터베이스 관리	ຈັດການຖານຂໍ້ມູນ	ဒေတာဘေ့စ်စီမံရန်	Quản lý cơ sở dữ dữ liệu	Manage Database	Manage Database	Manage Database
manage_job_projects	จัดการงาน/โครงการ	Manage Job/Projects	管理工作/项目	仕事/プロジェクト管理	គ្រប់គ្រងការងារ/គម្រោង	작업/프로젝트 관리	ຈັດການວຽກ/ໂຄງການ	အလုပ်/စီမံကိန်းစီမံ	Quản lý công việc/dự án	Manage Job/Projects	Manage Job/Projects	Manage Job/Projects
manage_knowledge_base	จัดการ Knowledge Base	Manage Knowledge Base	管理知识库	ナレッジベース管理	គ្រប់គ្រងមូលដ្ឋានចំណេះដឹង	지식 베이스 관리	ຈັດການ Knowledge Base	အသိပညာအခြေအမြစ်စီမံရန်	Quản lý cơ sở tri thức	Manage Knowledge Base	Manage Knowledge Base	Manage Knowledge Base
manage_products	จัดการสินค้า	Manage Products	管理产品	商品管理	គ្រប់គ្រងផលិតផល	제품 관리	ຈັດການສິນຄ້າ	ထုတ်ကုန်စီမံရန်	Quản lý sản phẩm	Manage Products	Manage Products	Manage Products
manager	ผู้จัดการ	Manager	Manager	Manager	Manager	Manager	Manager	Manager	Manager	Manager	Manager	Manager
managing_director	กรรมการผู้จัดการ	Managing Director	Managing Director	Managing Director	Managing Director	Managing Director	Managing Director	Managing Director	Managing Director	Managing Director	Managing Director	Managing Director
manual	คู่มือ	Manual	使用手册	マニュアル	សៀវភៅណែនាំ	매뉴얼	ຄູ່ມື	လမ်းညွှန်	Hướng dẫn	Manual	Manual	Manual
manual_close_document	ปิดเอกสารด้วยมือ	Manual Close Document	Manual Close Document	Manual Close Document	Manual Close Document	Manual Close Document	Manual Close Document	Manual Close Document	Manual Close Document	Manual Close Document	Manual Close Document	Manual Close Document
manufacturer	ผู้ผลิต	Manufacturer	制造商	メーカー	ក្រុមហ៊ុនផលិត	제조사	ຜູ້ຜະລິດ	ထုတ်လုပ်သူ	Nhà sản xuất	Manufacturer	Manufacturer	Manufacturer
manufacturer_code	รหัสผู้ผลิต	Manufacturer Code	制造商代码	メーカーコード	លេខកូដក្រុមហ៊ុនផលិត	제조사 코드	ລະຫັດຜູ້ຜະລິດ	ထုတ်လုပ်သူကုဒ်	Mã nhà sản xuất	Manufacturer Code	Manufacturer Code	Manufacturer Code
manufacturer_name	ชื่อผู้ผลิต	Manufacturer Name	制造商名称	メーカー名	ឈ្មោះក្រុមហ៊ុនផលិត	제조사 이름	ຊື່ຜູ້ຜະລິດ	ထုတ်လုပ်သူအမည်	Tên nhà sản xuất	Manufacturer Name	Manufacturer Name	Manufacturer Name
marketing	การตลาด	Marketing	市场营销	マーケティング	ទីផ្សារ	마케팅	ການຕະຫຼາດ	စျေးကွက်ရှာဖွေရေး	Marketing	Marketing	Marketing	Marketing
master_data	ข้อมูลหลัก	Master Data	主数据	マスターデータ	ទិន្នន័យមេ	기본 데이터	ຂໍ້ມູນຫຼັກ	အခြေခံဒေတာ	Dữ liệu chính	Master Data	Master Data	Master Data
material_type	ประเภทวัตถุดิบ	Material Type	材料类型	材料タイプ	ប្រភេទសម្ភារៈ	재료 유형	ປະເພດວັດຖຸດິບ	ကုန်ကြမ်းအမျိုးအစား	Loại vật liệu	Material Type	Material Type	Material Type
material_type_general	วัตถุดิบทั่วไป	General Material	一般物料	一般資材	សម្ភារៈទូទៅ	일반 자재	ວັດຖຸດິບທົ່ວໄປ	အထွေထွေပစ္စည်း	Vật liệu chung	General Material	General Material	General Material
material_type_raw	วัตถุดิบ	Raw Material	原材料	原材料	វត្ថុធាតុដើម	원자재	ວັດຖຸດິບ	ကုန်ကြမ်း	Nguyên liệu thô	Raw Material	Raw Material	Raw Material
material_type_semi_finished	สินค้ากึ่งสำเร็จรูป	Semi-Finished Product	半成品	半製品	ផលិតផលពាក់កណ្ដាល	반제품	ສິນຄ້າກຶ່ງສຳເລັດຮູບ	တစ်ပိုင်းပြီးကုန်ပစ္စည်း	Sản phẩm bán thành phẩm	Semi-Finished Product	Semi-Finished Product	Semi-Finished Product
max	สูงสุด	Maximum	最大	最大	អតិបរមា	최대	ສູງສຸດ	အများဆုံး	Tối đa	Maximum	Maximum	Maximum
max_amount	จำนวนเงินสูงสุด	Max Amount	Max Amount	Max Amount	Max Amount	Max Amount	Max Amount	Max Amount	Max Amount	Max Amount	Max Amount	Max Amount
max_amount_unlimited	วงเงินสูงสุด (0=ไม่จำกัด)	Maximum Amount (0=Unlimited)	Maximum Amount (0=Unlimited)	Maximum Amount (0=Unlimited)	Maximum Amount (0=Unlimited)	Maximum Amount (0=Unlimited)	Maximum Amount (0=Unlimited)	Maximum Amount (0=Unlimited)	Maximum Amount (0=Unlimited)	Maximum Amount (0=Unlimited)	Maximum Amount (0=Unlimited)	Maximum Amount (0=Unlimited)
max_approval_amount	วงเงินอนุมัติสูงสุด (บาท)	Max Approval Amount (Baht)	Max Approval Amount (Baht)	Max Approval Amount (Baht)	Max Approval Amount (Baht)	Max Approval Amount (Baht)	Max Approval Amount (Baht)	Max Approval Amount (Baht)	Max Approval Amount (Baht)	Max Approval Amount (Baht)	Max Approval Amount (Baht)	Max Approval Amount (Baht)
max_approval_amount_label	วงเงินอนุมัติสูงสุด (บาท)	Maximum approval amount (Baht)	最大审批金额（泰铢）	最大承認額（バーツ）	ចំនួនទឹកប្រាក់អនុម័តអតិបរមា (បាត)	최대 승인 금액 (바트)	ວົງເງິນອະນຸມັດສູງສຸດ (ບາດ)	အများဆုံးခွင့်ပြုငွေ (ဘတ်)	Số tiền phê duyệt tối đa (Baht)	Maximum approval amount (Baht)	Maximum approval amount (Baht)	Maximum approval amount (Baht)
max_discount	ส่วนลดสูงสุด	Max Discount	最大折扣	最大割引	ការបញ្ចុះតម្លៃអតិបរមា	최대 할인	ສ່ວນຫຼຸດສູງສຸດ	အများဆုံးလျှော့စျေး	Giảm giá tối đa	Max Discount	Max Discount	Max Discount
max_points_per_bill	แต้มสูงสุดต่อบิล	Max points per bill	每单最大积分	1伝票あたりの最大ポイント	ពិន្ទុអតិបរមាក្នុងមួយវិក្កយបត្រ	건당 최대 포인트	ແຕ້ມສູງສຸດຕໍ່ບິນ	ဘေလ်တစ်ခုလျှင်အများဆုံးအမှတ်	Điểm tối đa mỗi hóa đơn	Max points per bill	Max points per bill	Max points per bill
max_points_per_bill_description	จำนวนแต้มสูงสุดที่ได้ต่อ 1 บิล	Maximum points earned per bill	每单最多可获得的积分	1伝票で獲得できる最大ポイント	ចំនួនពិន្ទុអតិបរមាដែលទទួលបានក្នុងមួយវិក្កយបត្រ	건당 최대 획득 포인트	ຈຳນວນແຕ້ມສູງສຸດທີ່ໄດ້ຕໍ່ 1 ບິນ	ဘေလ်တစ်ခုလျှင်ရရှိနိုင်သောအများဆုံးအမှတ်	Số điểm tối đa nhận được mỗi hóa đơn	Maximum points earned per bill	Maximum points earned per bill	Maximum points earned per bill
max_usage_count	จำนวนครั้งสูงสุดที่ใช้ได้	Max Usage Count	最大使用次数	最大使用回数	ចំនួនប្រើប្រាស់អតិបរមា	최대 사용 횟수	ຈຳນວນການນຳໃຊ້ສູງສຸດ	အများဆုံးအသုံးပြုမှုအရေအတွက်	Số lần sử dụng tối đa	Max Usage Count	Max Usage Count	Max Usage Count
max_usage_per_customer	จำนวนครั้งสูงสุดต่อลูกค้า	Max Usage Per Customer	每位客户最大使用次数	顧客ごとの最大使用回数	ចំនួនប្រើប្រាស់អតិបរមាក្នុងអតិថិជនម្នាក់	고객당 최대 사용 횟수	ຈຳນວນການນຳໃຊ້ສູງສຸດຕໍ່ລູກຄ້າ	ဖောက်သည်တစ်ဦးလျှင် အများဆုံးအသုံးပြုမှု	Số lần sử dụng tối đa cho mỗi khách hàng	Max Usage Per Customer	Max Usage Per Customer	Max Usage Per Customer
maximum_selectable	เลือกได้สูงสุด	Maximum selectable	最多可选	最大選択数	ជ្រើសរើសបានអតិបរមា	최대 선택 가능	ເລືອກໄດ້ສູງສຸດ	အများဆုံးရွေးချယ်နိုင်	Tối đa có thể chọn	Maximum selectable	Maximum selectable	Maximum selectable
mcp_api_key_description	API Key สำหรับให้ AI Assistant (Claude Desktop, n8n) เข้าถึงข้อมูลวิเคราะห์ยอดขาย	API keys for AI assistants (Claude Desktop, n8n) to access sales analytics data	用于 AI 助手（如 Claude Desktop、n8n）访问销售分析数据的 API 密钥	AI アシスタント（Claude Desktop、n8n など）が販売分析データにアクセスするための API キー	សោ API សម្រាប់ AI ជំនួយការ (Claude Desktop, n8n) ដើម្បីចូលប្រើទិន្នន័យវិភាគការលក់	AI 어시스턴트(Claude Desktop, n8n)가 판매 분석 데이터에 액세스하기 위한 API 키	ກະແຈ API ສຳລັບຜູ້ຊ່ວຍ AI (Claude Desktop, n8n) ເພື່ອເຂົ້າເຖິງຂໍ້ມູນການວິເຄາະການຂາຍ	AI အကူအညီများ (Claude Desktop, n8n) အရောင်းခွဲခြမ်းစိတ်ဖြာမှုဒေတာကိုဝင်ရောက်ရန် API သော့များ	Khóa API để trợ lý AI (Claude Desktop, n8n) truy cập dữ liệu phân tích bán hàng	API keys for AI assistants (Claude Desktop, n8n) to access sales analytics data	API keys for AI assistants (Claude Desktop, n8n) to access sales analytics data	API keys for AI assistants (Claude Desktop, n8n) to access sales analytics data
mcp_api_keys	จัดการ MCP API Key	MCP API Keys	MCP API 密钥管理	MCP API キー管理	គ្រប់គ្រងសោ MCP API	MCP API 키 관리	ຈັດການກະແຈ MCP API	MCP API သော့စီမံခန့်ခွဲမှု	Quản lý khóa MCP API	MCP API Keys	MCP API Keys	MCP API Keys
mcp_config_copy_hint	คัดลอก JSON นี้ไปวางใน claude_desktop_config.json	Copy this JSON and paste into claude_desktop_config.json	复制此 JSON 并粘贴到 claude_desktop_config.json 文件中	この JSON をコピーして claude_desktop_config.json に貼り付けてください	ចម្លង JSON នេះហើយបិទភ្ជាប់ក្នុង claude_desktop_config.json	이 JSON을 복사하여 claude_desktop_config.json에 붙여넣으세요	ສຳເນົາ JSON ນີ້ແລ້ວວາງໃນ claude_desktop_config.json	ဤ JSON ကိုကူးယူပြီး claude_desktop_config.json တွင်ကူးထည့်ပါ	Sao chép JSON này và dán vào claude_desktop_config.json	Copy this JSON and paste into claude_desktop_config.json	Copy this JSON and paste into claude_desktop_config.json	Copy this JSON and paste into claude_desktop_config.json
mcp_custom_desc	เลือก tools เองทีละตัว	Select tools individually	逐个选择工具	ツールを個別に選択	ជ្រើសរើសឧបករណ៍ម្តងមួយ	도구를 개별 선택	ເລືອກ tools ເອງທີລະໂຕ	tools များကို တစ်ခုချင်းရွေးပါ	Chọn công cụ từng cái	Select tools individually	Select tools individually	Select tools individually
mcp_custom_description	เลือก tools เองทีละตัว	Select tools individually	Select tools individually	Select tools individually	Select tools individually	Select tools individually	Select tools individually	Select tools individually	Select tools individually	Select tools individually	Select tools individually	Select tools individually
mcp_example_config	ตัวอย่าง Config	Example Config	配置示例	設定例	ឧទាហរណ៍កំណត់	설정 예시	ຕົວຢ່າງການຕັ້ງຄ່າ	ဆက်တင်နမူနာ	Ví dụ cấu hình	Example Config	Example Config	Example Config
mcp_readonly_desc	ดูข้อมูลอย่างเดียว	Read-only access	只读访问	読み取り専用アクセス	មើលទិន្នន័យតែប៉ុណ្ណោះ	읽기 전용 액세스	ເບິ່ງຂໍ້ມູນເທົ່ານັ້ນ	ဖတ်ရန်သာ ခွင့်ပြုချက်	Chỉ xem dữ liệu	Read-only access	Read-only access	Read-only access
mcp_readonly_description	ดูข้อมูลอย่างเดียว — เหมาะกับ Claude Desktop	Read only — suitable for Claude Desktop	Read only — suitable for Claude Desktop	Read only — suitable for Claude Desktop	Read only — suitable for Claude Desktop	Read only — suitable for Claude Desktop	Read only — suitable for Claude Desktop	Read only — suitable for Claude Desktop	Read only — suitable for Claude Desktop	Read only — suitable for Claude Desktop	Read only — suitable for Claude Desktop	Read only — suitable for Claude Desktop
mcp_readwrite_desc	อ่าน+เขียน ทุก tool	Read+Write all tools	读写所有工具	すべてのツールの読み書き	អាន+សរសេរឧបករណ៍ទាំងអស់	모든 도구 읽기+쓰기	ອ່ານ+ຂຽນ ທຸກ tool	tools အားလုံး ဖတ်+ရေး	Đọc+Ghi tất cả công cụ	Read+Write all tools	Read+Write all tools	Read+Write all tools
mcp_readwrite_description	อ่าน+เขียน ทุก tool — เหมาะกับ backend dev	Read+Write all tools — suitable for backend dev	Read+Write all tools — suitable for backend dev	Read+Write all tools — suitable for backend dev	Read+Write all tools — suitable for backend dev	Read+Write all tools — suitable for backend dev	Read+Write all tools — suitable for backend dev	Read+Write all tools — suitable for backend dev	Read+Write all tools — suitable for backend dev	Read+Write all tools — suitable for backend dev	Read+Write all tools — suitable for backend dev	Read+Write all tools — suitable for backend dev
mcp_token	MCP Token	MCP Token	MCP Token	MCP Token	MCP Token	MCP Token	MCP Token	MCP Token	MCP Token	MCP Token	MCP Token	MCP Token
mcp_usage_guide	วิธีใช้: สร้าง API Key → คัดลอก Config → วางใน claude_desktop_config.json	How to use: Create API Key → Copy Claude Desktop config → Paste into config file	使用方法：创建 API Key → 复制 Claude Desktop 配置 → 粘贴到配置文件中即可使用	使い方：API キーを作成 → Claude Desktop 設定をコピー → 設定ファイルに貼り付け	របៀបប្រើ: បង្កើតសោ API → ចម្លងការកំណត់ Claude Desktop → បិទភ្ជាប់ក្នុងឯកសារកំណត់	사용 방법: API 키 생성 → Claude Desktop 설정 복사 → 설정 파일에 붙여넣기	ວິທີໃຊ້: ສ້າງກະແຈ API → ສຳເນົາການຕັ້ງຄ່າ Claude Desktop → ວາງໃນໄຟລ໌ການຕັ້ງຄ່າ	အသုံးပြုနည်း: API သော့ဖန်တီးပါ → Claude Desktop ဆက်တင်ကူးယူပါ → ဆက်တင်ဖိုင်တွင်ကူးထည့်ပါ	Cách sử dụng: Tạo API Key → Sao chép cấu hình Claude Desktop → Dán vào tệp cấu hình	How to use: Create API Key → Copy Claude Desktop config → Paste into config file	How to use: Create API Key → Copy Claude Desktop config → Paste into config file	How to use: Create API Key → Copy Claude Desktop config → Paste into config file
member_only	เฉพาะลูกค้าสมาชิก	Member Only	仅限会员	会員のみ	សម្រាប់តែសមាជិក	회원 전용	ສະເພາະສະມາຊິກ	အသင်းဝင်များသာ	Chỉ dành cho thành viên	Member Only	Member Only	Member Only
member_point_label	คะแนนสะสมสมาชิก	Member Point Accumulation	会员积分	会員ポイント累積	ការប្រមូលពិន្ទុសមាជិក	회원 포인트 적립	ຄະແນນສະສົມສະມາຊິກ	အသင်းဝင်အမှတ်စုဆောင်း	Tích điểm thành viên	Member Point Accumulation	Member Point Accumulation	Member Point Accumulation
menu	เมนู	Menu	菜单	メニュー	ម៉ឺនុយ	메뉴	ເມນູ	မီနူး	Thực đơn	Menu	Menu	Menu
menu_home	หน้าแรก	Home	首页	ホーム	ទំព័រដើម	홈	ໜ້າຫຼັກ	ပင်မစာမျက်နှာ	Trang chủ	Home	Home	Home
menu_master	ข้อมูลหลัก	Master Data	主数据	マスターデータ	ទិន្នន័យមេ	기본 데이터	ຂໍ້ມູນຫຼັກ	အခြေခံဒေတာ	Dữ liệu chính	Master Data	Master Data	Master Data
menu_report	รายงาน	Report	报告	レポート	របាយការណ៍	보고서	ລາຍງານ	အစီရင်ခံစာ	Báo cáo	Report	Report	Report
menu_setup	ค่าเริ่มต้น	Setup	设置	設定	ការកំណត់	설정	ຕັ້ງຄ່າ	တည်ဆောက်ပုံ	Cài đặt	Setup	Setup	Setup
menu_transaction	ข้อมูลประจำวัน	Daily Transaction	每日交易	日次取引	ប្រតិបត្តិការប្រចាំថ្ងៃ	일일 거래	ທຸລະກຳປະຈຳວັນ	နေ့စဉ်ငွေပေးချေမှု	Giao dịch hàng ngày	Daily Transaction	Daily Transaction	Daily Transaction
merchant	ขายหลังร้าน	After Sell	后 销售	後 販売	ក្រោយ លក់	후 판매	ຫຼັງ ຂາຍ	နောက် ရောင်း	Sau Bán	After Sell	After Sell	After Sell
merchant_id	Merchant ID	Merchant ID	Merchant ID	Merchant ID	Merchant ID	Merchant ID	Merchant ID	Merchant ID	Merchant ID	Merchant ID	Merchant ID	Merchant ID
merchant_name	MERCHANT NAME	MERCHANT NAME	MERCHANT NAME	MERCHANT NAME	MERCHANT NAME	MERCHANT NAME	MERCHANT NAME	MERCHANT NAME	MERCHANT NAME	MERCHANT NAME	MERCHANT NAME	MERCHANT NAME
midnight	เที่ยงคืน	Midnight	Midnight	Midnight	Midnight	Midnight	Midnight	Midnight	Midnight	Midnight	Midnight	Midnight
min_amount	จำนวนเงินต่ำสุด	Min Amount	Min Amount	Min Amount	Min Amount	Min Amount	Min Amount	Min Amount	Min Amount	Min Amount	Min Amount	Min Amount
min_amount_baht	วงเงินขั้นต่ำ (บาท)	Minimum Amount (Baht)	Minimum Amount (Baht)	Minimum Amount (Baht)	Minimum Amount (Baht)	Minimum Amount (Baht)	Minimum Amount (Baht)	Minimum Amount (Baht)	Minimum Amount (Baht)	Minimum Amount (Baht)	Minimum Amount (Baht)	Minimum Amount (Baht)
minimum_amount	ยอดขั้นต่ำ	Minimum	最低	最低	អប្បបរមា	최소	ຂັ້ນຕ່ຳ	အနည်းဆုံး	Tối thiểu	Minimum	Minimum	Minimum
minimum_purchase_amount	ยอดซื้อขั้นต่ำ	Minimum Purchase	最低消费	最低購入額	ការទិញអប្បបរមា	최소 구매	ຍອດຊື້ຂັ້ນຕ່ຳ	အနည်းဆုံးဝယ်ယူငွေ	Mua tối thiểu	Minimum Purchase	Minimum Purchase	Minimum Purchase
minus	ลด	Minus	减	マイナス	ដក	빼기	ລົບ	နှုတ်	Trừ	Minus	Minus	Minus
minutes	นาที	Minutes	Minutes	Minutes	Minutes	Minutes	Minutes	Minutes	Minutes	Minutes	Minutes	Minutes
model	รุ่น	Model	型号	モデル	ម៉ូដែល	모델	ຮຸ່ນ	မော်ဒယ်	Mẫu	Model	Model	Model
model_code	รหัสรุ่น	Model Code	型号代码	モデルコード	លេខកូដម៉ូដែល	모델 코드	ລະຫັດຮຸ່ນ	မော်ဒယ်ကုဒ်	Mã mẫu	Model Code	Model Code	Model Code
model_codes	รหัสโมเดล	Model Code	型号代码	モデルコード	លេខកូដម៉ូដែល	모델 코드	ລະຫັດໂມເດວ	မော်ဒယ်ကုဒ်	Mã mẫu	Model Code	Model Code	Model Code
model_name	ชื่อรุ่น	Model Name	型号名称	モデル名	ឈ្មោះម៉ូដែល	모델명	ຊື່ຮຸ່ນ	မော်ဒယ်အမည်	Tên mẫu	Model Name	Model Name	Model Name
mom_comparison	เปรียบเทียบเดือนต่อเดือน	Month-over-Month Comparison	月度对比	月次比較	ប្រៀបធៀបខែចេញខែ	월간 비교	ປຽບທຽບເດືອນຕໍ່ເດືອນ	လအလိုက်နှိုင်းယှဉ်မှု	So sánh tháng	Month-over-Month Comparison	Month-over-Month Comparison	Month-over-Month Comparison
monday	วันจันทร์	Monday	星期一	月曜日	ថ្ងៃច័ន្ទ	월요일	ວັນຈັນ	တနင်္လာနေ့	Thứ Hai	Monday	Monday	Monday
money												
money_change	เงินทอน	Change	找零	お釣り	ប្រាក់អាប់	거스름돈	ເງິນທອນ	အမ်ပြန်	Tiền thối	Change	Change	Change
money_end_day	เงินเข้าสิ้นวัน	End of Day Settlement	日终入账	日末入金	ប្រាក់ចូលចុងថ្ងៃ	당일 마감 입금	ເງິນເຂົ້າສິ້ນວັນ	နေ့ကုန်ငွေဝင်	Tiền vào cuối ngày	End of Day Settlement	End of Day Settlement	End of Day Settlement
money_next_day	เงินเข้าวันถัดไป	Next Day Payment	次日入账	翌日入金	ប្រាក់ចូលថ្ងៃបន្ទាប់	익일 입금	ເງິນເຂົ້າວັນຖັດໄປ	နောက်နေ့ငွေဝင်	Tiền vào ngày hôm sau	Next Day Payment	Next Day Payment	Next Day Payment
money_now	เงินเข้าทันที	Instant Payment	即时入账	即時入金	ប្រាក់ចូលភ្លាម	즉시 입금	ເງິນເຂົ້າທັນທີ	ချက်ခြင်းငွေဝင်	Tiền vào ngay	Instant Payment	Instant Payment	Instant Payment
money_symbol	บาท	Currency symbol	铢	バーツ	បាត	바트	ສັນຍາລັກເງີນ	ဘတ်	Baht	Currency symbol	Currency symbol	Currency symbol
money_transfer	เงินโอน	Bank Transfer	转账	振込	ការផ្ទេរប្រាក់	계좌이체	ເງິນໂອນ	ငွေလွှဲ	Chuyển khoản	Bank Transfer	Bank Transfer	Bank Transfer
month_april	เมษายน	April	四月	4月	មេសា	4월	ເມສາ	ဧပြီ	Tháng Tư	April	April	April
month_august	สิงหาคม	August	八月	8月	សីហា	8월	ສິງຫາ	သြဂုတ်	Tháng Tám	August	August	August
month_december	ธันวาคม	December	十二月	12月	ធ្នូ	12월	ທັນວາ	ဒီဇင်ဘာ	Tháng Mười Hai	December	December	December
month_february	กุมภาพันธ์	February	二月	2月	កុម្ភៈ	2월	ກຸມພາ	ဖေဖော်ဝါရီ	Tháng Hai	February	February	February
month_january	มกราคม	January	一月	1月	មករា	1월	ມັງກອນ	ဇန်နဝါရီ	Tháng Một	January	January	January
month_july	กรกฎาคม	July	七月	7月	កក្កដា	7월	ກໍລະກົດ	ဇူလိုင်	Tháng Bảy	July	July	July
month_june	มิถุนายน	June	六月	6月	មិថុនា	6월	ມິຖຸນາ	ဇွန်	Tháng Sáu	June	June	June
month_march	มีนาคม	March	三月	3月	មីនា	3월	ມີນາ	မတ်	Tháng Ba	March	March	March
month_may	พฤษภาคม	May	五月	5月	ឧសភា	5월	ພຶດສະພາ	မေ	Tháng Năm	May	May	May
month_november	พฤศจิกายน	November	十一月	11月	វិច្ឆិកា	11월	ພະຈິກ	နိုဝင်ဘာ	Tháng Mười Một	November	November	November
month_october	ตุลาคม	October	十月	10月	តុលា	10월	ຕຸລາ	ອောက်ຕູເບີ	Tháng Mười	October	October	October
month_september	กันยายน	September	九月	9月	កញ្ញា	9월	ກັນຍາ	စက်တင်ເບอร์	Tháng Chín	September	September	September
monthly_statement	ยอดประจำงวด	Monthly Statement	月度账单	月次明細	របាយការណ៍ប្រចាំខែ	월별 명세서	ຍອດປະຈຳງວດ	လစဉ်ရှင်းတမ်း	Sao kê hàng tháng	Monthly Statement	Monthly Statement	Monthly Statement
monthly_summary	สรุปรายเดือน	Monthly Summary	月度摘要	月次サマリー	សង្ខេបប្រចាំខែ	월간 요약	ສະຫຼຸບລາຍເດືອນ	လစဉ်အကျဉ်းချုပ်	Tóm tắt hàng tháng	Monthly Summary	Monthly Summary	Monthly Summary
more_errors	ข้อผิดพลาดเพิ่มเติม	More Errors	更多错误	その他のエラー	កំហុសបន្ថែម	추가 오류	ຂໍ້ຜິດພາດເພີ່ມເຕີມ	အမှားများပိုမို	Thêm lỗi	More Errors	More Errors	More Errors
morning	เช้า	Morning	Morning	Morning	Morning	Morning	Morning	Morning	Morning	Morning	Morning	Morning
move	ย้าย	Move	移动	移動	ផ្លាស់ទី	이동	ຍ້າຍ	ရွှေ့	Di chuyển	Move	Move	Move
move_down	เลื่อนลง	Move Down	下移	下に移動	ផ្លាស់ទីចុះក្រោម	아래로 이동	ເລື່ອນລົງ	အောက်ရွှေ့	Di chuyển xuống	Move Down	Move Down	Move Down
move_table	ย้ายโต๊ะ	Move Table	换桌	テーブル移動	ផ្លាស់ទីតុ	테이블 이동	ຍ້າຍໂຕະ	စားပွဲရွှေ့	Chuyển bàn	Move Table	Move Table	Move Table
move_up	เลื่อนขึ้น	Move Up	上移	上に移動	ផ្លាស់ទីឡើងលើ	위로 이동	ເລື່ອນຂຶ້ນ	အပေါ်ရွှေ့	Di chuyển lên	Move Up	Move Up	Move Up
multiple_items	หลายอย่าง	Multiple items	多项	複数	ធាតុច្រើន	여러 개	ຫຼາຍຢ່າງ	များစွာ	Nhiều mục	Multiple items	Multiple items	Multiple items
multiplier_description	คำอธิบายตัวคูณ	Multiplier description	倍数说明	倍率の説明	ការពិពណ៌នាអំពីមេគុណ	배수 설명	ຄຳອະທິບາຍຕົວຄູນ	မြှောက်ကိန်းရှင်းလင်းချက်	Mô tả hệ số nhân	Multiplier description	Multiplier description	Multiplier description
must	ต้องเลือก	Must Select	必选	必須選択	ត្រូវតែជ្រើសរើស	선택 필수	ຕ້ອງເລືອກ	ရွေးချယ်ရမည်	Phải chọn	Must Select	Must Select	Must Select
must_select_approval_role_first	ต้องเลือกบทบาทการอนุมัติก่อน	Must select approval role first	必须先选择审批角色	まず承認役割を選択してください	ត្រូវជ្រើសរើសតួនាទីអនុម័តជាមុន	먼저 승인 역할을 선택해야 합니다	ຕ້ອງເລືອກບົດບາດການອະນຸມັດກ່ອນ	ခွင့်ပြုချက်အခန်းကဏ္ဍကို အရင်ရွေးပါ	Phải chọn vai trò phê duyệt trước	Must select approval role first	Must select approval role first	Must select approval role first
my_form	ฟอร์มของฉัน	My Form	My Form	My Form	My Form	My Form	My Form	My Form	My Form	My Form	My Form	My Form
name	ชื่อ	Name	姓名	名前	ឈ្មោះ	이름	ຊື່	အမည်	Tên	Name	Name	Name
name_1_prefix	ชื่อ 1 :  	Name 1:  	名称 1:  	名前 1：	ឈ្មោះ 1 :  	이름 1:  	ຊື່ 1 :  	အမည် 1 :  	Tên 1:  	Name 1:  	Name 1:  	Name 1:  
name_order_station	ชื่อเครื่อง Order Station	Order Station Name	点餐台名称	オーダーステーション名	ឈ្មោះស្ថានីយកម្ម៉ង់	주문 스테이션 이름	ຊື່ເຄື່ອງສັ່ງອາຫານ	အော်ဒါစက်အမည်	Tên trạm đặt hàng	Order Station Name	Order Station Name	Order Station Name
namepdtype	ชื่อประเภทสินค้า	Product Type Name	产品类型名称	商品タイプ名	ឈ្មោះប្រភេទផលិតផល	제품 유형 이름	ຊື່ປະເພດສິນຄ້າ	ကုန်ပစ္စည်းအမျိုးအစားအမည်	Tên loại sản phẩm	Product Type Name	Product Type Name	Product Type Name
near_out_of_stock	เตือนเมื่อสินค้าใกล้หมด (เหลือต่ำกว่าจุดผลิต)	Alert when product is near out of stock (below reorder point)	产品快没货时提醒（低于再订货点）	商品の在庫が少なくなったときに通知（再発注点を下回る）	ជូនដំណឹងនៅពេលផលិតផលជិតអស់ស្តុក (ក្រោមចំណុចកុម្ម៉ង់ឡើងវិញ)	상품 재고 부족 시 알림 (재주문 시점 미만)	ເຕືອນເມື່ອສິນຄ້າໃກ້ໝົດ (ເຫຼືອຕ່ຳກວ່າຈຸດສັ່ງຊື້)	ကုန်ပစ္စည်းပြတ်လုနီးပါးဖြစ်သောအခါ သတိပေးပါ (ပြန်လည်မှာယူသည့်အမှတ်အောက်)	Cảnh báo khi sản phẩm gần hết hàng (dưới điểm đặt hàng lại)	Alert when product is near out of stock (below reorder point)	Alert when product is near out of stock (below reorder point)	Alert when product is near out of stock (below reorder point)
need_rebuild_calculation_system	เพราะต้องสร้างระบบคำนวณใหม่ทั้งหมด	Because need to rebuild entire calculation system	因为需要重建整个计算系统	計算システム全体を再構築する必要があるため	ព្រោះត្រូវបង្កើតប្រព័ន្ធគណនាថ្មីទាំងអស់	전체 계산 시스템을 재구축해야 하기 때문입니다	ເພາະຕ້ອງສ້າງລະບົບຄິດໄລ່ໃໝ່ທັງຫມົດ	တွက်ချက်မှုစနစ်တစ်ခုလုံးကို ပြန်လည်တည်ဆောက်ရန်လိုအပ်သောကြောင့်	Vì cần xây dựng lại toàn bộ hệ thống tính toán	Because need to rebuild entire calculation system	Because need to rebuild entire calculation system	Because need to rebuild entire calculation system
net_amount	ยอดสุทธิ	Net Amount	Net Amount	Net Amount	Net Amount	Net Amount	Net Amount	Net Amount	Net Amount	Net Amount	Net Amount	Net Amount
net_sales	ยอดขายสุทธิ	Net Sales	净销售额	純売上	ការលក់សុទ្ធ	순매출	ຍອດຂາຍສຸດທິ	အသားတင်အရောင်း	Doanh thu thuần	Net Sales	Net Sales	Net Sales
net_sales_value	มูลค่าขายสุทธิ	Net Sales Value	Net Sales Value	Net Sales Value	Net Sales Value	Net Sales Value	Net Sales Value	Net Sales Value	Net Sales Value	Net Sales Value	Net Sales Value	Net Sales Value
net_value	มูลค่าสุทธิ	Net Value	净值	正味金額	តម្លៃសុទ្ធ	순 가치	ມູນຄ່າສຸດທິ	အသားတင် တန်ဖိုး	Giá trị ròng	Net Value	Net Value	Net Value
new_document	บันทึกเอกสารใหม่	New Document	新建文档	新規書類	ឯកសារថ្មី	새 문서	ເອກະສານໃໝ່	စာရွက်စာတမ်းအသစ်	Tài liệu mới	New Document	New Document	New Document
new_permission_code	รหัสสิทธิ์ใหม่	New Permission Code	New Permission Code	New Permission Code	New Permission Code	New Permission Code	New Permission Code	New Permission Code	New Permission Code	New Permission Code	New Permission Code	New Permission Code
new_permission_name	ชื่อสิทธิ์ใหม่	New Permission Name	New Permission Name	New Permission Name	New Permission Name	New Permission Name	New Permission Name	New Permission Name	New Permission Name	New Permission Name	New Permission Name	New Permission Name
new_work_page	เปิดหน้างานใหม่	Open New Work Page	打开新工作页	新しい作業ページを開く	បើកទំព័រការងារថ្មី	새 작업 페이지 열기	ເປີດໜ້າວຽກໃໝ່	အလုပ်စာမျက်နှာအသစ်ဖွင့်ရန်	Mở Trang Làmệc ới	Open New Work Page	Open New Work Page	Open New Work Page
newest_first	ใหม่สุดก่อน	Newest First	最新优先	新しい順	ថ្មីបំផុតមុន	최신순	ໃໝ່ສຸດກ່ອນ	အသစ်ဆုံးအရင်	Mới nhất trước	Newest First	Newest First	Newest First
next	ถัดไป	Next	下一步	次へ	បន្ទាប់	다음	ຕໍ່ໄປ	နောက်	Tiếp theo	Next	Next	Next
next_page	หน้าถัดไป	Next Page	下一页	次のページ	ទំព័របន្ទាប់	다음 페이지	ໜ້າຕໍ່ໄປ	နောက်စာမျက်နှာ	Trang sau	Next Page	Next Page	Next Page
nextbalanceamount	ยอดสะสม	Accumulated Balance	累计余额	累積残高	សមតុល្យសន្សំ	누적 잔액	ຍອດສະສົມ	စုဆောင်းလက်ကျန်	Số dư tích lũy	Accumulated Balance	Accumulated Balance	Accumulated Balance
no	ไม่	No	不	いいえ	ទេ	아니요	ບໍ່	မဟုတ်ဘူး	Không	No	No	No
no_additional_options	ไม่มีตัวเลือกเพิ่มเติม	No additional options	没有附加选项	追加オプションはありません	គ្មានជម្រើសបន្ថែម	추가 옵션 없음	ບໍ່ມີຕົວເລືອກເພີ່ມເຕີມ	နောက်ထပ်ရွေးချယ်မှုများမရှိပါ	Không có tùy chọn bổ sung	No additional options	No additional options	No additional options
no_api_key	ไม่มี API Key	No API Key	没有API密钥	APIキーがありません	គ្មានកូនសោ API	API 키 없음	ບໍ່ມີ API Key	API Key မရှိပါ	Không có API Key	No API Key	No API Key	No API Key
no_api_keys	ยังไม่มี API Key	No API keys yet	暂无 API 密钥	API キーがまだありません	មិនទាន់មានសោ API ទេ	API 키가 아직 없습니다	ຍັງບໍ່ມີກະແຈ API	API သော့များမရှိသေးပါ	Chưa có khóa API	No API keys yet	No API keys yet	No API keys yet
no_approval_data_for_document	ไม่พบข้อมูลการอนุมัติสำหรับเอกสารนี้	No approval data for this document	No approval data for this document	No approval data for this document	No approval data for this document	No approval data for this document	No approval data for this document	No approval data for this document	No approval data for this document	No approval data for this document	No approval data for this document	No approval data for this document
no_approval_required	ไม่ต้องอนุมัติ	No Approval Required	No Approval Required	No Approval Required	No Approval Required	No Approval Required	No Approval Required	No Approval Required	No Approval Required	No Approval Required	No Approval Required	No Approval Required
no_approval_rules_yet	ยังไม่มีกฎการอนุมัติ	No approval rules yet	No approval rules yet	No approval rules yet	No approval rules yet	No approval rules yet	No approval rules yet	No approval rules yet	No approval rules yet	No approval rules yet	No approval rules yet	No approval rules yet
no_approver_selected_use_permission	ยังไม่ได้เลือกผู้อนุมัติ (จะใช้ระดับสิทธิ์ตรวจสอบแทน)	No approver selected (will use permission level instead)	No approver selected (will use permission level instead)	No approver selected (will use permission level instead)	No approver selected (will use permission level instead)	No approver selected (will use permission level instead)	No approver selected (will use permission level instead)	No approver selected (will use permission level instead)	No approver selected (will use permission level instead)	No approver selected (will use permission level instead)	No approver selected (will use permission level instead)	No approver selected (will use permission level instead)
no_attachments	ไม่มีไฟล์แนบ	No Attachments	No Attachments	No Attachments	No Attachments	No Attachments	No Attachments	No Attachments	No Attachments	No Attachments	No Attachments	No Attachments
no_audit_info	ยังไม่มีข้อมูลประวัติการแก้ไข	No edit history available	No edit history available	No edit history available	No edit history available	No edit history available	No edit history available	No edit history available	No edit history available	No edit history available	No edit history available	No edit history available
no_available_permissions	ไม่มีสิทธิ์ที่ใช้งานได้	No available permissions	No available permissions	No available permissions	No available permissions	No available permissions	No available permissions	No available permissions	No available permissions	No available permissions	No available permissions	No available permissions
no_available_permissions_hint	ยังไม่มีสิทธิ์ที่ใช้งานได้ กรุณาไปที่หน้ากำหนดสิทธิ์เพื่อสร้างสิทธิ์ก่อน	No permissions available. Please go to Permission Definition to create permissions first.	没有可用的权限。请先到权限定义页面创建权限。	利用可能な権限がありません。まず権限定義ページで権限を作成してください。	គ្មានសិទ្ធិដែលអាចប្រើបាន សូមទៅទំព័រកំណត់សិទ្ធិដើម្បីបង្កើតសិទ្ធិជាមុន	사용 가능한 권한이 없습니다. 먼저 권한 정의에서 권한을 만들어 주세요.	ຍັງບໍ່ມີສິດທີ່ໃຊ້ງານໄດ້ ກະລຸນາໄປທີ່ໜ້າກຳນົດສິດເພື່ອສ້າງສິດກ່ອນ	ခွင့်ပြုချက်မရှိသေးပါ။ ခွင့်ပြုချက်သတ်မှတ်ချက်သို့ သွားပြီး ဖန်တီးပါ	Chưa có quyền khả dụng. Vui lòng đến trang Định nghĩa quyền để tạo trước.	No permissions available. Please go to Permission Definition to create permissions first.	No permissions available. Please go to Permission Definition to create permissions first.	No permissions available. Please go to Permission Definition to create permissions first.
no_balance_data	ไม่มีข้อมูลยอดคงเหลือ	No balance data available	没有余额数据	残高データがありません	គ្មានទិន្នន័យសមតុល្យ	잔액 데이터가 없습니다	ບໍ່ມີຂໍ້ມູນຍອດເຫຼືອ	လက်ကျန်ဒေတာ မရှိပါ	Không có dữ liệu tồn kho	No balance data available	No balance data available	No balance data available
no_barcode_cannot_select	รายการนี้ไม่มีบาร์โค้ด ไม่สามารถเลือกเอกสารอ้างอิงได้	This item has no barcode, cannot select reference document	此项目没有条形码，无法选择参考文档	この項目にはバーコードがありません。参照ドキュメントを選択できません	ធាតុនេះមិនមានបាកូដ, មិនអាចជ្រើសរើសឯកសារយោងបានទេ	이 항목에는 바코드가 없습니다. 참조 문서를 선택할 수 없습니다	ລາຍການນີ້ບໍ່ມີບາໂຄດ, ບໍ່ສາມາດເລືອກເອກະສານອ້າງອິງໄດ້	ဤပစ္စည်းတွင် ဘားကုဒ်မရှိပါ၊ ကိုးကားစာရွက်စာတမ်းရွေးချယ်၍မရပါ	Mục này không có mã vạch, không thể chọn tài liệu tham chiếu	This item has no barcode, cannot select reference document	This item has no barcode, cannot select reference document	This item has no barcode, cannot select reference document
no_barcode_data	ไม่มีข้อมูล Barcode	No Barcode data	没有条码数据	バーコードデータがありません	គ្មានទិន្នន័យបាកូដ	바코드 데이터가 없습니다	ບໍ່ມີຂໍ້ມູນ Barcode	ဘားကုဒ်ဒေတာ မရှိပါ	Không có dữ liệu mã vạch	No Barcode data	No Barcode data	No Barcode data
no_bom_this_product	ไม่มีสูตรผลิต	No BOM for this product	此产品无BOM	この商品のBOMはありません	គ្មានរូបមន្តផលិតសម្រាប់ផលិតផលនេះ	이 제품에 대한 BOM 없음	ບໍ່ມີສູດການຜະລິດ	ဤကုန်ပစ္စည်းအတွက် BOM မရှိပါ	Không có BOM cho sản phẩm này	No BOM for this product	No BOM for this product	No BOM for this product
no_branch_found	ไม่พบสาขา	No branch found	未找到分店	支店が見つかりません	រកមិនឃើញសាខា	지점을 찾을 수 없습니다	ບໍ່ພົບສາຂາ	ဘဏ်ခွဲမတွေ့ပါ	Không tìm thấy chi nhánh	No branch found	No branch found	No branch found
no_cart_yet	ยังไม่มีตะกร้า	No carts yet	还没有购物车	カートはまだありません	មិនទាន់មានកន្ត្រកទេ	아직 장바구니가 없습니다	ຍັງບໍ່ມີກະຕ່າ	ဈေးခြင်း မရှိသေးပါ	Chưa có giỏ hàng	No carts yet	No carts yet	No carts yet
no_cash_drawer_items	ไม่พบรายการเงินในลิ้นชัก	No cash drawer items found	未找到现金抽屉记录	キャッシュドロワーの項目が見つかりません	រកមិនឃើញធាតុថតដាក់ប្រាក់	현금 서랍 항목을 찾을 수 없습니다	ບໍ່ພົບລາຍການເງິນໃນລິ້ນຊັກ	ငွေသားအံဆွဲ အရာများ မတွေ့ပါ	Không tìm thấy mục ngăn kéo tiền	No cash drawer items found	No cash drawer items found	No cash drawer items found
no_condition_show_all	ไม่มีเงื่อนไข - แสดงทั้งหมด	No condition - show all	No condition - show all	No condition - show all	No condition - show all	No condition - show all	No condition - show all	No condition - show all	No condition - show all	No condition - show all	No condition - show all	No condition - show all
no_connected_employees	ยังไม่มีพนักงานเชื่อมต่อ	No connected employees	没有已连接的员工	接続済み従業員がいません	មិនទាន់មានបុគ្គលិកភ្ជាប់	연결된 직원이 없습니다	ຍັງບໍ່ມີພະນັກງານເຊື່ອມຕໍ່	ချိတ်ဆက်ထားသော ဝန်ထမ်းမရှိသေးပါ	Chưa có nhân viên kết nối	No connected employees	No connected employees	No connected employees
no_currency_data	ไม่มีข้อมูลสกุลเงิน	No currency data	无货币数据	通貨データなし	គ្មានទិន្នន័យរូបិយប័ណ្ណ	통화 데이터 없음	ບໍ່ມີຂໍ້ມູນສະກຸນເງິນ	ငွေကြေးဒေတာမရှိပါ	Không có dữ liệu tiền tệ	No currency data	No currency data	No currency data
no_custcode	ไม่พบข้อมูล	No data found	未找到数据	データがありません	គ្មានទិន្នន័យ	데이터 없음	ບໍ່ພົບຂໍ້ມູນ	မတွေ့ပါ	Không tìm thấy	No data found	No data found	No data found
no_customers_selected	ยังไม่มีลูกค้าที่เลือก	No customers selected	未选择客户	顧客が選択されていません	មិនបានជ្រើសរើសអតិថិជន	선택된 고객 없음	ຍັງບໍ່ມີລູກຄ້າທີ່ເລືອກ	ဖောက်သည် ရွေးချယ်ထားခြင်းမရှိပါ	Chưa chọn khách hàng	No customers selected	No customers selected	No customers selected
no_data	ไม่มีข้อมูล	No data	无数据	データなし	គ្មានទិន្នន័យ	데이터 없음	ບໍ່ມີຂໍ້ມູນ	ဒေတာမရှိ	Không có dữ liệu	No data	No data	No data
no_parent	ไม่มีโครงการหลัก	No Parent	无上级项目	親なし	គ្មានគម្រោងមេ	상위 없음	ບໍ່ມີໂຄງການຫຼັກ	မူဘောင်မရှိ	Không có dự án cha	No Parent	No Parent	No Parent
no_data_available	ไม่มีข้อมูล	No data available	No data available	No data available	No data available	No data available	No data available	No data available	No data available	No data available	No data available	No data available
no_data_for_selected_criteria	ไม่พบข้อมูลตามเงื่อนไขที่เลือก	No data for selected criteria	No data for selected criteria	No data for selected criteria	No data for selected criteria	No data for selected criteria	No data for selected criteria	No data for selected criteria	No data for selected criteria	No data for selected criteria	No data for selected criteria	No data for selected criteria
no_data_found	ไม่พบข้อมูล	No data found	未找到数据	データがありません	គ្មានទិន្នន័យ	데이터 없음	ບໍ່ພົບຂໍ້ມູນ	မတွေ့ပါ	Không tìm thấy	No data found	No data found	No data found
no_data_found_in_excel	ไม่พบข้อมูลในไฟล์ Excel	No Data Found in Excel File	Excel文件中未找到数据	Excelファイルにデータが見つかりません	រកមិនឃើញទិន្នន័យក្នុងឯកសារ Excel	Excel 파일에 데이터가 없습니다	ບໍ່ພົບຂໍ້ມູນໃນໄຟລ໌ Excel	Excel ဖိုင်တွင် အချက်အလက်မရှိပါ	Không tìm thấy dữ liệu trong file Excel	No Data Found in Excel File	No Data Found in Excel File	No Data Found in Excel File
no_data_matching_criteria	ไม่พบข้อมูลที่ตรงกับเงื่อนไข	No data matching criteria	No data matching criteria	No data matching criteria	No data matching criteria	No data matching criteria	No data matching criteria	No data matching criteria	No data matching criteria	No data matching criteria	No data matching criteria	No data matching criteria
no_data_to_display	ไม่มีข้อมูลที่จะแสดง	No data to display	无数据可显示	表示するデータがありません	គ្មានទិន្នន័យត្រូវបង្ហាញ	표시할 데이터가 없습니다	ບໍ່ມີຂໍ້ມູນທີ່ຈະສະແດງ	ပြသရန်ဒေတာမရှိ	Không có dữ liệu để hiển thị	No data to display	No data to display	No data to display
no_delivery_price_in_pos	POS version : ไม่มีราคา delivery	POS Version: No Delivery Price	POS版本：无配送费	POSバージョン：配送料なし	POS Version: គ្មានតម្លៃដឹកជញ្ជូន	POS 버전: 배달 요금 없음	POS Version: ບໍ່ມີຄ່າຈັດສົ່ງ	POS ဗားရှင်း- ပို့ဆောင်ခမရှိပါ	Phiên bản POS: Không có phí giao hàng	POS Version: No Delivery Price	POS Version: No Delivery Price	POS Version: No Delivery Price
no_detail_data	ไม่พบข้อมูลรายละเอียด	No detail data found	未找到详细数据	詳細データが見つかりません	រកមិនឃើញទិន្នន័យលម្អិត	상세 데이터를 찾을 수 없습니다	ບໍ່ພົບຂໍ້ມູນລາຍລະອຽດ	အသေးစိတ်အချက်အလက် မတွေ့ပါ	Không tìm thấy dữ liệu chi tiết	No detail data found	No detail data found	No detail data found
no_detailed_history_show_creator	ไม่มีประวัติรายละเอียด แสดงผู้สร้างเอกสาร	No detailed history, showing document creator	无详细历史，显示文档创建者	詳細な履歴なし、文書作成者を表示	គ្មានប្រវត្តិលម្អិត បង្ហាញអ្នកបង្កើតឯកសារ	상세 이력 없음, 문서 작성자 표시	ບໍ່ມີປະຫວັດລາຍລະອຽດ ສະແດງຜູ້ສ້າງເອກະສານ	အသေးစိတ်မှတ်တမ်းမရှိ၊ စာရွက်စာတမ်းဖန်တီးသူပြသ	Không có lịch sử chi tiết, hiển thị người tạo tài liệu	No detailed history, showing document creator	No detailed history, showing document creator	No detailed history, showing document creator
no_document_yet	ยังไม่มีเอกสาร	No document yet	暂无文档	まだ文書がありません	មិនទាន់មានឯកសារ	아직 문서가 없습니다	ຍັງບໍ່ມີເອກະສານ	စာရွက်စာတမ်းမရှိသေးပါ	Chưa có tài liệu	No document yet	No document yet	No document yet
no_due_date	ยังไม่ระบุ	Not specified	无到期日	期日なし	គ្មានកាលបរិច្ឆេទផុតកំណត់	만기일 없음	ບໍ່ມີວັນຄົບກຳນົດ	သတ်မှတ်ရက်မရှိ	Không có ngày đến hạn	Not specified	Not specified	Not specified
no_edit_history_found	ไม่พบประวัติการแก้ไข	No edit history found	未找到编辑历史	編集履歴が見つかりません	រកមិនឃើញប្រវត្តិកែសម្រួល	편집 이력을 찾을 수 없습니다	ບໍ່ພົບປະຫວັດການແກ້ໄຂ	တည်းဖြတ်မှတ်တမ်းမတွေ့ပါ	Không tìm thấy lịch sử chỉnh sửa	No edit history found	No edit history found	No edit history found
no_email_line	ไม่มี email/LINE	No email/LINE	No email/LINE	No email/LINE	No email/LINE	No email/LINE	No email/LINE	No email/LINE	No email/LINE	No email/LINE	No email/LINE	No email/LINE
no_exchange_rate_history	ไม่มีประวัติอัตราแลกเปลี่ยน	No exchange rate history	无汇率历史	為替レート履歴なし	គ្មានប្រវត្តិអត្រាប្តូរប្រាក់	환율 이력 없음	ບໍ່ມີປະຫວັດອັດຕາແລກປ່ຽນ	ငွေလဲနှုန်းမှတ်တမ်းမရှိပါ	Không có lịch sử tỷ giá	No exchange rate history	No exchange rate history	No exchange rate history
no_exchange_rate_history_short	ไม่มีประวัติอัตราแลกเปลี่ยน	No exchange rate history	无汇率历史	為替レート履歴なし	គ្មានប្រវត្តិអត្រាប្តូរប្រាក់	환율 이력 없음	ບໍ່ມີປະຫວັດອັດຕາແລກປ່ຽນ	ငွေလဲနှုန်းမှတ်တမ်းမရှိ	Không có lịch sử tỷ giá	No exchange rate history	No exchange rate history	No exchange rate history
no_expiration	ไม่มีวันหมดอายุ	No expiration	无到期时间	有効期限なし	គ្មានកំណត់ផុតកំណត់	만료 없음	ບໍ່ມີວັນໝົດອາຍຸ	သက်တမ်းကုန်ဆုံးမှုမရှိ	Không hết hạn	No expiration	No expiration	No expiration
no_items_in_cart	ไม่มีสินค้าในตะกร้า	No items in cart	购物车中没有商品	カートに商品がありません	គ្មានផលិតផលក្នុងកន្ត្រក	장바구니에 상품이 없습니다	ບໍ່ມີສິນຄ້າໃນກະຕ່າ	ဈေးခြင်းထဲတွင် ပစ္စည်းမရှိပါ	Không có sản phẩm trong giỏ hàng	No items in cart	No items in cart	No items in cart
no_items_yet	ยังไม่มีรายการ	No items yet	暂无项目	まだ項目がありません	មិនទាន់មានធាតុ	아직 항목이 없습니다	ຍັງບໍ່ມີລາຍການ	စာရင်းမရှိသေး	Chưa có mục nào	No items yet	No items yet	No items yet
no_languages_configured	ยังไม่มีการตั้งค่าภาษา	No Languages Configured	尚未配置语言	言語が設定されていません	មិនទាន់មានការកំណត់ភាសាទេ	구성된 언어가 없습니다	ຍັງບໍ່ມີການຕັ້ງຄ່າພາສາ	ဘာသာစကား ပြင်ဆင်သတ်မှတ်ထားခြင်း မရှိသေးပါ	Chưa cấu hình ngôn ngữ	No Languages Configured	No Languages Configured	No Languages Configured
no_location_in_warehouse	ไม่มีที่เก็บในคลังนี้	No locations in this warehouse	此仓库中没有存储位置	この倉庫にはロケーションがありません	គ្មានទីតាំងក្នុងឃ្លាំងនេះ	이 창고에 위치가 없습니다	ບໍ່ມີທີ່ເກັບໃນສາງນີ້	ဤဂိုဒေါင်တွင် တည်နေရာ မရှိပါ	Không có vị trí trong kho này	No locations in this warehouse	No locations in this warehouse	No locations in this warehouse
no_matching_data	ไม่พบข้อมูลที่ตรงกัน	No matching data	无匹配数据	一致するデータがありません	គ្មានទិន្នន័យដែលត្រូវគ្នា	일치하는 데이터 없음	ບໍ່ພົບຂໍ້ມູນທີ່ກົງກັນ	ကိုက်ညီသောဒေတာမတွေ့ပါ	Không có dữ liệu phù hợp	No matching data	No matching data	No matching data
no_mcp_api_keys	ยังไม่มี MCP API Key	No MCP API keys yet	暂无 MCP API 密钥	MCP API キーがまだありません	មិនទាន់មានសោ MCP API ទេ	MCP API 키가 아직 없습니다	ຍັງບໍ່ມີກະແຈ MCP API	MCP API သော့များမရှိသေးပါ	Chưa có khóa MCP API	No MCP API keys yet	No MCP API keys yet	No MCP API keys yet
no_payment	ไม่มีการชำระเงิน	No Payment	无付款	支払いなし	គ្មានការទូទាត់	결제 없음	ບໍ່ມີການຊຳລະເງິນ	ငွေပေးချေမှု မရှိပါ	Không có thanh toán	No Payment	No Payment	No Payment
no_payment_items	ไม่มีรายการชำระเงิน	No payment items	没有付款项目	支払項目がありません	គ្មានធាតុទូទាត់	결제 항목 없음	ບໍ່ມີລາຍການຊຳລະເງິນ	ငွေပေးချေမှု မရှိပါ	Không có khoản thanh toán	No payment items	No payment items	No payment items
no_permission_list	ยังไม่มีรายการสิทธิ์	No permissions found	没有权限列表	権限リストがありません	គ្មានបញ្ជីសិទ្ធិ	권한 목록이 없습니다	ຍັງບໍ່ມີລາຍການສິດ	ခွင့်ပြုချက်စာရင်းမရှိပါ	Chưa có danh sách quyền	No permissions found	No permissions found	No permissions found
no_permission_message	คุณไม่มีสิทธิ์เข้าถึงฟีเจอร์นี้	You do not have permission to access this feature	您没有权限访问此功能	この機能へのアクセス権限がありません	អ្នកមិនមានសិទ្ធិចូលប្រើមុខងារនេះ	이 기능에 접근 권한이 없습니다	ທ່ານບໍ່ມີສິດໃນການເຂົ້າເຖິງຟັງຊັນນີ້	ဤလုပ်ဆောင်ချက်ကို ဝင်ရောက်ခွင့်မရှိပါ	Bạn không có quyền truy cập tính năng này	You do not have permission to access this feature	You do not have permission to access this feature	You do not have permission to access this feature
no_permission_title	ไม่มีสิทธิ์	No Permission	ไม่มีสิทธิ์	権限なし	គ្មានសិទ្ធិ	권한 없음	ບໍ່ມີສິດ	ခွင့်မရှိ	Không có quyền	No Permission	No Permission	No Permission
no_po_number_yet	ยังไม่มีเลขที่ใบสั่งซื้อ	No purchase order number yet	尚无采购订单号	注文番号はまだありません	មិនទាន់មានលេខបញ្ជាទិញទេ	구매 주문 번호가 아직 없습니다	ຍັງບໍ່ມີເລກທີ່ໃບສັ່ງຊື້	ဝယ်ယူမှာကြားလွှာနံပါတ် မရှိသေးပါ	Chưa có số đặt mua hàng	No purchase order number yet	No purchase order number yet	No purchase order number yet
no_print_history	ไม่มีประวัติการพิมพ์	No Print History	没有打印历史	印刷履歴がありません	គ្មានប្រវត្តិបោះពុម្ព	인쇄 기록이 없습니다	ບໍ່ມີປະຫວັດການພິມ	ပုံနှိပ်မှတ်တမ်း မရှိပါ	Không có lịch sử in	No Print History	No Print History	No Print History
no_product_in_po	ไม่มีสินค้าบาร์โค้ดในใบ PO นี้	No product with this barcode in this PO	此采购订单中没有此条形码的产品	このPOにこのバーコードの商品はありません	គ្មានផលិតផលដែលមានបាកូដនេះក្នុង PO នេះទេ	이 PO에 이 바코드를 가진 제품이 없습니다	ບໍ່ມີສິນຄ້າບາໂຄດໃນໃບ PO ນີ້	ဤ PO တွင် ဤဘားကုဒ်ရှိကုန်ပစ္စည်းမရှိပါ	Không có sản phẩm với mã vạch này trong PO này	No product with this barcode in this PO	No product with this barcode in this PO	No product with this barcode in this PO
no_product_items	ยังไม่มีรายการสินค้า	No product items yet	暂无产品项目	まだ商品がありません	មិនទាន់មានធាតុផលិតផល	아직 제품이 없습니다	ຍັງບໍ່ມີລາຍການສິນຄ້າ	ထုတ်ကုန်စာရင်းမရှိသေး	Chưa có mục sản phẩm	No product items yet	No product items yet	No product items yet
no_product_selected	ยังไม่เลือกสินค้า	No Product Selected	未选择产品	商品が選択されていません	មិនបានជ្រើសផលិតផល	선택된 제품이 없습니다	ຍັງບໍ່ໄດ້ເລືອກສິນຄ້າ	ထုတ်ကုန်မရွေးထားပါ	Chưa chọn sản phẩm	No Product Selected	No Product Selected	No Product Selected
no_products_found	ไม่พบรายการสินค้า	No products found	未找到产品	商品が見つかりません	រកមិនឃើញផលិតផល	상품을 찾을 수 없습니다	ບໍ່ພົບສິນຄ້າ	ထုတ်ကုန်မတွေ့ပါ	Không tìm thấy sản phẩm	No products found	No products found	No products found
no_products_in_shelf	ไม่มีสินค้าในชั้นวางนี้	No products in this shelf	此货架上没有商品	この棚には商品がありません	គ្មានផលិតផលនៅក្នុងធ្នើនេះទេ	이 선반에는 상품이 없습니다	ບໍ່ມີສິນຄ້າໃນຊັ້ນວາງນີ້	ဤစင်ပေါ်တွင် ကုန်ပစ္စည်းမရှိပါ	Không có sản phẩm nào trên kệ này	No products in this shelf	No products in this shelf	No products in this shelf
no_products_selected	ไม่มีสินค้าที่เลือก	No products selected	未选择产品	商品が選択されていません	មិនបានជ្រើសរើសផលិតផល	선택된 상품이 없습니다	ບໍ່ມີສິນຄ້າທີ່ເລືອກ	ရွေးချယ်ထားသော ကုန်ပစ္စည်းမရှိပါ	Chưa chọn sản phẩm	No products selected	No products selected	No products selected
no_products_selected_show_all	ไม่มีสินค้าที่เลือก ระบบจะแสดงสินค้าทั้งหมด	No products selected, all products will be shown	No products selected, all products will be shown	No products selected, all products will be shown	No products selected, all products will be shown	No products selected, all products will be shown	No products selected, all products will be shown	No products selected, all products will be shown	No products selected, all products will be shown	No products selected, all products will be shown	No products selected, all products will be shown	No products selected, all products will be shown
no_products_to_add	ไม่พบรายการสินค้าที่จะเพิ่ม	No products found to add	未找到要添加的产品	追加する商品が見つかりません	រកមិនឃើញផលិតផលដើម្បីបន្ថែម	추가할 상품을 찾을 수 없습니다	ບໍ່ພົບສິນຄ້າທີ່ຈະເພີ່ມ	ထည့်သွင်းရန် ကုန်ပစ္စည်းမတွေ့ပါ	Không tìm thấy sản phẩm để thêm	No products found to add	No products found to add	No products found to add
no_products_yet	ยังไม่มีสินค้า	No products yet	还没有商品	商品はまだありません	មិនទាន់មានផលិតផលទេ	아직 상품이 없습니다	ຍັງບໍ່ມີສິນຄ້າ	ကုန်ပစ္စည်း မရှိသေးပါ	Chưa có sản phẩm	No products yet	No products yet	No products yet
no_purchase_doc_yet	ยังไม่มีเลขที่ใบซื้อสินค้า	No purchase document number yet	尚无采购单号	仕入伝票番号はまだありません	មិនទាន់មានលេខឯកសារទិញទេ	구매 문서 번호가 아직 없습니다	ຍັງບໍ່ມີເລກທີ່ໃບຊື້ສິນຄ້າ	ဝယ်ယူမှုစာရွက်စာတမ်းနံပါတ် မရှိသေးပါ	Chưa có số chứng từ mua hàng	No purchase document number yet	No purchase document number yet	No purchase document number yet
no_purchase_partial_report_data	ไม่พบข้อมูลรายงานรับสินค้าแบบทยอยรับ	No partial purchase report data found	未找到部分收货报告数据	部分入荷レポートデータが見つかりません	រកមិនឃើញទិន្នន័យរបាយការណ៍ទិញដោយផ្នែក	부분 입고 보고서 데이터를 찾을 수 없습니다	ບໍ່ພົບຂໍ້ມູນລາຍງານການຮັບສິນຄ້າແບບທະຍອຍຮັບ	တစ်စိတ်တစ်ပိုင်း ဝယ်ယူမှု အစီရင်ခံစာ ဒေတာ မတွေ့ပါ	Không tìm thấy dữ liệu báo cáo nhập hàng từng phần	No partial purchase report data found	No partial purchase report data found	No partial purchase report data found
no_purchase_records	ไม่มีรายการซื้อ	No purchase records	没有采购记录	購入履歴がありません	គ្មានកំណត់ត្រាការទិញ	구매 기록이 없습니다	ບໍ່ມີລາຍການຊື້	ဝယ်ယူမှုမှတ်တမ်း မရှိပါ	Không có giao dịch mua	No purchase records	No purchase records	No purchase records
no_purchase_type_data	ไม่พบข้อมูลประเภทการจัดซื้อ	No purchase type data found	No purchase type data found	No purchase type data found	No purchase type data found	No purchase type data found	No purchase type data found	No purchase type data found	No purchase type data found	No purchase type data found	No purchase type data found	No purchase type data found
no_purchase_types	ยังไม่มีประเภทการจัดซื้อ	No purchase types	No purchase types	No purchase types	No purchase types	No purchase types	No purchase types	No purchase types	No purchase types	No purchase types	No purchase types	No purchase types
no_quotation_types	ยังไม่มีประเภทใบเสนอราคา	No quotation types	No quotation types	No quotation types	No quotation types	No quotation types	No quotation types	No quotation types	No quotation types	No quotation types	No quotation types	No quotation types
no_receive_doc_yet	ยังไม่มีเลขที่ใบรับสินค้า	No receive document number yet	尚无收货单号	入荷伝票番号はまだありません	មិនទាន់មានលេខឯកសារទទួលទេ	입고 문서 번호가 아직 없습니다	ຍັງບໍ່ມີເລກທີ່ໃບຮັບສິນຄ້າ	ကုန်ပစ္စည်းလက်ခံစာရွက်စာတမ်းနံပါတ် မရှိသေးပါ	Chưa có số chứng từ nhận hàng	No receive document number yet	No receive document number yet	No receive document number yet
no_reference_document	ไม่มีเอกสารอ้างอิง	No reference document	无参考文档	参照ドキュメントなし	គ្មានឯកសារយោង	참조 문서 없음	ບໍ່ມີເອກະສານອ້າງອີງ	ကိုးကားစာရွက်စာတမ်း မရှိပါ	Không có tài liệu tham chiếu	No reference document	No reference document	No reference document
no_reference_for_document	ยังไม่มีการอ้างอิงสำหรับเอกสารนี้	No references for this document yet	此文档暂无引用	このドキュメントにはまだ参照がありません	មិនទាន់មានឯកសារយោងសម្រាប់ឯកសារនេះទេ	이 문서에 대한 참조가 아직 없습니다	ຍັງບໍ່ມີການອ້າງອີງສຳລັບເອກະສານນີ້	ဤစာရွက်စာတမ်းအတွက် ကိုးကားချက် မရှိသေးပါ	Chưa có tham chiếu cho tài liệu này	No references for this document yet	No references for this document yet	No references for this document yet
no_report_data	ไม่พบข้อมูลรายงาน	No report data	No report data	No report data	No report data	No report data	No report data	No report data	No report data	No report data	No report data	No report data
no_report_data_for_export	ไม่พบข้อมูลรายงานสำหรับ Export	No report data found for export	未找到导出报告数据	エクスポート用のレポートデータが見つかりません	រកមិនឃើញទិន្នន័យរបាយការណ៍សម្រាប់នាំចេញ	내보낼 보고서 데이터를 찾을 수 없습니다	ບໍ່ພົບຂໍ້ມູນລາຍງານສຳລັບ Export	တင်ပို့ရန် အစီရင်ခံစာ ဒေတာ မတွေ့ပါ	Không tìm thấy dữ liệu báo cáo để xuất	No report data found for export	No report data found for export	No report data found for export
no_sale_doc_yet	ยังไม่มีเลขที่ใบขายสินค้า	No sale document number yet	尚无销售单号	売上伝票番号はまだありません	មិនទាន់មានលេខឯកសារលក់ទេ	판매 문서 번호가 아직 없습니다	ຍັງບໍ່ມີເລກທີ່ໃບຂາຍສິນຄ້າ	အရောင်းစာရွက်စာတမ်းနံပါတ် မရှိသေးပါ	Chưa có số chứng từ bán hàng	No sale document number yet	No sale document number yet	No sale document number yet
no_sale_order_types	ยังไม่มีประเภทใบสั่งขาย	No sale order types	No sale order types	No sale order types	No sale order types	No sale order types	No sale order types	No sale order types	No sale order types	No sale order types	No sale order types	No sale order types
no_sales_records	ไม่มีรายการขาย	No sales records	没有销售记录	売上履歴がありません	គ្មានកំណត់ត្រាការលក់	판매 기록이 없습니다	ບໍ່ມີລາຍການຂາຍ	ရောင်းချမှုမှတ်တမ်း မရှိပါ	Không có giao dịch bán	No sales records	No sales records	No sales records
no_search_results	ไม่พบผลการค้นหา	No search results	无搜索结果	検索結果なし	គ្មានលទ្ធផលស្វែងរក	검색 결과 없음	ບໍ່ພົບຜົນການຄົ້ນຫາ	ရှာဖွေမှုရလဒ်မတွေ့ပါ	Không có kết quả tìm kiếm	No search results	No search results	No search results
no_select_branch	ไม่ได้เลือกสาขา	No branch selected	未选择分店	支店が選択されていません	មិនបានជ្រើសរើសសាខា	지점이 선택되지 않았습니다	ບໍ່ໄດ້ເລືອກສາຂາ	ဆိုင်ခွဲရွေးချယ်ထားခြင်းမရှိပါ	Chưa chọn chi nhánh	No branch selected	No branch selected	No branch selected
no_select_department	ไม่ได้เลือกแผนก	No department selected	未选择部门	部門が選択されていません	មិនបានជ្រើសរើសພະແນກ	부서가 선택되지 않았습니다	ບໍ່ໄດ້ເລືອກພະແນກ	ဌာနရွေးချယ်ထားခြင်းမရှိပါ	Chưa chọn phòng ban	No department selected	No department selected	No department selected
operations	งานประจำ	Operations	日常业务	業務	ប្រតិបត្តិការ	업무	ວຽກປະຈຳ	လုပ်ငန်းဆောင်တာများ	Nghiệp vụ	Operasi	Operasi	Operations
no_select_product	ไม่ได้เลือกสินค้า	No product selected	未选择产品	商品が選択されていません	មិនបានជ្រើសរើសផលិតផល	상품이 선택되지 않았습니다	ບໍ່ໄດ້ເລືອກສິນຄ້າ	ကုန်ပစ္စည်းရွေးချယ်ထားခြင်းမရှိပါ	Chưa chọn sản phẩm	No product selected	No product selected	No product selected
no_setting_table	กรุณาเพิ่มโต๊ะ	Please add a table	请添加桌子	テーブルを追加してください	សូមបន្ថែមតុ	테이블을 추가해주세요	ກະລຸນາເພີ່ມໂຕະ	ကျေးဇူးပြု၍ စားပွဲထည့်ပါ	Vui lòng thêm bàn	Please add a table	Please add a table	Please add a table
no_shelves_yet	ยังไม่มีชั้นวาง	No shelves yet	暂无货架	棚がありません	មិនទាន់មានធ្នើទេ	선반이 없습니다	ຍັງບໍ່ມີຊັ້ນວາງ	စင် မရှိသေးပါ	Chưa có kệ	No shelves yet	No shelves yet	No shelves yet
no_shop_found	ไม่พบร้านค้า	No shop found	未找到商店	店舗が見つかりません	រកមិនឃើញហាង	상점을 찾을 수 없습니다	ບໍ່ພົບຮ້ານຄ້າ	ဆိုင်မတွေ့ပါ	Không tìm thấy cửa hàng	No shop found	No shop found	No shop found
no_slip_images_found	ไม่พบรูปภาพ SLIP	No slip images found	未找到收据图片	スリップ画像が見つかりません	រកមិនឃើញរូបភាព SLIP	슬립 이미지를 찾을 수 없습니다	ບໍ່ພົບຮູບພາບ SLIP	စလစ်ပုံမတွေ့ပါ	Không tìm thấy hình ảnh phiếu	No slip images found	No slip images found	No slip images found
no_so_number_yet	ยังไม่มีเลขที่ใบสั่งขาย	No sales order number yet	尚无销售订单号	受注番号はまだありません	មិនទាន់មានលេខបញ្ជាលក់ទេ	판매 주문 번호가 아직 없습니다	ຍັງບໍ່ມີເລກທີ່ໃບສັ່ງຂາຍ	အရောင်းမှာကြားလွှာနံပါတ် မရှိသေးပါ	Chưa có số đặt bán hàng	No sales order number yet	No sales order number yet	No sales order number yet
no_special_rules	ไม่มีกฎพิเศษ	No special rules	无特殊规则	特別ルールなし	គ្មានច្បាប់ពិសេស	특별 규칙 없음	ບໍ່ມີກົດພິເສດ	အထူးစည်းမျဉ်းမရှိပါ	Không có quy tắc đặc biệt	No special rules	No special rules	No special rules
no_token_please_login_again	ไม่พบ Token การเชื่อมต่อ กรุณาเข้าสู่ระบบใหม่	Connection token not found, please login again	未找到连接令牌，请重新登录	接続トークンが見つかりません。再度ログインしてください	រកមិនឃើញ Token ការតភ្ជាប់ សូមចូលម្តងទៀត	연결 토큰을 찾을 수 없습니다. 다시 로그인해주세요	ບໍ່ພົບ Token ການເຊື່ອມຕໍ່ ກະລຸນາເຂົ້າສູ່ລະບົບໃໝ່	ချိတ်ဆက်မှု တိုကင် မတွေ့ပါ၊ ကျေးဇူးပြု၍ ပြန်လည်ဝင်ရောက်ပါ	Không tìm thấy mã thông báo kết nối, vui lòng đăng nhập lại	Connection token not found, please login again	Connection token not found, please login again	Connection token not found, please login again
no_total_data	ไม่มีข้อมูลยอดรวม	No total data available	No total data available	No total data available	No total data available	No total data available	No total data available	No total data available	No total data available	No total data available	No total data available	No total data available
no_transactions	ไม่มีรายการธุรกรรม	No transactions	无交易记录	取引なし	គ្មានប្រតិបត្តិការ	거래 없음	ບໍ່ມີລາຍການທຸລະກຳ	ငွေပေးချေမှုမရှိပါ	Không có giao dịch	No transactions	No transactions	No transactions
no_transactions_in_period	ไม่มีรายการรับเงินในช่วงเวลาที่เลือก	No transactions in selected period	所选时间段内无交易记录	選択期間に取引がありません	គ្មានប្រតិបត្តិការក្នុងរយៈពេលដែលបានជ្រើសរើស	선택한 기간에 거래가 없습니다	ບໍ່ມີລາຍການໃນຊ່ວງເວລາທີ່ເລືອກ	ရွေးချယ်ထားသော ကာလအတွင်း ငွေပေးချေမှုမရှိပါ	Không có giao dịch trong khoảng thời gian đã chọn	No transactions in selected period	No transactions in selected period	No transactions in selected period
no_users_found	ไม่พบผู้ใช้งาน	No users found	未找到用户	ユーザーが見つかりません	រកមិនឃើញអ្នកប្រើប្រាស់	사용자를 찾을 수 없습니다	ບໍ່ພົບຜູ້ໃຊ້ງານ	အသုံးပြုသူ မတွေ့ပါ	Không tìm thấy người dùng	No users found	No users found	No users found
no_valid_data_in_excel	ไม่พบข้อมูลที่ถูกต้องในไฟล์ Excel	No valid data found in Excel file	Excel文件中未找到有效数据	Excelファイルに有効なデータが見つかりません	រកមិនឃើញទិន្នន័យត្រឹមត្រូវនៅក្នុងឯកសារ Excel	Excel 파일에서 유효한 데이터를 찾을 수 없습니다	ບໍ່ພົບຂໍ້ມູນທີ່ຖືກຕ້ອງໃນໄຟລ໌ Excel	Excel ဖိုင်တွင် မှန်ကန်သော ဒေတာ မတွေ့ပါ	Không tìm thấy dữ liệu hợp lệ trong tệp Excel	No valid data found in Excel file	No valid data found in Excel file	No valid data found in Excel file
no_valid_points_in_file	ไม่พบข้อมูลแต้มที่ถูกต้องในไฟล์ Excel	No valid points data found in Excel file	在Excel文件中未找到有效的积分数据	Excelファイルに有効なポイントデータが見つかりません	រកមិនឃើញទិន្នន័យពិន្ទុត្រឹមត្រូវក្នុងឯកសារ Excel	Excel 파일에서 유효한 포인트 데이터를 찾을 수 없습니다	ບໍ່ພົບຂໍ້ມູນແຕ້ມທີ່ຖືກຕ້ອງໃນໄຟລ໌ Excel	Excel ဖိုင်တွင် မှန်ကန်သောအမှတ်ဒေတာ မတွေ့ပါ	Không tìm thấy dữ liệu điểm hợp lệ trong file Excel	No valid points data found in Excel file	No valid points data found in Excel file	No valid points data found in Excel file
no_video	ไม่มีวีดีโอ	No video	无视频	ビデオなし	គ្មានវីដេអូ	비디오 없음	ບໍ່ມີວິດີໂອ	ဗီဒီယိုမရှိပါ	Không có video	No video	No video	No video
no_wht_entries	ยังไม่มีรายการหัก ณ ที่จ่าย	No withholding tax entries	无预扣税条目	源泉徴収税エントリなし	គ្មានរายការពន្ធកាត់ទុក	원천징수세 항목 없음	ບໍ່ມີລາຍການພາສີຫັກ ນ ທີ່ຈ່າຍ	အခွန်ဖြတ်တောက်မှတ်တမ်းမရှိ	Không có mục thuế khấu trừ	No withholding tax entries	No withholding tax entries	No withholding tax entries
noon	เที่ยง	Noon	Noon	Noon	Noon	Noon	Noon	Noon	Noon	Noon	Noon	Noon
normal	ปกติ	Normal	正常	正常	ធម្មតា	정상	ປົກກະຕິ	ပုံမှန်	Bình thường	Normal	Normal	Normal
normal_size	ขนาดปกติ	Normal Size	正常大小	通常サイズ	ទំហំធម្មតា	기본 크기	ຂະໜາດປົກກະຕິ	ပုံမှန်အရွယ်အစား	Kích thước bình thường	Normal Size	Normal Size	Normal Size
nort_due	ยังไม่ถึงกำหนดชำระ	Not yet due	尚未到期	まだ期限ではありません	មិនទាន់ដល់កំណត់	아직 기한이 아닙니다	ຍັງບໍ່ທັນຮອດກຳນົດ	သတ်မှတ်ရက်မရောက်သေးပါ	Chưa đến hạn	Not yet due	Not yet due	Not yet due
not_activated	ยังไม่เปิดใช้งาน	Not Activated	Not Activated	Not Activated	Not Activated	Not Activated	Not Activated	Not Activated	Not Activated	Not Activated	Not Activated	Not Activated
not_active_pin	ยังไม่ได้ยืนยัน	Not yet verified	尚未验证	未確認	មិនទាន់បានផ្ទៀងផ្ទាត់	아직 확인되지 않음	ຍັງບໍ່ໄດ້ຢືນຢັນ	အတည်မပြုရသေးပါ	Chưa xác minh	Not yet verified	Not yet verified	Not yet verified
not_configured	ยังไม่ได้ตั้งค่า	Not configured	未配置	未設定	មិនទាន់បានកំណត់	미설정	ຍັງບໍ່ໄດ້ຕັ້ງຄ່າ	ပြင်ဆင်မထားသေးပါ	Chưa cấu hình	Not configured	Not configured	Not configured
not_delete_success	ลบไม่สำเร็จ	Delete failed	删除失败	削除に失敗しました	ការលុបបរាជ័យ	삭제 실패	ລຶບບໍ່ສຳເລັດ	ဖျက်မရပါ	Xóa thất bại	Delete failed	Delete failed	Delete failed
not_display	ไม่แสดง	Not Display	Not Display	Not Display	Not Display	Not Display	Not Display	Not Display	Not Display	Not Display	Not Display	Not Display
not_edit_success	แก้ไขไม่สำเร็จ	Edit failed	编辑失败	編集に失敗しました	ការកែសម្រួលបរាជ័យ	편집 실패	ແກ້ໄຂບໍ່ສຳເລັດ	ပြင်ဆင်မရပါ	Chỉnh sửa thất bại	Edit failed	Edit failed	Edit failed
not_export_success	Download ไม่สำเร็จ	Download failed	下载失败	ダウンロードに失敗しました	ការទាញយកបរាជ័យ	다운로드 실패	ດາວໂຫຼດບໍ່ສຳເລັດ	ဒေါင်းလုဒ်မအောင်မြင်ပါ	Tải xuống thất bại	Download failed	Download failed	Download failed
not_found	ไม่พบข้อมูล	Data not found	未找到数据	データが見つかりません	រកមិនឃើញទិន្នន័យ	데이터를 찾을 수 없습니다	ບໍ່ພົບຂໍ້ມູນ	ဒေတာမတွေ့ပါ	Không tìm thấy dữ liệu	Data not found	Data not found	Data not found
not_member	ไม่เป็นสมาชิก	Not a member	非会员	会員ではありません	មិនមែនជាសមាជិក	회원이 아닙니다	ບໍ່ແມ່ນສະມາຊິກ	အဖွဲ့ဝင်မဟုတ်ပါ	Không phải thành viên	Not a member	Not a member	Not a member
not_ready	ไม่พร้อมใช้งาน	Not available	不可用	利用不可	មិនអាចប្រើបាន	사용 불가	ບໍ່ພ້ອມໃຊ້ງານ	မရနိုင်ပါ	Không khả dụng	Not available	Not available	Not available
not_refund	ขอคืนไม่ได้	Non-refundable	不可退款	返金不可	មិនអាចសងប្រាក់វិញបានទេ	환불 불가	ຂໍຄືນບໍ່ໄດ້	ငွေပြန်အမ်းမရပါ	Không thể hoàn tiền	Non-refundable	Non-refundable	Non-refundable
not_required	ไม่บังคับ	Optional	非必填	必須ではありません	មិនចាំបាច់	필수 아님	ບໍ່ບັງຄັບ	မလိုအပ်ပါ	Không bắt buộc	Optional	Optional	Optional
not_selected	ยังไม่ได้เลือก	Not selected	未选择	未選択	មិនទាន់បានជ្រើសរើស	선택되지 않음	ຍັງບໍ່ໄດ້ເລືອກ	ရွေးချယ်မထားပါ	Chưa chọn	Not selected	Not selected	Not selected
not_set	ไม่กำหนด	Not set	未设置	未設定	មិនបានកំណត់	미설정	ບໍ່ໄດ້ກຳນົດ	သတ်မှတ်မထားပါ	Chưa đặt	Not set	Not set	Not set
not_specified	ไม่ระบุ	Not Specified	未指定	未指定	មិនបានបញ្ជាក់	미지정	ບໍ່ໄດ້ລະບຸ	မသတ်မှတ်ထားပါ	Không xác định	Not Specified	Not Specified	Not Specified
not_submitted_for_approval	ยังไม่ได้ส่งขออนุมัติ	Not submitted for approval	尚未提交审批	承認申請されていません	មិនទាន់បានដាក់ស្នើសុំអនុម័តទេ	승인 요청이 제출되지 않았습니다	ຍັງບໍ່ໄດ້ສົ່ງຂໍອະນຸມັດ	ခွင့်ပြုချက်အတွက် မတင်ရသေးပါ	Chưa gửi phê duyệt	Not submitted for approval	Not submitted for approval	Not submitted for approval
not_success_get_apikey	ดึง API Key ไม่สำเร็จ	Failed to Get API Key	获取API密钥失败	APIキーの取得に失敗しました	ទាញយកកូនសោ API មិនបានជោគជ័យ	API 키 가져오기 실패	ດຶງ API Key ບໍ່ສຳເລັດ	API Key ရယူမှုမအောင်မြင်ပါ	Lấy API Key không thành công	Failed to Get API Key	Failed to Get API Key	Failed to Get API Key
not_success_load	โหลดไม่สำเร็จ	Failed to Load	加载失败	読み込みに失敗しました	ផ្ទុកមិនជោគជ័យ	로드 실패	ໂຫລດບໍ່ສຳເລັດ	ဖတ်ရန်မအောင်မြင်ပါ	Tải không thành công	Failed to Load	Failed to Load	Failed to Load
not_success_process_report	ประมวลผลรายงานไม่สำเร็จ	Report processing failed	报告处理失败	レポート処理に失敗しました	ការដំណើរការរបាយការណ៍បរាជ័យ	보고서 처리 실패	ປະມວນຜົນລາຍງານບໍ່ສຳເລັດ	အစီရင်ခံစာ လုပ်ဆောင်မှု မအောင်မြင်ပါ	Xử lý báo cáo thất bại	Report processing failed	Report processing failed	Report processing failed
not_success_save	บันทึกไม่สำเร็จ	Save failed	保存失败	保存に失敗しました	ការរក្សទុកបរាជ័យ	저장 실패	ບັນທຶກບໍ່ສຳເລັດ	သိမ်းဆည်းမရပါ	Lưu thất bại	Save failed	Save failed	Save failed
not_yet_submitted	ยังไม่ส่งขออนุมัติ	Not Yet Submitted	Not Yet Submitted	Not Yet Submitted	Not Yet Submitted	Not Yet Submitted	Not Yet Submitted	Not Yet Submitted	Not Yet Submitted	Not Yet Submitted	Not Yet Submitted	Not Yet Submitted
note	หมายเหตุ	Note	备注	備考	កំណត់ချက်	비고	ໝາຍເຫດ	မှတ်ချက်	Ghi chú	Note	Note	Note
note_hint	กรอกหมายเหตุเพิ่มเติม	Enter additional notes	输入备注...	メモを入力...	បញ្ចូលកំណត់ចំណាំ...	메모 입력...	ໃສ່ບັນທຶກ...	မှတ်ချက်ရိုက်ထည့်...	Nhập ghi chú...	Enter additional notes	Enter additional notes	Enter additional notes
note_label	หมายเหตุ	Note	备注	備考	កំណត់ချက်	비고	ໝາຍເຫດ	မှတ်ချက်	Ghi chú	Note	Note	Note
note_optional	หมายเหตุ (ถ้ามี)	Note (optional)	备注（选填）	メモ（任意）	កំណត់ចំណាំ (ជម្រើស)	메모 (선택)	ບັນທຶກ (ທາງເລືອກ)	မှတ်ချက် (ရွေးချယ်နိုင်)	Ghi chú (tùy chọn)	Note (optional)	Note (optional)	Note (optional)
note_with_colon	หมายเหตุ:	Note:	备注:	備考:	កំណត់ချက်:	비고:	ໝາຍເຫດ:	မှတ်ချက်:	Ghi chú:	Note:	Note:	Note:
notification	การแจ้งเตือน	Notification	Notification	Notification	Notification	Notification	Notification	Notification	Notification	Notification	Notification	Notification
notification_opened	เปิดการแจ้งเตือนแล้ว	Notification opened	通知已打开	通知が開かれました	បានបើកការជូនដំណឹង	알림이 열렸습니다	ເປີດການແຈ້ງເຕືອນແລ້ວ	အသိပေးချက်ဖွင့်ပြီး	Đã mở thông báo	Notification opened	Notification opened	Notification opened
notification_sent	ส่งการแจ้งเตือนแล้ว	Notification sent	通知已发送	通知が送信されました	បានផ្ញើការជូនដំណឹង	알림이 전송되었습니다	ສົ່ງການແຈ້ງເຕືອນແລ້ວ	အသိပေးချက်ပို့ပြီး	Đã gửi thông báo	Notification sent	Notification sent	Notification sent
number	หมายเลข	Number	号码	番号	លេខ	번호	ໝາຍເລກ	နံပါတ်	Số	Number	Number	Number
number_of_collections	จำนวน Collections	Number of Collections	集合数量	コレクション数	ចំនួន Collections	컬렉션 수	ຈຳນວນ Collections	Collections အရေအတွက်	Số lượng Collections	Number of Collections	Number of Collections	Number of Collections
of	จาก	of	从	の	នៃ	의	ຈາກ	၏	trong	of	of	of
off	ปิด	Off	关	オフ	បិទ	끄기	ປິດ	ပိတ်	Tắt	Off	Off	Off
ok	ตกลง	OK	确定	OK	យល់ព្រម	확인	ຕົກລົງ	အိုကေ	OK	OK	OK	OK
oldest_first	เก่าสุดก่อน	Oldest First	最旧优先	古い順	ចាស់បំផុតមុន	오래된순	ເກົ່າສຸດກ່ອນ	အဟောင်းဆုံးအရင်	Cũ nhất trước	Oldest First	Oldest First	Oldest First
on	เปิด	On	开	オン	បើក	켜기	ເປີດ	ဖွင့်	Bật	On	On	On
one	หนึ่ง	One	一	1	មួយ	하나	ໜຶ່ງ	တစ်	Một	One	One	One
one_item_only	1 อย่างเท่านั้น	1 item only	仅限1项	1点のみ	តែ 1 មុខប៉ុណ្ណោះ	1개 항목만	1 ຢ່າງເທົ່ານັ້ນ	၁ ခုသာ	Chỉ 1 mục	1 item only	1 item only	1 item only
only_creator_can_edit	เฉพาะผู้สร้างเอกสารเท่านั้นที่สามารถแก้ไขได้	Only the document creator can edit	只有文档创建者才能编辑	文書作成者のみ編集可能	មានតែអ្នកបង្កើតឯកសារប៉ុណ្ណោះដែលអាចកែសម្រួលបាន	문서 작성자만 편집할 수 있습니다	ສະເພາະຜູ້ສ້າງເອກະສານເທົ່ານັ້ນທີ່ສາມາດແກ້ໄຂໄດ້	စာရွက်စာတမ်းဖန်တီးသူသာတည်းဖြတ်နိုင်သည်	Chỉ người tạo tài liệu mới có thể chỉnh sửa	Only the document creator can edit	Only the document creator can edit	Only the document creator can edit
open	เปิด	Open	打开	開く	បើក	열기	ເປີດ	ဖွင့်	Mở	Open	Open	Open
open_cash_drawer	เปิดลิ้นชัก	Open cash drawer	打开钱箱	キャッシュドロワーを開く	បើកថតសាច់ប្រាក់	현금 서랍 열기	ເປີດລິ້ນຊັກເງິນ	ငွေသေတ္တာဖွင့်	Mở ngăn kéo tiền mặt	Open cash drawer	Open cash drawer	Open cash drawer
open_document	เปิดเอกสาร	Open Document	Open Document	Open Document	Open Document	Open Document	Open Document	Open Document	Open Document	Open Document	Open Document	Open Document
open_document_success	เปิดเอกสารเรียบร้อย	Document opened successfully	Document opened successfully	Document opened successfully	Document opened successfully	Document opened successfully	Document opened successfully	Document opened successfully	Document opened successfully	Document opened successfully	Document opened successfully	Document opened successfully
open_read	เปิดอ่าน	Open to Read	Open to Read	Open to Read	Open to Read	Open to Read	Open to Read	Open to Read	Open to Read	Open to Read	Open to Read	Open to Read
open_shift	เปิดกะ	Open Shift	Open Shift	Open Shift	Open Shift	Open Shift	Open Shift	Open Shift	Open Shift	Open Shift	Open Shift	Open Shift
open_table	เปิดโต๊ะใหม่	Open new table	开设新桌	新しいテーブルを開く	បើកតុថ្មី	새 테이블 열기	ເປີດໂຕະໃໝ່	စားပွဲအသစ်ဖွင့်	Mở bàn mới	Open new table	Open new table	Open new table
opened_system	เปิดระบบ	Opened system	已打开系统	システムを開きました	បានបើកប្រព័ន្ធ	시스템이 열렸습니다	ເປີດລະບົບ	စနစ်ကို ဖွင့်ပြီးပါပြီ	Đã mở hệ thống	Opened system	Opened system	Opened system
operation_started	เริ่มดำเนินการแล้ว	Operation started	操作已开始	操作が開始されました	ប្រតិបត្តិការបានចាប់ផ្តើម	작업이 시작되었습니다	ການດຳເນີນງານເລີ່ມຕົ້ນແລ້ວ	လုပ်ငန်းစဉ်စတင်ပါပြီ	Thao tác đã bắt đầu	Operation started	Operation started	Operation started
option	ตัวเลือก	Option	选项	オプション	ជម្រើស	옵션	ທາງເລືອກ	ရွေးချယ်စရာ	Tùy chọn	Option	Option	Option
option_choices	ตัวเลือก	Option choices	选项	オプションの選択	ជម្រើស	옵션 선택	ທາງເລືອກ	ရွေးချယ်စရာများ	Các tùy chọn	Option choices	Option choices	Option choices
option_detail.add_sub_option	เพิ่มตัวเลือกย่อย	Add sub-option	添加子选项	サブオプションを追加	បន្ថែមជម្រើសរង	하위 옵션 추가	ເພີ່ມທາງເລືອກຍ່ອຍ	ရွေးချယ်စရာအသေးစိတ်ထည့်ပါ	Thêm tùy chọn phụ	Add sub-option	Add sub-option	Add sub-option
option_detail.default_value	ค่าเริ่มต้น	Default value	默认值	デフォルト値	តម្លៃលំនាំដើម	기본값	ຄ່າເລີ່ມຕົ້ນ	မူရင်းတန်ဖိုး	Giá trị mặc định	Default value	Default value	Default value
option_detail.edit_sub_option	แก้ไขตัวเลือกย่อย	Edit sub-option	编辑子选项	サブオプションを編集	កែសម្រួលជម្រើសរង	하위 옵션 편집	ແກ້ໄຂທາງເລືອກຍ່ອຍ	ရွေးချယ်စရာအသေးစိတ်ပြင်ပါ	Chỉnh sửa tùy chọn phụ	Edit sub-option	Edit sub-option	Edit sub-option
option_detail.maximum_quantity	จำนวนสูงสุด	Maximum quantity	最大数量	最大数量	បរិមាណអតិបរមា	최대 수량	ຈຳນວນສູງສຸດ	အများဆုံးအရေအတွက်	Số lượng tối đa	Maximum quantity	Maximum quantity	Maximum quantity
option_detail.option_group_name_1	ชื่อกลุ่มตัวเลือก 1	Option group name 1	选项组名称 1	オプショングループ名 1	ឈ្មោះក្រុមជម្រើស 1	옵션 그룹 이름 1	ຊື່ກຸ່ມທາງເລືອກ 1	ရွေးချယ်စရာအုပ်စုအမည် ၁	Tên nhóm tùy chọn 1	Option group name 1	Option group name 1	Option group name 1
option_detail.option_group_name_2	ชื่อกลุ่มตัวเลือก 2	Option group name 2	选项组名称 2	オプショングループ名 2	ឈ្មោះក្រុមជម្រើស 2	옵션 그룹 이름 2	ຊື່ກຸ່ມທາງເລືອກ 2	ရွေးချယ်စရာအုပ်စုအမည် ၂	Tên nhóm tùy chọn 2	Option group name 2	Option group name 2	Option group name 2
option_detail.option_group_name_3	ชื่อกลุ่มตัวเลือก 3	Option group name 3	选项组名称 3	オプショングループ名 3	ឈ្មោះក្រុមជម្រើស 3	옵션 그룹 이름 3	ຊື່ກຸ່ມທາງເລືອກ 3	ရွေးချယ်စရာအုပ်စုအမည် ၃	Tên nhóm tùy chọn 3	Option group name 3	Option group name 3	Option group name 3
option_detail.option_group_name_4	ชื่อกลุ่มตัวเลือก 4	Option group name 4	选项组名称 4	オプショングループ名 4	ឈ្មោះក្រុមជម្រើស 4	옵션 그룹 이름 4	ຊື່ກຸ່ມທາງເລືອກ 4	ရွေးချယ်စရာအုပ်စုအမည် ၄	Tên nhóm tùy chọn 4	Option group name 4	Option group name 4	Option group name 4
option_detail.option_group_name_5	ชื่อกลุ่มตัวเลือก 5	Option group name 5	选项组名称 5	オプショングループ名 5	ឈ្មោះក្រុមជម្រើស 5	옵션 그룹 이름 5	ຊື່ກຸ່ມທາງເລືອກ 5	ရွေးချယ်စရာအုပ်စုအမည် ၅	Tên nhóm tùy chọn 5	Option group name 5	Option group name 5	Option group name 5
option_detail.please_specify_barcode	กรุณาระบุ Barcode	Please specify Barcode	请输入条形码	バーコードを指定してください	សូមបញ្ជាក់បាកូដ	바코드를 지정해주세요	ກະລຸນາລະບຸ Barcode	ဘားကုဒ်ထည့်ပါ	Vui lòng chỉ định mã vạch	Please specify Barcode	Please specify Barcode	Please specify Barcode
option_detail.please_specify_option_group_name	กรุณาระบุ ชื่อกลุ่มตัวเลือก	Please specify option group name	请输入选项组名称	オプショングループ名を指定してください	សូមបញ្ជាក់ឈ្មោះក្រុមជម្រើស	옵션 그룹 이름을 지정해주세요	ກະລຸນາລະບຸຊື່ກຸ່ມທາງເລືອກ	ရွေးချယ်စရာအုပ်စုအမည်ထည့်ပါ	Vui lòng chỉ định tên nhóm tùy chọn	Please specify option group name	Please specify option group name	Please specify option group name
option_detail.please_specify_price	กรุณาระบุ ราคา	Please specify price	请输入价格	価格を指定してください	សូមបញ្ជាក់តម្លៃ	가격을 지정해주세요	ກະລຸນາລະບຸລາຄາ	စျေးနှုန်းထည့်ပါ	Vui lòng chỉ định giá	Please specify price	Please specify price	Please specify price
option_detail.price	ราคา	Price	价格	価格	តម្លៃ	가격	ລາຄາ	စျေးနှုန်း	Giá	Price	Price	Price
option_detail.quantity	จำนวน	Quantity	数量	数量	បរិមាណ	수량	ຈຳນວນ	အရေအတွက်	Số lượng	Quantity	Quantity	Quantity
option_detail.select_immediately	เลือกให้เลย	Select immediately	立即选择	すぐに選択	ជ្រើសរើសភ្លាមៗ	즉시 선택	ເລືອກທັນທີ	ချက်ချင်းရွေးချယ်ပါ	Chọn ngay	Select immediately	Select immediately	Select immediately
option_detail.suggest_code	รหัสแนะนำ	Suggested code	推荐代码	推奨コード	កូដដែលបានណែនាំ	추천 코드	ລະຫັດແນະນຳ	အကြံပြုကုဒ်	Mã đề xuất	Suggested code	Suggested code	Suggested code
option_detail.unit	หน่วยนับ	Unit	单位	単位	ឯកតា	단위	ຫົວໜ່ວຍ	ယူနစ်	Đơn vị	Unit	Unit	Unit
option_details	รายละเอียดตัวเลือก	Option details	选项详情	オプション詳細	ព័ត៌មានលម្អិតជម្រើស	옵션 상세	ລາຍລະອຽດທາງເລືອກ	ရွေးချယ်စရာအသေးစိတ်	Chi tiết tùy chọn	Option details	Option details	Option details
option_details_example	เช่น ต้องเลือกอย่างน้อย 1 อย่าง, ไม่บังคับ	e.g. Must select at least 1, Optional	例如：必须至少选择1项，非必填	例：少なくとも1つ選択する必要があります、必須ではありません	ឧ. ត្រូវជ្រើសរើសយ៉ាងហោចណាស់ 1, មិនចាំបាច់	예: 최소 1개 선택 필수, 선택 사항	ຕົວຢ່າງ: ຕ້ອງເລືອກຢ່າງໜ້ອຍ 1 ຢ່າງ, ບໍ່ບັງຄັບ	ဥပမာ - အနည်းဆုံး ၁ ခု ရွေးရမည်၊ မလိုအပ်ပါ	ví dụ: Phải chọn ít nhất 1, Tùy chọn	e.g. Must select at least 1, Optional	e.g. Must select at least 1, Optional	e.g. Must select at least 1, Optional
option_example_text	เช่น เยลลี่, ขนาดใหญ่, น้ำตาล 50%	e.g. Jelly, Large size, 50% Sugar	例如：果冻，大号，50%糖	例：ゼリー、Lサイズ、砂糖50%	ឧ. ວຸ້ນ, ទំហំធំ, ស្ករ 50%	예: 젤리, 라지 사이즈, 설탕 50%	ຕົວຢ່າງ: ເຢັນລີ່, ຂະໜາດໃຫຍ່, ນ້ຳຕານ 50%	ဥပမာ - ဂျယ်လီ၊ ဆိုဒ်ကြီး၊ သကြား ၅၀%	ví dụ: Thạch, Cỡ lớn, 50% Đường	e.g. Jelly, Large size, 50% Sugar	e.g. Jelly, Large size, 50% Sugar	e.g. Jelly, Large size, 50% Sugar
option_group_name_1	ชื่อกลุ่มตัวเลือก 1	Option group name 1	选项组名称 1	オプショングループ名 1	ឈ្មោះក្រុមជម្រើស 1	옵션 그룹 이름 1	ຊື່ກຸ່ມທາງເລືອກ 1	ရွေးချယ်စရာအုပ်စုအမည် ၁	Tên nhóm tùy chọn 1	Option group name 1	Option group name 1	Option group name 1
option_group_name_2	ชื่อกลุ่มตัวเลือก 2	Option group name 2	选项组名称 2	オプショングループ名 2	ឈ្មោះក្រុមជម្រើស 2	옵션 그룹 이름 2	ຊື່ກຸ່ມທາງເລືອກ 2	ရွေးချယ်စရာအုပ်စုအမည် ၂	Tên nhóm tùy chọn 2	Option group name 2	Option group name 2	Option group name 2
option_group_name_3	ชื่อกลุ่มตัวเลือก 3	Option group name 3	选项组名称 3	オプショングループ名 3	ឈ្មោះក្រុមជម្រើស 3	옵션 그룹 이름 3	ຊື່ກຸ່ມທາງເລືອກ 3	ရွေးချယ်စရာအုပ်စုအမည် ၃	Tên nhóm tùy chọn 3	Option group name 3	Option group name 3	Option group name 3
option_group_name_4	ชื่อกลุ่มตัวเลือก 4	Option group name 4	选项组名称 4	オプショングループ名 4	ឈ្មោះក្រុមជម្រើស 4	옵션 그룹 이름 4	ຊື່ກຸ່ມທາງເລືອກ 4	ရွေးချယ်စရာအုပ်စုအမည် ၄	Tên nhóm tùy chọn 4	Option group name 4	Option group name 4	Option group name 4
option_group_name_5	ชื่อกลุ่มตัวเลือก 5	Option group name 5	选项组名称 5	オプショングループ名 5	ឈ្មោះក្រុមជម្រើស 5	옵션 그룹 이름 5	ຊື່ກຸ່ມທາງເລືອກ 5	ရွေးချယ်စရာအုပ်စုအမည် ၅	Tên nhóm tùy chọn 5	Option group name 5	Option group name 5	Option group name 5
option_max_select_choice	เลือกได้สูงสุด	Maximum selection	最多选择	最大選択数	ការជ្រើសរើសអតិបរមា	최대 선택	ເລືອກໄດ້ສູງສຸດ	အများဆုံးရွေးချယ်မှု	Chọn tối đa	Maximum selection	Maximum selection	Maximum selection
option_min_select_choice	เลือกได้น้อยสุด	Minimum selection	最少选择	最小選択数	ការជ្រើសរើសអប្បបរមា	최소 선택	ເລືອກໄດ້ໜ້ອຍສຸດ	အနည်းဆုံးရွေးချယ်မှု	Chọn tối thiểu	Minimum selection	Minimum selection	Minimum selection
option_name	ชื่อตัวเลือก	Option name	选项名称	オプション名	ឈ្មោះជម្រើស	옵션 이름	ຊື່ທາງເລືອກ	ရွေးချယ်စရာအမည်	Tên tùy chọn	Option name	Option name	Option name
optional	ไม่จำเป็น	Optional	可选	任意	ជម្រើស	선택 사항	ບໍ່ຈຳເປັນ	ရွေးချယ်နိုင်သည်	Tùy chọn	Optional	Optional	Optional
options	ตัวเลือก	Options	选项	オプション	ជម្រើស	옵션	ທາງເລືອກ	ရွေးချယ်စရာများ	Tùy chọn	Options	Options	Options
options_found	พบตัวเลือก	Options found	找到选项	オプションが見つかりました	បានរកឃើញជម្រើស	옵션 발견	ພົບທາງເລືອກ	ရွေးချယ်စရာများတွေ့ရှိ	Đã tìm thấy tùy chọn	Options found	Options found	Options found
or	หรือ	Or	或	または	ឬ	또는	ຫຼື	သို့မဟုတ်	Hoặc	Or	Or	Or
order	รายการ	Order	订单	注文	ការបញ្ជាទិញ	주문	ລາຍການ	အော်ဒါ	Đơn hàng	Order	Order	Order
order_code	หมายเลข Order Station	Order Station Number	点餐台编号	オーダーステーション番号	លេខស្ថានីយបញ្ជាទិញ	주문 스테이션 번호	ໝາຍເລກ Order Station	အော်ဒါစခန်းနံပါတ်	Số trạm đặt hàng	Order Station Number	Order Station Number	Order Station Number
org_master_data	ข้อมูลองค์กร	Organization Master Data	组织主数据	組織マスターデータ	ទិន្នន័យចម្បងរបស់អង្គភាព	조직 마스터 데이터	ຂໍ້ມູນຫຼັກອົງກອນ	အဖွဲ့အစည်းမာစတာဒေတာ	Dữ liệu chính tổ chức	Organization Master Data	Organization Master Data	Organization Master Data
order_setting	กำหนดเครื่อง Order Station	Order Station Setting	点餐台设置	オーダーステーション設定	ការកំណត់ស្ថានីយបញ្ជាទិញ	주문 스테이션 설정	ກຳນົດເຄື່ອງ Order Station	အော်ဒါစခန်းသတ်မှတ်ချက်	Cài đặt trạm đặt hàng	Order Station Setting	Order Station Setting	Order Station Setting
order_setting_code	รหัสเครื่อง Order Station	Order Station Code	点餐台代码	オーダーステーションコード	កូដស្ថានីយបញ្ជាទិញ	주문 스테이션 코드	ລະຫັດເຄື່ອງ Order Station	အော်ဒါစခန်းကုဒ်	Mã trạm đặt hàng	Order Station Code	Order Station Code	Order Station Code
order_setting_doc_format	รูปแบบเลขที่เอกสาร	Document Number Format	文档编号格式	ドキュメント番号形式	ទម្រង់លេខឯកសារ	문서 번호 형식	ຮູບແບບເລກທີເອກະສານ	စာရွက်စာတမ်းနံပါတ်ပုံစံ	Định dạng số tài liệu	Document Number Format	Document Number Format	Document Number Format
order_station_id_already_exists	รหัสเครื่อง Order Stationซ้ำ	Order Station ID already exists	点餐台ID已存在	オーダーステーションIDは既に存在します	លេខសម្គាល់ស្ថានីយបញ្ជាទិញមានរួចហើយ	주문 스테이션 ID가 이미 존재합니다	ລະຫັດເຄື່ອງ Order Station ຊ້ຳ	အော်ဒါစခန်း ID ရှိပြီးသားဖြစ်သည်	ID trạm đặt hàng đã tồn tại	Order Station ID already exists	Order Station ID already exists	Order Station ID already exists
order_template_setting	ตั้งค่าเครื่อง Order Station	Order Station Template Setting	点餐台模板设置	オーダーステーションテンプレート設定	ការកំណត់គំរូស្ថានីយបញ្ជាទិញ	주문 스테이션 템플릿 설정	ຕັ້ງຄ່າເຄື່ອງ Order Station	အော်ဒါစခန်းပုံစံခွက်သတ်မှတ်ချက်	Cài đặt mẫu trạm đặt hàng	Order Station Template Setting	Order Station Template Setting	Order Station Template Setting
order_template_setting_code	รหัส Order Station	Order Station Code	点餐台代码	オーダーステーションコード	កូដស្ថានីយបញ្ជាទិញ	주문 스테이션 코드	ລະຫັດ Order Station	အော်ဒါစခန်းကုဒ်	Mã trạm đặt hàng	Order Station Code	Order Station Code	Order Station Code
order_type	ประเภทสั่งอาหาร	Order Type	订单类型	注文タイプ	ប្រភេទការបញ្ជាទិញ	주문 유형	ປະເພດການສັ່ງອາຫານ	အော်ဒါအမျိုးအစား	Loại đơn hàng	Order Type	Order Type	Order Type
order_type_code	รหัสประเภทการ Order Station	Order Station Type Code	点餐台类型代码	オーダーステーションタイプコード	កូដប្រភេទស្ថានីយបញ្ជាទិញ	주문 스테이션 유형 코드	ລະຫັດປະເພດການ Order Station	အော်ဒါစခန်းအမျိုးအစားကုဒ်	Mã loại trạm đặt hàng	Order Station Type Code	Order Station Type Code	Order Station Type Code
order_type_name	ชื่อประเภทการ Order Station	Order Station Type Name	点餐台类型名称	オーダーステーションタイプ名	ឈ្មោះប្រភេទស្ថានីយបញ្ជាទិញ	주문 스테이션 유형 이름	ຊື່ປະເພດການ Order Station	အော်ဒါစခန်းအမျိုးအစားအမည်	Tên loại trạm đặt hàng	Order Station Type Name	Order Station Type Name	Order Station Type Name
order_type_search	ค้นหาตามประเภท Order Station	Search by Order Station Type	按点餐台类型搜索	オーダーステーションタイプで検索	ស្វែងរកតាមប្រភេទស្ថានីយបញ្ជាទិញ	주문 스테이션 유형으로 검색	ຄົ້ນຫາຕາມປະເພດ Order Station	အော်ဒါစခန်းအမျိုးအစားဖြင့်ရှာဖွေပါ	Tìm kiếm theo loại trạm đặt hàng	Search by Order Station Type	Search by Order Station Type	Search by Order Station Type
order_will_lost	รายการจะถูกยกเลิก	Order will be cancelled	订单将被取消	注文はキャンセルされます	ការបញ្ជាទិញនឹងត្រូវបានលុបចោល	주문이 취소됩니다	ລາຍການຈະຖືກຍົກເລີກ	အော်ဒါပယ်ဖျက်မည်	Đơn hàng sẽ bị hủy	Order will be cancelled	Order will be cancelled	Order will be cancelled
organize	สถานประกอบการ	Organization	机构	組織	ស្ថាប័ន	조직	ສະຖານປະກອບການ	အဖွဲ့အစည်း	Tổ chức	Organization	Organization	Organization
origin	ต้นทาง	Origin	来源	元	ប្រភពដើម	출발지	ຕົ້ນທາງ	မူလနေရာ	Nguồn gốc	Origin	Origin	Origin
other	อื่น ๆ 	Other	其他	その他	ផ្សេងៗ	기타	ອື່ນໆ	အခြား	Khác	Other	Other	Other
other_document	เอกสารอื่น	Other Document	Other Document	Other Document	Other Document	Other Document	Other Document	Other Document	Other Document	Other Document	Other Document	Other Document
other_reports	รายงานอื่นๆ	Other reports	其他报告	その他のレポート	របាយការណ៍ផ្សេងៗ	기타 보고서	ລາຍງານອື່ນໆ	အခြားအစီရင်ခံစာများ	Báo cáo khác	Other reports	Other reports	Other reports
over_received	รับเกิน	Over Received	超收	超過受領	ទទួលលើស	초과 입고	ຮັບເກີນ	ပိုလက်ခံပြီး	Nhận vượt	Over Received	Over Received	Over Received
others	อื่นๆ	Others	Others	Others	Others	Others	Others	Others	Others	Others	Others	Others
otp.message_sent	ระบบได้ทำการส่ง OTP ไปที่หมายเลขโทรศัพท์	The system has sent OTP to the phone number	系统已将OTP发送到电话号码	システムは電話番号にOTPを送信しました	ប្រព័ន្ធបានផ្ញើ OTP ទៅកាន់លេខទូរស័ព្ទ	시스템이 전화번호로 OTP를 발송했습니다	ລະບົບໄດ້ສົ່ງ OTP ໄປທີ່ເບີໂທລະສັບ	စနစ်သည် ဖုန်းနံပါတ်သို့ OTP ပေးပို့ခဲ့သည်	Hệ thống đã gửi OTP đến số điện thoại	The system has sent OTP to the phone number	The system has sent OTP to the phone number	The system has sent OTP to the phone number
otp.verify_button	ยืนยัน	Verify	确认	確認	បញ្ជាក់	확인	ຢືນຢັນ	အတည်ပြု	Xác nhận	Verify	Verify	Verify
otp.verify_identity	ยืนยันตัวตน	Verify Identity	验证身份	本人確認	បញ្ជាក់អត្តសញ្ញាណ	신원 확인	ຢືນຢັນຕົວຕົນ	အထောက်အထားအတည်ပြု	Xác minh danh tính	Verify Identity	Verify Identity	Verify Identity
out	ออก	Out	出	出	ចេញ	출	ອອກ	ထွက်	Ra	Out	Out	Out
out_of_stock	เตือนเมื่อสินค้าหมด	Out of stock alert	缺货提醒	在庫切れアラート	ជូនដំណឹងនៅពេលអស់ស្តុក	재고 부족 알림	ແຈ້ງເຕືອນເມື່ອສິນຄ້າໝົດ	ပစ္စည်းကုန်သွားကြောင်း သတိပေးချက်	Cảnh báo hết hàng	Out of stock alert	Out of stock alert	Out of stock alert
outgoing	ออกไป	Outgoing	传出	送信	ចេញទៅ	발신	ອອກໄປ	ထွက်သွား	Đi	Outgoing	Outgoing	Outgoing
owner	เจ้าของ	Owner	所有者	所有者	ម្ចាស់	소유자	ເຈົ້າຂອງ	ပိုင်ရှင်	Chủ sở hữu	Owner	Owner	Owner
pack	แพ็ค	Pack	包	パック	កញ្ចប់	팩	ແພັກ	ထုပ်	Gói	Pack	Pack	Pack
page	หน้า	Page	页	ページ	ទំព័រ	페이지	ໜ້າ	စာမျက်နှာ	Trang	Page	Page	Page
page_number	หน้า	Page	Page	Page	Page	Page	Page	Page	Page	Page	Page	Page
paid	รับชำระ	Receive Payment	收款	支払いを受け取る	ទទួលការទូទាត់	결제 받기	ຮັບຊຳລະ	ငွေလက်ခံ	Nhận thanh toán	Receive Payment	Receive Payment	Receive Payment
paid_close	ปิดยอด	Close Balance	结账	残高を閉じる	បិទยอด	잔액 마감	ປິດຍອດ	စာရင်းပိတ်	Chốt số dư	Close Balance	Close Balance	Close Balance
paid_input	ระบุจำนวนเงิน	Enter Amount	输入金额	金額を入力	បញ្ចូលចំនួនទឹកប្រាក់	금액 입력	ລະບຸຈຳນວນເງິນ	ပမာဏထည့်ပါ	Nhập số tiền	Enter Amount	Enter Amount	Enter Amount
paid_select	เลือกรายการ	Select Item	选择项目	項目を選択	ជ្រើសរើសធាតុ	항목 선택	ເລືອກລາຍການ	ပစ္စည်းရွေးချယ်ပါ	Chọn mục	Select Item	Select Item	Select Item
paid_type	ประเภทการชำระ	Payment Type	支付类型	支払いタイプ	ប្រភេទការទូទាត់	결제 유형	ປະເພດການຊຳລະ	ငွေပေးချေမှုအမျိုးအစား	Loại thanh toán	Payment Type	Payment Type	Payment Type
paper_orientation	ทิศทางกระดาษ	Paper Orientation	纸张方向	用紙の向き	ទិសដៅក្រដាស	용지 방향	ທິດທາງເຈ້ຍ	စက္ကူဦးတည်ချက်	Hướng giấy	Paper Orientation	Paper Orientation	Paper Orientation
paper_size	ขนาดกระดาษ	Paper Size	纸张大小	用紙サイズ	ទំហំក្រដាស	용지 크기	ຂະໜາດເຈ້ຍ	စက္ကူအရွယ်အစား	Kích thước giấy	Paper Size	Paper Size	Paper Size
partial_receive	รับสินค้าบางส่วน	Partial Receive	Partial Receive	Partial Receive	Partial Receive	Partial Receive	Partial Receive	Partial Receive	Partial Receive	Partial Receive	Partial Receive	Partial Receive
partially_received	ยังรับไม่ครบ	Partially Received	Partially Received	Partially Received	Partially Received	Partially Received	Partially Received	Partially Received	Partially Received	Partially Received	Partially Received	Partially Received
parent_project	โครงการหลัก	Parent Project	主项目	親プロジェクト	គម្រោងមេ	상위 프로젝트	ໂຄງການຫຼັກ	မူဘောင်စီမံကိန်း	Dự án cha	Parent Project	Parent Project	Parent Project
pass_book	เลขที่บัญชี	Account Number	帐号	口座番号	លេខគណនី	계좌 번호	ເລກບັນຊີ	အကောင့်နံပါတ်	Số tài khoản	Account Number	Account Number	Account Number
pass_book_branch	สาขาธนาคาร	Bank Branch	银行分行	銀行支店	សាខាធនាគារ	은행 지점	ສາຂາທະນາຄານ	ဘဏ်ခွဲ	Chi nhánh ngân hàng	Bank Branch	Bank Branch	Bank Branch
passbook												
passbook_code												
passed	ผ่าน	Passed	通过	合格	ជាប់	통과	ຜ່ານ	အောင်	Đạt	Passed	Passed	Passed
password	รหัสผ่าน	Password	密码	パスワード	ពាក្យសម្ងាត់	비밀번호	ລະຫັດຜ່ານ	စကားဝှက်	Mật khẩu	Password	Password	Password
pattern	รูปแบบสินค้า	Product Pattern	产品款式	製品パターン	គំរូផលិតផល	제품 패턴	ຮູບແບບສິນຄ້າ	ကုန်ပစ္စည်းပုံစံ	Mẫu sản phẩm	Product Pattern	Product Pattern	Product Pattern
pattern_code	รหัสรูปแบบ	Pattern Code	款式代码	パターンコード	កូដគំរូ	패턴 코드	ລະຫັດຮູບແບບ	ပုံစံကုဒ်	Mã mẫu	Pattern Code	Pattern Code	Pattern Code
pattern_codes	รหัสลาย	Pattern Code	花纹代码	パターンコード	កូដគំរូ	패턴 코드	ລະຫັດລາຍ	ပုံစံကုဒ်	Mã hoa văn	Pattern Code	Pattern Code	Pattern Code
pattern_name	ชื่อรูปแบบ	Pattern Name	款式名称	パターン名	ឈ្មោះគំរូ	패턴 이름	ຊື່ຮູບແບບ	ပုံစံအမည်	Tên mẫu	Pattern Name	Pattern Name	Pattern Name
pay	จ่ายชำระ	Pay	支付	支払う	បង់ប្រាក់	지불	ຈ່າຍຊຳລະ	ပေးချေ	Thanh toán	Pay	Pay	Pay
pay_advance	จ่ายล่วงหน้า	Pay Advance	Pay Advance	Pay Advance	Pay Advance	Pay Advance	Pay Advance	Pay Advance	Pay Advance	Pay Advance	Pay Advance	Pay Advance
pay_amount	ชำระเงิน	Pay Amount	支付金额	支払金額	ចំនួនទឹកប្រាក់បង់	지불 금액	ຈຳນວນເງິນທີ່ຈ່າຍ	ပေးချေငွေပမာဏ	Số tiền thanh toán	Pay Amount	Pay Amount	Pay Amount
pay_channel	ช่องทางการจ่ายชำระเงิน	Payment Channel	支付渠道	支払いチャネル	ច្រកទូទាត់	결제 채널	ຊ່ອງທາງການຊຳລະ	ငွေပေးချေမှုလမ်းကြောင်း	Kênh thanh toán	Payment Channel	Payment Channel	Payment Channel
pay_deposit	จ่ายเงินมัดจำ	Pay Deposit	支付押金	保証金を支払う	បង់ប្រាក់កក់	보증금 지불	ຈ່າຍເງິນມັດຈຳ	စပေါ်ငွေပေးချေ	Thanh toán tiền đặt cọc	Pay Deposit	Pay Deposit	Pay Deposit
payment_amount	ยอดชำระ	Payment Amount	付款金额	支払額	ចំនួនទឹកប្រាក់ទូទាត់	결제 금액	ຍອດຊຳລະ	ပေးချေငွေပမာဏ	Số tiền thanh toán	Payment Amount	Payment Amount	Payment Amount
payment_cash	เงินสด	Cash	现金	現金	សាច់ប្រាក់	현금	ເງິນສົດ	ငွေသား	Tiền mặt	Cash	Cash	Cash
payment_cheque	เช็ค	Cheque	支票	小切手	មូលប្បទានប័ត្រ	수표	ເຊັກ	ချက်လက်မှတ်	Séc	Cheque	Cheque	Cheque
payment_coupon	คูปอง	Coupon	优惠券	クーポン	ប័ណ្ណ	쿠폰	ຄູປອງ	ကူပွန်	Phiếu giảm giá	Coupon	Coupon	Coupon
payment_credit	เงินเชื่อ	Credit	赊账	クレジット	ឥណទាន	외상	ເງິນເຊື່ອ	အကြွေး	Tín dụng	Credit	Credit	Credit
payment_credit_card	บัตรเครดิต	Credit Card	信用卡	クレジットカード	កាតឥណទាន	신용카드	ບັດເຄຣດິດ	ခရက်ဒစ်ကဒ်	Thẻ tín dụng	Credit Card	Credit Card	Credit Card
payment_daily_after_round_column	หลังปัดเศษ	After Rounding	四舍五入后	四捨五入後	បន្ទាប់ពីបង្គត់	반올림 후	ຫຼັງປັດເສດ	အနီးစပ်ဆုံးယူပြီးနောက်	Sau khi làm tròn	After Rounding	After Rounding	After Rounding
payment_daily_cash_column	เงินสด	Cash	现金	現金	សាច់ប្រាក់	현금	ເງິນສົດ	ငွေသား	Tiền mặt	Cash	Cash	Cash
payment_daily_cheque_column	เช็ค	Cheque	支票	小切手	មូលប្បទានប័ត្រ	수표	ເຊັກ	ချက်လက်မှတ်	Séc	Cheque	Cheque	Cheque
payment_daily_coupon_column	คูปอง	Coupon	优惠券	クーポン	ប័ណ្ណ	쿠폰	ຄູປອງ	ကူပွန်	Phiếu giảm giá	Coupon	Coupon	Coupon
payment_daily_credit_card_column	บัตรเครดิต	Credit Card	信用卡	クレジットカード	កាតឥណទាន	신용카드	ບັດເຄຣດິດ	ခရက်ဒစ်ကဒ်	Thẻ tín dụng	Credit Card	Credit Card	Credit Card
payment_daily_date_column	วันที่	Date	日期	日付	កាលបរិច្ឆេទ	날짜	ວັນທີ	ရက်စွဲ	Ngày	Date	Date	Date
payment_daily_net_payment_column	ชำระสุทธิ	Net Payment	净付款	正味支払額	ការទូទាត់សុទ្ធ	순 결제액	ຊຳລະສຸດທິ	အသားတင်ပေးချေငွေ	Thanh toán ròng	Net Payment	Net Payment	Net Payment
payment_daily_no_data	ไม่พบข้อมูลการชำระเงิน	No payment data found	未找到付款数据	支払いデータが見つかりません	រកមិនឃើញទិន្នន័យទូទាត់ទេ	결제 데이터를 찾을 수 없습니다	ບໍ່ພົບຂໍ້ມູນການຊຳລະເງິນ	ငွေပေးချေမှုဒေတာမတွေ့ပါ	Không tìm thấy dữ liệu thanh toán	No payment data found	No payment data found	No payment data found
payment_daily_qr_code_column	QR Code	QR Code	二维码	QRコード	QR Code	QR 코드	QR Code	QR ကုဒ်	Mã QR	QR Code	QR Code	QR Code
payment_daily_round_amount_column	มูลค่าปัดเศษ	Rounding Value	舍入金额	端数処理額	តម្លៃបង្គត់	반올림 금액	ມູນຄ່າປັດເສດ	အနီးစပ်ဆုံးယူထားသောပမာဏ	Giá trị làm tròn	Rounding Value	Rounding Value	Rounding Value
payment_daily_total_amount_column	มูลค่ารวม	Total Value	总金额	合計金額	តម្លៃសរុប	총 금액	ມູນຄ່າລວມ	စုစုပေါင်းပမာဏ	Tổng giá trị	Total Value	Total Value	Total Value
payment_daily_transfer_column	เงินโอน	Transfer	转账	振込	ផ្ទេរប្រាក់	이체	ໂອນເງິນ	ငွေလွှဲ	Chuyển khoản	Transfer	Transfer	Transfer
payment_detail	รายละเอียดการชำระเงิน	Payment Detail	付款明细	支払い詳細	ព័ត៌មានលម្អិតនៃការទូទាត់	결제 상세	ລາຍລະອຽດການຊຳລະເງິນ	ငွေပေးချေမှု အသေးစိတ်	Chi tiết thanh toán	Payment Detail	Payment Detail	Payment Detail
payment_details	รายละเอียดการจ่ายเงิน	Payment Details	付款详情	支払い詳細	ព័ត៌មានលម្អិតការទូទាត់	결제 상세	ລາຍລະອຽດການຊຳລະເງິນ	ငွေပေးချေမှုအသေးစိတ်	Chi tiết thanh toán	Payment Details	Payment Details	Payment Details
payment_doc	เอกสารจ่ายเงิน	Payment Document	付款单	支払伝票	ឯកសារបង់ប្រាក់	지불 문서	ເອກະສານຈ່າຍເງິນ	ငွေပေးချေမှုစာရွက်စာတမ်း	Chứng từ thanh toán	Payment Document	Payment Document	Payment Document
payment_info	ข้อมูลยอดเงิน	Payment Info	Payment Info	Payment Info	Payment Info	Payment Info	Payment Info	Payment Info	Payment Info	Payment Info	Payment Info	Payment Info
payment_less	ยอดจ่ายเงินน้อยกว่ามูลค่าเอกสาร	Payment less than document value	付款金额少于单据金额	支払額がドキュメント金額未満です	ការទូទាត់តិចជាងតម្លៃឯកសារ	결제 금액이 문서 금액보다 적습니다	ຍອດຊຳລະໜ້ອຍກວ່າມູນຄ່າເອກະສານ	ပေးချေငွေသည် စာရွက်စာတမ်းတန်ဖိုးထက်နည်းနေသည်	Thanh toán ít hơn giá trị tài liệu	Payment less than document value	Payment less than document value	Payment less than document value
payment_list	รายการชำระเงิน	Payment List	付款列表	支払いリスト	បញ្ជីការទូទាត់	결제 목록	ລາຍການຊຳລະເງິນ	ငွေပေးချေမှုစာရင်း	Danh sách thanh toán	Payment List	Payment List	Payment List
payment_over	ยอดจ่ายเงินเกินมูลค่าเอกสาร	Payment over document value	付款金额超过单据金额	支払額がドキュメント金額を超えています	ការទូទាត់លើសតម្លៃឯកសារ	결제 금액이 문서 금액을 초과합니다	ຍອດຊຳລະເກີນມູນຄ່າເອກະສານ	ပေးချေငွေသည် စာရွက်စာတမ်းတန်ဖိုးထက်ကျော်လွန်နေသည်	Thanh toán vượt quá giá trị tài liệu	Payment over document value	Payment over document value	Payment over document value
payment_qr_code	QR Code	QR Code	二维码	QRコード	QR Code	QR 코드	QR Code	QR ကုဒ်	Mã QR	QR Code	QR Code	QR Code
payment_received_report_by_date	รายงานรับเงิน ตามวันที่	Payment Received Report by Date	按日期收款报告	日付別入金レポート	របាយការណ៍ទទួលប្រាក់តាមកាលបរិច្ឆេទ	날짜별 입금 보고서	ລາຍງານຮັບເງິນຕາມວັນທີ	ရက်စွဲအလိုက် ငွေလက်ခံရရှိမှု အစီရင်ခံစာ	Báo cáo nhận tiền theo ngày	Payment Received Report by Date	Payment Received Report by Date	Payment Received Report by Date
payment_rounding	การปัดเศษ	Rounding	舍入	端数処理	ការបង្គត់	반올림	ການປັດເສດ	အနီးစပ်ဆုံးယူခြင်း	Làm tròn	Rounding	Rounding	Rounding
payment_transfer	โอนเงิน	Transfer	转账	振込	ផ្ទេរប្រាក់	이체	ໂອນເງິນ	ငွေလွှဲ	Chuyển khoản	Transfer	Transfer	Transfer
pdf.save_dialog_title	บันทึกไฟล์ PDF	Save PDF File	保存PDF文件	PDFファイルを保存	រក្សាទុកឯកសារ PDF	PDF 파일 저장	ບັນທຶກໄຟລ໌ PDF	PDF ဖိုင်သိမ်းဆည်းပါ	Lưu tệp PDF	Save PDF File	Save PDF File	Save PDF File
pdf.save_success	บันทึกไฟล์เรียบร้อยแล้ว	File saved successfully	文件保存成功	ファイルが正常に保存されました	ឯកសារត្រូវបានរក្សាទុកដោយជោគជ័យ	파일이 성공적으로 저장되었습니다	ບັນທຶກໄຟລ໌ສຳເລັດແລ້ວ	ဖိုင်သိမ်းဆည်းမှု အောင်မြင်သည်	Tệp đã được lưu thành công	File saved successfully	File saved successfully	File saved successfully
pdf_approver	ผู้อนุมัติ	Approver	Approver	Approver	Approver	Approver	Approver	Approver	Approver	Approver	Approver	Approver
pdf_approver_sign	ผู้อนุมัติ.......................................................	Approver	Approver	Approver	Approver	Approver	Approver	Approver	Approver	Approver	Approver	Approver
pdf_approver_sign_long	ผู้อนุมัติ................................................................	Approver	Approver	Approver	Approver	Approver	Approver	Approver	Approver	Approver	Approver	Approver
pdf_credit_note_tax_invoice	ใบลดหนี้/ใบกำกับภาษี	Credit Note/Tax Invoice	Credit Note/Tax Invoice	Credit Note/Tax Invoice	Credit Note/Tax Invoice	Credit Note/Tax Invoice	Credit Note/Tax Invoice	Credit Note/Tax Invoice	Credit Note/Tax Invoice	Credit Note/Tax Invoice	Credit Note/Tax Invoice	Credit Note/Tax Invoice
pdf_date_sign	วันที่.......................................................	Date	Date	Date	Date	Date	Date	Date	Date	Date	Date	Date
pdf_date_sign_medium	วันที่........................................	Date	Date	Date	Date	Date	Date	Date	Date	Date	Date	Date
pdf_date_sign_medium2	วันที่...................................	Date	Date	Date	Date	Date	Date	Date	Date	Date	Date	Date
pdf_date_sign_short	วันที่.......................................	Date	Date	Date	Date	Date	Date	Date	Date	Date	Date	Date
pdf_date_sign_short2	วันที่ ........................	Date	Date	Date	Date	Date	Date	Date	Date	Date	Date	Date
pdf_deliverer	ผู้นำส่ง	Deliverer	Deliverer	Deliverer	Deliverer	Deliverer	Deliverer	Deliverer	Deliverer	Deliverer	Deliverer	Deliverer
pdf_discount	หัก ส่วนลด	Less: Discount	Less: Discount	Less: Discount	Less: Discount	Less: Discount	Less: Discount	Less: Discount	Less: Discount	Less: Discount	Less: Discount	Less: Discount
pdf_due_date	วันครบกำหนด	Due Date	Due Date	Due Date	Due Date	Due Date	Due Date	Due Date	Due Date	Due Date	Due Date	Due Date
pdf_exchange_rate_label	อัตราแลกเปลี่ยน:	Exchange Rate:	Exchange Rate:	Exchange Rate:	Exchange Rate:	Exchange Rate:	Exchange Rate:	Exchange Rate:	Exchange Rate:	Exchange Rate:	Exchange Rate:	Exchange Rate:
pdf_font_setting	Font สำหรับ PDF	PDF Font Setting	PDF Font Setting	PDF Font Setting	PDF Font Setting	PDF Font Setting	PDF Font Setting	PDF Font Setting	PDF Font Setting	PDF Font Setting	PDF Font Setting	PDF Font Setting
pdf_goods_receiver	ผู้รับสินค้า	Goods Receiver	Goods Receiver	Goods Receiver	Goods Receiver	Goods Receiver	Goods Receiver	Goods Receiver	Goods Receiver	Goods Receiver	Goods Receiver	Goods Receiver
pdf_goods_sender	ผู้ส่งสินค้า	Goods Sender	Goods Sender	Goods Sender	Goods Sender	Goods Sender	Goods Sender	Goods Sender	Goods Sender	Goods Sender	Goods Sender	Goods Sender
pdf_goods_value	มูลค่าสินค้า	Goods Value	Goods Value	Goods Value	Goods Value	Goods Value	Goods Value	Goods Value	Goods Value	Goods Value	Goods Value	Goods Value
pdf_item	รายการ	Item	Item	Item	Item	Item	Item	Item	Item	Item	Item	Item
pdf_less_bill_discount	หัก ส่วนลดท้ายบิล	Less: Bill Discount	Less: Bill Discount	Less: Bill Discount	Less: Bill Discount	Less: Bill Discount	Less: Bill Discount	Less: Bill Discount	Less: Bill Discount	Less: Bill Discount	Less: Bill Discount	Less: Bill Discount
pdf_location_in	ที่เก็บ/เข้า	Location/In	Location/In	Location/In	Location/In	Location/In	Location/In	Location/In	Location/In	Location/In	Location/In	Location/In
pdf_location_out	ที่เก็บ/ออก	Location/Out	Location/Out	Location/Out	Location/Out	Location/Out	Location/Out	Location/Out	Location/Out	Location/Out	Location/Out	Location/Out
pdf_money_receiver	ผู้รับเงิน	Money Receiver	Money Receiver	Money Receiver	Money Receiver	Money Receiver	Money Receiver	Money Receiver	Money Receiver	Money Receiver	Money Receiver	Money Receiver
pdf_on_behalf_of	ในนาม	On Behalf Of	On Behalf Of	On Behalf Of	On Behalf Of	On Behalf Of	On Behalf Of	On Behalf Of	On Behalf Of	On Behalf Of	On Behalf Of	On Behalf Of
pdf_orderer	ผู้สั่งซื้อ	Orderer	Orderer	Orderer	Orderer	Orderer	Orderer	Orderer	Orderer	Orderer	Orderer	Orderer
pdf_original_tax_invoice_value	มูลค่าใบกำกับภาษีเดิม	Original Tax Invoice Value	Original Tax Invoice Value	Original Tax Invoice Value	Original Tax Invoice Value	Original Tax Invoice Value	Original Tax Invoice Value	Original Tax Invoice Value	Original Tax Invoice Value	Original Tax Invoice Value	Original Tax Invoice Value	Original Tax Invoice Value
pdf_partial_receive	รับสินค้าแบบบางส่วน	Partial Receive	Partial Receive	Partial Receive	Partial Receive	Partial Receive	Partial Receive	Partial Receive	Partial Receive	Partial Receive	Partial Receive	Partial Receive
pdf_payer	ผู้จ่ายเงิน	Payer	Payer	Payer	Payer	Payer	Payer	Payer	Payer	Payer	Payer	Payer
pdf_payer_sign	ผู้จ่ายเงิน.......................................................	Payer	Payer	Payer	Payer	Payer	Payer	Payer	Payer	Payer	Payer	Payer
pdf_payment_voucher	ใบสำคัญจ่าย	Payment Voucher	Payment Voucher	Payment Voucher	Payment Voucher	Payment Voucher	Payment Voucher	Payment Voucher	Payment Voucher	Payment Voucher	Payment Voucher	Payment Voucher
pdf_preview	ตัวอย่าง PDF	PDF Preview	PDF Preview	PDF Preview	PDF Preview	PDF Preview	PDF Preview	PDF Preview	PDF Preview	PDF Preview	PDF Preview	PDF Preview
pdf_price_per_unit	ราคา/หน่วย	Price/Unit	Price/Unit	Price/Unit	Price/Unit	Price/Unit	Price/Unit	Price/Unit	Price/Unit	Price/Unit	Price/Unit	Price/Unit
pdf_purchase_order_title	ใบสั่งซื้อสินค้า	Purchase Order	Purchase Order	Purchase Order	Purchase Order	Purchase Order	Purchase Order	Purchase Order	Purchase Order	Purchase Order	Purchase Order	Purchase Order
pdf_purchase_return_doc	ใบส่งคืนสินค้า	Purchase Return	Purchase Return	Purchase Return	Purchase Return	Purchase Return	Purchase Return	Purchase Return	Purchase Return	Purchase Return	Purchase Return	Purchase Return
pdf_purchaser	ผู้สั่งซื้อ	Purchaser	Purchaser	Purchaser	Purchaser	Purchaser	Purchaser	Purchaser	Purchaser	Purchaser	Purchaser	Purchaser
pdf_receipt	ใบเสร็จรับเงิน	Receipt	Receipt	Receipt	Receipt	Receipt	Receipt	Receipt	Receipt	Receipt	Receipt	Receipt
pdf_receiver	ผู้รับของ	Receiver	Receiver	Receiver	Receiver	Receiver	Receiver	Receiver	Receiver	Receiver	Receiver	Receiver
pdf_receiver_goods_sign	ผู้รับสินค้า.......................................................	Goods Receiver	Goods Receiver	Goods Receiver	Goods Receiver	Goods Receiver	Goods Receiver	Goods Receiver	Goods Receiver	Goods Receiver	Goods Receiver	Goods Receiver
pdf_receiver_sign	ผู้รับเงิน.......................................................	Receiver	Receiver	Receiver	Receiver	Receiver	Receiver	Receiver	Receiver	Receiver	Receiver	Receiver
pdf_recorder	ผู้บันทึก	Recorder	Recorder	Recorder	Recorder	Recorder	Recorder	Recorder	Recorder	Recorder	Recorder	Recorder
pdf_ref_original_tax_invoice	อ้างอิงใบกำกับภาษีเดิม	Ref. Original Tax Invoice	Ref. Original Tax Invoice	Ref. Original Tax Invoice	Ref. Original Tax Invoice	Ref. Original Tax Invoice	Ref. Original Tax Invoice	Ref. Original Tax Invoice	Ref. Original Tax Invoice	Ref. Original Tax Invoice	Ref. Original Tax Invoice	Ref. Original Tax Invoice
pdf_requester	ผู้เบิก	Requester	Requester	Requester	Requester	Requester	Requester	Requester	Requester	Requester	Requester	Requester
pdf_return_from_pickup	ใบรับคืนจากการเบิก	Return from Pickup	Return from Pickup	Return from Pickup	Return from Pickup	Return from Pickup	Return from Pickup	Return from Pickup	Return from Pickup	Return from Pickup	Return from Pickup	Return from Pickup
pdf_return_goods	ส่งคืนสินค้า	Return Goods	Return Goods	Return Goods	Return Goods	Return Goods	Return Goods	Return Goods	Return Goods	Return Goods	Return Goods	Return Goods
pdf_return_receiver	ผู้รับคืน	Return Receiver	Return Receiver	Return Receiver	Return Receiver	Return Receiver	Return Receiver	Return Receiver	Return Receiver	Return Receiver	Return Receiver	Return Receiver
pdf_sale_order_doc	ใบสั่งขายสินค้า	Sale Order	Sale Order	Sale Order	Sale Order	Sale Order	Sale Order	Sale Order	Sale Order	Sale Order	Sale Order	Sale Order
pdf_seller	ผู้ขาย	Seller	Seller	Seller	Seller	Seller	Seller	Seller	Seller	Seller	Seller	Seller
pdf_sender_sign	ผู้ส่งสินค้า.......................................................	Sender	Sender	Sender	Sender	Sender	Sender	Sender	Sender	Sender	Sender	Sender
pdf_sequence	ลำดับ	No.	No.	No.	No.	No.	No.	No.	No.	No.	No.	No.
pdf_settings	ตั้งค่า PDF	PDF Settings	PDF设置	PDF設定	កំណត់ PDF	PDF 설정	ຕັ້ງຄ່າ PDF	PDF ဆက်တင်များ	Cài đặt PDF	PDF Settings	PDF Settings	PDF Settings
pdf_short_tax_invoice	ใบกำกับภาษีอย่างย่อ	Abbreviated Tax Invoice	Abbreviated Tax Invoice	Abbreviated Tax Invoice	Abbreviated Tax Invoice	Abbreviated Tax Invoice	Abbreviated Tax Invoice	Abbreviated Tax Invoice	Abbreviated Tax Invoice	Abbreviated Tax Invoice	Abbreviated Tax Invoice	Abbreviated Tax Invoice
pdf_stock_adjustment	ใบปรับปรุงสต๊อก	Stock Adjustment	Stock Adjustment	Stock Adjustment	Stock Adjustment	Stock Adjustment	Stock Adjustment	Stock Adjustment	Stock Adjustment	Stock Adjustment	Stock Adjustment	Stock Adjustment
pdf_stock_transfer	ใบโอนสินค้า	Stock Transfer	Stock Transfer	Stock Transfer	Stock Transfer	Stock Transfer	Stock Transfer	Stock Transfer	Stock Transfer	Stock Transfer	Stock Transfer	Stock Transfer
pdf_tax_exempt_goods	สินค้ายกเว้นภาษี	Tax Exempt Goods	Tax Exempt Goods	Tax Exempt Goods	Tax Exempt Goods	Tax Exempt Goods	Tax Exempt Goods	Tax Exempt Goods	Tax Exempt Goods	Tax Exempt Goods	Tax Exempt Goods	Tax Exempt Goods
pdf_tax_id	เลขประจำตัวผู้เสียภาษีอากร :	Tax ID:	Tax ID:	Tax ID:	Tax ID:	Tax ID:	Tax ID:	Tax ID:	Tax ID:	Tax ID:	Tax ID:	Tax ID:
pdf_tax_id_number	เลขประจำตัวผู้เสียภาษีอากร	Tax ID Number	Tax ID Number	Tax ID Number	Tax ID Number	Tax ID Number	Tax ID Number	Tax ID Number	Tax ID Number	Tax ID Number	Tax ID Number	Tax ID Number
pdf_taxable_goods	สินค้ามีภาษี	Taxable Goods	Taxable Goods	Taxable Goods	Taxable Goods	Taxable Goods	Taxable Goods	Taxable Goods	Taxable Goods	Taxable Goods	Taxable Goods	Taxable Goods
pdf_total_after_discount	รวมมูลค่าหลังหักส่วนลด	Total After Discount	Total After Discount	Total After Discount	Total After Discount	Total After Discount	Total After Discount	Total After Discount	Total After Discount	Total After Discount	Total After Discount	Total After Discount
pdf_total_before_vat	รวมมูลค่าก่อนภาษี	Total Before VAT	Total Before VAT	Total Before VAT	Total Before VAT	Total Before VAT	Total Before VAT	Total Before VAT	Total Before VAT	Total Before VAT	Total Before VAT	Total Before VAT
pdf_total_cost	รวมต้นทุน	Total Cost	Total Cost	Total Cost	Total Cost	Total Cost	Total Cost	Total Cost	Total Cost	Total Cost	Total Cost	Total Cost
pdf_total_incl_vat	มูลค่ารวมภาษีมูลค่าเพิ่ม	Total Including VAT	Total Including VAT	Total Including VAT	Total Including VAT	Total Including VAT	Total Including VAT	Total Including VAT	Total Including VAT	Total Including VAT	Total Including VAT	Total Including VAT
pdf_total_tax_exempt	รวมมูลค่ายกเว้นภาษี	Total Tax Exempt	Total Tax Exempt	Total Tax Exempt	Total Tax Exempt	Total Tax Exempt	Total Tax Exempt	Total Tax Exempt	Total Tax Exempt	Total Tax Exempt	Total Tax Exempt	Total Tax Exempt
pdf_usage	การใช้งาน PDF	PDF Usage	PDF Usage	PDF Usage	PDF Usage	PDF Usage	PDF Usage	PDF Usage	PDF Usage	PDF Usage	PDF Usage	PDF Usage
pdf_value_after_discount	มูลค่าหลังหักส่วนลด	Value After Discount	Value After Discount	Value After Discount	Value After Discount	Value After Discount	Value After Discount	Value After Discount	Value After Discount	Value After Discount	Value After Discount	Value After Discount
pdf_vat_date	วันที่ใบกำกับ	Tax Invoice Date	Tax Invoice Date	Tax Invoice Date	Tax Invoice Date	Tax Invoice Date	Tax Invoice Date	Tax Invoice Date	Tax Invoice Date	Tax Invoice Date	Tax Invoice Date	Tax Invoice Date
pdf_warehouse_in	คลัง/เข้า	Warehouse/In	Warehouse/In	Warehouse/In	Warehouse/In	Warehouse/In	Warehouse/In	Warehouse/In	Warehouse/In	Warehouse/In	Warehouse/In	Warehouse/In
pdf_warehouse_out	คลัง/ออก	Warehouse/Out	Warehouse/Out	Warehouse/Out	Warehouse/Out	Warehouse/Out	Warehouse/Out	Warehouse/Out	Warehouse/Out	Warehouse/Out	Warehouse/Out	Warehouse/Out
pending_approval	รออนุมัติ	Pending Approval	待审批	承認待ち	កំពុងរង់ចាំអនុម័ត	승인 대기	ລໍຖ້າອະນຸມັດ	ခွင့်ပြုချက်စောင့်ဆိုင်း	Chờ phê duyệt	Pending Approval	Pending Approval	Pending Approval
pending_approval_cannot_edit	เอกสารรออนุมัติ ไม่สามารถแก้ไขได้	Document pending approval, cannot edit	文档待审批，无法编辑	文書は承認待ち、編集できません	ឯកសាររង់ចាំអនុម័ត មិនអាចកែសម្រួលបានទេ	문서가 승인 대기 중이라 편집할 수 없습니다	ເອກະສານລໍຖ້າອະນຸມັດ ບໍ່ສາມາດແກ້ໄຂໄດ້	စာရွက်စာတမ်းအတည်ပြုရန်စောင့်ဆိုင်းနေ၍ တည်းဖြတ်၍မရပါ	Tài liệu đang chờ duyệt, không thể chỉnh sửa	Document pending approval, cannot edit	Document pending approval, cannot edit	Document pending approval, cannot edit
pending_delivery	ค้างส่ง	Pending Delivery	待发	出荷待ち	រង់ចាំដឹកជញ្ជូន	출고 대기	ລໍຖ້າສົ່ງ	ပို့ဆောင်ရန်ကျန်	Chờ giao	Pending Delivery	Pending Delivery	Pending Delivery
pending_receive	ค้างรับ	Pending Receive	待收	入荷待ち	រង់ចាំទទួល	입고 대기	ລໍຖ້າຮັບ	လက်ခံရန်ကျန်	Chờ nhận	Pending Receive	Pending Receive	Pending Receive
percentage	เปอร์เซ็นต์	Percentage	百分比	パーセンテージ	ភាគរយ	백분율	ເປີເຊັນ	ရာခိုင်နှုန်း	Phần trăm	Percentage	Percentage	Percentage
permission	สิทธิ์	Permission	权限	権限	សិទ្ធិ	권한	ສິດ	ခွင့်ပြုချက်	Quyền	Permission	Permission	Permission
permission_code_exists	รหัสสิทธิ์นี้มีอยู่แล้ว	This permission code already exists	此权限代码已存在	この権限コードは既に存在します	កូដសិទ្ធិនេះមានរួចហើយ	이 권한 코드는 이미 존재합니다	ລະຫັດສິດນີ້ມີຢູ່ແລ້ວ	ဤခွင့်ပြုချက်ကုဒ် ရှိပြီးသားဖြစ်သည်	Mã quyền này đã tồn tại	This permission code already exists	This permission code already exists	This permission code already exists
permission_code_required	รหัสสิทธิ์	Permission Code	Permission Code	Permission Code	Permission Code	Permission Code	Permission Code	Permission Code	Permission Code	Permission Code	Permission Code	Permission Code
permission_definition	กำหนดสิทธิ์หน้าจอ	Permission Definition	权限定义	権限定義	កំណត់សិទ្ធិ	권한 정의	ກຳນົດສິດ	ခွင့်ပြုချက်သတ်မှတ်ခြင်း	Định nghĩa quyền	Permission Definition	Permission Definition	Permission Definition
permission_level	ระดับสิทธิ์	Permission Level	Permission Level	Permission Level	Permission Level	Permission Level	Permission Level	Permission Level	Permission Level	Permission Level	Permission Level	Permission Level
permission_link	กำหนดสิทธิ์พนักงาน	Permission Link	权限关联	権限リンク	ភ្ជាប់សិទ្ធិ	권한 연결	ເຊື່ອມໂຍງສິດ	ခွင့်ပြုချက်ချိတ်ဆက်	Liên kết quyền	Permission Link	Permission Link	Permission Link
permission_name_label	ชื่อสิทธิ์	Permission Name	Permission Name	Permission Name	Permission Name	Permission Name	Permission Name	Permission Name	Permission Name	Permission Name	Permission Name	Permission Name
permistion	สิทธิ์การใช้งาน	Permission	权限	権限	សិទ្ធិ	권한	ສິດການນຳໃຊ້	ခွင့်ပြုချက်	Quyền hạn	Permission	Permission	Permission
pgsql_amount	ยอดเงิน PgSql	PgSql Amount	PgSql Amount	PgSql Amount	PgSql Amount	PgSql Amount	PgSql Amount	PgSql Amount	PgSql Amount	PgSql Amount	PgSql Amount	PgSql Amount
pgsql_count	จำนวน PgSql	PgSql Count	PgSql Count	PgSql Count	PgSql Count	PgSql Count	PgSql Count	PgSql Count	PgSql Count	PgSql Count	PgSql Count	PgSql Count
pgsql_qty	จำนวน PgSql	PgSql Qty	PgSql Qty	PgSql Qty	PgSql Qty	PgSql Qty	PgSql Qty	PgSql Qty	PgSql Qty	PgSql Qty	PgSql Qty	PgSql Qty
photo_gallery	คลังรูปภาพ	Photo Gallery	图片库	フォトギャラリー	វិចិត្រសាលរូបភាព	사진 갤러리	ຄັງຮູບພາບ	ဓာတ်ပုံပြခန်း	Thư viện ảnh	Photo Gallery	Photo Gallery	Photo Gallery
pick_up_damaged_items	เบิกของเสียหาย	Withdraw damaged items	提取损坏物品	破損品を引き取る	ដកទំនិញខូច	손상된 물품 수거	ເບີກຂອງເສຍຫາຍ	ပျက်စီးပစ္စည်းများထုတ်ယူ	Lấy hàng hỏng	Withdraw damaged items	Withdraw damaged items	Withdraw damaged items
piece	รายการ	Item	件	個	ធាតុ	개	ລາຍການ	ခု	Mục	Item	Item	Item
pieces	ชิ้น	Pieces	件	個	ដុំ	개	ອັນ	ခု	Cái	Pieces	Pieces	Pieces
pin_code	Cashier PIN	Cashier PIN	收银员PIN	キャッシャーPIN	លេខកូដសម្ងាត់អ្នកគិតប្រាក់	캐셔 PIN	ລະຫັດ PIN ຂອງພະນັກງານເກັບເງິນ	ငွေကိုင် PIN	Mã PIN thu ngân	Cashier PIN	Cashier PIN	Cashier PIN
pin_unlock	รหัสปลดล็อค	Unlock Code	解锁码	ロック解除コード	កូដដោះសោ	잠금 해제 코드	ລະຫັດປົດລັອກ	သော့ဖွင့်ကုဒ်	Mã mở khóa	Unlock Code	Unlock Code	Unlock Code
please_add_product_items	กรุณาเพิ่มรายการสินค้า	Please add product items	Please add product items	Please add product items	Please add product items	Please add product items	Please add product items	Please add product items	Please add product items	Please add product items	Please add product items	Please add product items
please_adjust_search_criteria	กรุณาปรับเปลี่ยนเงื่อนไขการค้นหา	Please adjust search criteria	Please adjust search criteria	Please adjust search criteria	Please adjust search criteria	Please adjust search criteria	Please adjust search criteria	Please adjust search criteria	Please adjust search criteria	Please adjust search criteria	Please adjust search criteria	Please adjust search criteria
please_check_and_enter_manually	โปรดตรวจสอบและกรอกเอง	Please check and enter manually	请检查并手动输入	確認して手動で入力してください	សូមពិនិត្យហើយបញ្ចូលដោយខ្លួនឯង	확인하고 수동으로 입력하세요	ກະລຸນາກວດສອບແລະກອກເອງ	စစ်ဆေးပြီး ကိုယ်တိုင်ထည့်သွင်းပါ	Vui lòng kiểm tra và nhập thủ công	Please check and enter manually	Please check and enter manually	Please check and enter manually
please_check_time_format	โปรดตรวจสอบรูปแบบเวลา เช่น เวลาแต่ละช่วงทับซ้อนกัน เวลาเปิดและปิดตรงกัน	Please check time format, e.g. overlapping times, open and close times match	请检查时间格式，例如时间重叠，开始和结束时间相同	時間形式を確認してください。例：時間の重複、開始時間と終了時間が同じ	សូមពិនិត្យមើលទម្រង់ពេលវេលា ឧ. ពេលវេលាត្រួតគ្នា ពេលវេលាបើកនិងបិទដូចគ្នា	시간 형식을 확인해주세요. 예: 시간 중복, 시작 및 종료 시간이 동일함	ກະລຸນາກວດສອບຮູບແບບເວລາ ເຊັ່ນ: ເວລາຊ້ອນກັນ, ເວລາເປີດແລະປິດກົງກັນ	အချိန်ပုံစံကို စစ်ဆေးပါ၊ ဥပမာ - အချိန်ထပ်နေခြင်း၊ ဖွင့်ချိန်နှင့် ပိတ်ချိန်တူညီနေခြင်း	Vui lòng kiểm tra định dạng thời gian, ví dụ: thời gian trùng lặp, thời gian mở và đóng trùng nhau	Please check time format, e.g. overlapping times, open and close times match	Please check time format, e.g. overlapping times, open and close times match	Please check time format, e.g. overlapping times, open and close times match
please_create_cart_first	กรุณาสร้างตะกร้าก่อน	Please create a cart first	请先创建购物车	最初にカートを作成してください	សូមបង្កើតកន្ត្រកជាមុនសិន	먼저 장바구니를 생성하세요	ກະລຸນາສ້າງກະຕ່າກ່ອນ	ကျေးဇူးပြု၍ ဈေးခြင်း ဖန်တီးပါ	Vui lòng tạo giỏ hàng trước	Please create a cart first	Please create a cart first	Please create a cart first
please_create_new_code	กรุณาสร้างรหัสใหม่	Please create new code	Please create new code	Please create new code	Please create new code	Please create new code	Please create new code	Please create new code	Please create new code	Please create new code	Please create new code	Please create new code
please_enable_location_service	กรุณาเปิด Location Service ในการตั้งค่าเครื่อง	Please enable Location Service in device settings	请在设备设置中启用定位服务	デバイスの設定で位置情報サービスを有効にしてください	សូមបើក Location Service ក្នុងការកំណត់ឧបករណ៍	기기 설정에서 위치 서비스를 활성화하세요	ກະລຸນາເປີດ Location Service ໃນການຕັ້ງຄ່າເຄື່ອງ	ကိရိယာဆက်တင်တွင် Location Service ကိုဖွင့်ပါ	Vui lòng bật dịch vụ vị trí trong cài đặt thiết bị	Please enable Location Service in device settings	Please enable Location Service in device settings	Please enable Location Service in device settings
please_enter	กรุณาระบุ	Please enter	请输入	入力してください	សូមបញ្ចូល	입력해주세요	ກະລຸນາລະບຸ	ကျေးဇူးပြု၍ ထည့်ပါ	Vui lòng nhập	Please enter	Please enter	Please enter
please_enter_amount	กรุณากรอกจำนวนเงิน	Please enter amount	请输入金额	金額を入力してください	សូមបញ្ចូលចំនួនទឹកប្រាក់	금액을 입력하세요	ກະລຸນາໃສ່ຈຳນວນເງິນ	ပမာဏရိုက်ထည့်ပါ	Vui lòng nhập số tiền	Please enter amount	Please enter amount	Please enter amount
please_enter_cart_name	กรุณาใส่ชื่อตะกร้า	Please enter cart name	请输入购物车名称	カート名を入力してください	សូមបញ្ចូលឈ្មោះកន្ត្រក	장바구니 이름을 입력하세요	ກະລຸນາໃສ່ຊື່ກະຕ່າ	ကျေးဇူးပြု၍ ဈေးခြင်းအမည် ထည့်ပါ	Vui lòng nhập tên giỏ hàng	Please enter cart name	Please enter cart name	Please enter cart name
please_enter_code	กรุณากรอกรหัส	Please enter code	Please enter code	Please enter code	Please enter code	Please enter code	Please enter code	Please enter code	Please enter code	Please enter code	Please enter code	Please enter code
please_enter_currency_code	กรุณากรอกรหัสสกุลเงิน	Please Enter Currency Code	请输入货币代码	通貨コードを入力してください	សូមបញ្ចូលកូដរូបិយប័ណ្ណ	통화 코드를 입력하세요	ກະລຸນາກອກລະຫັດສະກຸນເງິນ	ငွေကြေးကုဒ်ထည့်ပါ	Vui lòng nhập mã tiền tệ	Please Enter Currency Code	Please Enter Currency Code	Please Enter Currency Code
please_enter_currency_name	กรุณากรอกชื่อสกุลเงิน	Please Enter Currency Name	请输入货币名称	通貨名を入力してください	សូមបញ្ចូលឈ្មោះរូបិយប័ណ្ណ	통화명을 입력하세요	ກະລຸນາກອກຊື່ສະກຸນເງິນ	ငွေကြေးအမည်ထည့်ပါ	Vui lòng nhập tên tiền tệ	Please Enter Currency Name	Please Enter Currency Name	Please Enter Currency Name
please_enter_code_and_type_name	กรุณากรอกรหัสและชื่อประเภท	Please enter code and type name	Please enter code and type name	Please enter code and type name	Please enter code and type name	Please enter code and type name	Please enter code and type name	Please enter code and type name	Please enter code and type name	Please enter code and type name	Please enter code and type name	Please enter code and type name
please_enter_exchange_rate	กรุณากรอกอัตราแลกเปลี่ยน	Please enter exchange rate	请输入汇率	為替レートを入力してください	សូមបញ្ចូលអត្រាប្តូរប្រាក់	환율을 입력하세요	ກະລຸນາກະລຸນາປ້ອນອັດຕາແລກປ່ຽນ	ငွေလဲနှုန်းထည့်ပါ	Vui lòng nhập tỷ giá	Please enter exchange rate	Please enter exchange rate	Please enter exchange rate
please_enter_name	กรุณากรอกชื่อ	Please enter name	Please enter name	Please enter name	Please enter name	Please enter name	Please enter name	Please enter name	Please enter name	Please enter name	Please enter name	Please enter name
please_enter_password	กรุณาใส่รหัสผ่าน	Please Enter Password	请输入密码	パスワードを入力してください	សូមបញ្ចូលពាក្យសម្ងាត់	비밀번호를 입력하세요	ກະລຸນາໃສ່ລະຫັດຜ່ານ	စကားဝှက်ရိုက်ထည့်ပါ	Vui lòng nhập mật khẩu	Please Enter Password	Please Enter Password	Please Enter Password
please_enter_permission_code	กรุณากรอกรหัสสิทธิ์	Please enter permission code	Please enter permission code	Please enter permission code	Please enter permission code	Please enter permission code	Please enter permission code	Please enter permission code	Please enter permission code	Please enter permission code	Please enter permission code	Please enter permission code
please_enter_permission_name	กรุณากรอกชื่อสิทธิ์	Please enter permission name	请输入权限名称	権限名を入力してください	សូមបញ្ចូលឈ្មោះសិទ្ធិ	권한 이름을 입력하세요	ກະລຸນາກອກຊື່ສິດ	ခွင့်ပြုချက်အမည်ထည့်ပါ	Vui lòng nhập tên quyền	Please enter permission name	Please enter permission name	Please enter permission name
please_enter_pin	*กรุณากรอกหมายเลข PIN	*Please enter PIN	*请输入PIN码	*PINコードを入力してください	*សូមបញ្ចូលលេខកូដ PIN	*PIN 번호를 입력해주세요	*ກະລຸນາໃສ່ລະຫັດ PIN	*PIN နံပါတ်ထည့်ပါ	*Vui lòng nhập mã PIN	*Please enter PIN	*Please enter PIN	*Please enter PIN
please_enter_point_amount	กรุณาระบุจำนวนแต้ม	Please enter point amount	Please enter point amount	Please enter point amount	Please enter point amount	Please enter point amount	Please enter point amount	Please enter point amount	Please enter point amount	Please enter point amount	Please enter point amount	Please enter point amount
please_enter_price	กรุณาใส่ราคา	Please enter price	请输入价格	価格を入力してください	សូមបញ្ចូលតម្លៃ	가격을 입력하세요	ກະລຸນາໃສ່ລາຄາ	ကျေးဇူးပြု၍ စျေးနှုန်းထည့်ပါ	Vui lòng nhập giá	Please enter price	Please enter price	Please enter price
please_enter_quantity	กรุณาใส่จำนวน	Please enter quantity	请输入数量	数量を入力してください	សូមបញ្ចូលបរិមាណ	수량을 입력하세요	ກະລຸນາໃສ່ຈຳນວນ	ကျေးဇူးပြု၍ အရေအတွက်ထည့်ပါ	Vui lòng nhập số lượng	Please enter quantity	Please enter quantity	Please enter quantity
please_enter_reason	กรุณากรอกเหตุผล	Please enter reason	Please enter reason	Please enter reason	Please enter reason	Please enter reason	Please enter reason	Please enter reason	Please enter reason	Please enter reason	Please enter reason	Please enter reason
please_enter_search_keyword	กรุณากรอกคำค้นหา	Please enter search keyword	请输入搜索关键词	検索キーワードを入力してください	សូមបញ្ចូលពាក្យគន្លឹះស្វែងរក	검색어를 입력하세요	ກະລຸນາປ້ອນຄຳຄົ້ນຫາ	ကျေးဇူးပြု၍ ရှာဖွေရန် အဓိကစာလုံးထည့်ပါ	Vui lòng nhập từ khóa tìm kiếm	Please enter search keyword	Please enter search keyword	Please enter search keyword
please_enter_search_text	กรุณากรอกข้อความค้นหา	Please enter search text	请输入搜索文本	検索テキストを入力してください	សូមបញ្ចូលអត្ថបទស្វែងរក	검색 텍스트를 입력하세요	ກະລຸນາປ້ອນຂໍ້ຄວາມຄົ້ນຫາ	ကျေးဇူးပြု၍ ရှာဖွေမည့်စာသား ထည့်ပါ	Vui lòng nhập văn bản tìm kiếm	Please enter search text	Please enter search text	Please enter search text
please_enter_sub_shop_name	กรุณากรอกชื่อร้านย่อย	Please enter sub-shop name	Please enter sub-shop name	Please enter sub-shop name	Please enter sub-shop name	Please enter sub-shop name	Please enter sub-shop name	Please enter sub-shop name	Please enter sub-shop name	Please enter sub-shop name	Please enter sub-shop name	Please enter sub-shop name
please_enter_tax_base	กรุณากรอกฐานภาษี	Please enter tax base	请输入税基	課税基準を入力してください	សូមបញ្ចូលមូលដ្ឋានពន្ធ	과세 기준을 입력하세요	ກະລຸນາໃສ່ຖານພາສີ	အခွန်အခြေခံရိုက်ထည့်ပါ	Vui lòng nhập cơ sở thuế	Please enter tax base	Please enter tax base	Please enter tax base
please_enter_username	กรุณาใส่ชื่อผู้ใช้	Please Enter Username	请输入用户名	ユーザー名を入力してください	សូមបញ្ចូលឈ្មោះអ្នកប្រើ	사용자 이름을 입력하세요	ກະລຸນາໃສ່ຊື່ຜູ້ໃຊ້	အသုံးပြုသူအမည်ရိုက်ထည့်ပါ	Vui lòng nhập tên đăng nhập	Please Enter Username	Please Enter Username	Please Enter Username
please_enter_valid_number	กรุณากรอกตัวเลขที่ถูกต้อง	Please enter a valid number	请输入有效数字	有効な数値を入力してください	សូមបញ្ចូលលេខត្រឹមត្រូវ	유효한 숫자를 입력하세요	ກະລຸນາປ້ອນຕົວເລກທີ່ຖືກຕ້ອງ	မှန်ကန်သောနံပါတ်ထည့်ပါ	Vui lòng nhập số hợp lệ	Please enter a valid number	Please enter a valid number	Please enter a valid number
please_enter_value	กรุณากรอกข้อมูล	Please enter value	请输入值	値を入力してください	សូមបញ្ចូលតម្លៃ	값을 입력해주세요	ກະລຸນາໃສ່ຂໍ້ມູນ	တန်ဖိုးထည့်ပါ	Vui lòng nhập giá trị	Please enter value	Please enter value	Please enter value
please_fill	กรุณากรอก	Please fill in	请填写	入力してください	សូមបំពេញ	입력하세요	ກະລຸນາກອກ	ဖြည့်ပါ	Vui lòng điền	Please fill in	Please fill in	Please fill in
please_fill_all_fields	กรุณากรอกข้อมูลให้ครบ	Please fill all fields	Please fill all fields	Please fill all fields	Please fill all fields	Please fill all fields	Please fill all fields	Please fill all fields	Please fill all fields	Please fill all fields	Please fill all fields	Please fill all fields
please_fill_required_fields	กรุณากรอกข้อมูลที่จำเป็น	Please Fill Required Fields	请填写必填项	必須項目を入力してください	សូមបំពេញវាលដែលត្រូវការ	필수 항목을 입력하세요	ກະລຸນາກອກຂໍ້ມູນທີ່ຈຳເປັນ	လိုအပ်သောအကွက်များဖြည့်ပါ	Vui lòng điền các trường bắt buộc	Please Fill Required Fields	Please Fill Required Fields	Please Fill Required Fields
please_input_custcode_creditor	กรุณาเลือกเจ้าหนี้	Please select creditor	请选择债权人	債権者を選択してください	សូមជ្រើសរើសម្ចាស់បំណុល	채권자를 선택해주세요	ກະລຸນາເລືອກເຈົ້າໜີ້	မြီရှင်ရွေးချယ်ပါ	Vui lòng chọn chủ nợ	Please select creditor	Please select creditor	Please select creditor
please_input_custcode_debtor	กรุณาเลือกลูกหนี้	Please select debtor	请选择债务人	債務者を選択してください	សូមជ្រើសរើសកូនបំណុល	채무자를 선택해주세요	ກະລຸນາເລືອກລູກໜີ້	မြီစားရွေးချယ်ပါ	Vui lòng chọn con nợ	Please select debtor	Please select debtor	Please select debtor
please_input_tax_docno	กรุณากรอกเลขที่เอกสารภาษี	Please enter tax document number	请输入税务文件编号	税務書類番号を入力してください	សូមបញ្ចូលលេខឯកសារពន្ធ	세금 문서 번호를 입력해주세요	ກະລຸນາໃສ່ເລກທີເອກະສານພາສີ	အခွန်စာရွက်စာတမ်းနံပါတ်ထည့်ပါ	Vui lòng nhập số tài liệu thuế	Please enter tax document number	Please enter tax document number	Please enter tax document number
please_payment	กรุณาชำระเงิน	Please make payment	请付款	支払いをしてください	សូមបង់ប្រាក់	결제해주세요	ກະລຸນາຊຳລະເງິນ	ငွေပေးချေပါ	Vui lòng thanh toán	Please make payment	Please make payment	Please make payment
please_save_before_submit	กรุณาบันทึกเอกสารก่อนส่งอนุมัติ	Please save document before submitting for approval	Please save document before submitting for approval	Please save document before submitting for approval	Please save document before submitting for approval	Please save document before submitting for approval	Please save document before submitting for approval	Please save document before submitting for approval	Please save document before submitting for approval	Please save document before submitting for approval	Please save document before submitting for approval	Please save document before submitting for approval
please_save_order_setting	กรุณาบันทึกข้อมูลก่อน active pin code	Please save data before activating pin code	请在激活PIN码前保存数据	PINコードを有効にする前にデータを保存してください	សូមរក្សាទុកទិន្នន័យមុនពេលបើកដំណើរការកូដ PIN	PIN 코드를 활성화하기 전에 데이터를 저장해주세요	ກະລຸນາບັນທຶກຂໍ້ມູນກ່ອນເປີດໃຊ້ລະຫັດ PIN	PIN ကုဒ်မဖွင့်မီ ဒေတာသိမ်းဆည်းပါ	Vui lòng lưu dữ liệu trước khi kích hoạt mã PIN	Please save data before activating pin code	Please save data before activating pin code	Please save data before activating pin code
please_search_data_before_export	กรุณาค้นหาข้อมูลก่อนส่งออก	Please search data before export	请在导出前搜索数据	エクスポートする前にデータを検索してください	សូមស្វែងរកទិន្នន័យមុនពេលនាំចេញ	내보내기 전에 데이터를 검색해주세요	ກະລຸນາຄົ້ນຫາຂໍ້ມູນກ່ອນສົ່ງອອກ	တင်ပို့ခြင်းမပြုမီ ဒေတာရှာဖွေပါ	Vui lòng tìm kiếm dữ liệu trước khi xuất	Please search data before export	Please search data before export	Please search data before export
please_select	กรุณาเลือก	Please select	请选择	選択してください	សូមជ្រើសរើស	선택해주세요	ກະລຸນາເລືອກ	ကျေးဇူးပြု၍ ရွေးချယ်ပါ	Vui lòng chọn	Please select	Please select	Please select
please_select_a_file	กรุณาเลือกไฟล์นำเข้ายอดยกมา	Please select a file to import balance	请选择导入余额文件	残高インポートファイルを選択してください	សូមជ្រើសរើសឯកសារដើម្បីនាំចូលសមតុល្យ	잔액 가져오기 파일을 선택해주세요	ກະລຸນາເລືອກໄຟລ໌ນຳເຂົ້າຍອດຍົກມາ	လက်ကျန်ငွေသွင်းရန် ဖိုင်ရွေးချယ်ပါ	Vui lòng chọn tệp để nhập số dư	Please select a file to import balance	Please select a file to import balance	Please select a file to import balance
please_select_a_file_that_does_not_exceed_2_mb	กรุณาเลือกไฟล์ที่ขนาดไม่เกิน 2 .0 MB	Please select a file not exceeding 2.0 MB	请选择不超过 2.0 MB 的文件	2.0 MBを超えないファイルを選択してください	សូមជ្រើសរើសឯកសារដែលមិនលើសពី 2.0 MB	2.0 MB를 초과하지 않는 파일을 선택해주세요	ກະລຸນາເລືອກໄຟລ໌ທີ່ມີຂະໜາດບໍ່ເກີນ 2.0 MB	2.0 MB ထက်မကျော်လွန်သော ဖိုင်ကို ရွေးချယ်ပါ	Vui lòng chọn tệp không quá 2.0 MB	Please select a file not exceeding 2.0 MB	Please select a file not exceeding 2.0 MB	Please select a file not exceeding 2.0 MB
please_select_at_least_one_product	กรุณาเลือกสินค้าอย่างน้อย 1 รายการ	Please select at least one product	请至少选择一个产品	少なくとも1つの商品を選択してください	សូមជ្រើសរើសផលិតផលយ៉ាងហោចណាស់ 1	최소 1개의 제품을 선택하세요	ກະລຸນາເລືອກສິນຄ້າຢ່າງໜ້ອຍ 1 ລາຍການ	ကုန်ပစ္စည်း အနည်းဆုံး 1 ခု ရွေးပါ	Vui lòng chọn ít nhất một sản phẩm	Please select at least one product	Please select at least one product	Please select at least one product
please_select_bank	กรุณาเลือกธนาคาร	Please select bank	请选择银行	銀行を選択してください	សូមជ្រើសរើសធនាគារ	은행을 선택해주세요	ກະລຸນາເລືອກທະນາຄານ	ဘဏ်ရွေးချယ်ပါ	Vui lòng chọn ngân hàng	Please select bank	Please select bank	Please select bank
please_select_barcode	กรุณาเลือกบาร์โค้ดสินค้า	Please select product barcode	请选择产品条形码	製品バーコードを選択してください	សូមជ្រើសរើសបាកូដផលិតផល	제품 바코드를 선택해주세요	ກະລຸນາເລືອກ Barcode ສິນຄ້າ	ကုန်ပစ္စည်းဘားကုဒ်ရွေးချယ်ပါ	Vui lòng chọn mã vạch sản phẩm	Please select product barcode	Please select product barcode	Please select product barcode
please_select_base_currency	กรุณาเลือกสกุลเงินหลักเพื่อดำเนินการต่อ	Please select your base currency to continue	请选择您的基础货币以继续使用系统	続行するには基軸通貨を選択してください	សូមជ្រើសរើសរូបិយប័ណ្ណមូលដ្ឋានរបស់អ្នកដើម្បីបន្ត	계속하려면 기준 통화를 선택하세요	ກະລຸນາເລືອກສະກຸນເງິນພື້ນຖານເພື່ອດຳເນີນການຕໍ່	ဆက်လက်ဆောင်ရွက်ရန် အခြေခံငွေကြေးကို ရွေးချယ်ပါ	Vui lòng chọn tiền tệ cơ sở để tiếp tục	Please select your base currency to continue	Please select your base currency to continue	Please select your base currency to continue
please_select_business_type	กรุณาเลือกประเภทธุรกิจ	Please select business type	请选择业务类型	ビジネスタイプを選択してください	សូមជ្រើសរើសប្រភេទអាជីវកម្ម	비즈니스 유형을 선택해주세요	ກະລຸນາເລືອກປະເພດທຸລະກິດ	စီးပွားရေးလုပ်ငန်းအမျိုးအစားရွေးချယ်ပါ	Vui lòng chọn loại hình kinh doanh	Please select business type	Please select business type	Please select business type
please_select_currency_symbol	กรุณาเลือกสัญลักษณ์สกุลเงิน	Please Select Currency Symbol	请选择货币符号	通貨記号を選択してください	សូមជ្រើសរើorg សញ្ញារូបិយប័ណ្ណ	통화 기호를 선택하세요	ກະລຸນາເລືອກສັນຍາລັກສະກຸນເງິນ	ငွေကြေးသင်္ကေတရွေးချယ်ပါ	Vui lòng chọn ký hiệu tiền tệ	Please Select Currency Symbol	Please Select Currency Symbol	Please Select Currency Symbol
please_select_company_branch	*กรุณาเลือกสาขา 	*Please select branch	*请选择分店	*支店を選択してください	*សូមជ្រើសរើសសាខា	*지점을 선택해주세요	*ກະລຸນາເລືອກສາຂາ	*ဘဏ်ခွဲရွေးချယ်ပါ	*Vui lòng chọn chi nhánh	*Please select branch	*Please select branch	*Please select branch
please_select_date	โปรดเลือกวันที่ที่ต้องการ	Please select a date	Please select a date	Please select a date	Please select a date	Please select a date	Please select a date	Please select a date	Please select a date	Please select a date	Please select a date	Please select a date
please_select_date_range	กรุณาเลือกช่วงวันที่	Please select date range	请选择日期范围	日付範囲を選択してください	សូមជ្រើសរើសជួរកាលបរិច្ឆេទ	날짜 범위를 선택해주세요	ກະລຸນາເລືອກຊ່ວງວັນທີ	ရက်စွဲအပိုင်းအခြားရွေးချယ်ပါ	Vui lòng chọn khoảng thời gian	Please select date range	Please select date range	Please select date range
please_select_file_not_exceed_2mb	กรุณาเลือกไฟล์ที่ไม่เกิน 2 MB	Please select file not exceeding 2 MB	请选择不超过2MB的文件	2MBを超えないファイルを選択してください	សូមជ្រើសរើសឯកសារដែលមិនលើសពី 2 MB	2MB를 초과하지 않는 파일을 선택해주세요	ກະລຸນາເລືອກໄຟລ໌ທີ່ບໍ່ເກີນ 2 MB	2 MB ထက်မကျော်လွန်သော ဖိုင်ကို ရွေးချယ်ပါ	Vui lòng chọn tệp không quá 2 MB	Please select file not exceeding 2 MB	Please select file not exceeding 2 MB	Please select file not exceeding 2 MB
please_select_group_number	กรุณาเลือกลำดับ	Please select sequence	请选择顺序	順序を選択してください	សូមជ្រើសរើសលំដាប់	순서를 선택해주세요	ກະລຸນາເລືອກລຳດັບ	အစီအစဉ်ရွေးချယ်ပါ	Vui lòng chọn thứ tự	Please select sequence	Please select sequence	Please select sequence
please_select_income_type	กรุณาเลือกประเภทเงินได้	Please select income type	请选择收入类型	所得タイプを選択してください	សូមជ្រើសរើសប្រភេទចំណូល	소득 유형을 선택하세요	ກະລຸນາເລືອກປະເພດລາຍໄດ້	ဝင်ငွေအမျိုးအစားရွေးချယ်ပါ	Vui lòng chọn loại thu nhập	Please select income type	Please select income type	Please select income type
please_select_location	กรุณาเลือกตำแหน่งบนแผนที่	Please select a location on the map	请在地图上选择位置	地図上で場所を選択してください	សូមជ្រើសរើសទីតាំងនៅលើផែនទី	지도에서 위치를 선택하세요	ກະລຸນາເລືອກຕຳແໜ່ງເທິງແຜນທີ່	မြေပုံပေါ်တွင် တည်နေရာတစ်ခုကို ရွေးချယ်ပါ	Vui lòng chọn vị trí trên bản đồ	Please select a location on the map	Please select a location on the map	Please select a location on the map
please_select_point_code	กรุณาเลือกรหัสแต้มก่อน	Please select point code first	Please select point code first	Please select point code first	Please select point code first	Please select point code first	Please select point code first	Please select point code first	Please select point code first	Please select point code first	Please select point code first	Please select point code first
please_select_product	โปรดเลือกรายการสินค้า	Please select product	请选择产品	製品を選択してください	សូមជ្រើសរើសផលិតផល	제품을 선택해주세요	ກະລຸນາເລືອກສິນຄ້າ	ကုန်ပစ္စည်းရွေးချယ်ပါ	Vui lòng chọn sản phẩm	Please select product	Please select product	Please select product
please_select_product_first	กรุณาเลือกสินค้าก่อน	Please Select Product First	请先选择产品	先に商品を選択してください	សូមជ្រើសរើសផលិតផលជាមុនសិន	먼저 제품을 선택하세요	ກະລຸນາເລືອກສິນຄ້າກ່ອນ	ကုန်ပစ္စည်းကို အရင်ရွေးပါ	Vui lòng chọn sản phẩm trước	Please Select Product First	Please Select Product First	Please Select Product First
please_select_purchase_type	กรุณาเลือกประเภทการจัดซื้อ	Please select purchase type	Please select purchase type	Please select purchase type	Please select purchase type	Please select purchase type	Please select purchase type	Please select purchase type	Please select purchase type	Please select purchase type	Please select purchase type	Please select purchase type
please_select_quotation_type	กรุณาเลือกประเภทใบเสนอราคา	Please select quotation type	Please select quotation type	Please select quotation type	Please select quotation type	Please select quotation type	Please select quotation type	Please select quotation type	Please select quotation type	Please select quotation type	Please select quotation type	Please select quotation type
please_select_shelf	โปรดเลือกชั้นวางเพื่อดูรายการสินค้า	Please select a shelf to view products	Please select a shelf to view products	Please select a shelf to view products	Please select a shelf to view products	Please select a shelf to view products	Please select a shelf to view products	Please select a shelf to view products	Please select a shelf to view products	Please select a shelf to view products	Please select a shelf to view products	Please select a shelf to view products
please_select_template_order_setting	กรุณาเลือกรูปแบบการตั้งค่าเครื่อง Order Station	Please select Order Station setting template	请选择Order Station设置模板	Order Station設定テンプレートを選択してください	សូមជ្រើសរើសគំរូការកំណត់ Order Station	Order Station 설정 템플릿을 선택해주세요	ກະລຸນາເລືອກຮູບແບບການຕັ້ງຄ່າ Order Station	Order Station ဆက်တင်ပုံစံကို ရွေးချယ်ပါ	Vui lòng chọn mẫu cài đặt Order Station	Please select Order Station setting template	Please select Order Station setting template	Please select Order Station setting template
please_select_unit	กรุณาเลือกหน่วย	Please select a unit	请选择单位	単位を選択してください	សូមជ្រើសរើសឯកតា	단위를 선택하세요	ກະລຸນາເລືອກຫົວໜ່ວຍ	ကျေးဇူးပြု၍ ယူနစ်ရွေးပါ	Vui lòng chọn đơn vị	Please select a unit	Please select a unit	Please select a unit
please_select_warehouse	*กรุณาเลือกคลัง	*Please select warehouse	*请选择仓库	*倉庫を選択してください	*សូមជ្រើសរើសឃ្លាំង	*창고를 선택해주세요	*ກະລຸນາເລືອກສາງ	*ဂိုဒေါင်ရွေးချယ်ပါ	*Vui lòng chọn kho	*Please select warehouse	*Please select warehouse	*Please select warehouse
please_setup_branch_settings	กรุณาตั้งค่าข้อมูลสาขาก่อนดำเนินการต่อ	Please setup branch settings before continuing	请设置分店的基础信息后再继续	続行する前に支店の設定を行ってください	សូមកំណត់ការកំណត់សាខាមុនពេលបន្ត	계속하기 전에 지점 설정을 해주세요	ກະລຸນາຕັ້ງຄ່າສາຂາກ່ອນດຳເນີນການ	ဆက်လက်မလုပ်ဆောင်မီ ဌာနခွဲဆက်တင်များကို သတ်မှတ်ပါ	Vui lòng thiết lập chi nhánh trước khi tiếp tục	Please setup branch settings before continuing	Please setup branch settings before continuing	Please setup branch settings before continuing
please_specify_option_group_name	กรุณาระบุ ชื่อกลุ่มตัวเลือก	Please specify option group name	请指定选项组名称	オプショングループ名を指定してください	សូមបញ្ជាក់ឈ្មោះក្រុមជម្រើស	옵션 그룹 이름을 지정해주세요	ກະລຸນາລະບຸຊື່ກຸ່ມຕົວເລືອກ	ရွေးချယ်စရာအုပ်စုအမည်ကို သတ်မှတ်ပါ	Vui lòng chỉ định tên nhóm tùy chọn	Please specify option group name	Please specify option group name	Please specify option group name
please_try_process_report_again	กรุณาลองประมวลผลรายงานอีกครั้ง	Please Try Processing Report Again	请重新尝试处理报告	レポートの処理をもう一度お試しください	សូមព្យាយាមដំណើរការរបាយការណ៍ម្ដងទៀត	보고서 처리를 다시 시도해주세요	ກະລຸນາລອງປະມວນຜົນລາຍງານອີກຄັ້ງ	အစီရင်ခံစာပြန်လည်လုပ်ဆောင်ကြည့်ပါ	Vui lòng thử xử lý báo cáo lại	Please Try Processing Report Again	Please Try Processing Report Again	Please Try Processing Report Again
please_wait	กรุณารอสักครู่...	Please wait...	请稍候...	お待ちください...	សូមរង់ចាំបន្តិច...	잠시만 기다려주세요...	ກະລຸນາລໍຖ້າຊົ່ວຄາວ...	ခဏစောင့်ပါ...	Vui lòng đợi...	Please wait...	Please wait...	Please wait...
plus	เพิ่ม	Add	增加	追加	បន្ថែម	추가	ເພີ່ມຂຶ້ນ	ထည့်	Thêm	Add	Add	Add
po_approval_setting	อนุมัติใบสั่งซื้อ	PO Approval Setting	PO Approval Setting	PO Approval Setting	PO Approval Setting	PO Approval Setting	PO Approval Setting	PO Approval Setting	PO Approval Setting	PO Approval Setting	PO Approval Setting	PO Approval Setting
po_approved_title	PO ได้รับการอนุมัติ	PO Approved	PO Approved	PO Approved	PO Approved	PO Approved	PO Approved	PO Approved	PO Approved	PO Approved	PO Approved	PO Approved
po_number	เลขที่ใบสั่งซื้อ	PO Number	采购订单号	注文番号	លេខបញ្ជាទិញ	구매 주문 번호	ເລກທີ່ໃບສັ່ງຊື້	ဝယ်ယူမှာကြားလွှာနံပါတ်	Số đặt mua hàng	PO Number	PO Number	PO Number
po_rejected_title	PO ถูกปฏิเสธ	PO Rejected	PO Rejected	PO Rejected	PO Rejected	PO Rejected	PO Rejected	PO Rejected	PO Rejected	PO Rejected	PO Rejected	PO Rejected
point_amount	จำนวนแต้ม	Point Amount	Point Amount	Point Amount	Point Amount	Point Amount	Point Amount	Point Amount	Point Amount	Point Amount	Point Amount	Point Amount
point_amount_must_be_positive	จำนวนแต้มต้องมากกว่า 0	Point amount must be greater than 0	Point amount must be greater than 0	Point amount must be greater than 0	Point amount must be greater than 0	Point amount must be greater than 0	Point amount must be greater than 0	Point amount must be greater than 0	Point amount must be greater than 0	Point amount must be greater than 0	Point amount must be greater than 0	Point amount must be greater than 0
point_balance	แต้มคงเหลือ	Point Balance	Point Balance	Point Balance	Point Balance	Point Balance	Point Balance	Point Balance	Point Balance	Point Balance	Point Balance	Point Balance
point_code_label	รหัสแต้ม:	Point Code:	Point Code:	Point Code:	Point Code:	Point Code:	Point Code:	Point Code:	Point Code:	Point Code:	Point Code:	Point Code:
point_multiplier	ตัวคูณแต้ม	Point Multiplier	积分倍数	ポイント倍率	មេគុណពិន្ទុ	포인트 배수	ຕົວຄູນແຕ້ມ	အမှတ်မြှောက်ကိန်း	Hệ số nhân điểm	Point Multiplier	Point Multiplier	Point Multiplier
point_redemption_example	ตัวอย่างการแลกแต้ม	Point redemption example	积分兑换示例	ポイント交換例	ឧទាហរណ៍នៃការប្តូរពិន្ទុ	포인트 교환 예시	ຕົວຢ່າງການແລກແຕ້ມ	အမှတ်လဲလှယ်မှုဥပမာ	Ví dụ đổi điểm	Point redemption example	Point redemption example	Point redemption example
point_setting	กำหนดแต้มสะสม	Point Setting	积分设置	ポイント設定	ការកំណត់ពិន្ទុ	Point Setting	ກໍານົດຄະແນນສະສົມ	အမှတ်သတ်မှတ်ခြင်း	Cài đặt điểm	Point Setting	Point Setting	Point Setting
point_system	ระบบแต้มสะสม	Point System	积分系统	ポイントシステム	ប្រព័ន្ធពិន្ទុ	포인트 시스템	ລະບົບແຕ້ມສະສົມ	အမှတ်စနစ်	Hệ thống điểm	Point System	Point System	Point System
point_system_description	จัดการการตั้งค่าระบบแต้มสะสมสำหรับลูกค้า	Manage point system configuration for customers	管理客户积分系统配置	顧客のポイントシステム設定を管理する	គ្រប់គ្រងការកំណត់ប្រព័ន្ធពិន្ទុសម្រាប់អតិថិជន	고객을 위한 포인트 시스템 구성 관리	ຈັດການການຕັ້ງຄ່າລະບົບແຕ້ມສະສົມສຳລັບລູກຄ້າ	ဖောက်သည်များအတွက် အမှတ်စနစ်ပုံစံသတ်မှတ်ခြင်းကို စီမံခန့်ခွဲပါ	Quản lý cấu hình hệ thống điểm cho khách hàng	Manage point system configuration for customers	Manage point system configuration for customers	Manage point system configuration for customers
point_transaction.add_points	เพิ่มแต้ม	Add Points	添加积分	ポイントを追加	បន្ថែមពិន្ទុ	포인트 추가	ເພີ່ມແຕ້ມ	အမှတ်ထည့်ပါ	Thêm điểm	Add Points	Add Points	Add Points
point_transaction.balance_after	ยอดหลัง	Balance After	之后余额	後残高	សមតុល្យក្រោយ	이후 잔액	ຍອດຫຼັງ	နောက်လက်ကျန်	Số dư sau	Balance After	Balance After	Balance After
point_transaction.balance_before	ยอดก่อน	Balance Before	之前余额	前残高	សមតុល្យមុន	이전 잔액	ຍອດກ່ອນ	ယခင်လက်ကျန်	Số dư trước	Balance Before	Balance Before	Balance Before
point_transaction.error_occurred	เกิดข้อผิดพลาด	An error occurred	发生错误	エラーが発生しました	មានកំហុសកើតឡើង	오류 발생	ເກີດຄວາມຜິດພາດ	အမှားအယွင်းဖြစ်ပွားသည်	Đã xảy ra lỗi	An error occurred	An error occurred	An error occurred
point_transaction.no_points_history_found	ไม่พบประวัติการใช้แต้ม	No points history found	未找到积分历史	ポイント履歴が見つかりません	រកមិនឃើញប្រវត្តិពិន្ទុ	포인트 내역을 찾을 수 없습니다	ບໍ່ພົບປະຫວັດການໃຊ້ແຕ້ມ	အမှတ်သမိုင်းမတွေ့ပါ	Không tìm thấy lịch sử điểm	No points history found	No points history found	No points history found
point_transaction.points_code	รหัสแต้ม	Points Code	积分代码	ポイントコード	លេខកូដពិន្ទុ	포인트 코드	ລະຫັດແຕ້ມ	အမှတ်ကုဒ်	Mã điểm	Points Code	Points Code	Points Code
point_transaction.points_history	ประวัติการใช้แต้ม	Points History	积分历史	ポイント履歴	ប្រវត្តិពិន្ទុ	포인트 내역	ປະຫວັດການໃຊ້ແຕ້ມ	အမှတ်သမိုင်း	Lịch sử điểm	Points History	Points History	Points History
point_transaction.received_points	ได้รับแต้ม	Received Points	获得积分	ポイント獲得	ទទួលបានពិន្ទុ	포인트 획득	ໄດ້ຮັບແຕ້ມ	အမှတ်ရရှိသည်	Nhận điểm	Received Points	Received Points	Received Points
point_transaction.unknown	ไม่ทราบ	Unknown	未知	不明	មិនស្គាល់	알 수 없음	ບໍ່ຮູ້	မသိရှိပါ	Không rõ	Unknown	Unknown	Unknown
point_transaction.used_points	ใช้แต้ม	Used Points	使用积分	ポイント使用	ប្រើប្រាស់ពិន្ទុ	포인트 사용	ໃຊ້ແຕ້ມ	အမှတ်သုံးသည်	Sử dụng điểm	Used Points	Used Points	Used Points
point_usage_type	ประเภทการใช้แต้ม	Point Usage Type	积分使用类型	ポイント利用タイプ	ប្រភេទការប្រើពិន្ទុ	포인트 사용 유형	ປະເພດການໃຊ້ແຕ້ມ	အမှတ်အသုံးပြုမှုအမျိုးအစား	Loại sử dụng điểm	Point Usage Type	Point Usage Type	Point Usage Type
points	แต้ม	Points	积分	ポイント	ពិន្ទុ	포인트	ແຕ້ມ	ပွိုင့်	Điểm	Points	Points	Points
points_balance	แต้มคงเหลือ	Points Balance	积分余额	ポイント残高	សមតុល្យពិន្ទុ	포인트 잔액	ແຕ້ມຄົງເຫຼືອ	အမှတ်လက်ကျန်	Số điểm còn lại	Points Balance	Points Balance	Points Balance
points_code	รหัสสะสมแต้ม	Points Code	积分代码	ポイントコード	លេខកូដពិន្ទុ	포인트 코드	ລະຫັດສະສົມແຕ້ມ	ပွိုင့်ကုဒ်	Mã điểm	Points Code	Points Code	Points Code
points_per_baht	แต้มต่อบาท	Points per baht	每泰铢积分	1バーツあたりのポイント	ពិន្ទុក្នុងមួយបាត	바트당 포인트	ແຕ້ມຕໍ່ບາດ	ဘတ်တစ်ခုလျှင်အမှတ်	Điểm mỗi baht	Points per baht	Points per baht	Points per baht
points_received	แต้มที่ได้รับ	Points Received	获得的积分	受け取ったポイント	ពិន្ទុដែលបានទទួល	받은 포인트	ແຕ້ມທີ່ໄດ້ຮັບ	ရရှိသောပွိုင့်	Điểm nhận được	Points Received	Points Received	Points Received
points_value	มูลค่าแต้ม	Points Value	积分价值	ポイント価値	តម្លៃពិន្ទុ	포인트 가치	ມູນຄ່າແຕ້ມ	ပွိုင့်တန်ဖိုး	Giá trị điểm	Points Value	Points Value	Points Value
portrait	แนวตั้ง	Portrait	纵向	縦向き	បញ្ឈរ	세로	ແນວຕັ້ງ	ဒေါင်လိုက်	Dọc	Portrait	Portrait	Portrait
pos	ขายหน้าร้าน	Storefront Sales	店面销售	店頭販売	ការលក់នៅហាង	매장 판매	ຂາຍໜ້າຮ້ານ	ဆိုင်ໜ້າအရောင်း	Bán hàng tại quầy	Storefront Sales	Storefront Sales	Storefront Sales
pos_cash_management	การรับเงิน POS	POS Cash Management	POS现金管理	POSキャッシュ管理	ការគ្រប់គ្រងសាច់ប្រាក់ POS	POS 현금 관리	ການຈັດການເງິນສົດ POS	POS ငွေသားစီမံခန့်ခွဲမှု	Quản lý tiền mặt POS	POS Cash Management	POS Cash Management	POS Cash Management
pos_id	POS ID	POS ID	POS ID	POS ID	POS ID	POS ID	POS ID	POS ID	POS ID	POS ID	POS ID	POS ID
pos_id_cannot_be_empty	POS ID ไม่สามารถเป็นค่าว่างได้	POS ID cannot be empty	POS ID cannot be empty	POS ID cannot be empty	POS ID cannot be empty	POS ID cannot be empty	POS ID cannot be empty	POS ID cannot be empty	POS ID cannot be empty	POS ID cannot be empty	POS ID cannot be empty	POS ID cannot be empty
pos_media	สื่อโฆษณา	Advertising Media	广告媒体	広告メディア	មេឌៀផ្សាយពាណិជ្ជកម្ម	광고 매체	ສື່ໂຄສະນາ	ကြော်ငြာမီဒီယာ	Phương tiện quảng cáo	Advertising Media	Advertising Media	Advertising Media
pos_media_code	รหัสสื่อโฆษณา	Advertising Media Code	广告媒体代码	広告メディアコード	កូដមេឌៀផ្សាយពាណិជ្ជកម្ម	광고 매체 코드	ລະຫັດສື່ໂຄສະນາ	ကြော်ငြာမီဒီယာကုဒ်	Mã phương tiện quảng cáo	Advertising Media Code	Advertising Media Code	Advertising Media Code
pos_media_name	ชื่อสื่อโฆษณา	Advertising Media Name	广告媒体名称	広告メディア名	ឈ្មោះមេឌៀផ្សាយពាណិជ្ជកម្ម	광고 매체 이름	ຊື່ສື່ໂຄສະນາ	ကြော်ငြာမီဒီယာအမည်	Tên phương tiện quảng cáo	Advertising Media Name	Advertising Media Name	Advertising Media Name
pos_media_search	ค้นหาสื่อโฆษณา	Search Advertising Media	搜索广告媒体	広告メディアを検索	ស្វែងរកមេឌៀផ្សាយពាណិជ្ជកម្ម	광고 매체 검색	ຄົ້ນຫາສື່ໂຄສະນາ	ကြော်ငြာမီဒီယာရှာဖွေပါ	Tìm kiếm phương tiện quảng cáo	Search Advertising Media	Search Advertising Media	Search Advertising Media
pos_number	หมายเลขเครื่องPOS	POS Number	POS机号	POS番号	លេខ POS	POS 번호	ໝາຍເລກ POS	POS နံပါတ်	Số POS	POS Number	POS Number	POS Number
pos_only	POS เท่านั้น	POS Only	POS Only	POS Only	POS Only	POS Only	POS Only	POS Only	POS Only	POS Only	POS Only	POS Only
pos_receive_money	รับเงิน POS	POS Receive Money	POS收款	POS入金	POS ទទួលប្រាក់	POS 입금	ຮັບເງິນ POS	POS ငွေလက်ခံ	POS nhận tiền	POS Receive Money	POS Receive Money	POS Receive Money
pos_screen	หน้าจอขาย	Sale Screen	销售屏幕	販売画面	អេក្រង់លក់	판매 화면	ໜ້າຈໍຂາຍ	အရောင်းမျက်နှာပြင်	Màn hình bán hàng	Sale Screen	Sale Screen	Sale Screen
pos_send_money	ส่งเงิน POS	POS Send Money	POS出款	POS出金	POS ផ្ញើប្រាក់	POS 출금	ສົ່ງເງິນ POS	POS ငွေထုတ်ပေး	POS gửi tiền	POS Send Money	POS Send Money	POS Send Money
pos_setting	กำหนดรหัสเครื่อง POS	Set POS Machine Code	设置POS机代码	POSマシンコード設定	កំណត់កូដម៉ាស៊ីន POS	POS 기기 코드 설정	ກຳນົດລະຫັດເຄື່ອງ POS	POS စက်ကုဒ်သတ်မှတ်ပါ	Thiết lập mã máy POS	Set POS Machine Code	Set POS Machine Code	Set POS Machine Code
pos_setting_code	รหัสเครื่อง POS	POS Machine Code	POS机代码	POSマシンコード	កូដម៉ាស៊ីន POS	POS 기기 코드	ລະຫັດເຄື່ອງ POS	POS စက်ကုဒ်	Mã máy POS	POS Machine Code	POS Machine Code	POS Machine Code
pos_setting_devicenumber	หมายเลขเครื่อง	Machine Number	机器号码	マシン番号	លេខម៉ាស៊ីន	기기 번호	ໝາຍເລກເຄື່ອງ	စက်နံပါတ်	Số máy	Machine Number	Machine Number	Machine Number
pos_setting_doccode	รหัสเอกสาร	Document Code	文档代码	ドキュメントコード	កូដឯកសារ	문서 코드	ລະຫັດເອກະສານ	စာရွက်စာတမ်းကုဒ်	Mã tài liệu	Document Code	Document Code	Document Code
pos_setting_inv	รูปแบบเลขที่เอกสารอย่างย่อ	Abbreviated Document Number Format	简略文档编号格式	略式ドキュメント番号形式	ទម្រង់លេខឯកសារសង្ខេប	약식 문서 번호 형식	ຮູບແບບເລກທີເອກະສານຫຍໍ້	အတိုကောက် စာရွက်စာတမ်းနံပါတ် ပုံစံ	Định dạng số tài liệu tóm tắt	Abbreviated Document Number Format	Abbreviated Document Number Format	Abbreviated Document Number Format
pos_setting_prefix	รหัสเอกสาร	Document Code	文档代码	ドキュメントコード	កូដឯកសារ	문서 코드	ລະຫັດເອກະສານ	စာရွက်စာတမ်းကုဒ်	Mã tài liệu	Document Code	Document Code	Document Code
pos_setting_sale_return	รูปแบบเอกสารเลขที่รับคืน	Return Document Number Format	退货文档编号格式	返品ドキュメント番号形式	ទម្រង់លេខឯកសារត្រឡប់មកវិញ	반품 문서 번호 형식	ຮູບແບບເລກທີເອກະສານຮັບຄືນ	ပြန်အမ်းစာရွက်စာတမ်းနံပါတ် ပုံစံ	Định dạng số tài liệu trả lại	Return Document Number Format	Return Document Number Format	Return Document Number Format
pos_setting_taxinv	รูปแบบเลขที่เอกสารอย่างเต็ม	Full Document Number Format	完整文档编号格式	完全なドキュメント番号形式	ទម្រង់លេខឯកសារពេញលេញ	전체 문서 번호 형식	ຮູບແບບເລກທີເອກະສານເຕັມ	ပြည့်စုံသော စာရွက်စာတမ်းနံပါတ် ပုံစံ	Định dạng số tài liệu đầy đủ	Full Document Number Format	Full Document Number Format	Full Document Number Format
position	ตำแหน่ง	Location	位置	場所	ទីតាំង	위치	ຕຳແໜ່ງ	တည်နေရာ	Vị trí	Location	Location	Location
preparing_data	กำลังเตรียมข้อมูล	Preparing data	正在准备数据	データ準備中	កំពុងរៀបចំទិន្នន័យ	데이터 준비 중	ກຳລັງກຽມຂໍ້ມູນ	ဒေတာ ပြင်ဆင်နေသည်	Đang chuẩn bị dữ liệu	Preparing data	Preparing data	Preparing data
preparing_report_data	กำลังเตรียมข้อมูลรายงาน...	Preparing report data...	正在准备报告数据...	レポートデータを準備しています...	កំពុងរៀបចំទិន្នន័យរបាយការណ៍...	보고서 데이터 준비 중...	ກຳລັງກະກຽມຂໍ້ມູນລາຍງານ...	အစီရင်ခံစာဒေတာပြင်ဆင်နေသည်...	Đang chuẩn bị dữ liệu báo cáo...	Preparing report data...	Preparing report data...	Preparing report data...
preferred_vendor	ร้านที่ต้องการ	Preferred Vendor	首选供应商	優先ベンダー	អ្នកផ្គត់ផ្គង់ចំណូលចិត្ត	선호 벤더	ຮ້ານທີ່ຕ້ອງການ	ပိုနှစ်သက်သောရောင်းချသူ	Nhà cung cấp ưu tiên	Preferred Vendor	Preferred Vendor	Preferred Vendor
project	โครงการ	Project	项目	プロジェクト	គម្រោង	프로젝트	ໂຄງການ	စီမံကိန်း	Dự án	Project	Project	Project
press_add_item_to_start	กดปุ่ม "เพิ่มรายการ" เพื่อเริ่มต้น	Press "Add Item" to start	点击"添加项目"开始	「アイテムを追加」を押して開始	ចុចប៊ូតុង "បន្ថែមរายការ" ដើម្បីចាប់ផ្តើម	"항목 추가"를 눌러 시작하세요	ກົດປຸ່ມ "ເພີ່ມລາຍການ" ເພື່ອເລີ່ມຕົ້ນ	"ပစ္စည်းထည့်ရန်" ခလုတ်ကို နှိပ်၍ စတင်ပါ	Nhấn "Thêm mục" để bắt đầu	Press "Add Item" to start	Press "Add Item" to start	Press "Add Item" to start
press_add_product_button	กดปุ่ม เพิ่มสินค้า เพื่อเริ่มต้น	Press Add Product button to start	按添加产品按钮开始	商品追加ボタンを押して開始	ចុចប៊ូតុងបន្ថែមផលិតផលដើម្បីចាប់ផ្តើម	제품 추가 버튼을 눌러 시작	ກົດປຸ່ມ ເພີ່ມສິນຄ້າ ເພື່ອເລີ່ມຕົ້ນ	ထုတ်ကုန်ထည့်ခလုတ်နှိပ်၍စတင်ပါ	Nhấn nút Thêm sản phẩm để bắt đầu	Press Add Product button to start	Press Add Product button to start	Press Add Product button to start
press_add_slip_to_add_image	กดปุ่ม "เพิ่ม SLIP" เพื่อเพิ่มรูปภาพ	Press "Add Slip" to add image	点击"添加收据"添加图片	"スリップ追加"を押して画像を追加	ចុចប៊ូតុង "បន្ថែម SLIP" ដើម្បីបន្ថែមរូបភាព	"슬립 추가"를 눌러 이미지를 추가하세요	ກົດປຸ່ມ "ເພີ່ມ SLIP" ເພື່ອເພີ່ມຮູບພາບ	ပုံထည့်ရန် "စလစ်ထည့်" ခလုတ်နှိပ်ပါ	Nhấn "Thêm phiếu" để thêm hình ảnh	Press "Add Slip" to add image	Press "Add Slip" to add image	Press "Add Slip" to add image
press_below_to_add_purchase_type	กดปุ่มด้านล่างเพื่อเพิ่มประเภทการจัดซื้อใหม่	Press the button below to add a new purchase type	点击下方按钮添加新的采购类型	下のボタンを押して新しい購入タイプを追加	ចុចប៊ូតុងខាងក្រោមដើម្បីបន្ថែមប្រភេទទិញថ្មី	아래 버튼을 눌러 새 구매 유형을 추가하세요	ກົດປຸ່ມດ້ານລຸ່ມເພື່ອເພີ່ມປະເພດການຈັດຊື້ໃໝ່	ဝယ်ယူမှုအမျိုးအစားအသစ် ထည့်ရန် အောက်ခလုတ်ကို နှိပ်ပါ	Nhấn nút bên dưới để thêm loại mua hàng mới	Press the button below to add a new purchase type	Press the button below to add a new purchase type	Press the button below to add a new purchase type
press_below_to_add_quotation_type	กดปุ่มด้านล่างเพื่อเพิ่มประเภทใบเสนอราคาใหม่	Press the button below to add a new quotation type	点击下方按钮添加新的报价类型	下のボタンを押して新しい見積もりタイプを追加	ចុចប៊ូតុងខាងក្រោមដើម្បីបន្ថែមប្រភេទសម្រង់តម្លៃថ្មី	아래 버튼을 눌러 새 견적 유형을 추가하세요	ກົດປຸ່ມດ້ານລຸ່ມເພື່ອເພີ່ມປະເພດໃບສະເໜີລາຄາໃໝ່	စျေးနှုန်းအမျိုးအစားအသစ် ထည့်ရန် အောက်ခလုတ်ကို နှိပ်ပါ	Nhấn nút bên dưới để thêm loại báo giá mới	Press the button below to add a new quotation type	Press the button below to add a new quotation type	Press the button below to add a new quotation type
press_below_to_add_sale_order_type	กดปุ่มด้านล่างเพื่อเพิ่มประเภทใบสั่งขายใหม่	Press the button below to add a new sale order type	点击下方按钮添加新的销售订单类型	下のボタンを押して新しい販売注文タイプを追加	ចុចប៊ូតុងខាងក្រោមដើម្បីបន្ថែមប្រភេទបញ្ជាទិញថ្មី	아래 버튼을 눌러 새 판매 주문 유형을 추가하세요	ກົດປຸ່ມດ້ານລຸ່ມເພື່ອເພີ່ມປະເພດໃບສັ່ງຂາຍໃໝ່	အရောင်းအမှာစာအမျိုးအစားအသစ် ထည့်ရန် အောက်ခလုတ်ကို နှိပ်ပါ	Nhấn nút bên dưới để thêm loại đơn bán hàng mới	Press the button below to add a new sale order type	Press the button below to add a new sale order type	Press the button below to add a new sale order type
press_for_select_group	กดเพื่อเลือกกลุ่ม	Press to select Group	按以选择组	グループを選択するには押してください	ចុចដើម្បីជ្រើសរើសក្រុម	그룹을 선택하려면 누르세요	ກົດເພື່ອເລືອກກຸ່ມ	အုပ်စုရွေးချယ်ရန်နှိပ်ပါ	Nhấn để chọn Nhóm	Press to select Group	Press to select Group	Press to select Group
press_to_delete_item	กดเพื่อลบรายการนี้	Press to delete this item	按下删除此项目	この項目を削除するには押してください	ចុចដើម្បីលុបធាតុនេះ	이 항목을 삭제하려면 누르세요	ກົດເພື່ອລຶບລາຍການນີ້	ဤအရာကိုဖျက်ရန်နှိပ်ပါ	Nhấn để xóa mục này	Press to delete this item	Press to delete this item	Press to delete this item
press_to_edit_barcode	กดเพื่อแก้ไขบาร์โค้ด	Press to edit barcode	按下编辑条形码	バーコードを編集するには押してください	ចុចដើម្បីកែសម្រួលបាកូដ	바코드를 수정하려면 누르세요	ກົດເພື່ອແກ້ໄຂບາໂຄ້ດ	ဘားကုဒ်ပြင်ဆင်ရန်နှိပ်ပါ	Nhấn để chỉnh sửa mã vạch	Press to edit barcode	Press to edit barcode	Press to edit barcode
press_to_edit_data	กดเพื่อแก้ไขข้อมูล	Press to edit data	按下编辑数据	データを編集するには押してください	ចុចដើម្បីកែសម្រួលទិន្នន័យ	데이터를 수정하려면 누르세요	ກົດເພື່ອແກ້ໄຂຂໍ້ມູນ	ဒေတာပြင်ဆင်ရန်နှိပ်ပါ	Nhấn để chỉnh sửa dữ liệu	Press to edit data	Press to edit data	Press to edit data
press_to_edit_note	กดเพื่อแก้ไขหมายเหตุ	Press to edit note	按下编辑备注	メモを編集するには押してください	ចុចដើម្បីកែសម្រួលចំណាំ	메모를 수정하려면 누르세요	ກົດເພື່ອແກ້ໄຂໝາຍເຫດ	မှတ်ချက်ပြင်ဆင်ရန်နှိပ်ပါ	Nhấn để chỉnh sửa ghi chú	Press to edit note	Press to edit note	Press to edit note
press_to_edit_options	กดเพื่อแก้ไขตัวเลือกเพิ่มเติม	Press to edit additional options	按下编辑附加选项	追加オプションを編集するには押してください	ចុចដើម្បីកែសម្រួលជម្រើសបន្ថែម	추가 옵션을 수정하려면 누르세요	ກົດເພື່ອແກ້ໄຂທາງເລືອກເພີ່ມເຕີມ	နောက်ထပ်ရွေးချယ်စရာများပြင်ဆင်ရန်နှိပ်ပါ	Nhấn để chỉnh sửa tùy chọn bổ sung	Press to edit additional options	Press to edit additional options	Press to edit additional options
press_to_edit_price	กดเพื่อแก้ไขราคา	Press to edit price	按下编辑价格	価格を編集するには押してください	ចុចដើម្បីកែសម្រួលតម្លៃ	가격을 수정하려면 누르세요	ກົດເພື່ອແກ້ໄຂລາຄາ	စျေးနှုန်းပြင်ဆင်ရန်နှိပ်ပါ	Nhấn để chỉnh sửa giá	Press to edit price	Press to edit price	Press to edit price
press_to_edit_product	กดเพื่อแก้ไขรายการสินค้า	Press to edit product	按下编辑产品	商品を編集するには押してください	ចុចដើម្បីកែសម្រួលផលិតផល	제품을 수정하려면 누르세요	ກົດເພື່ອແກ້ໄຂສິນຄ້າ	ထုတ်ကုန်ပြင်ဆင်ရန်နှိပ်ပါ	Nhấn để chỉnh sửa sản phẩm	Press to edit product	Press to edit product	Press to edit product
press_to_edit_product_item	กดเพื่อแก้ไขรายการสินค้า	Press to edit product item	按下编辑产品项目	商品項目を編集するには押してください	ចុចដើម្បីកែសម្រួលធាតុផលិតផល	제품 항목을 수정하려면 누르세요	ກົດເພື່ອແກ້ໄຂລາຍການສິນຄ້າ	ထုတ်ကုန်အရာပြင်ဆင်ရန်နှိပ်ပါ	Nhấn để chỉnh sửa mục sản phẩm	Press to edit product item	Press to edit product item	Press to edit product item
press_to_edit_quantity	กดเพื่อแก้ไขจำนวน	Press to edit quantity	按下编辑数量	数量を編集するには押してください	ចុចដើម្បីកែសម្រួលចំនួន	수량을 수정하려면 누르세요	ກົດເພື່ອແກ້ໄຂຈຳນວນ	အရေအတွက်ပြင်ဆင်ရန်နှိပ်ပါ	Nhấn để chỉnh sửa số lượng	Press to edit quantity	Press to edit quantity	Press to edit quantity
press_to_select_location	กดเพื่อเลือกตำแหน่ง	Press to select location	按下选择位置	場所を選択するには押してください	ចុចដើម្បីជ្រើសរើសទីតាំង	위치를 선택하려면 누르세요	ກົດເພື່ອເລືອກຕຳແໜ່ງ	တည်နေရာရွေးချယ်ရန်နှိပ်ပါ	Nhấn để chọn vị trí	Press to select location	Press to select location	Press to select location
press_to_select_product	กดเพื่อเลือกสินค้า	Press to select product	按下选择产品	商品を選択するには押してください	ចុចដើម្បីជ្រើសរើសផលិតផល	제품을 선택하려면 누르세요	ກົດເພື່ອເລືອກສິນຄ້າ	ထုတ်ကုန်ရွေးချယ်ရန်နှိပ်ပါ	Nhấn để chọn sản phẩm	Press to select product	Press to select product	Press to select product
press_to_select_warehouse	กดเพื่อเลือกคลังสินค้า	Press to select warehouse	按下选择仓库	倉庫を選択するには押してください	ចុចដើម្បីជ្រើសរើសឃ្លាំង	창고를 선택하려면 누르세요	ກົດເພື່ອເລືອກຄັງສິນຄ້າ	ဂိုဒေါင်ရွေးချယ်ရန်နှိပ်ပါ	Nhấn để chọn kho	Press to select warehouse	Press to select warehouse	Press to select warehouse
preview	ตัวอย่าง	Preview	预览	プレビュー	មើលមុន	미리보기	ຕົວຢ່າງ	ကြိုတင်ကြည့်ရှု	Xem trước	Preview	Preview	Preview
previous_page	หน้าก่อนหน้า	Previous Page	上一页	前のページ	ទំព័រមុន	이전 페이지	ໜ້າກ່ອນໜ້າ	ယခင်စာမျက်နှာ	Trang trước	Previous Page	Previous Page	Previous Page
price	ราคา	Price	价格	価格	តម្លៃ	가격	ລາຄາ	စျေးနှုန်း	Giá	Price	Price	Price
price_adult	ราคา (ผู้ใหญ่)	Price (Adult)	价格 (成人)	価格 (大人)	តម្លៃ (មនុស្សពេញវ័យ)	가격 (성인)	ລາຄາ (ຜູ້ໃຫຍ່)	စျေးနှုန်း (လူကြီး)	Giá (Người lớn)	Price (Adult)	Price (Adult)	Price (Adult)
price_channel_1	ราคาตามช่องทาง 1	Price Channel 1	Price Channel 1	Price Channel 1	Price Channel 1	Price Channel 1	Price Channel 1	Price Channel 1	Price Channel 1	Price Channel 1	Price Channel 1	Price Channel 1
price_channel_2	ราคาตามช่องทาง 2	Price Channel 2	Price Channel 2	Price Channel 2	Price Channel 2	Price Channel 2	Price Channel 2	Price Channel 2	Price Channel 2	Price Channel 2	Price Channel 2	Price Channel 2
price_channel_3	ราคาตามช่องทาง 3	Price Channel 3	Price Channel 3	Price Channel 3	Price Channel 3	Price Channel 3	Price Channel 3	Price Channel 3	Price Channel 3	Price Channel 3	Price Channel 3	Price Channel 3
price_channel_4	ราคาตามช่องทาง 4	Price Channel 4	Price Channel 4	Price Channel 4	Price Channel 4	Price Channel 4	Price Channel 4	Price Channel 4	Price Channel 4	Price Channel 4	Price Channel 4	Price Channel 4
price_channel_5	ราคาตามช่องทาง 5	Price Channel 5	Price Channel 5	Price Channel 5	Price Channel 5	Price Channel 5	Price Channel 5	Price Channel 5	Price Channel 5	Price Channel 5	Price Channel 5	Price Channel 5
price_child	ราคา (เด็ก)	Price (Child)	价格 (儿童)	価格 (子供)	តម្លៃ (កុមារ)	가격 (어린이)	ລາຄາ (ເດັກນ້ອຍ)	စျေးနှုန်း (ကလေး)	Giá (Trẻ em)	Price (Child)	Price (Child)	Price (Child)
price_colon	ราคา	Price	价格	価格	តម្លៃ	가격	ລາຄາ	စျေး	Giá	Price	Price	Price
price_history	ประวัติราคา	Price History	Price History	Price History	Price History	Price History	Price History	Price History	Price History	Price History	Price History	Price History
price_max	ราคาสูงสุด	Max Price	最高价	最高価格	តម្លៃអតិបរមា	최고가	ລາຄາສູງສຸດ	အမြင့်ဆုံးစျေး	Giá tối đa	Max Price	Max Price	Max Price
price_member	ราคาสมาชิก	Member price	会员价格	会員価格	តម្លៃសមាជិក	회원 가격	ລາຄາສະມາຊິກ	အဖွဲ့ဝင်စျေးနှုန်း	Giá thành viên	Member price	Member price	Member price
price_min	ราคาต่ำสุด	Min Price	最低价	最低価格	តម្លៃអប្បបរមា	최저가	ລາຄາຕ່ຳສຸດ	အနိမ့်ဆုံးစျေး	Giá tối thiểu	Min Price	Min Price	Min Price
price_must_not_be_negative	ราคาต้องไม่ติดลบ	Price must not be negative	价格不能为负数	価格はマイナスにできません	តម្លៃមិនអាចអវិជ្ជមាន	가격은 음수가 될 수 없습니다	ລາຄາຕ້ອງບໍ່ຕິດລົບ	စျေးနှုန်းသည် အနုတ်မဖြစ်ရ	Giá không được âm	Price must not be negative	Price must not be negative	Price must not be negative
price_per_unit	ราคาต่อหน่วย	Price per Unit	单价	単価	តម្លៃក្នុងមួយឯកតា	단가	ລາຄາຕໍ່ຫົວໜ່ວຍ	တစ်ယူနစ်ဈေးနှုန်း	Giá mỗi đơn vị	Price per Unit	Price per Unit	Price per Unit
price_prefix	ราคา : + 	Price: + 	价格：+ 	価格：+ 	តម្លៃ : + 	가격: + 	ລາຄາ : + 	စျေးနှုန်း : + 	Giá: + 	Price: + 	Price: + 	Price: + 
price_retail	ราคาขายปลีก	Retail Price	Retail Price	Retail Price	Retail Price	Retail Price	Retail Price	Retail Price	Retail Price	Retail Price	Retail Price	Retail Price
price_sale	ราคาขาย	Sale Price	销售价格	販売価格	តម្លៃលក់	판매 가격	ລາຄາຂາຍ	အရောင်းစျေးနှုန်း	Giá bán	Sale Price	Sale Price	Sale Price
price_update	แก้ราคา	Update Price	确定价格	Update Price	Update Price	Update Price	ອັບເດດລາຄາ	Update Price	Update Price	Update Price	Update Price	Update Price
primary	หลัก	Primary	Primary	Primary	Primary	Primary	Primary	Primary	Primary	Primary	Primary	Primary
print	พิมพ์	Print	打印	印刷	បោះពុម្ព	인쇄	ພິມ	ပရင့်	In	Print	Print	Print
print_after_save	พิมพ์หลังบันทึก	Print After Save	保存后打印	保存後に印刷	បោះពុម្ពបន្ទាប់ពីរក្សាទុក	저장 후 인쇄	ພິມຫຼັງຈາກບັນທຶກ	သိမ်းဆည်းပြီးနောက် ပရင့်ထုတ်ပါ	In sau khi lưu	Print After Save	Print After Save	Print After Save
print_all	พิมพ์ทั้งหมด	Print All	Print All	Print All	Print All	Print All	Print All	Print All	Print All	Print All	Print All	Print All
print_bill_full	ใบกำกับอย่างเต็ม	Full Tax Invoice	完整发票	完全な税金請求書	វិក្កយបត្រពន្ធពេញលេញ	전체 세금 계산서	ໃບເກັບພາສີເຕັມຮູບແບບ	အခွန်ပြေစာအပြည့်အစုံ	Hóa đơn thuế đầy đủ	Full Tax Invoice	Full Tax Invoice	Full Tax Invoice
print_complete	พิมพ์เสร็จสิ้น	Print complete	打印完成	印刷完了	បោះពុម្ពរួចរាល់	인쇄 완료	ພິມສຳເລັດ	ပရင့်ထုတ်ပြီး	In hoàn tất	Print complete	Print complete	Print complete
print_date	วันที่พิมพ์:	Print Date:	Print Date:	Print Date:	Print Date:	Print Date:	Print Date:	Print Date:	Print Date:	Print Date:	Print Date:	Print Date:
print_document	พิมพ์เอกสาร	Print Document	打印文档	文書を印刷	បោះពុម្ពឯកសារ	문서 인쇄	ພິມເອກະສານ	စာရွက်စာတမ်းပရင့်ထုတ်	In tài liệu	Print Document	Print Document	Print Document
print_document_complete	พิมพ์เอกสารเสร็จสมบูรณ์	Print Document Complete	Print Document Complete	Print Document Complete	Print Document Complete	Print Document Complete	Print Document Complete	Print Document Complete	Print Document Complete	Print Document Complete	Print Document Complete	Print Document Complete
print_error	เกิดข้อผิดพลาดในการพิมพ์	Print error	Print error	Print error	Print error	Print error	Print error	Print error	Print error	Print error	Print error	Print error
print_form_description	พิมพ์แบบฟอร์มหลังจากบันทึกเอกสาร	Print form after saving the document	保存文档后打印表格	書類を保存した後にフォームを印刷する	បោះពុម្ពទម្រង់បន្ទាប់ពីរក្សាទុកឯកសារ	문서 저장 후 양식 인쇄	ພິມແບບຟອມຫຼັງຈາກບັນທຶກເອກະສານ	စာရွက်စာတမ်းကို သိမ်းဆည်းပြီးနောက် ပုံစံကို ပရင့်ထုတ်ပါ	In biểu mẫu sau khi lưu tài liệu	Print form after saving the document	Print form after saving the document	Print form after saving the document
print_history	ประวัติพิมพ์	Print Log	打印记录	印刷履歴	ប្រវត្តិបោះពុម្ព	인쇄 이력	ປະຫວັດພິມ	ပရင့်မှတ်တမ်း	Lịch sử in	Print Log	Print Log	Print Log
print_history_coming_soon	ฟีเจอร์ประวัติการพิมพ์กำลังพัฒนา	Print History Coming Soon	打印历史功能即将推出	印刷履歴機能は近日公開	មុខងារប្រវត្តិបោះពុម្ពនឹងមកដល់ឆាប់ៗ	인쇄 기록 기능 곧 출시	ຟີເຈີປະຫວັດການພິມກຳລັງພັດທະນາ	ပုံနှိပ်မှတ်တမ်း အင်္ဂါရပ် မကြာမီ ရရှိနိုင်ပါမည်	Tính năng lịch sử in sắp ra mắt	Print History Coming Soon	Print History Coming Soon	Print History Coming Soon
print_on_a4	พิมพ์บนกระดาษ A4	Print on A4 paper	在A4纸上打印	A4用紙に印刷	បោះពុម្ពលើក្រដាស A4	A4 용지에 인쇄	ພິມເທິງເຈ້ຍ A4	A4 စာရွက်ပေါ်တွင် ပုံနှိပ်ပါ	In trên giấy A4	Print on A4 paper	Print on A4 paper	Print on A4 paper
print_product_label	พิมพ์ Label สินค้า	Print Product Label	打印产品标签	商品ラベル印刷	បោះពុម្ពស្លាកផលិតផល	제품 라벨 인쇄	ພິມ Label ສິນຄ້າ	ထုတ်ကုန်တံဆိပ်ပုံနှိပ်ရန်	In nhãn sản phẩm	Print Product Label	Print Product Label	Print Product Label
print_product_list	พิมพ์รายการสินค้า	Print Product List	Print Product List	Print Product List	Print Product List	Print Product List	Print Product List	Print Product List	Print Product List	Print Product List	Print Product List	Print Product List
print_report	พิมพ์รายงาน	Print Report	Print Report	Print Report	Print Report	Print Report	Print Report	Print Report	Print Report	Print Report	Print Report	Print Report
print_settings	ตั้งค่าการพิมพ์	Print Settings	Print Settings	Print Settings	Print Settings	Print Settings	Print Settings	Print Settings	Print Settings	Print Settings	Print Settings	Print Settings
print_shelf_label	พิมพ์ป้ายชั้นวางสินค้า	Print Shelf Label	Print Shelf Label	Print Shelf Label	Print Shelf Label	Print Shelf Label	Print Shelf Label	Print Shelf Label	Print Shelf Label	Print Shelf Label	Print Shelf Label	Print Shelf Label
print_shelf_label_a4	พิมพ์ฉลากติดชั้นวาง (A4)	Print Shelf Label (A4)	Print Shelf Label (A4)	Print Shelf Label (A4)	Print Shelf Label (A4)	Print Shelf Label (A4)	Print Shelf Label (A4)	Print Shelf Label (A4)	Print Shelf Label (A4)	Print Shelf Label (A4)	Print Shelf Label (A4)	Print Shelf Label (A4)
print_shelf_label_complete	พิมพ์ป้ายชั้นวางสินค้าเสร็จสมบูรณ์	Shelf label printing completed	Shelf label printing completed	Shelf label printing completed	Shelf label printing completed	Shelf label printing completed	Shelf label printing completed	Shelf label printing completed	Shelf label printing completed	Shelf label printing completed	Shelf label printing completed	Shelf label printing completed
print_success	พิมพ์สำเร็จ	Print Successful	打印成功	印刷成功	បោះពុម្ពជោគជ័យ	인쇄 성공	ພິມສຳເລັດ	ပရင့်အောင်မြင်သည်	In thành công	Print Successful	Print Successful	Print Successful
printer	เครื่องพิมพ์	Printer	打印机	プリンター	ម៉ាស៊ីនបោះពុម្ព	프린터	ເຄື່ອງພິມ	ပရင်တာ	Máy in	Printer	Printer	Printer
printer_bluetooth	เครื่องปริ้นท์บลูทูธ	Bluetooth Printer	蓝牙打印机	Bluetoothプリンター	ម៉ាស៊ីនបោះពុម្ពប៊្លូធូស	블루투스 프린터	ເຄື່ອງພິມບູທູດ	ဘလူးတုသ်ပရင်တာ	Máy in Bluetooth	Bluetooth Printer	Bluetooth Printer	Bluetooth Printer
printer_code	รหัสเครื่องปริ้นท์	Printer Code	打印机代码	プリンターコード	កូដម៉ាស៊ីនបោះពុម្ព	프린터 코드	ລະຫັດເຄື່ອງພິມ	ပရင်တာကုဒ်	Mã máy in	Printer Code	Printer Code	Printer Code
printer_ip	IP เครื่องปริ้นท์	Printer IP	打印机IP	プリンターIP	IP ម៉ាស៊ីនបោះពុម្ព	프린터 IP	IP ເຄື່ອງພິມ	ပရင်တာ IP	IP máy in	Printer IP	Printer IP	Printer IP
printer_name	ชื่อเครื่องปริ้นท์	Printer Name	打印机名称	プリンター名	ឈ្មោះម៉ាស៊ីនបោះពុម្ព	프린터 이름	ຊື່ເຄື່ອງພິມ	ပရင်တာအမည်	Tên máy in	Printer Name	Printer Name	Printer Name
printer_primary	เครื่องพิมพ์หลัก	Primary Printer	主打印机	プライマリプリンター	ម៉ាស៊ីនបោះពុម្ពចម្បង	기본 프린터	ເຄື່ອງພິມຫຼັກ	အဓိကပရင်တာ	Máy in chính	Primary Printer	Primary Printer	Primary Printer
printer_secondary	เครื่องพิมพ์สำรอง	Secondary Printer	辅助打印机	セカンダリプリンター	ម៉ាស៊ីនបោះពុម្ពបន្ទាប់បន្សំ	보조 프린터	ເຄື່ອງພິມສຳຮອງ	ဒုတိယပရင်တာ	Máy in phụ	Secondary Printer	Secondary Printer	Secondary Printer
printing	กำลังพิมพ์	Printing	正在打印	印刷中	កំពុងបោះពុម្ព	인쇄 중	ກຳລັງພິມ	ပရင့်ထုတ်နေသည်	Đang in	Printing	Printing	Printing
privacy	นโยบายความเป็นส่วนตัว	Privacy Policy	隐私政策	プライバシーポリシー	គោលនយោបាយឯកជនភាព	개인정보 처리방침	ນະໂຍບາຍຄວາມເປັນສ່ວນຕົວ	ကိုယ်ရေးလုံခြုံမှုမူဝါဒ	Chính sách quyền riêng tư	Privacy Policy	Privacy Policy	Privacy Policy
privacy_policy	นโยบายความเป็นส่วนตัว	Privacy Policy	隐私 政策	プライバシー ポリシー	ភាពឯកជន គោលនយោបាយ	개인정보 정책	ຄວາມເປັນສ່ວນຕົວ ນະໂຍບາຍ	ကိုယ်ရေးလုံခြုံမှု မူဝါဒ	Quyền riêng tư Chính sách	Privacy Policy	Privacy Policy	Privacy Policy
proceed_import	ดำเนินการนำเข้า	Proceed Import	Proceed Import	Proceed Import	Proceed Import	Proceed Import	Proceed Import	Proceed Import	Proceed Import	Proceed Import	Proceed Import	Proceed Import
procurement_list	จัดซื้อ	Procurement	采购管理	調達	ការលទ្ធកម្ម	조달	ການຈັດຊື້	ဝယ်ယူရေး	Mua sắm	Procurement	Procurement	Procurement
process	ประมวลผล	Process	处理	Process	Process	Process	ປະມວນຜົນ	Process	Process	Process	Process	Process
process 	ประมวลผล	Process	Process	Process	Process	Process	Process	Process	Process	Process	Process	Process
process_gl	ประมวลผลบัญชี	Process Account	处理账户	アカウント処理	ដំណើរការគណនី	계정 처리	ປະມວນຜົນບັນຊີ	အကောင့်လုပ်ဆောင်ပါ	Xử lý tài khoản	Process Account	Process Account	Process Account
process_report	ประมวลผลรายงาน	Process Report	Process Report	Process Report	Process Report	Process Report	Process Report	Process Report	Process Report	Process Report	Process Report	Process Report
process_success	ประมวลผลสำเร็จ	Process Success	Process Success	Process Success	Process Success	Process Success	Process Success	Process Success	Process Success	Process Success	Process Success	Process Success
processed	ประมวลผลแล้ว	Processed	已处理	処理済み	បានដំណើរការ	처리됨	ປະມວນຜົນແລ້ວ	လုပ်ဆောင်ပြီး	Đã xử lý	Processed	Processed	Processed
processing	กำลังประมวลผล	Processing	处理中	処理中	កំពុងដំណើរការ	처리 중	ກຳລັງປະມວນຜົນ	ဆောင်ရွက်နေ	Đang xử lý	Processing	Processing	Processing
processing_command_sent_working_in_background	ส่งคำสั่งประมวลผลแล้ว กำลังทำงานในพื้นหลัง...	Processing command sent, working in background...	处理命令已发送，正在后台工作...	処理コマンドを送信しました。バックグラウンドで作業中...	ផ្ញើពាក្យបញ្ជាដំណើរការរួចហើយ កំពុងធ្វើការនៅផ្ទៃខាងក្រោយ...	처리 명령 전송됨, 백그라운드에서 작업 중...	ສົ່ງຄຳສັ່ງປະມວນຜົນແລ້ວ ກຳລັງເຮັດວຽກໃນພື້ນຫຼັງ...	လုပ်ဆောင်မှုညွှန်ကြားချက်ပေးပို့ပြီးပါပြီ၊ နောက်ခံတွင်လုပ်ဆောင်နေသည်...	Đã gửi lệnh xử lý, đang làm việc ở nền...	Processing command sent, working in background...	Processing command sent, working in background...	Processing command sent, working in background...
processing_duration	ระยะเวลาประมวลผล	Processing Duration	Processing Duration	Processing Duration	Processing Duration	Processing Duration	Processing Duration	Processing Duration	Processing Duration	Processing Duration	Processing Duration	Processing Duration
processing_items	กำลังประมวลผล	Processing	Processing	Processing	Processing	Processing	Processing	Processing	Processing	Processing	Processing	Processing
processing_mode	รูปแบบการประมวลผล	Processing Mode	Processing Mode	Processing Mode	Processing Mode	Processing Mode	Processing Mode	Processing Mode	Processing Mode	Processing Mode	Processing Mode	Processing Mode
processing_started	เริ่มประมวลผลแล้ว	Processing Started	开始处理	処理を開始しました	ការដំណើរការបានចាប់ផ្ដើម	처리가 시작되었습니다	ເລີ່ມປະມວນຜົນແລ້ວ	လုပ်ဆောင်မှုစတင်ပါပြီ	Đã bắt đầu xử lý	Processing Started	Processing Started	Processing Started
procust_is_service	บริการไม่มีสต๊อก	Service (No Stock)	服务（无库存）	サービス（在庫なし）	សេវាកម្ម (គ្មានស្តុក)	서비스 (재고 없음)	ບໍລິການ (ບໍ່ມີສະຕັອກ)	ဝန်ဆောင်မှု (စတော့မရှိ)	Dịch vụ (Không có hàng)	Service (No Stock)	Service (No Stock)	Service (No Stock)
product	สินค้า	Product	商品	商品	ផលិតផល	상품	ສິນຄ້າ	ကုန်ပစ္စည်း	Sản phẩm	Product	Product	Product
product_add	เพิ่มสินค้า	Add Product	添加产品	商品追加	បន្ថែមផលិតផល	상품 추가	ເພີ່ມສິນຄ້າ	ကုန်ပစ္စည်းထည့်	Thêm sản phẩm	Add Product	Add Product	Add Product
product_already_exists	สินค้ามีอยู่แล้ว	Product already exists	产品已存在	商品は既に存在します	ផលិតផលមានរួចហើយ	제품이 이미 존재합니다	ສິນຄ້າມີຢູ່ແລ້ວ	ကုန်ပစ္စည်းရှိပြီးဖြစ်သည်	Sản phẩm đã tồn tại	Product already exists	Product already exists	Product already exists
product_already_selected	สินค้านี้ถูกเลือกไปแล้ว	This product is already selected	此产品已选择	この商品は既に選択されています	ផលិតផលនេះត្រូវបានជ្រើសរើសរួចហើយ	이 제품은 이미 선택되었습니다	ສິນຄ້ານີ້ຖືກເລືອກໄປແລ້ວ	ဤထုတ်ကုန်ကိုရွေးချယ်ပြီးပါပြီ	Sản phẩm này đã được chọn	This product is already selected	This product is already selected	This product is already selected
product_amount	รวมทั้งสิ้น	Total Amount	总金额	合計金額	ចំនួនទឹកប្រាក់សរុប	총액	ຍອດລວມທັງໝົດ	စုစုပေါင်းပမာဏ	Tổng số tiền	Total Amount	Total Amount	Total Amount
product_barcode	บาร์โค้ดสินค้า	Product Barcode	Product Barcode	Product Barcode	Product Barcode	Product Barcode	Product Barcode	Product Barcode	Product Barcode	Product Barcode	Product Barcode	Product Barcode
product_bom	สูตรผลิต	Product BOM	产品BOM	製品BOM	BOM ផលិតផល	제품 BOM	ສູດການຜະລິດ	ထုတ်ကုန် BOM	BOM sản phẩm	Product BOM	Product BOM	Product BOM
product_boom	สูตรผลิต	Product Recipe	产品配方	製品レシピ	រូបមន្តផលិតផល	제품 레시피	ສູດສິນຄ້າ	ထုတ်ကုန်ချက်ပြုတ်နည်း	Công thức sản phẩm	Product Recipe	Product Recipe	Product Recipe
product_category	หมวดสินค้า	Product Category	产品类别	製品カテゴリ	ប្រភេទផលិតផល	제품 카테고리	ໝວດສິນຄ້າ	ထုတ်ကုန်အမျိုးအစား	Danh mục sản phẩm	Product Category	Product Category	Product Category
product_category_list	จัดสินค้าในหมวดสินค้า	Product Category List	产品类别列表	製品カテゴリリスト	បញ្ជីប្រភេទផលិតផល	제품 카테고리 목록	ລາຍການໝວດສິນຄ້າ	ထုတ်ကုန်အမျိုးအစားစာရင်း	Danh sách danh mục sản phẩm	Product Category List	Product Category List	Product Category List
product_category_name	ชื่อหมวดสินค้า	Product Category Name	产品类别名称	製品カテゴリ名	ឈ្មោះប្រភេទផលិតផល	제품 카테고리 이름	ຊື່ໝວດສິນຄ້າ	ထုတ်ကုန်အမျိုးအစားအမည်	Tên danh mục sản phẩm	Product Category Name	Product Category Name	Product Category Name
product_code	รหัสสินค้า	Product Code	产品代码	製品コード	កូដផលិតផល	제품 코드	ລະຫັດສິນຄ້າ	ထုတ်ကုန်ကုဒ်	Mã sản phẩm	Product Code	Product Code	Product Code
product_code_not_specified	รหัสสินค้าไม่ระบุ	Product Code Not Specified	Product Code Not Specified	Product Code Not Specified	Product Code Not Specified	Product Code Not Specified	Product Code Not Specified	Product Code Not Specified	Product Code Not Specified	Product Code Not Specified	Product Code Not Specified	Product Code Not Specified
product_codes	รหัสสินค้า	Product Code	产品代码	製品コード	កូដផលិតផល	제품 코드	ລະຫັດສິນຄ້າ	ထုတ်ကုန်ကုဒ်	Mã sản phẩm	Product Code	Product Code	Product Code
product_cost	ต้นทุน	Product cost	成本	原価	ថ្លៃដើម	원가	ຕົ້ນທຶນ	ကုန်ကျစရိတ်	Giá vốn	Product cost	Product cost	Product cost
product_customergroupmodel	โมเดลกลุ่มลูกค้าสินค้า	Product Customer Group Model	产品客户组模型	製品顧客グループモデル	គំរូក្រុមអតិថិជនផលិតផល	제품 고객 그룹 모델	ຮູບແບບກຸ່ມລູກຄ້າສິນຄ້າ	ထုတ်ကုန်ဖောက်သည်အုပ်စုမော်ဒယ်	Mô hình nhóm khách hàng sản phẩm	Product Customer Group Model	Product Customer Group Model	Product Customer Group Model
product_delete	ลบสินค้า	Delete Product	删除产品	商品を削除	លុបផលិតផល	상품 삭제	ລົບສິນຄ້າ	ကုန်ပစ္စည်းဖျက်ရန်	Xóa sản phẩm	Delete Product	Delete Product	Delete Product
product_delete_confirm	ต้องการลบข้อมูลสินค้าใช่หรือไม่?	Do you want to delete product data?	您要删除产品数据吗？	製品データを削除しますか？	តើអ្នកចង់លុបទិន្នន័យផលិតផលឬទេ?	제품 데이터를 삭제하시겠습니까?	ທ່ານຕ້ອງການລຶບຂໍ້ມູນສິນຄ້າບໍ?	ထုတ်ကုန်အချက်အလက်ကို ဖျက်လိုပါသလား?	Bạn có muốn xóa dữ liệu sản phẩm không?	Do you want to delete product data?	Do you want to delete product data?	Do you want to delete product data?
product_delete_data	ลบข้อมูลสินค้า	Delete Product Data	删除产品数据	製品データを削除	លុបទិន្នន័យផលិតផល	제품 데이터 삭제	ລຶບຂໍ້ມູນສິນຄ້າ	ထုတ်ကုန်အချက်အလက်ကိုဖျက်ပါ	Xóa dữ liệu sản phẩm	Delete Product Data	Delete Product Data	Delete Product Data
product_detail	รายละเอียดสินค้า	Product Detail	Product Detail	Product Detail	Product Detail	Product Detail	Product Detail	Product Detail	Product Detail	Product Detail	Product Detail	Product Detail
product_details_change	การเปลี่ยนแปลง	Change	变更	変更	ការផ្លាស់ប្តូរ	변경	ການປ່ຽນແປງ	ပြောင်းလဲမှု	Thay đổi	Change	Change	Change
product_details_current_price	ราคาปัจจุบัน	Current Price	当前价格	現在価格	តម្លៃបច្ចុប្បន្ន	현재 가격	ລາຄາປັດຈຸບັນ	လက်ရှိစျေးနှုန်း	Giá hiện tại	Current Price	Current Price	Current Price
product_details_date_time	วันที่ เวลา	Date & Time	日期时间	日付・時間	កាលបរិច្ឆេទ និងពេលវេលា	날짜 및 시간	ວັນທີ ເວລາ	ရက်စွဲ အချိန်	Ngày giờ	Date & Time	Date & Time	Date & Time
product_details_editor	ผู้แก้ไข	Editor	编辑者	編集者	អ្នកកែសម្រួល	편집자	ຜູ້ແກ້ໄຂ	တည်းဖြတ်သူ	Người chỉnh sửa	Editor	Editor	Editor
product_details_level	ระดับราคา	Price Level	价格等级	価格レベル	កម្រិតតម្លៃ	가격 레벨	ລະດັບລາຄາ	စျေးနှုန်းအဆင့်	Cấp giá	Price Level	Price Level	Price Level
product_details_new	ราคาใหม่	New Price	新价格	新価格	តម្លៃថ្មី	새 가격	ລາຄາໃໝ່	စျေးနှုန်းအသစ်	Giá mới	New Price	New Price	New Price
product_details_no_history	ไม่มีข้อมูลประวัติการเปลี่ยนแปลงราคา	No price history data available	没有价格变更历史记录	価格変更履歴データがありません	គ្មានទិន្នន័យប្រវត្តិតម្លៃ	가격 변경 이력 없음	ບໍ່ມີຂໍ້ມູນປະຫວັດລາຄາ	စျေးနှုန်းမှတ်တမ်းမရှိပါ	Không có dữ liệu lịch sử giá	No price history data available	No price history data available	No price history data available
product_details_not_specified	ไม่ได้ระบุ	Not Specified	未指定	未指定	មិនបានបញ្ជាក់	지정되지 않음	ບໍ່ໄດ້ລະບຸ	သတ်မှတ်မထားပါ	Không xác định	Not Specified	Not Specified	Not Specified
product_details_old	ราคาเก่า	Old Price	旧价格	旧価格	តម្លៃចាស់	이전 가격	ລາຄາເກົ່າ	စျေးနှုန်းဟောင်း	Giá cũ	Old Price	Old Price	Old Price
product_details_price_baht	ราคา (บาท)	Price (Baht)	价格（泰铢）	価格（バーツ）	តម្លៃ (បាត)	가격 (바트)	ລາຄາ (ບາດ)	စျေးနှုန်း (ဘတ်)	Giá (Baht)	Price (Baht)	Price (Baht)	Price (Baht)
product_details_price_history	ประวัติการเปลี่ยนแปลงราคา	Price History	价格变更历史	価格変更履歴	ប្រវត្តិការផ្លាស់ប្តូរតម្លៃ	가격 변경 이력	ປະຫວັດການປ່ຽນແປງລາຄາ	စျေးနှုန်းပြောင်းလဲမှုမှတ်တမ်း	Lịch sử thay đổi giá	Price History	Price History	Price History
product_details_price_level	ระดับราคา	Price Level	价格等级	価格レベル	កម្រិតតម្លៃ	가격 레벨	ລະດັບລາຄາ	စျေးနှုန်းအဆင့်	Cấp giá	Price Level	Price Level	Price Level
product_details_select_product	กรุณาเลือกสินค้า	Please select a product	请选择产品	商品を選択してください	សូមជ្រើសរើសផលិតផល	상품을 선택하세요	ກະລຸນາເລືອກສິນຄ້າ	ကုန်ပစ္စည်းရွေးချယ်ပါ	Vui lòng chọn sản phẩm	Please select a product	Please select a product	Please select a product
product_dimension	มิติสินค้า	Product Dimension	产品尺寸	製品寸法	វិមាត្រផលិតផល	제품 치수	ມິຕິສິນຄ້າ	ထုတ်ကုန်အတိုင်းအတာ	Kích thước sản phẩm	Product Dimension	Product Dimension	Product Dimension
product_dimension_name	ชื่อมิติสินค้า	Product Dimension Name	产品尺寸名称	製品寸法名	ឈ្មោះវិមាត្រផលិតផល	제품 치수 이름	ຊື່ມິຕິສິນຄ້າ	ထုတ်ကုန်အတိုင်းအတာအမည်	Tên kích thước sản phẩm	Product Dimension Name	Product Dimension Name	Product Dimension Name
product_discount	ส่วนลด	Product discount	折扣	割引	បញ្ចុះតម្លៃ	할인	ສ່ວນຫຼຸດ	လျှော့စျေး	Giảm giá	Product discount	Product discount	Product discount
product_duplicate	สินค้าซ้ำในไฟล์นำเข้า	Duplicate Product in Import File	导入文件中的产品重复	インポートファイルの製品が重複しています	ផលិតផលស្ទួននៅក្នុងឯកសារនាំចូល	가져오기 파일에 중복된 제품이 있습니다	ສິນຄ້າຊ້ຳກັນໃນໄຟລ໌ນຳເຂົ້າ	တင်သွင်းဖိုင်တွင် ထုတ်ကုန်ထပ်နေသည်	Sản phẩm trùng lặp trong tệp nhập	Duplicate Product in Import File	Duplicate Product in Import File	Duplicate Product in Import File
product_edit	แก้ไขสินค้า	Edit Product	编辑产品	商品編集	កែសម្រួលផលិតផល	상품 수정	ແກ້ໄຂສິນຄ້າ	ကုန်ပစ္စည်းပြင်ဆင်	Sửa sản phẩm	Edit Product	Edit Product	Edit Product
product_employee	พนักงานดูแลสินค้า	Product Employee	产品员工	製品担当者	បុគ្គលិកផលិតផល	제품 담당자	ພະນັກງານສິນຄ້າ	ထုတ်ကုန်ဝန်ထမ်း	Nhân viên sản phẩm	Product Employee	Product Employee	Product Employee
product_exist	มีสินค้าในระบบ	Product exists in system	系统中已有产品	システムに製品が存在します	មានផលិតផលនៅក្នុងប្រព័ន្ធ	시스템에 제품이 있습니다	ມີສິນຄ້າໃນລະບົບ	စနစ်ထဲတွင် ကုန်ပစ္စည်းရှိသည်	Có sản phẩm trong hệ thống	Product exists in system	Product exists in system	Product exists in system
product_free_promotion	ระบุสินค้าของแถม	Specify Free Product	指定赠品	無料製品を指定	បញ្ជាក់ផលិតផលថែម	무료 상품 지정	ລະບຸສິນຄ້າແຖມ	လက်ဆောင်ပစ္စည်းသတ်မှတ်ပါ	Chỉ định sản phẩm tặng kèm	Specify Free Product	Specify Free Product	Specify Free Product
product_general	ทั่วไป	General	通用	一般	ទូទៅ	일반	ທົ່ວໄປ	အထွေထွေ	Chung	General	General	General
product_group	กลุ่มสินค้า	Product Group	产品组	製品グループ	ក្រុមផលិតផល	제품 그룹	ກຸ່ມສິນຄ້າ	ထုတ်ကုန်အုပ်စု	Nhóm sản phẩm	Product Group	Product Group	Product Group
product_group_code	รหัสกลุ่มสินค้า	Product Group Code	产品组代码	製品グループコード	កូដក្រុមផលិតផល	제품 그룹 코드	ລະຫັດກຸ່ມສິນຄ້າ	ထုတ်ကုန်အုပ်စုကုဒ်	Mã nhóm sản phẩm	Product Group Code	Product Group Code	Product Group Code
product_group_detail	รายละเอียดกลุ่มสินค้า	Product Group Detail	产品组详情	製品グループ詳細	ព័ត៌មានលម្អិតក្រុមផលិតផល	제품 그룹 상세	ລາຍລະອຽດກຸ່ມສິນຄ້າ	ထုတ်ကုန်အုပ်စုအသေးစိတ်	Chi tiết nhóm sản phẩm	Product Group Detail	Product Group Detail	Product Group Detail
product_group_name	ชื่อกลุ่มสินค้า	Product Group Name	产品组名称	製品グループ名	ឈ្មោះក្រុមផលិតផល	제품 그룹 이름	ຊື່ກຸ່ມສິນຄ້າ	ထုတ်ကုန်အုပ်စုအမည်	Tên nhóm sản phẩm	Product Group Name	Product Group Name	Product Group Name
product_image_add	เพิ่มรูปภาพ	Add Image	添加图片	画像を追加	បន្ថែមរូបភាព	이미지 추가	ເພີ່ມຮູບພາບ	ပုံထည့်ပါ	Thêm hình ảnh	Add Image	Add Image	Add Image
product_import_completed	นำเข้าสินค้าเสร็จสมบูรณ์	Product import completed successfully	产品导入成功完成	商品インポートが正常に完了しました	ការនាំចូលផលិតផលបានបញ្ចប់ដោយជោគជ័យ	제품 가져오기가 완료되었습니다	ນໍາເຂົ້າສິນຄ້າສໍາເລັດແລ້ວ	ကုန်ပစ္စည်း တင်သွင်းမှု အောင်မြင်စွာ ပြီးဆုံးပါပြီ	Nhập sản phẩm hoàn tất	Product import completed successfully	Product import completed successfully	Product import completed successfully
product_is_alacarte	อลาคาส	A La Carte	单点	アラカルト	អាឡាកាត	단품	ອາລາກາດ	အလာကတ်	Gọi món	A La Carte	A La Carte	A La Carte
product_is_good	สินค้าสำเร็จรูป	Finished Product	成品	完成品	ផលិតផលសម្រេច	완제품	ສິນຄ້າສຳເລັດຮູບ	အချောထည်	Thành phẩm	Finished Product	Finished Product	Finished Product
product_is_material	สินค้าวัตถุดิบ	Raw Material Product	原材料产品	原材料製品	ផលិតផលវត្ថុធាតុដើម	원자재 상품	ສິນຄ້າວັດຖຸດິບ	ကုန်ကြမ်းပစ္စည်း	Sản phẩm nguyên liệu	Raw Material Product	Raw Material Product	Raw Material Product
product_is_not_stock	สินค้าไม่นับสต็อก	Non-Stock Product	非库存产品	非在庫製品	ផលិតផលមិនរាប់ស្តុក	비재고 상품	ສິນຄ້າບໍ່ນັບສະຕັອກ	စတော့မရေတွက်သောကုန်ပစ္စည်း	Sản phẩm không tính tồn kho	Non-Stock Product	Non-Stock Product	Non-Stock Product
product_is_ref	สินค้าอ้างอิง	Product ref	Product ref	Product ref	Product ref	Product ref	Product ref	Product ref	Product ref	Product ref	Product ref	Product ref
product_is_service	ประเภทสินค้าบริการ	Service Product Type	服务产品类型	サービス製品タイプ	ប្រភេទផលិតផលសេវាកម្ម	서비스 상품 유형	ປະເພດສິນຄ້າບໍລິການ	ဝန်ဆောင်မှုကုန်ပစ္စည်းအမျိုးအစား	Loại sản phẩm dịch vụ	Service Product Type	Service Product Type	Service Product Type
product_is_set	สินค้าชุด	Product Set	套装产品	セット製品	ឈុតផលិតផល	세트 상품	ສິນຄ້າຊຸດ	ကုန်ပစ္စည်းအစုံ	Bộ sản phẩm	Product Set	Product Set	Product Set
product_is_stock	สินค้ามีสต๊อก	Stock Product	库存产品	在庫製品	ផលិតផលស្តុក	재고 상품	ສິນຄ້າມີສະຕັອກ	စတော့ကုန်ပစ္စည်း	Sản phẩm có tồn kho	Stock Product	Stock Product	Stock Product
product_items_count	รายการสินค้า	Product Items	Product Items	Product Items	Product Items	Product Items	Product Items	Product Items	Product Items	Product Items	Product Items	Product Items
product_list	รายการสินค้า	Product list	Product list	Product list	Product list	Product list	Product list	Product list	Product list	Product list	Product list	Product list
product_list_item_select	เลือกสินค้านี้	Select this product	选择此产品	この商品を選択	ជ្រើសរើសផលិតផលនេះ	이 제품 선택	ເລືອກສິນຄ້ານີ້	ဤထုတ်ကုန်ကို ရွေးချယ်ပါ	Chọn sản phẩm này	Select this product	Select this product	Select this product
product_list_item_selected	สินค้านี้ถูกเลือกไปแล้ว	This product has already been selected	该产品已被选择	この商品は既に選択されています	ផលិតផលនេះត្រូវបានជ្រើសរើសរួចហើយ	이 제품은 이미 선택되었습니다	ສິນຄ້ານີ້ຖືກເລືອກໄປແລ້ວ	ဤထုတ်ကုန်ကို ရွေးချယ်ပြီးပါပြီ	Sản phẩm này đã được chọn	This product has already been selected	This product has already been selected	This product has already been selected
product_list_promotion	ระบุสินค้าจัดโปรโมชั่น	Specify Promotion Product	指定促销产品	プロモーション製品を指定	បញ្ជាក់ផលិតផលប្រូម៉ូសិន	프로모션 상품 지정	ລະບຸສິນຄ້າຈັດໂປຣໂມຊັ່ນ	ပရိုမိုးရှင်းကုန်ပစ္စည်းသတ်မှတ်ပါ	Chỉ định sản phẩm khuyến mãi	Specify Promotion Product	Specify Promotion Product	Specify Promotion Product
product_location	พื้นที่เก็บ	Product Location	产品位置	製品の場所	ទីតាំងផលិតផល	제품 위치	ພື້ນທີ່ເກັບ	ကုန်ပစ္စည်းတည်နေရာ	Vị trí sản phẩm	Product Location	Product Location	Product Location
product_location_barcode	บาร์โค้ด	Barcode	条形码	バーコード	បាកូដ	바코드	ບາໂຄ້ດ	ဘားကုဒ်	Mã vạch	Barcode	Barcode	Barcode
product_location_cancel	ยกเลิก	Cancel	取消	キャンセル	បោះបង់	취소	ຍົກເລີກ	ပယ်ဖျက်ရန်	Hủy	Cancel	Cancel	Cancel
product_location_click_to_select_excel	คลิกเพื่อเลือกไฟล์ Excel	Click to Select Excel File	点击选择 Excel 文件	クリックして Excel ファイルを選択	ចុចដើម្បីជ្រើសឯកសារ Excel	Excel 파일을 선택하려면 클릭	ຄລິກເພື່ອເລືອກໄຟລ໌ Excel	Excel ဖိုင်ရွေးချယ်ရန် နှိပ်ပါ	Nhấp để chọn tệp Excel	Click to Select Excel File	Click to Select Excel File	Click to Select Excel File
product_location_code	รหัสชั้นวาง	Shelf Code	货架代码	棚コード	លេខកូដធ្នើ	선반 코드	ລະຫັດຊັ້ນວາງ	စင်ကုဒ်	Mã kệ	Shelf Code	Shelf Code	Shelf Code
product_location_duplicate_shelf_code	รหัสชั้นวางซ้ำ	Duplicate Shelf Code	货架代码重复	棚コードが重複しています	លេខកូដធ្នើស្ទួន	선반 코드 중복	ລະຫັດຊັ້ນວາງຊ້ຳ	စင်ကုဒ် ထပ်နေသည်	Mã kệ bị trùng	Duplicate Shelf Code	Duplicate Shelf Code	Duplicate Shelf Code
product_location_errors	ข้อผิดพลาด	Errors	错误	エラー	កំហុស	오류	ຂໍ້ຜິດພາດ	အမှားများ	Lỗi	Errors	Errors	Errors
product_location_excel_format	รูปแบบไฟล์ Excel	Excel File Format	Excel 文件格式	Excel ファイル形式	ទម្រង់ឯកសារ Excel	Excel 파일 형식	ຮູບແບບໄຟລ໌ Excel	Excel ဖိုင်ပုံစံ	Định dạng tệp Excel	Excel File Format	Excel File Format	Excel File Format
product_location_fix_duplicate_before_save	กรุณาแก้ไขรหัสซ้ำก่อนบันทึก	Please Fix Duplicate Codes Before Saving	请在保存前修复重复代码	保存前に重複コードを修正してください	សូមកែកូដស្ទួនមុនពេលរក្សាទុក	저장하기 전에 중복 코드를 수정하세요	ກະລຸນາແກ້ໄຂລະຫັດຊ້ຳກ່ອນບັນທຶກ	သိမ်းဆည်းမတိုင်မီ ထပ်နေသောကုဒ်များကို ပြင်ဆင်ပါ	Vui lòng sửa mã trùng trước khi lưu	Please Fix Duplicate Codes Before Saving	Please Fix Duplicate Codes Before Saving	Please Fix Duplicate Codes Before Saving
product_location_found_in_file	พบในไฟล์	Found in File	在文件中找到	ファイルで見つかりました	រកឃើញក្នុងឯកសារ	파일에서 발견됨	ພົບໃນໄຟລ໌	ဖိုင်တွင် တွေ့ရှိသည်	Tìm thấy trong tệp	Found in File	Found in File	Found in File
product_location_items	รายการ	items	项	件	ធាតុ	항목	ລາຍການ	ခု	mục	items	items	items
product_location_name	ชื่อชั้นวาง	Shelf Name	货架名称	棚名	ឈ្មោះធ្នើ	선반 이름	ຊື່ຊັ້ນວາງ	စင်အမည်	Tên kệ	Shelf Name	Shelf Name	Shelf Name
product_location_no	ไม่	No	否	いいえ	ទេ	아니오	ບໍ່	မဟုတ်ပါ	Không	No	No	No
product_location_note_header_skip	หมายเหตุ: ระบบจะข้ามแถวหัวตารางอัตโนมัติ	Note: System will skip header row automatically	注意：系统将自动跳过标题行	注意：ヘッダー行は自動的にスキップされます	ចំណាំ: ប្រព័ន្ធនឹងរំលងជួរបឋមកថាដោយស្វ័យប្រវត្តិ	참고: 시스템이 헤더 행을 자동으로 건너뜁니다	ໝາຍເຫດ: ລະບົບຈະຂ້າມແຖວຫົວຕາຕະລາງອັດຕະໂນມັດ	မှတ်ချက်: ခေါင်းစီးတန်းကို အလိုအလျောက် ကျော်သွားပါမည်	Lưu ý: Hệ thống sẽ tự động bỏ qua hàng tiêu đề	Note: System will skip header row automatically	Note: System will skip header row automatically	Note: System will skip header row automatically
product_location_ok	ตกลง	OK	确定	OK	យល់ព្រម	확인	ຕົກລົງ	အိုကေ	Đồng ý	OK	OK	OK
product_location_process	ดำเนินการ	Process	处理	処理	ដំណើរការ	처리	ດຳເນີນການ	လုပ်ဆောင်ရန်	Xử lý	Process	Process	Process
product_location_shelf_details	รายละเอียดชั้นวาง	Shelf Details	货架详情	棚の詳細	ព័ត៌មានលម្អិតធ្នើ	선반 상세	ລາຍລະອຽດຊັ້ນວາງ	စင်အသေးစိတ်	Chi tiết kệ	Shelf Details	Shelf Details	Shelf Details
product_location_supported_files	ไฟล์ที่รองรับ	Supported Files	支持的文件类型	サポートされるファイル	ឯកសារដែលគាំទ្រ	지원되는 파일	ໄຟລ໌ທີ່ຮອງຮັບ	ပံ့ပိုးသော ဖိုင်များ	Tệp được hỗ trợ	Supported Files	Supported Files	Supported Files
product_locationcode	รหัสที่เก็บ	Product Location Code	产品位置代码	製品場所コード	កូដទីតាំងផលិតផល	제품 위치 코드	ລະຫັດພື້ນທີ່ເກັບ	ကုန်ပစ္စည်းတည်နေရာကုဒ်	Mã vị trí sản phẩm	Product Location Code	Product Location Code	Product Location Code
product_material	วัตถุดิบ	Ingredient	原料	原材料	គ្រឿងផ្សំ	재료	ວັດຖຸດິບ	ပါဝင်ပစ္စည်း	Nguyên liệu	Ingredient	Ingredient	Ingredient
product_movement	เคลื่อนไหวสินค้า	Product Movement	产品移动	商品移動	ចលនាផលិតផល	제품 이동	ເຄື່ອນໄຫວສິນຄ້າ	ထုတ်ကုန်ရွေ့လျားမှု	Di chuyển sản phẩm	Product Movement	Product Movement	Product Movement
product_multi_unit	หลายหน่วยนับ	Multi-Unit	多单位	マルチユニット	ពហុឯកតា	다중 단위	ຫຼາຍຫົວໜ່ວຍນັບ	ယူနစ်များစွာ	Đa đơn vị	Multi-Unit	Multi-Unit	Multi-Unit
product_name	ชื่อสินค้า	Product name	产品名称	Product name	Product name	Product name	ຊື່​ຜະ​ລິດ​ຕະ​ພັນ	Product name	Product name	Product name	Product name	Product name
product_name_3	ชื่อสินค้า 3	Product Name 3	产品名称 3	製品名 3	ឈ្មោះផលិតផល 3	제품명 3	ຊື່ສິນຄ້າ 3	ထုတ်ကုန်အမည် 3	Tên sản phẩm 3	Product Name 3	Product Name 3	Product Name 3
product_name_4	ชื่อสินค้า 4	Product Name 4	产品名称 4	製品名 4	ឈ្មោះផលិតផល 4	제품명 4	ຊື່ສິນຄ້າ 4	ထုတ်ကုန်အမည် 4	Tên sản phẩm 4	Product Name 4	Product Name 4	Product Name 4
product_name_5	ชื่อสินค้า 5	Product Name 5	产品名称 5	製品名 5	ឈ្មោះផលិតផល 5	제품명 5	ຊື່ສິນຄ້າ 5	ထုတ်ကုန်အမည် 5	Tên sản phẩm 5	Product Name 5	Product Name 5	Product Name 5
product_name_not_specified	ไม่ระบุชื่อสินค้า	Product Name Not Specified	Product Name Not Specified	Product Name Not Specified	Product Name Not Specified	Product Name Not Specified	Product Name Not Specified	Product Name Not Specified	Product Name Not Specified	Product Name Not Specified	Product Name Not Specified	Product Name Not Specified
product_new	สินค้าใหม่	New Product	新产品	新製品	ផលិតផលថ្មី	신제품	ສິນຄ້າໃໝ່	ကုန်ပစ္စည်းအသစ်	Sản phẩm mới	New Product	New Product	New Product
product_option	ตัวเลือกสินค้า	Product option	Product option	Product option	Product option	Product option	Product option	Product option	Product option	Product option	Product option	Product option
product_option_choice_type_multi	เลือกได้หลายเงื่อนไข	Select Multiple Conditions	选择多个条件	複数の条件を選択	ជ្រើសរើសលក្ខខណ្ឌច្រើន	여러 조건 선택	ເລືອກໄດ້ຫຼາຍເງື່ອນໄຂ	အခြေအနေများစွာရွေးချယ်ပါ	Chọn nhiều điều kiện	Select Multiple Conditions	Select Multiple Conditions	Select Multiple Conditions
product_option_choice_type_single	เลือกได้เงื่อนไขเดียว	Select Single Condition	选择单个条件	単一の条件を選択	ជ្រើសរើសលក្ខខណ្ឌតែមួយ	단일 조건 선택	ເລືອກໄດ້ເງື່ອນໄຂດຽວ	အခြေအနေတစ်ခုရွေးချယ်ပါ	Chọn một điều kiện	Select Single Condition	Select Single Condition	Select Single Condition
product_price	ราคา	Product price	价格	価格	តម្លៃ	가격	ລາຄາ	စျေးနှုန်း	Giá	Product price	Product price	Product price
product_price_adjust	ต้นทุน	Cost	成本	原価	ថ្លៃដើម	원가	ຕົ້ນທຶນ	ကုန်ကျစရိတ်	Giá vốn	Cost	Cost	Cost
product_price_delivery	ราคาตามช่องทาง	Channel Price	渠道价格	チャネル価格	តម្លៃតាមឆានែល	채널 가격	ລາຄາຕາມຊ່ອງທາງ	ချန်နယ်စျေးနှုန်း	Giá theo kênh	Channel Price	Channel Price	Channel Price
product_price_edit_history	ประวัติการแก้ไขราคาสินค้า	Product Price Edit History	产品价格编辑历史	商品価格編集履歴	ប្រវត្តិកែសម្រួលតម្លៃផលិតផល	제품 가격 수정 기록	ປະຫວັດການແກ້ໄຂລາຄາສິນຄ້າ	ထုတ်ကုန်စျေးနှုန်းပြင်ဆင်မှုမှတ်တမ်း	Lịch sử chỉnh sửa giá sản phẩm	Product Price Edit History	Product Price Edit History	Product Price Edit History
product_price_list	ตารางราคา	Product price list	Product price list	Product price list	Product price list	Product price list	Product price list	Product price list	Product price list	Product price list	Product price list	Product price list
product_price_member	ราคาสมาชิก	Member Price	会员价格	会員価格	តម្លៃសមាជិក	회원 가격	ລາຄາສະມາຊິກ	အဖွဲ့ဝင်စျေးနှုန်း	Giá thành viên	Member Price	Member Price	Member Price
product_qty	จำนวน	Product qty	数量	数量	ចំនួន	수량	ຈຳນວນ	အရေအတွက်	Số lượng	Product qty	Product qty	Product qty
product_registry	ทะเบียนสินค้า	Product Registry	产品登记	商品登録	ការចុះឈ្មោះផលិតផល	제품 등록	ທະບຽນສິນຄ້າ	ထုတ်ကုန်မှတ်ပုံတင်	Đăng ký sản phẩm	Product Registry	Product Registry	Product Registry
product_save_success	บันทึกข้อมูลสินค้าสำเร็จ!	Product data saved successfully!	产品数据保存成功！	製品データが正常に保存されました！	រក្សាទុកទិន្នន័យផលិតផលបានជោគជ័យ!	제품 데이터가 성공적으로 저장되었습니다!	ບັນທຶກຂໍ້ມູນສິນຄ້າສຳເລັດ!	ထုတ်ကုန်အချက်အလက်ကို အောင်မြင်စွာသိမ်းဆည်းပြီးပါပြီ!	Lưu dữ liệu sản phẩm thành công!	Product data saved successfully!	Product data saved successfully!	Product data saved successfully!
product_semi_finished	สินค้ากึ่งสำเร็จรูป	Semi-Finished Product	半成品	半製品	ផលិតផលពាក់កណ្តាលសម្រេច	반제품	ສິນຄ້າເຄິ່ງສຳເລັດຮູບ	တစ်ပိုင်းပြီးစီးသောကုန်ပစ္စည်း	Sản phẩm bán thành phẩm	Semi-Finished Product	Semi-Finished Product	Semi-Finished Product
product_settings	ตั้งค่าสินค้า	Product Settings	产品设置	商品設定	ការកំណត់ផលិតផល	제품 설정	ຕັ້ງຄ່າສິນຄ້າ	ကုန်ပစ္စည်းဆက်တင်များ	Cài đặt sản phẩm	Product Settings	Product Settings	Product Settings
product_shelf	ชั้นวางสินค้า	Product shelf	Product shelf	Product shelf	Product shelf	Product shelf	Product shelf	Product shelf	Product shelf	Product shelf	Product shelf	Product shelf
product_single_unit	หน่วยนับเดี่ยว	Single Unit	单一单位	単一ユニット	ឯកតាតែមួយ	단일 단위	ຫົວໜ່ວຍດຽວ	ယူနစ်တစ်ခု	Đơn vị đơn	Single Unit	Single Unit	Single Unit
product_to_location	ที่เก็บ	Product to location	Product to location	Product to location	Product to location	Product to location	Product to location	Product to location	Product to location	Product to location	Product to location	Product to location
product_to_ware_house	ไปที่คลัง	Product to warehouse	Product to warehouse	Product to warehouse	Product to warehouse	Product to warehouse	Product to warehouse	Product to warehouse	Product to warehouse	Product to warehouse	Product to warehouse	Product to warehouse
product_total	รวม	Product total	总计	合計	សរុប	합계	ລວມ	စုစုပေါင်း	Tổng	Product total	Product total	Product total
product_type	ประเภทสินค้า	Product type	Product type	Product type	Product type	Product type	Product type	Product type	Product type	Product type	Product type	Product type
product_type_code	รหัสประเภทสินค้า	Product Type Code	产品类型代码	製品タイプコード	កូដប្រភេទផលិតផល	제품 유형 코드	ລະຫັດປະເພດສິນຄ້າ	ထုတ်ကုန်အမျိုးအစားကုဒ်	Mã loại sản phẩm	Product Type Code	Product Type Code	Product Type Code
product_type_details	รายละเอียดประเภทสินค้า	Product Type Details	产品类型详情	商品タイプ詳細	ព័ត៌មានលម្អិតប្រភេទផលិតផល	제품 유형 상세	ລາຍລະອຽດປະເພດສິນຄ້າ	ကုန်ပစ္စည်းအမျိုးအစားအသေးစိတ်	Chi tiết loại sản phẩm	Product Type Details	Product Type Details	Product Type Details
product_type_label	ประเภทสินค้า	Product Type	产品类型	製品タイプ	ប្រភេទផលិតផល	제품 유형	ປະເພດສິນຄ້າ	ထုတ်ကုန်အမျိုးအစား	Loại sản phẩm	Product Type	Product Type	Product Type
product_type_name	ชื่อประเภทสินค้า	Product Type Name	产品类型名称	製品タイプ名	ឈ្មោះប្រភេទផលិតផល	제품 유형 이름	ຊື່ປະເພດສິນຄ້າ	ထုတ်ကုန်အမျိုးအစားအမည်	Tên loại sản phẩm	Product Type Name	Product Type Name	Product Type Name
product_type_search	ค้นหาประเภทสินค้า	Search Product Type	搜索产品类型	製品タイプを検索	ស្វែងរកប្រភេទផលិតផល	제품 유형 검색	ຄົ້ນຫາປະເພດສິນຄ້າ	ထုတ်ကုန်အမျိုးအစားရှာဖွေပါ	Tìm kiếm loại sản phẩm	Search Product Type	Search Product Type	Search Product Type
product_unit	หน่วยนับ	Counting unit	计数单位	Counting unit	Counting unit	Counting unit	ຫົວໜ່ວຍສິນຄ້າ	Counting unit	Counting unit	Counting unit	Counting unit	Counting unit
product_unit_add	เพิ่มหน่วยนับ	Add Unit	添加单位	単位を追加	បន្ថែមឯកតា	단위 추가	ເພີ່ມຫົວໜ່ວຍ	ယူနစ်ထည့်ပါ	Thêm đơn vị	Add Unit	Add Unit	Add Unit
product_unit_code	รหัสหน่วยนับ	Unit Code	单位代码	単位コード	កូដឯកតា	단위 코드	ລະຫັດຫົວໜ່ວຍ	ယူနစ်ကုဒ်	Mã đơn vị	Unit Code	Unit Code	Unit Code
product_unit_cost	หน่วยต้นทุน	Cost Unit	单位成本	単位原価	ថ្លៃដើមឯកតា	단위 원가	ຕົ້ນທຶນຫົວໜ່ວຍ	ယူနစ်ကုန်ကျစရိတ်	Đơn vị chi phí	Cost Unit	Cost Unit	Cost Unit
product_unit_divide	การหารหน่วยสินค้า	Product Unit Divide	产品单位除法	製品単位分割	ការចែកឯកតាផលិតផល	제품 단위 나누기	ການຫານຫົວໜ່ວຍສິນຄ້າ	ထုတ်ကုန်ယူနစ်ခွဲဝေခြင်း	Chia đơn vị sản phẩm	Product Unit Divide	Product Unit Divide	Product Unit Divide
product_unit_divider	ตัวหาร	Divisor	除数	除数	តួចែក	제수	ຕົວຫານ	စားကိန်း	Số chia	Divisor	Divisor	Divisor
product_unit_name	ชื่อหน่วยนับ	Unit Name	单位名称	単位名	ឈ្មោះឯកតា	단위 이름	ຊື່ຫົວໜ່ວຍ	ယူနစ်အမည်	Tên đơn vị	Unit Name	Unit Name	Unit Name
product_unit_not_exist	ไม่มีหน่วยนับในระบบ	Unit not found in system	系统中不存在该单位	システムに単位が見つかりません	រកមិនឃើញឯកតានៅក្នុងប្រព័ន្ធ	시스템에 단위가 없습니다	ບໍ່ພົບຫົວໜ່ວຍໃນລະບົບ	စနစ်ထဲတွင် ယူနစ်မရှိပါ	Không tìm thấy đơn vị trong hệ thống	Unit not found in system	Unit not found in system	Unit not found in system
product_unit_stand	ตัวตั้ง	Dividend	被除数	被除数	តំណាងចែក	피제수	ຕົວຕັ້ງ	တည်ကိန်း	Số bị chia	Dividend	Dividend	Dividend
product_unit_standard	หน่วยนับมาตรฐาน	Standard Unit	标准单位	標準単位	ឯកតាស្តង់ដារ	표준 단위	ຫົວໜ່ວຍມາດຕະຖານ	စံယူနစ်	Đơn vị tiêu chuẩn	Standard Unit	Standard Unit	Standard Unit
product_unit_stock_count	ใช้นับสต๊อก	Use for Stock Count	用于盘点	棚卸に使用	ប្រើសម្រាប់រាប់ស្តុក	재고 조사에 사용	ໃຊ້ນັບສະຕ໊ອກ	စတော့ရေတွက်သုံး	Dùng kiểm kho	Use for Stock Count	Use for Stock Count	Use for Stock Count
product_update_success	แก้ไขข้อมูลสินค้าสำเร็จ!	Product data updated successfully!	产品数据更新成功！	製品データが正常に更新されました！	ធ្វើបច្ចុប្បន្នភាពទិន្នន័យផលិតផលបានជោគជ័យ!	제품 데이터가 성공적으로 업데이트되었습니다!	ແກ້ໄຂຂໍ້ມູນສິນຄ້າສຳເລັດ!	ထုတ်ကုန်အချက်အလက်ကို အောင်မြင်စွာအပ်ဒိတ်လုပ်ပြီးပါပြီ!	Cập nhật dữ liệu sản phẩm thành công!	Product data updated successfully!	Product data updated successfully!	Product data updated successfully!
product_use_dividend_1	คิดเงินปันผล	Calculate Dividend	计算分红	配当を計算	គណនាភាគលាភ	배당금 계산	ຄິດໄລ່ເງິນປັນຜົນ	အမြတ်ဝေစုတွက်ချက်ပါ	Tính cổ tức	Calculate Dividend	Calculate Dividend	Calculate Dividend
product_use_dividend_2	ไม่คิดเงินปันผล	Do Not Calculate Dividend	不计算分红	配当を計算しない	មិនគណនាភាគលាភ	배당금 계산 안 함	ບໍ່ຄິດໄລ່ເງິນປັນຜົນ	အမြတ်ဝေစုမတွက်ချက်ပါ	Không tính cổ tức	Do Not Calculate Dividend	Do Not Calculate Dividend	Do Not Calculate Dividend
product_use_point_1	คิดคะแนนสะสม	Earn Points	积分	ポイント付与	គណនាពិន្ទុ	포인트 적립	ຄິດຄະແນນສະສົມ	အမှတ်စုဆောင်း	Tính điểm	Earn Points	Earn Points	Earn Points
product_use_point_2	ไม่คิดคะแนนสะสม	Do Not Earn Points	不计算积分	ポイントなし	មិនគណនាពិន្ទុ	포인트 적립 안 함	ບໍ່ຄິດຄະແນນສະສົມ	အမှတ်မစုဆောင်းပါ	Không tính điểm	Do Not Earn Points	Do Not Earn Points	Do Not Earn Points
product_value	มูลค่าสินค้า	Product Value	商品价值	商品価値	តម្លៃផលិតផល	제품 가치	ມູນຄ່າສິນຄ້າ	ကုန်ပစ္စည်းတန်ဖိုး	Giá trị sản phẩm	Product Value	Product Value	Product Value
product_vat	ภาษี	Product vat	税	税金	ពន្ធ	세금	ພາສີ	အခွန်	Thuế	Product vat	Product vat	Product vat
product_vat_type_1	สินค้ามีภาษีมูลค่าเพิ่ม	VAT Product	含增值税产品	VAT対象商品	ផលិតផលជាប់ពន្ធអាករ	부가가치세 포함 상품	ສິນຄ້າມີພາສີມູນຄ່າເພີ່ມ	VAT ပါဝင်သောကုန်ပစ္စည်း	Sản phẩm có VAT	VAT Product	VAT Product	VAT Product
product_vat_type_2	สินค้ายกเว้นภาษีมูลค่าเพิ่ม	VAT Exempt Product	免增值税产品	VAT免税商品	ផលិតផលលើកលែងពន្ធអាករ	부가가치세 면제 상품	ສິນຄ້າຍົກເວັ້ນພາສີມູນຄ່າເພີ່ມ	VAT ကင်းလွတ်ခွင့်ရကုန်ပစ္စည်း	Sản phẩm miễn VAT	VAT Exempt Product	VAT Exempt Product	VAT Exempt Product
product_ware_house	คลัง	Product warehouse	仓库	倉庫	ឃ្លាំង	창고	ຄັງ	ဂိုဒေါင်	Kho	Product warehouse	Product warehouse	Product warehouse
product_warehouse	คลังสินค้า	Product warehouse	Product warehouse	Product warehouse	Product warehouse	Product warehouse	Product warehouse	Product warehouse	Product warehouse	Product warehouse	Product warehouse	Product warehouse
product_whcode	รหัสคลัง	Warehouse Code	仓库代码	倉庫コード	កូដឃ្លាំង	창고 코드	ລະຫັດຄັງ	ဂိုဒေါင်ကုဒ်	Mã kho	Warehouse Code	Warehouse Code	Warehouse Code
production	ผลิต	Production	生产	生産	ផលិតកម្ម	생산	ການຜະລິດ	ထုတ်လုပ်ရေး	Sản xuất	Production	Production	Production
products_added_all_success	เพิ่มสินค้าทั้งหมดแล้ว	All products added successfully	已添加所有产品	全商品を追加しました	បានបន្ថែមផលិតផលទាំងអស់រួចរាល់	모든 제품이 추가되었습니다	ເພີ່ມສິນຄ້າທັງໝົດແລ້ວ	ထုတ်ကုန်အားလုံးထည့်ပြီးပါပြီ	Đã thêm tất cả sản phẩm	All products added successfully	All products added successfully	All products added successfully
products_in_shelf	สินค้าในชั้นวาง	Products in shelf	货架中的产品	棚の商品	ផលិតផលនៅក្នុងធ្នើ	선반의 제품	ສິນຄ້າໃນຊັ້ນວາງ	စင်ရှိထုတ်ကုန်များ	Sản phẩm trong kệ	Products in shelf	Products in shelf	Products in shelf
products_in_shelf_tab	สินค้าในชั้นวาง	Products in Shelf	货架中的产品	棚の商品	ផលិតផលនៅក្នុងធ្នើ	선반의 제품	ສິນຄ້າໃນຊັ້ນວາງ	စင်ရှိထုတ်ကုန်များ	Sản phẩm trong kệ	Products in Shelf	Products in Shelf	Products in Shelf
profit_analysis	วิเคราะห์กำไร	Profit Analysis	利润分析	利益分析	ការវិភាគប្រាក់ចំណេញ	이익 분석	ວິເຄາະກຳໄລ	အမြတ်ခွဲခြမ်းစိတ်ဖြာ	Phân tích lợi nhuận	Profit Analysis	Profit Analysis	Profit Analysis
profit_loss	งบกำไรขาดทุน	Profit and loss	Profit and loss	Profit and loss	Profit and loss	Profit and loss	Profit and loss	Profit and loss	Profit and loss	Profit and loss	Profit and loss	Profit and loss
progress	ความคืบหน้า	Progress	Progress	Progress	Progress	Progress	Progress	Progress	Progress	Progress	Progress	Progress
promotion	โปรโมชั่น	Promotion	促销	プロモーション	ការផ្សព្វផ្សាយ	프로모션	ໂປຣໂມຊັ່ນ	ပရိုမိုးရှင်း	Khuyến mãi	Promotion	Promotion	Promotion
promotion_code	รหัสโปรโมชั่น	Promotion Code	促销代码	プロモーションコード	កូដប្រូម៉ូសិន	프로모션 코드	ລະຫັດໂປຣໂມຊັ່ນ	ပရိုမိုးရှင်းကုဒ်	Mã khuyến mãi	Promotion Code	Promotion Code	Promotion Code
promotion_discount	ลดราคา	Discount Price	折扣价格	割引価格	តម្លៃបញ្ចុះ	할인 가격	ລາຄາຫຼຸດ	လျှော့စျေး	Giá giảm	Discount Price	Discount Price	Discount Price
promotion_include	สินค้าที่ร่วมรายการ	Product Includes	Product Includes	Product Includes	Product Includes	Product Includes	Product Includes	Product Includes	Product Includes	Product Includes	Product Includes	Product Includes
promotion_name	ชื่อโปรโมชั่น	Promotion Name	促销名称	プロモーション名	ឈ្មោះប្រូម៉ូសិន	프로모션 이름	ຊື່ໂປຣໂມຊັ່ນ	ပရိုမိုးရှင်းအမည်	Tên khuyến mãi	Promotion Name	Promotion Name	Promotion Name
promotion_qty	จำนวนที่แถม	Free quantity	Free quantity	Free quantity	Free quantity	Free quantity	Free quantity	Free quantity	Free quantity	Free quantity	Free quantity	Free quantity
promotion_type_1	แถมสินค้า เมื่อซื้อสินค้าครบตามจำนวน	Free product when purchasing quantity met	购买指定数量后赠送产品	指定数量購入で商品プレゼント	ផលិតផលឥតគិតថ្លៃ នៅពេលទិញបានចំនួន	지정 수량 구매 시 제품 증정	ແຖມສິນຄ້າ ເມື່ອຊື້ສິນຄ້າຄົບຕາມຈໍານວນ	ပမာဏပြည့်မှီပါက ထုတ်ကုန်လက်ဆောင်	Tặng sản phẩm khi mua đủ số lượng	Free product when purchasing quantity met	Free product when purchasing quantity met	Free product when purchasing quantity met
promotion_type_2	ส่วนลดเงินสด หรือเปอร์เซ็นต์ เมื่อซื้อครบตามจำนวน	Cash or percentage discount when quantity met	购买指定数量后现金或百分比折扣	指定数量購入で現金または割引率割引	បញ្ចុះតម្លៃជាសាច់ប្រាក់ ឬភាគរយ នៅពេលទិញបានចំនួន	지정 수량 구매 시 현금 또는 백분율 할인	ສ່ວນຫຼຸດເງິນສົດ ຫຼື ເປີເຊັນ ເມື່ອຊື້ຄົບຕາມຈໍານວນ	ပမာဏပြည့်မှီပါက ငွေသားဖြင့် သို့မဟုတ် ရာခိုင်နှုန်းလျှော့စျေး	Giảm giá tiền mặt hoặc phần trăm khi mua đủ số lượng	Cash or percentage discount when quantity met	Cash or percentage discount when quantity met	Cash or percentage discount when quantity met
promotion_type_3	ซื้อสินค้าตามรายการแล้วแถมสินค้าตามรายการ	Buy from list and get free from list	按清单购买并按清单获赠	リストから購入しリストから無料進呈	ទិញតាមបញ្ជី និងទទួលបានឥតគិតថ្លៃតាមបញ្ជី	목록에서 구매하고 목록에서 무료로 받기	ຊື້ສິນຄ້າຕາມລາຍການ ແລ້ວແຖມສິນຄ້າຕາມລາຍການ	စာရင်းအတိုင်းဝယ်ပြီး စာရင်းအတိုင်းလက်ဆောင်	Mua theo danh sách và nhận quà theo danh sách	Buy from list and get free from list	Buy from list and get free from list	Buy from list and get free from list
promotion_type_4	ราคาพิเศษ เมื่อซื้อครบตามจำนวน	Special price when quantity met	购买指定数量后特价	指定数量購入で特別価格	តម្លៃពិសេស នៅពេលទិញបានចំនួន	지정 수량 구매 시 특별 가격	ລາຄາພິເສດ ເມື່ອຊື້ຄົບຕາມຈໍານວນ	ပမာဏပြည့်မှီပါက အထူးစျေးနှုန်း	Giá đặc biệt khi mua đủ số lượng	Special price when quantity met	Special price when quantity met	Special price when quantity met
promotion_type_5	ซื้อครบตามจำนวน ลดเปอร์เซ็นต์หรือจำนวนเงิน	Buy quantity and get percentage or amount discount	购买指定数量后百分比或金额折扣	指定数量購入で割引率または金額割引	ទិញចំនួន និងទទួលបានបញ្ចុះតម្លៃភាគរយ ឬចំនួនទឹកប្រាក់	지정 수량 구매 시 백분율 또는 금액 할인	ຊື້ຄົບຕາມຈໍານວນ ຫຼຸດເປີເຊັນ ຫຼື ຈໍານວນເງິນ	ပမာဏဝယ်ပြီး ရာခိုင်နှုန်း သို့မဟုတ် ပမာဏလျှော့စျေး	Mua số lượng và nhận giảm giá phần trăm hoặc số tiền	Buy quantity and get percentage or amount discount	Buy quantity and get percentage or amount discount	Buy quantity and get percentage or amount discount
promotion_type_6	ซื้อครบ xxx บาท แถมสินค้า xx ชิ้น	Buy xxx baht and get xx items free	购买满 xxx 泰铢赠送 xx 件商品	xxx バーツ購入で xx 個無料	ទិញ xxx បាត និងទទួលបានផលិតផលឥតគិតថ្លៃ xx	xxx 바트 구매 시 xx 개 무료	ຊື້ຄົບ xxx ບາດ ແຖມສິນຄ້າ xx ຊິ້ນ	xxx ဘတ်ဝယ်ပြီး xx ခုလက်ဆောင်	Mua đủ xxx baht tặng xx sản phẩm	Buy xxx baht and get xx items free	Buy xxx baht and get xx items free	Buy xxx baht and get xx items free
promotion_type_7	ซื้อบิลครบ xxx บาท ส่วนลดเพิ่มอีก xxx บาท หรือ x%	Bill over xxx baht gets xxx baht or x% additional discount	账单满 xxx 泰铢额外折扣 xxx 泰铢或 x%	xxx バーツ以上の請求書で xxx バーツまたは x% の追加割引	វិក្កយប័ត្រលើស xxx បាត បញ្ចុះតម្លៃបន្ថែម xxx បាត ឬ x%	xxx 바트 이상 청구서에 xxx 바트 또는 x% 추가 할인	ຊື້ບິນຄົບ xxx ບາດ ສ່ວນຫຼຸດເພີ່ມອີກ xxx ບາດ ຫຼື x%	ဘောက်ချာ xxx ဘတ်ကျော်ပါက xxx ဘတ် သို့မဟုတ် x% ထပ်လျှော့စျေး	Hóa đơn trên xxx baht giảm thêm xxx baht hoặc x%	Bill over xxx baht gets xxx baht or x% additional discount	Bill over xxx baht gets xxx baht or x% additional discount	Bill over xxx baht gets xxx baht or x% additional discount
promotion_type_8	ซื้อบิลครบ xxx บาท ได้สินค้ารางวัล	Bill over xxx baht gets bonus product	账单满 xxx 泰铢获赠奖励产品	xxx バーツ以上の請求書でボーナス商品	វិក្កយប័ត្រលើស xxx បាត ទទួលបានផលិតផលរង្វាន់	xxx 바트 이상 청구서에 보너스 제품	ຊື້ບິນຄົບ xxx ບາດ ໄດ້ສິນຄ້າລາງວັນ	ဘောက်ချာ xxx ဘတ်ကျော်ပါက ဆုလက်ဆောင်ထုတ်ကုန်	Hóa đơn trên xxx baht nhận sản phẩm thưởng	Bill over xxx baht gets bonus product	Bill over xxx baht gets bonus product	Bill over xxx baht gets bonus product
promptpay	พร้อมเพย์	PromptPay	即时付款	PromptPay	PromptPay	PromptPay	ພ້ອມຈ່າຍ	PromptPay	PromptPay	PromptPay	PromptPay	PromptPay
properties_label	คุณสมบัติ:	Properties:	Properties:	Properties:	Properties:	Properties:	Properties:	Properties:	Properties:	Properties:	Properties:	Properties:
provider_code	รหัสผู้ให้บริการ	Provider Code	提供商代码	プロバイダーコード	កូដអ្នកផ្តល់សេវា	제공자 코드	ລະຫັດຜູ້ໃຫ້ບໍລິການ	ဝန်ဆောင်မှုပေးသူကုဒ်	Mã nhà cung cấp	Provider Code	Provider Code	Provider Code
provider_name	ชื่อผู้ให้บริการ	Provider Name	提供商名称	プロバイダー名	ឈ្មោះអ្នកផ្តល់សេវា	제공자 이름	ຊື່ຜູ້ໃຫ້ບໍລິການ	ဝန်ဆောင်မှုပေးသူအမည်	Tên nhà cung cấp	Provider Name	Provider Name	Provider Name
province_code	รหัสจังหวัด	Province code	Province code	Province code	Province code	Province code	Province code	Province code	Province code	Province code	Province code	Province code
purchase	ซื้อสินค้า	Purchase Product	购买产品	商品を購入	ទិញផលិតផល	제품 구매	ຊື້ສິນຄ້າ	ကုန်ပစ္စည်းဝယ်ယူပါ	Mua sản phẩm	Purchase Product	Purchase Product	Purchase Product
purchase return	ส่งคืนสินค้า	Return Product	退货	返品	សងទំនិញ	반품	ສົ່ງຄືນສິນຄ້າ	ကုန်ပစ္စည်းပြန်ပို့	Trả hàng	Return Product	Return Product	Return Product
purchase_doc_number	เลขที่ใบซื้อสินค้า	Purchase Document Number	采购单号	仕入伝票番号	លេខឯកសារទិញ	구매 문서 번호	ເລກທີ່ໃບຊື້ສິນຄ້າ	ဝယ်ယူမှုစာရွက်စာတမ်းနံပါတ်	Số chứng từ mua hàng	Purchase Document Number	Purchase Document Number	Purchase Document Number
purchase_invoice	ใบแจ้งหนี้ซื้อ	Purchase Invoice	采购发票	仕入請求書	វិក្កយបត្រទិញ	구매 송장	ໃບແຈ້ງໜີ້ຊື້	ဝယ်ယူမှုပြေစာ	Hóa đơn mua hàng	Purchase Invoice	Purchase Invoice	Purchase Invoice
purchase_list	รายการซื้อ	Purchase List	采购清单	購入リスト	បញ្ជីទិញ	구매 목록	ລາຍການຊື້	ဝယ်ယူမှုစာရင်း	Danh sách mua hàng	Purchase List	Purchase List	Purchase List
purchase_payment_list	จ่ายเงิน (ซื้อ)	Purchase Payment	采购付款	仕入支払い	ការទូទាត់ការទិញ	구매 결제	ການຈ່າຍເງິນ (ຊື້)	ဝယ်ယူငွေပေးချေမှု	Thanh toán mua hàng	Purchase Payment	Purchase Payment	Purchase Payment
purchase_order	ใบสั่งซื้อสินค้า	Purchase Order	采购订单	発注書	បញ្ជាទិញ	구매 주문	ໃບສັ່ງຊື້	ဝယ်ယူမှာစာ	Đơn đặt mua hàng	Purchase Order	Purchase Order	Purchase Order
purchase_partial	ซื้อบางส่วน	Partial Purchase	部分采购	一部仕入	ការទិញមួយផ្នែក	부분 구매	ຊື້ບາງສ່ວນ	တစ်စိတ်တစ်ပိုင်းဝယ်ယူမှု	Mua hàng một phần	Partial Purchase	Partial Purchase	Partial Purchase
purchase_partial_report_dedebi_title	รายงานรับสินค้าแบบทยอยรับ Dedebi	Gradual Purchase Receipt Report Dedebi	逐步进货报告 Dedebi	段階的仕入レポート Dedebi	របាយការណ៍ទទួលទំនិញជាជំហាន Dedebi	점진적 구매 수령 보고서 Dedebi	ລາຍງານຮັບສິນຄ້າແບບທີ່ຍອຍຮັບ Dedebi	အဆင့်ဆင့်ဝယ်ယူမှုလက်ခံအစီရင်ခံစာ Dedebi	Báo cáo nhận hàng mua dần Dedebi	Gradual Purchase Receipt Report Dedebi	Gradual Purchase Receipt Report Dedebi	Gradual Purchase Receipt Report Dedebi
purchase_partial_report_title	รายงานรับสินค้าแบบทยอยรับ	Gradual Purchase Receipt Report	逐步进货报告	段階的仕入レポート	របាយការណ៍ទទួលទំនិញជាជំហាន	점진적 구매 수령 보고서	ລາຍງານຮັບສິນຄ້າແບບທີ່ຍອຍຮັບ	အဆင့်ဆင့်ဝယ်ယူမှုလက်ခံအစီရင်ခံစာ	Báo cáo nhận hàng mua dần	Gradual Purchase Receipt Report	Gradual Purchase Receipt Report	Gradual Purchase Receipt Report
purchase_product	ซื้อสินค้า	Purchase Product	购买产品	商品購入	ទិញផលិតផល	제품 구매	ຊື້ສິນຄ້າ	ထုတ်ကုန်ဝယ်ယူရန်	Mua sản phẩm	Purchase Product	Purchase Product	Purchase Product
purchase_request	ใบขอซื้อ	Purchase Request	采购申请单	購入依頼	សំណើទិញ	구매 요청	ໃບຂໍຊື້	ဝယ်ယူမှုတောင်းဆိုလွှာ	Yêu cầu mua hàng	Purchase Request	Purchase Request	Purchase Request
purchase_requisition	ใบขอซื้อ (PR)	Purchase Requisition (PR)	采购申请单 (PR)	購買依頼書 (PR)	សំណើរទិញ (PR)	구매 요청서 (PR)	ໃບຂໍຊື້ (PR)	ဝယ်ယူတောင်းဆိုလွှာ (PR)	Yêu cầu mua hàng (PR)	Purchase Requisition (PR)	Purchase Requisition (PR)	Purchase Requisition (PR)
purchase_requisition_doc_number	เลขที่ใบขอซื้อ	PR Document Number	采购申请单号	購買依頼書番号	លេខឯកសារសំណើរទិញ	구매 요청서 번호	ເລກທີ່ໃບຂໍຊື້	ဝယ်ယူတောင်းဆိုလွှာနံပါတ်	Số chứng từ yêu cầu mua	PR Document Number	PR Document Number	PR Document Number
purchase_requisition_list	รายการใบขอซื้อ	Purchase Requisition List	采购申请单列表	購買依頼一覧	បញ្ជីសំណើរទិញ	구매 요청서 목록	ລາຍການໃບຂໍຊື້	ဝယ်ယူတောင်းဆိုလွှာစာရင်း	Danh sách yêu cầu mua	Purchase Requisition List	Purchase Requisition List	Purchase Requisition List
pr_approval_setting	อนุมัติใบขอซื้อ	PR Approval Setting	PR Approval Setting	PR Approval Setting	PR Approval Setting	PR Approval Setting	PR Approval Setting	PR Approval Setting	PR Approval Setting	PR Approval Setting	PR Approval Setting	PR Approval Setting
requester_code	รหัสผู้ขอซื้อ	Requester Code	申请人代码	依頼者コード	កូដអ្នកស្នើ	요청자 코드	ລະຫັດຜູ້ຂໍ	တောင်းဆိုသူကုဒ်	Mã người yêu cầu	Requester Code	Requester Code	Requester Code
requester_name	ชื่อผู้ขอซื้อ	Requester Name	申请人姓名	依頼者名	ឈ្មោះអ្នកស្នើ	요청자 이름	ຊື່ຜູ້ຂໍ	တောင်းဆိုသူအမည်	Tên người yêu cầu	Requester Name	Requester Name	Requester Name
purpose	วัตถุประสงค์	Purpose	目的	目的	គោលបំណង	목적	ຈຸດປະສົງ	ရည်ရွယ်ချက်	Mục đích	Purpose	Purpose	Purpose
budget_code	รหัสงบประมาณ	Budget Code	预算代码	予算コード	កូដថវិកា	예산 코드	ລະຫັດງົບປະມານ	ဘတ်ဂျက်ကုဒ်	Mã ngân sách	Budget Code	Budget Code	Budget Code
budget_amount	วงเงินงบประมาณ	Budget Amount	预算金额	予算金額	ចំនួនថវិកា	예산 금액	ວົງເງິນງົບປະມານ	ဘတ်ဂျက်ပမာဏ	Số tiền ngân sách	Budget Amount	Budget Amount	Budget Amount
urgency	ความเร่งด่วน	Urgency	紧急程度	緊急度	ភាពបន្ទាន់	긴급도	ຄວາມຮີບດ່ວນ	အရေးပေါ်အဆင့်	Mức độ khẩn cấp	Urgency	Urgency	Urgency
urgency_normal	ปกติ	Normal	普通	通常	ធម្មតា	보통	ປົກກະຕິ	ပုံမှန်	Bình thường	Normal	Normal	Normal
urgency_urgent	เร่งด่วน	Urgent	紧急	急ぎ	បន្ទាន់	긴급	ຮີບດ່ວນ	အရေးပေါ်	Khẩn cấp	Urgent	Urgent	Urgent
urgency_critical	เร่งด่วนมาก	Critical	非常紧急	最優先	បន្ទាន់ខ្លាំង	매우 긴급	ຮີບດ່ວນຫຼາຍ	အလွန်အရေးပေါ်	Rất khẩn cấp	Critical	Critical	Critical
requested_delivery_date	วันที่ต้องการรับ	Requested Delivery Date	期望交货日期	希望納品日	កាលបរិច្ឆេទចែកចាយ	희망 납품일	ວັນທີ່ຕ້ອງການຮັບ	လိုချင်သည့်ပို့ဆောင်ရက်	Ngày giao hàng mong muốn	Requested Delivery Date	Requested Delivery Date	Requested Delivery Date
conversion_status	สถานะการแปลง	Conversion Status	转换状态	変換ステータス	ស្ថានភាពការបំប្លែង	변환 상태	ສະຖານະການແປງ	ပြောင်းလဲမှုအခြေအနေ	Trạng thái chuyển đổi	Conversion Status	Conversion Status	Conversion Status
convert_to_po	สร้างใบสั่งซื้อ	Convert to PO	转为采购订单	発注書に変換	បម្លែងទៅ PO	PO로 변환	ແປງເປັນ PO	PO သို့ပြောင်းရန်	Chuyển đổi sang PO	Convert to PO	Convert to PO	Convert to PO
convert_to_rfq	สร้างใบสืบราคา	Convert to RFQ	转为询价单	見積依頼に変換	បម្លែងទៅ RFQ	RFQ로 변환	ແປງເປັນ RFQ	RFQ သို့ပြောင်းရန်	Chuyển đổi sang RFQ	Convert to RFQ	Convert to RFQ	Convert to RFQ
request_for_quotation	ใบสืบราคา (RFQ)	Request for Quotation (RFQ)	询价单 (RFQ)	見積依頼書 (RFQ)	សំណើរសម្រង់តម្លៃ (RFQ)	견적 요청서 (RFQ)	ໃບສືບລາຄາ (RFQ)	စျေးနှုန်းတောင်းခံလွှာ (RFQ)	Yêu cầu báo giá (RFQ)	Request for Quotation (RFQ)	Request for Quotation (RFQ)	Request for Quotation (RFQ)
rfq_doc_number	เลขที่ใบสืบราคา	RFQ Document Number	询价单号	見積依頼番号	លេខឯកសារសម្រង់តម្លៃ	견적 요청서 번호	ເລກທີ່ໃບສືບລາຄາ	စျေးနှုန်းတောင်းခံလွှာနံပါတ်	Số chứng từ yêu cầu báo giá	RFQ Document Number	RFQ Document Number	RFQ Document Number
rfq_list	รายการใบสืบราคา	RFQ List	询价单列表	見積依頼一覧	បញ្ជីសម្រង់តម្លៃ	견적 요청서 목록	ລາຍການໃບສືບລາຄາ	စျေးနှုန်းတောင်းခံလွှာစာရင်း	Danh sách yêu cầu báo giá	RFQ List	RFQ List	RFQ List
rfq_approval_setting	อนุมัติใบสืบราคา	RFQ Approval Setting	RFQ Approval Setting	RFQ Approval Setting	RFQ Approval Setting	RFQ Approval Setting	RFQ Approval Setting	RFQ Approval Setting	RFQ Approval Setting	RFQ Approval Setting	RFQ Approval Setting	RFQ Approval Setting
vendor	ผู้จำหน่าย	Vendor	供应商	ベンダー	អ្នកផ្គត់ផ្គង់	벤더	Vendor	ရောင်းချသူ	Nhà cung cấp	Vendor	Vendor	Vendor
vendor_entry	รายการ Vendor	Vendor Entry	供应商条目	ベンダー項目	ធាតុអ្នកផ្គត់ផ្គង់	벤더 항목	ລາຍການ Vendor	ရောင်းချသူအချက်အလက်	Mục nhà cung cấp	Vendor Entry	Vendor Entry	Vendor Entry
vendor_preferences	ร้านที่ต้องการ	Vendor Preferences	供应商偏好	ベンダー設定	ចំណូលចិត្តអ្នកផ្គត់ផ្គង់	벤더 선호	ຮ້ານທີ່ຕ້ອງການ	ရောင်းချသူဦးစားပေး	Ưu tiên nhà cung cấp	Vendor Preferences	Vendor Preferences	Vendor Preferences
vendor_comparison	เปรียบเทียบ Vendor	Vendor Comparison	供应商比较	ベンダー比較	ការប្រៀបធៀបអ្នកផ្គត់ផ្គង់	벤더 비교	ປຽບທຽບ Vendor	ရောင်းချသူနှိုင်းယှဉ်ချက်	So sánh nhà cung cấp	Vendor Comparison	Vendor Comparison	Vendor Comparison
selected_vendor	Vendor ที่เลือก	Selected Vendor	选定供应商	選定ベンダー	អ្នកផ្គត់ផ្គង់ដែលបានជ្រើសរើស	선정 벤더	Vendor ທີ່ເລືອກ	ရွေးချယ်ထားသောရောင်းချသူ	Nhà cung cấp đã chọn	Selected Vendor	Selected Vendor	Selected Vendor
selection_reason	เหตุผลที่เลือก	Selection Reason	选择原因	選定理由	ហេតុផលនៃការជ្រើសរើស	선정 사유	ເຫດຜົນທີ່ເລືອກ	ရွေးချယ်မှုအကြောင်းပြချက်	Lý do chọn	Selection Reason	Selection Reason	Selection Reason
serial_no	หมายเลขซีเรียล	Serial No.	序列号	シリアル番号	លេខស៊េរី	시리얼 번호	ເລກລຳດັບ	စီရီနံပါတ်	Số sê-ri	Serial No.	Serial No.	Serial No.
lot_no	หมายเลขล็อต	Lot No.	批号	ロット番号	លេខឡូត	로트 번호	ເລກລັອດ	အစုလိုက်နံပါတ်	Số lô	Lot No.	Lot No.	Lot No.
submission_deadline	กำหนดส่งใบเสนอราคา	Submission Deadline	提交截止日期	提出期限	កាលកំណត់ដាក់ស្នើ	제출 마감일	ກຳນົດສົ່ງ	တင်သွင်းရန်သတ်မှတ်ရက်	Hạn nộp	Submission Deadline	Submission Deadline	Submission Deadline
min_vendors	จำนวน Vendor ขั้นต่ำ	Minimum Vendors	最少供应商数	最低ベンダー数	ចំនួនអ្នកផ្គត់ផ្គង់អប្បបរមា	최소 벤더 수	ຈຳນວນ Vendor ຂັ້ນຕ່ຳ	အနည်းဆုံးရောင်းချသူအရေအတွက်	Số nhà cung cấp tối thiểu	Minimum Vendors	Minimum Vendors	Minimum Vendors
purchase_return	คืนสินค้า (ซื้อ)	Purchase Return	采购退货	仕入返品	ការបញ្ជូនទិញត្រឡប់	구매 반품	ສົ່ງຄືນການຊື້	ဝယ်ယူမှုပြန်ပို့	Trả hàng mua	Purchase Return	Purchase Return	Purchase Return
purchase_transactions	ธุรกรรมซื้อ	Purchase Transactions	Purchase Transactions	Purchase Transactions	Purchase Transactions	Purchase Transactions	Purchase Transactions	Purchase Transactions	Purchase Transactions	Purchase Transactions	Purchase Transactions	Purchase Transactions
purchase_type	ประเภทการซื้อ	Purchase Type	采购类型	仕入タイプ	ប្រភេទការទិញ	구매 유형	ປະເພດການຊື້	ဝယ်ယူမှုအမျိုးအစား	Loại mua hàng	Purchase Type	Purchase Type	Purchase Type
purchase_type_list	รายการประเภทการจัดซื้อ	Purchase Type List	采购类型列表	購入タイプリスト	បញ្ជីប្រភេទការទិញ	구매 유형 목록	ລາຍການປະເພດການຈັດຊື້	ဝယ်ယူမှုအမျိုးအစားစာရင်း	Danh sách loại mua hàng	Purchase Type List	Purchase Type List	Purchase Type List
purchasing	จัดซื้อ	Purchasing	采购	購買	ការទិញ	구매	ຈັດຊື້	ဝယ်ယူရေး	Mua hàng	Purchasing	Purchasing	Purchasing
qr_code	คิวอาร์โค๊ด	QR Code	二维码	QRコード	កូដ QR	QR코드	ຄິວອາໂຄດ	QR ကုဒ်	Mã QR	QR Code	QR Code	QR Code
qr_code_code	รหัส	Code	代码	コード	កូដ	코드	ລະຫັດ	ကုဒ်	Mã	Code	Code	Code
qr_code_name	ชื่อ QR	Name QR	名称 二维码	名前 QR	ឈ្មោះ QR	이름 QR	ຊື່ QR	အမည် QR	Tên QR	Name QR	Name QR	Name QR
qr_code_not_found	ไม่พบ QR Code	QR Code Not Found	未找到二维码	QRコードが見つかりません	រកមិនឃើញកូដ QR	QR 코드를 찾을 수 없음	ບໍ່ພົບ QR Code	QR ကုဒ် ရှာမတွေ့ပါ	Không tìm thấy mã QR	QR Code Not Found	QR Code Not Found	QR Code Not Found
qr_code_order	สร้าง QR CODE Order Station	Create Order Station QR Code	生成点餐站二维码	オーダーステーションQRコードを作成	បង្កើតកូដ QR Order Station	주문 스테이션 QR 코드 생성	ສ້າງ QR CODE Order Station	Order Station QR ကုដဖန်တီးပါ	Tạo mã QR Trạm đặt hàng	Create Order Station QR Code	Create Order Station QR Code	Create Order Station QR Code
qr_name	ชื่อ QR	QR name	QR name	QR name	QR name	QR name	QR name	QR name	QR name	QR name	QR name	QR name
qr_not_found	ไม่พบ QR	QR not found	未找到QR	QRが見つかりません	រកមិនឃើញ QR	QR을 찾을 수 없습니다	ບໍ່ພົບ QR	QR မတွေ့ပါ	Không tìm thấy QR	QR not found	QR not found	QR not found
qr_payment	จ่ายด้วย QR	QR payment	QR payment	QR payment	QR payment	QR payment	QR payment	QR payment	QR payment	QR payment	QR payment	QR payment
qr_provider	ผู้ให้บริการคิวอาร์โค๊ด	QR provider	QR provider	QR provider	QR provider	QR provider	QR provider	QR provider	QR provider	QR provider	QR provider	QR provider
qr_type	ประเภท QR Wallet	QR Wallet Type	二维码类型 钱包	QRウォレットタイプ	ប្រភេទកាបូប QR	QR 지갑 유형	ປະເພດກະເປົາເງິນ QR	QR ပိုက်ဆံအိတ်အမျိုးအစား	Loại ví QR	QR Wallet Type	QR Wallet Type	QR Wallet Type
qrcode	คิวอาร์โค้ด	QR Code	二维码	QRコード	កូដ QR	QR 코드	QR Code	QR ကုដ	Mã QR	QR Code	QR Code	QR Code
qrcode_code	รหัส	Code	代码	コード	កូដ	코드	ລະຫັດ	ကုဒ်	Mã	Code	Code	Code
qrcode_list	รายการคิวอาร์โค้ด	QR Code List	二维码列表	QRコードリスト	បញ្ជីកូដ QR	QR 코드 목록	ລາຍການ QR Code	QR ကုដစာရင်း	Danh sách mã QR	QR Code List	QR Code List	QR Code List
qrcode_order_food	QR Code สั่งอาหาร	QR Code Order Food	QR码点餐	QRコード注文	QR Code បញ្ជាម្ហូប	QR코드 음식 주문	QR Code ສັ່ງອາຫານ	QR Code အစားအစာ မှာယူ	QR Code đặt món	QR Code Order Food	QR Code Order Food	QR Code Order Food
qty	จำนวน	quantity	数量	数量	ចំនួន	수량	ຈຳນວນ	အရေအတွက်	Số lượng	quantity	quantity	quantity
qty1												
qty_free	จำนวนแถม	Free Quantity	赠送数量	無料数量	ចំនួនថែម	무료 수량	ຈຳນວນແຖມ	လက်ဆောင်အရေအတွက်	Số lượng tặng	Free Quantity	Free Quantity	Free Quantity
qty_limit	จำนวนที่ต้องซื้อ	Quantity to purchase	Quantity to purchase	Quantity to purchase	Quantity to purchase	Quantity to purchase	Quantity to purchase	Quantity to purchase	Quantity to purchase	Quantity to purchase	Quantity to purchase	Quantity to purchase
qty_minimum	จำนวนขั้นต่ำ	Minimum Quantity	最低数量	最小数量	ចំនួនអប្បបរមា	최소 수량	ຈຳນວນຂັ້ນຕ່ຳ	အနည်းဆုံးအရေအတွက်	Số lượng tối thiểu	Minimum Quantity	Minimum Quantity	Minimum Quantity
qty_product	จำนวนชิ้น	Quantity (Pieces)	件数	個数	ចំនួនដុំ	개수	ຈຳນວນອັນ	အရေအတွက် (ခု)	Số lượng (cái)	Quantity (Pieces)	Quantity (Pieces)	Quantity (Pieces)
qty_running	จำนวนลำดับ	Running Quantity	运行数量	実行数量	ចំនួនដែលកំពុងដំណើរការ	실행 수량	ຈຳນວນທີ່ກຳລັງແລ່ນ	လည်ပတ်နေသောအရေအတွက်	Số lượng đang chạy	Running Quantity	Running Quantity	Running Quantity
qty_update	แก้จำนวน	Update quantity	解决这个数字	Update quantity	Update quantity	Update quantity	ຈຳນວນອັບເດດ	Update quantity	Update quantity	Update quantity	Update quantity	Update quantity
quantity	จำนวน	Quantity	数量	数量	ចំនួន	수량	ຈຳນວນ	အရေအတွက်	Số lượng	Quantity	Quantity	Quantity
quantity_must_be_greater_than_zero	จำนวนต้องมากกว่า 0	Quantity must be greater than 0	数量必须大于0	数量は0より大きくなければなりません	បរិមាណត្រូវតែធំជាង 0	수량은 0보다 커야 합니다	ຈຳນວນຕ້ອງຫຼາຍກວ່າ 0	အရေအတွက်သည် 0 ထက်ကြီးရမည်	Số lượng phải lớn hơn 0	Quantity must be greater than 0	Quantity must be greater than 0	Quantity must be greater than 0
quantity_to_print	จำนวนที่ต้องการพิมพ์	Quantity to print	打印数量	印刷数	បរិមាណដែលត្រូវបោះពុម្ព	인쇄 수량	ຈຳນວນທີ່ຕ້ອງການພິມ	ပုံနှိပ်ရန်အရေအတွက်	Số lượng cần in	Quantity to print	Quantity to print	Quantity to print
question_mark	หรือไม่?	?	吗？	か？	ទេ?	?	ບໍ?	?	không?	?	?	?
quick_select	เลือกด่วน	Quick Select	Quick Select	Quick Select	Quick Select	Quick Select	Quick Select	Quick Select	Quick Select	Quick Select	Quick Select	Quick Select
quota_exceeded	โควต้าหมด	Quota Exceeded	Quota Exceeded	Quota Exceeded	Quota Exceeded	Quota Exceeded	Quota Exceeded	Quota Exceeded	Quota Exceeded	Quota Exceeded	Quota Exceeded	Quota Exceeded
quotation	ใบเสนอราคา	Quotation	报价单	見積書	សម្រង់តម្លៃ	견적서	ໃບສະເໜີລາຄາ	စျေးနှုန်းအဆိုပြုလွှာ	Báo giá	Quotation	Quotation	Quotation
quotation_type	ประเภทใบเสนอราคา	Quotation Type	报价类型	見積タイプ	ប្រភេទសម្រង់តម្លៃ	견적 유형	ປະເພດໃບສະເໜີລາຄາ	စျေးနှုန်းအဆိုပြုလွှာအမျိုးအစား	Loại báo giá	Quotation Type	Quotation Type	Quotation Type
quotation_type_list	รายการประเภทใบเสนอราคา	Quotation Type List	报价类型列表	見積もりタイプリスト	បញ្ជីប្រភេទសម្រង់តម្លៃ	견적 유형 목록	ລາຍການປະເພດໃບສະເໜີລາຄາ	စျေးနှုန်းအမျိုးအစားစာရင်း	Danh sách loại báo giá	Quotation Type List	Quotation Type List	Quotation Type List
quotation_validity_note	ใบเสนอราคานี้มีอายุ 30 วัน	This quotation is valid for 30 days	This quotation is valid for 30 days	This quotation is valid for 30 days	This quotation is valid for 30 days	This quotation is valid for 30 days	This quotation is valid for 30 days	This quotation is valid for 30 days	This quotation is valid for 30 days	This quotation is valid for 30 days	This quotation is valid for 30 days	This quotation is valid for 30 days
range_acc	เลือกช่วงผังบัญชี	Choose range of accountcode	Choose range of accountcode	Choose range of accountcode	Choose range of accountcode	Choose range of accountcode	Choose range of accountcode	Choose range of accountcode	Choose range of accountcode	Choose range of accountcode	Choose range of accountcode	Choose range of accountcode
rate	อัตรา	Rate	汇率	レート	អត្រា	비율	ອັດຕາ	နှုန်း	Tỷ giá	Rate	Rate	Rate
rate_limit	Rate Limit	Rate Limit	速率限制	レート制限	ដែនកំណត់អត្រា	속도 제한	ຈຳກັດອັດຕາ	နှုန်းကန့်သတ်ချက်	Giới hạn tốc độ	Rate Limit	Rate Limit	Rate Limit
ratio	อัตราส่วน	Ratio	比率	比率	សមាមាត្រ	비율	ອັດຕາສ່ວນ	အချိုးအစား	Tỷ lệ	Ratio	Ratio	Ratio
read	อ่าน	Read our	Read our	Read our	Read our	Read our	Read our	Read our	Read our	Read our	Read our	Read our
ready_for_new_import	พร้อมสำหรับการนำเข้าใหม่	Ready for new import	准备好新的导入	新しいインポートの準備完了	ត្រៀមរួចរាល់សម្រាប់ការនាំចូលថ្មី	새 가져오기 준비 완료	ພ້ອມສໍາລັບການນໍາເຂົ້າໃໝ່	တင်သွင်းမှုအသစ်အတွက် အဆင်သင့်ဖြစ်ပါပြီ	Sẵn sàng cho lần nhập mới	Ready for new import	Ready for new import	Ready for new import
reason	เหตุผลในการยกเลิก	Reason for Cancel	取消原因	キャンセル理由	មូលហេតុនៃការបោះបង់	취소 사유	ເຫດຜົນການຍົກເລີກ	ပယ်ဖျက်ရသည့်အကြောင်းရင်း	Lý do hủy	Reason for Cancel	Reason for Cancel	Reason for Cancel
reason_close_document	เหตุผลปิดเอกสาร	Reason to Close Document	关闭文档原因	書類を閉じる理由	មូលហេតុបិទឯកសារ	문서 마감 사유	ເຫດຜົນປິດເອກະສານ	စာရွက်စာတမ်းပိတ်ရသည့်အကြောင်းရင်း	Lý do đóng tài liệu	Reason to Close Document	Reason to Close Document	Reason to Close Document
reason_open_document	เหตุผลเปิดเอกสาร	Reason to Open Document	打开文档原因	書類を開く理由	មូលហេតុបើកឯកសារ	문서 개시 사유	ເຫດຜົນເປີດເອກະສານ	စာရွက်စာတမ်းဖွင့်ရသည့်အကြောင်းရင်း	Lý do mở tài liệu	Reason to Open Document	Reason to Open Document	Reason to Open Document
reason_preferred	เหตุผลที่เลือก	Reason for Selection	选择理由	選定理由	មូលហេតុនៃការជ្រើសរើស	선택 사유	ເຫດຜົນທີ່ເລືອກ	ရွေးချယ်ရသည့်အကြောင်းရင်း	Lý do chọn	Reason for Selection	Reason for Selection	Reason for Selection
reason_required	เหตุผล (จำเป็น)	Reason (Required)	Reason (Required)	Reason (Required)	Reason (Required)	Reason (Required)	Reason (Required)	Reason (Required)	Reason (Required)	Reason (Required)	Reason (Required)	Reason (Required)
rebuild_all	Rebuild ทั้งหมด	Rebuild All	全部重建	すべて再構築	Rebuild ទាំងអស់	전체 재구축	Rebuild ທັງໝົດ	အားလုံး Rebuild	Rebuild tất cả	Rebuild All	Rebuild All	Rebuild All
rebuild_all_description	คำนวณยอดสต็อกใหม่ทั้งหมดจากเอกสาร	Recalculate all stock from documents	从文档重新计算所有库存	ドキュメントからすべての在庫を再計算	គណនាស្តុកទាំងអស់ឡើងវិញពីឯកសារ	문서에서 모든 재고 재계산	ຄຳນວນຍອດສະຕ໊ອກໃໝ່ທັງໝົດຈາກເອກະສານ	စာရွက်စာတမ်းများမှ ကုန်ပစ္စည်းအားလုံး ပြန်တွက်ပါ	Tính lại tất cả tồn kho từ chứng từ	Recalculate all stock from documents	Recalculate all stock from documents	Recalculate all stock from documents
rebuild_all_subtitle	ลบยอดสต็อกเดิมและคำนวณใหม่ทั้งหมด	Delete existing stock and recalculate all	删除现有库存并全部重新计算	既存の在庫を削除してすべて再計算	លុបស្តុកដែលមានស្រាប់ និងគណនាឡើងវិញទាំងអស់	기존 재고 삭제 후 전체 재계산	ລຶບຍອດສະຕ໊ອກເກົ່າ ແລະ ຄຳນວນໃໝ່ທັງໝົດ	ရှိပြီးသား ကုန်ပစ္စည်း ဖျက်ပြီး အားလုံးပြန်တွက်ပါ	Xóa tồn kho hiện tại và tính lại tất cả	Delete existing stock and recalculate all	Delete existing stock and recalculate all	Delete existing stock and recalculate all
rebuild_product_balance	ประมวลผลยอดคงเหลือ	Rebuild Product Balance	重新计算库存余额	在庫残高を再計算	គណនាសមតុល្យស្តុកឡើងវិញ	재고 잔액 재계산	ປະມວນຜົນຍອດຄົງເຫຼືອ	ကုန်ပစ္စည်းလက်ကျန် ပြန်တွက်ချက်	Tính lại số dư tồn kho	Rebuild Product Balance	Rebuild Product Balance	Rebuild Product Balance
rebuild_product_balance_description	ประมวลผลยอดคงเหลือ ค้างรับ ค้างส่ง ของสินค้าทั้งหมดใหม่ จากข้อมูลเอกสารรายวัน ใบสั่งซื้อ และใบสั่งขาย	Recalculate all product balance, pending receive and pending send quantities from daily documents, purchase orders and sales orders	从日常单据、采购订单和销售订单重新计算所有产品的库存余额、待收和待发数量	日次伝票、発注書、受注書からすべての商品の在庫残高、入荷待ち、出荷待ち数量を再計算します	គណនាសមតុល្យស្តុក ចំនួនរង់ចាំទទួល និងរង់ចាំផ្ញើរបស់ផលិតផលទាំងអស់ឡើងវិញ ពីឯកសារប្រចាំថ្ងៃ បញ្ជាទិញ និងបញ្ជាលក់	일일 문서, 구매 주문 및 판매 주문에서 모든 제품의 재고 잔액, 미수량 및 미발송량을 재계산합니다	ປະມວນຜົນຍອດຄົງເຫຼືອ ຄ້າງຮັບ ຄ້າງສົ່ງ ຂອງສິນຄ້າທັງໝົດໃໝ່ ຈາກເອກະສານປະຈຳວັນ ໃບສັ່ງຊື້ ແລະ ໃບສັ່ງຂາຍ	နေ့စဉ်စာရွက်စာတမ်းများ၊ ဝယ်ယူမှာစာများ နှင့် ရောင်းချမှာစာများမှ ကုန်ပစ္စည်းအားလုံး၏ လက်ကျန်၊ လက်ခံရန်ကျန် နှင့် ပို့ရန်ကျန် ပြန်တွက်ချက်ပါ	Tính lại tất cả số dư tồn kho, chờ nhận và chờ gửi từ chứng từ hàng ngày, đơn đặt hàng mua và đơn đặt hàng bán	Recalculate all product balance, pending receive and pending send quantities from daily documents, purchase orders and sales orders	Recalculate all product balance, pending receive and pending send quantities from daily documents, purchase orders and sales orders	Recalculate all product balance, pending receive and pending send quantities from daily documents, purchase orders and sales orders
rebuild_product_balance_warning	ระบบจะคำนวณยอดคงเหลือ ค้างรับ ค้างส่ง ของสินค้าทั้งหมดใหม่ กระบวนการนี้อาจใช้เวลาสักครู่	The system will recalculate all product balances, pending receive and pending send quantities. This may take a moment	系统将重新计算所有产品的库存余额、待收和待发数量。这可能需要一些时间	システムはすべての商品の在庫残高、入荷待ち、出荷待ちの数量を再計算します。しばらくお待ちください	ប្រព័ន្ធនឹងគណនាសមតុល្យស្តុក ចំនួនរង់ចាំទទួល និងរង់ចាំផ្ញើរបស់ផលិតផលទាំងអស់ឡើងវិញ ដំណើរការនេះអាចចំណាយពេលមួយរយៈ	시스템이 모든 제품의 재고 잔액, 미수량 및 미발송량을 재계산합니다. 잠시 시간이 걸릴 수 있습니다	ລະບົບຈະຄຳນວນຍອດຄົງເຫຼືອ ຍອດຄ້າງຮັບ ຄ້າງສົ່ງ ຂອງສິນຄ້າທັງໝົດໃໝ່ ຂະບວນການນີ້ອາດໃຊ້ເວລາສັກຄູ່	စနစ်သည် ကုန်ပစ္စည်းအားလုံး၏ လက်ကျန်၊ လက်ခံရန်ကျန် နှင့် ပို့ရန်ကျန် အရေအတွက်များကို ပြန်တွက်ချက်ပါမည်	Hệ thống sẽ tính lại tất cả số dư tồn kho, số lượng chờ nhận và chờ gửi. Quá trình này có thể mất một lúc	The system will recalculate all product balances, pending receive and pending send quantities. This may take a moment	The system will recalculate all product balances, pending receive and pending send quantities. This may take a moment	The system will recalculate all product balances, pending receive and pending send quantities. This may take a moment
rebuild_products	สร้างสินค้าใหม่	Rebuild Products	重建产品	商品を再構築	កសាងផលិតផលឡើងវិញ	상품 재구축	ສ້າງສິນຄ້າໃໝ່	ကုန်ပစ္စည်းများပြန်တည်ဆောက်	Xây dựng lại sản phẩm	Rebuild Products	Rebuild Products	Rebuild Products
rebuild_products_description	ระบบจะดึงข้อมูลสินค้าจาก MongoDB และสร้างใหม่ใน PostgreSQL และ ClickHouse	System will fetch product data from MongoDB and recreate in PostgreSQL and ClickHouse	系统将从MongoDB获取产品数据并在PostgreSQL和ClickHouse中重新创建	システムがMongoDBから商品データを取得し、PostgreSQLとClickHouseで再作成します	ប្រព័ន្ធនឹងទាញយកទិន្នន័យផលិតផលពី MongoDB ហើយបង្កើតឡើងវិញក្នុង PostgreSQL និង ClickHouse	시스템이 MongoDB에서 제품 데이터를 가져와 PostgreSQL 및 ClickHouse에서 재생성합니다	ລະບົບຈະດຶງຂໍ້ມູນສິນຄ້າຈາກ MongoDB ແລະ ສ້າງໃໝ່ໃນ PostgreSQL ແລະ ClickHouse	စနစ်သည် MongoDB မှ ကုန်ပစ္စည်းဒေတာကို ရယူပြီး PostgreSQL နှင့် ClickHouse တွင် ပြန်လည်ဖန်တီးပါမည်	Hệ thống sẽ lấy dữ liệu sản phẩm từ MongoDB và tạo lại trong PostgreSQL và ClickHouse	System will fetch product data from MongoDB and recreate in PostgreSQL and ClickHouse	System will fetch product data from MongoDB and recreate in PostgreSQL and ClickHouse	System will fetch product data from MongoDB and recreate in PostgreSQL and ClickHouse
rebuild_products_warning	กระบวนการนี้อาจใช้เวลาสักครู่ ห้ามปิดหน้าจอขณะกำลังประมวลผล	This process may take a moment. Do not close the screen during processing	此过程可能需要一些时间。处理期间请勿关闭屏幕	この処理には時間がかかる場合があります。処理中は画面を閉じないでください	ដំណើរការនេះអាចចំណាយពេលមួយរយៈ កុំបិទអេក្រង់ក្នុងពេលដំណើរការ	이 프로세스는 시간이 걸릴 수 있습니다. 처리 중에는 화면을 닫지 마세요	ຂະບວນການນີ້ອາດໃຊ້ເວລາສັກຄູ່ ຫ້າມປິດໜ້າຈໍຂະນະກຳລັງປະມວນຜົນ	ဤလုပ်ငန်းစဉ် အချိန်အနည်းငယ် ကြာနိုင်သည် လုပ်ဆောင်နေစဉ် မျက်နှာပြင် မပိတ်ပါနှင့်	Quá trình này có thể mất một lúc. Không đóng màn hình trong khi xử lý	This process may take a moment. Do not close the screen during processing	This process may take a moment. Do not close the screen during processing	This process may take a moment. Do not close the screen during processing
receipt	ใบเสร็จรับเงิน	Receipt	收据	領収書	បង្កាន់ដៃ	영수증	ໃບຮັບເງິນ	ပြေစာ	Hóa đơn	Receipt	Receipt	Receipt
receipt_list	รูปแบบใบเสร็จ	Receipt Format	收据格式	領収書形式	ទម្រង់បង្កាន់ដៃ	영수증 형식	ຮູບແບບໃບຮັບເງິນ	ပြေစာပုံစံ	Định dạng hóa đơn	Receipt Format	Receipt Format	Receipt Format
receipt_name	ชื่อรูปแบบใบเสร็จ	Receipt Format Name	收据格式名称	領収書形式名	ឈ្មោះទម្រង់បង្កាន់ដៃ	영수증 형식 이름	ຊື່ຮູບແບບໃບຮັບເງິນ	ပြေစာပုံစံအမည်	Tên định dạng hóa đơn	Receipt Format Name	Receipt Format Name	Receipt Format Name
receive_advance	รับล่วงหน้า	Receive Advance	Receive Advance	Receive Advance	Receive Advance	Receive Advance	Receive Advance	Receive Advance	Receive Advance	Receive Advance	Receive Advance	Receive Advance
receive_advance_payment	รับเงินล่วงหน้า	Receive Advance Payment	收取预付款	前払金受領	ទទួលប្រាក់បុរេប្រទាន	선불금 받기	ຮັບເງິນລ່ວງໜ້າ	ကြိုတင်ငွေလက်ခံရန်	Nhận tiền ứng trước	Receive Advance Payment	Receive Advance Payment	Receive Advance Payment
receive_back_advance_payment	รับคืนเงินล่วงหน้า	Receive Back Advance Payment	退还预付款	前払金返還	ទទួលប្រាក់បុរេប្រទានមកវិញ	선불금 환불 받기	ຮັບຄືນເງິນລ່ວງໜ້າ	ကြိုတင်ငွေပြန်လည်လက်ခံရန်	Nhận lại tiền ứng trước	Receive Back Advance Payment	Receive Back Advance Payment	Receive Back Advance Payment
receive_back_deposit	รับคืนเงินมัดจำ	Receive Back Deposit	退还押金	手付金返還	ទទួលប្រាក់កក់មកវិញ	보증금 환불 받기	ຮັບຄືນເງິນມັດຈຳ	အပ်ငွေပြန်လည်လက်ခံရန်	Nhận lại tiền đặt cọc	Receive Back Deposit	Receive Back Deposit	Receive Back Deposit
receive_cash	มูลค่า รับ/จ่าย ชำระ	Value Receive/Pay Payment	收款/付款金额	入金/支払金額	តម្លៃ ទទួល/បង់ ប្រាក់	수금/지불 금액	ມູນຄ່າ รับ/จ่าย ຊำລະ	လက်ခံ/ပေးချေငွေပမာဏ	Giá trị Thu/Chi thanh toán	Value Receive/Pay Payment	Value Receive/Pay Payment	Value Receive/Pay Payment
receive_change	รับเงินทอน	Receive Change	收取找零	お釣り受取	ទទួលប្រាក់អាប់	거스름돈 받기	ຮັບເງິນທອນ	အကြွေးပြန်လက်ခံ	Nhận tiền thối	Receive Change	Receive Change	Receive Change
receive_deposit	รับเงินมัดจำ	Receive Deposit	收取押金	手付金受領	ទទួលប្រាក់កក់	보증금 받기	ຮັບເງິນມັດຈຳ	အပ်ငွေလက်ခံရန်	Nhận tiền đặt cọc	Receive Deposit	Receive Deposit	Receive Deposit
receive_doc	เอกสารรับเงิน	Receive Document	收款单	入金伝票	ឯកសារទទួលប្រាក់	수금 문서	ເອກະສານຮັບເງິນ	ငွေလက်ခံစာရွက်စာတမ်း	Chứng từ thu tiền	Receive Document	Receive Document	Receive Document
receive_doc_number	เลขที่ใบรับสินค้า	Receive Document Number	收货单号	入荷伝票番号	លេខឯកសារទទួល	입고 문서 번호	ເລກທີ່ໃບຮັບສິນຄ້າ	ကုန်ပစ္စည်းလက်ခံစာရွက်စာတမ်းနံပါတ်	Số chứng từ nhận hàng	Receive Document Number	Receive Document Number	Receive Document Number
receive_money	รับเงินทอน	Change	找零钱	Change	Change	Change	ຮັບເງີນ	Change	Change	Change	Change	Change
receive_send_money_pos	การรับเงิน/การส่งเงิน (POS)	Receive/Send Money (POS)	收款/付款 (POS)	入金/出金 (POS)	ទទួល/ផ្ញើប្រាក់ (POS)	수금/송금 (POS)	ການຮັບເງິນ/ການສົ່ງເງິນ (POS)	ငွေလက်ခံ/ငွေပေးပို့ (POS)	Thu/Chuyển tiền (POS)	Receive/Send Money (POS)	Receive/Send Money (POS)	Receive/Send Money (POS)
received_from_sales	รับเงินจากการขาย	Received from Sales	销售收入	売上からの入金	ទទួលពីការលក់	판매 수금	ຮັບເງິນຈາກການຂາຍ	အရောင်းမှ လက်ခံငွေ	Nhận từ doanh thu	Received from Sales	Received from Sales	Received from Sales
received_response_from_server	ได้รับข้อมูลจาก Server	Received response from server	已收到服务器响应	サーバーからレスポンスを受信	បានទទួលការឆ្លើយតបពី Server	서버로부터 응답 수신	ໄດ້ຮັບຂໍ້ມູນຈາກ Server	Server မှ တုံ့ပြန်မှု ရရှိပြီ	Đã nhận phản hồi từ server	Received response from server	Received response from server	Received response from server
receivelist_date	วันที่	Date	日期	日付	កាលបរិច្ឆេទ	날짜	ວັນທີ່	ရက်စွဲ	Ngày	Date	Date	Date
receivelist_document_number	เลขที่เอกสาร	Document No.	单据编号	伝票番号	លេខឯកសារ	문서 번호	ເລກທີ່ເອກສານ	စာရွက်စာတမ်းနံပါတ်	Số chứng từ	Document No.	Document No.	Document No.
receivelist_employee	พนักงาน	Employee	员工	従業員	បុគ្គលិក	직원	ພະນັກງານ	ဝန်ထမ်း	Nhân viên	Employee	Employee	Employee
receivelist_grand_total	รวมทั้งหมด	Grand Total	总计	総合計	សរុបរួម	총계	ລວມທັງໝົດ	စုစုပေါင်း	Tổng cộng	Grand Total	Grand Total	Grand Total
receivelist_issue_goods	จ่ายสินค้า	Issue Goods	发货	出庫	ចេញទំនិញ	출고	ຈ່າຍສິນຄ້າ	ကုန်ပစ္စည်းထုတ်ပေး	Xuất hàng	Issue Goods	Issue Goods	Issue Goods
receivelist_item	รายการ	Item	项目	項目	ធាតុ	항목	ລາຍການ	ပစ္စည်း	Hạng mục	Item	Item	Item
receivelist_member	สมาชิก	Member	会员	会員	សមាជិក	회원	ສະມາຊິກ	အသင်းဝင်	Thành viên	Member	Member	Member
receivelist_member_name	ชื่อสมาชิก	Member Name	会员姓名	会員名	ឈ្មោះសមាជិក	회원 이름	ຊື່ສະມາຊິກ	အသင်းဝင်အမည်	Tên thành viên	Member Name	Member Name	Member Name
receivelist_quantity	จำนวน	Quantity	数量	数量	បរិមាណ	수량	ຈຳນວນ	အရေအတွက်	Số lượng	Quantity	Quantity	Quantity
receivelist_receive_goods	รับสินค้า	Receive Goods	收货	入庫	ទទួលទំនិញ	입고	ຮັບສິນຄ້າ	ကုန်ပစ္စည်းလက်ခံ	Nhập hàng	Receive Goods	Receive Goods	Receive Goods
receivelist_search	ค้นหา	Search	搜索	検索	ស្វែងរក	검색	ຄົ້ນຫາ	ရှာဖွေ	Tìm kiếm	Search	Search	Search
receivelist_title	รายการรับจ่ายสินค้า	Receive/Issue List	收发货清单	入出庫リスト	បញ្ជីទទួល/ចេញ	입출고 목록	ລາຍການຮັບຈ່າຍສິນຄ້າ	လက်ခံ/ထုတ်ပေးစာရင်း	Danh sách nhập/xuất	Receive/Issue List	Receive/Issue List	Receive/Issue List
receivelist_total_value	รวมมูลค่า	Total Value	总金额	合計金額	តម្លៃសរុប	총 금액	ລວມມູນຄ່າ	စုစုပေါင်းတန်ဖိုး	Tổng giá trị	Total Value	Total Value	Total Value
receivelist_transaction_type	ประเภทรายการ	Transaction Type	交易类型	取引種類	ប្រភេទប្រតិបត្តិការ	거래 유형	ປະເພດລາຍການ	ငွေစာရင်းအမျိုးအစား	Loại giao dịch	Transaction Type	Transaction Type	Transaction Type
receivelist_type	ประเภท	Type	类型	種類	ប្រភេទ	유형	ປະເພດ	အမျိုးအစား	Loại	Type	Type	Type
receivelist_value	มูลค่า	Value	金额	金額	តម្លៃ	금액	ມູນຄ່າ	တန်ဖိုး	Giá trị	Value	Value	Value
receivemoney			
receiver	ผู้รับ	Receiver	接收方	受信者	អ្នកទទួល	수신자	ຜູ້ຮັບ	လက်ခံသူ	Người nhận	Receiver	Receiver	Receiver
receiver_bank	ธนาคารผู้รับ	Receiver Bank	接收方银行	受取銀行	ធនាគារអ្នកទទួល	수신 은행	ທະນາຄານຜູ້ຮັບ	လက်ခံသူဘဏ်	Ngân hàng người nhận	Receiver Bank	Receiver Bank	Receiver Bank
recent_purchases	ซื้อล่าสุด	Recent Purchases	最近采购	最近の購入	ការទិញថ្មីៗ	최근 구매	ຊື້ລ່າສຸດ	မကြာသေးမီဝယ်ယူမှုများ	Mua gần đây	Recent Purchases	Recent Purchases	Recent Purchases
recent_sales	ขายล่าสุด	Recent Sales	最近销售	最近の売上	ការលក់ថ្មីៗ	최근 판매	ຂາຍລ່າສຸດ	မကြာသေးမီရောင်းချမှုများ	Bán gần đây	Recent Sales	Recent Sales	Recent Sales
reconnect_line	เชื่อมต่อ LINE ใหม่	Reconnect LINE	Reconnect LINE	Reconnect LINE	Reconnect LINE	Reconnect LINE	Reconnect LINE	Reconnect LINE	Reconnect LINE	Reconnect LINE	Reconnect LINE	Reconnect LINE
request_failed	เรียกข้อมูลไม่สำเร็จ	Request failed	请求失败	リクエストに失敗しました	សំណើបរាជ័យ	요청 실패	ຄຳຂໍລົ້ມເຫຼວ	တောင်းဆိုမှု မအောင်မြင်ပါ	Yêu cầu thất bại	Permintaan gagal	Permintaan gagal	Nabigo ang kahilingan
records	รายการ	Records	记录	レコード	កំណត់ត្រា	기록	ລາຍການ	မှတ်တမ်းများ	Bản ghi	Records	Records	Records
reduce_by_percent	ลดตาม %	Reduce by %	按百分比减	割合で割引	បន្ថយតាម %	% 할인	ຫຼຸດຕາມ %	% ဖြင့် လျှော့ချ	Giảm theo %	Reduce by %	Reduce by %	Reduce by %
reduce_by_value	ลดตามมูลค่า	Reduce by Value	按金额减	金額で割引	បន្ថយតាមតម្លៃ	금액 할인	ຫຼຸດຕາມມູນຄ່າ	တန်ဖိုးဖြင့် လျှော့ချ	Giảm theo giá trị	Reduce by Value	Reduce by Value	Reduce by Value
reduce_card_size	ลดขนาดการ์ด	Reduce Card Size	缩小卡片	カードサイズを縮小	បន្ថយទំហំកាត	카드 크기 축소	ຫຼຸດຂະໜາດບັດ	ကတ်အရွယ်အစား ချုံ့ပါ	Thu nhỏ thẻ	Reduce Card Size	Reduce Card Size	Reduce Card Size
reduce_cash_purchaser	ลดหนี้/ราคาผิด เงินสด (ไม่กระทบสต๊อก)	Reduce Debt/Wrong Price Cash (No Stock Effect)	减少债务/价格错误 现金 (不影响库存)	債務削減/価格誤り 現金 (在庫影響なし)	កាត់បន្ថយបំណុល/តម្លៃខុស សាច់ប្រាក់ (មិនប៉ះពាល់ស្តុក)	부채 감소/가격 오류 현금 (재고 영향 없음)	ຫຼຸດໜີ້/ລາຄາຜິດ ເງິນສົດ (ບໍ່ກະທົບສະຕັອກ)	အကြွေးလျှော့/စျေးနှုန်းမှား ငွေသား (စတော့မထိခိုက်)	Giảm nợ/Sai giá Tiền mặt (Không ảnh hưởng kho)	Reduce Debt/Wrong Price Cash (No Stock Effect)	Reduce Debt/Wrong Price Cash (No Stock Effect)	Reduce Debt/Wrong Price Cash (No Stock Effect)
reduce_cash_sale	ลดหนี้/ราคาผิด เงินสด (ไม่กระทบสต๊อก)	Reduce Debt/Wrong Price Cash (No Stock Effect)	减少债务/价格错误 现金 (不影响库存)	債務削減/価格誤り 現金 (在庫影響なし)	កាត់បន្ថយបំណុល/តម្លៃខុស សាច់ប្រាក់ (មិនប៉ះពាល់ស្តុក)	부채 감소/가격 오류 현금 (재고 영향 없음)	ຫຼຸດໜີ້/ລາຄາຜິດ ເງິນສົດ (ບໍ່ກະທົບສະຕັອກ)	အကြွေးလျှော့/စျေးနှုန်းမှား ငွေသား (စတော့မထိခိုက်)	Giảm nợ/Sai giá Tiền mặt (Không ảnh hưởng kho)	Reduce Debt/Wrong Price Cash (No Stock Effect)	Reduce Debt/Wrong Price Cash (No Stock Effect)	Reduce Debt/Wrong Price Cash (No Stock Effect)
reduce_credit_purchaser	ลดหนี้/ราคาผิด เจ้าหนี้ (ไม่กระทบสต๊อก)	Reduce Debt/Wrong Price Creditor (No Stock Effect)	减少债务/价格错误 债权人 (不影响库存)	債務削減/価格誤り 債権者 (在庫影響なし)	កាត់បន្ថយបំណុល/តម្លៃខុស ម្ចាស់បំណុល (មិនប៉ះពាល់ស្តុក)	부채 감소/가격 오류 채권자 (재고 영향 없음)	ຫຼຸດໜີ້/ລາຄາຜິດ ເຈົ້າໜີ້ (ບໍ່ກະທົບສະຕັອກ)	အကြွေးလျှော့/စျေးနှုန်းမှား မြီရှင် (စတော့မထိခိုက်)	Giảm nợ/Sai giá Chủ nợ (Không ảnh hưởng kho)	Reduce Debt/Wrong Price Creditor (No Stock Effect)	Reduce Debt/Wrong Price Creditor (No Stock Effect)	Reduce Debt/Wrong Price Creditor (No Stock Effect)
reduce_credit_sale	ลดหนี้/ราคาผิด ลูกหนี้ (ไม่กระทบสต๊อก)	Reduce Debt/Wrong Price Debtor (No Stock Effect)	减少债务/价格错误 债务人 (不影响库存)	債務削減/価格誤り 債務者 (在庫影響なし)	កាត់បន្ថយបំណុល/តម្លៃខុស កូនបំណុល (មិនប៉ះពាល់ស្តុក)	부채 감소/가격 오류 채무자 (재고 영향 없음)	ຫຼຸດໜີ້/ລາຄາຜິດ ລູກໜີ້ (ບໍ່ກະທົບສະຕັອກ)	အကြွေးလျှော့/စျေးနှုန်းမှား မြီစား (စတော့မထိခိုက်)	Giảm nợ/Sai giá Con nợ (Không ảnh hưởng kho)	Reduce Debt/Wrong Price Debtor (No Stock Effect)	Reduce Debt/Wrong Price Debtor (No Stock Effect)	Reduce Debt/Wrong Price Debtor (No Stock Effect)
ref_barcode	บาร์โค้ดอ้างอิง	Ref barcode	Ref barcode	Ref barcode	Ref barcode	Ref barcode	Ref barcode	Ref barcode	Ref barcode	Ref barcode	Ref barcode	Ref barcode
ref_barcode_is_sub_barcode	บาร์โค้ดนี้ถูกอ้างอิงไปแล้ว	This barcode is already referenced	此条形码已被引用	このバーコードは既に参照されています	បាកូដនេះត្រូវបានយោងរួចហើយ	이 바코드는 이미 참조되었습니다	ບາໂຄດນີ້ຖືກອ້າງອີງແລ້ວ	ဤဘားကုဒ်ကို ကိုးကားပြီးပါပြီ	Mã vạch này đã được tham chiếu	This barcode is already referenced	This barcode is already referenced	This barcode is already referenced
ref_dimension_is_disabled	ไม่สามารถใช้งานได้เนื่องจากสถานะปิดอยู่	Cannot use because status is closed	无法使用，因为状态已关闭	ステータスが閉じているため使用できません	មិនអាចប្រើបានទេព្រោះស្ថានភាពត្រូវបានបិទ	상태가 닫혀 있어 사용할 수 없습니다	ບໍ່ສາມາດນຳໃຊ້ໄດ້ເນື່ອງຈາກສະຖານະປິດຢູ່	အခြေအနေပိတ်ထားသောကြောင့် အသုံးပြု၍မရပါ	Không thể sử dụng vì trạng thái đã đóng	Cannot use because status is closed	Cannot use because status is closed	Cannot use because status is closed
ref_po_docno	เลขที่ PO	PO Doc No.	采购订单编号	PO番号	លេខ PO	PO 문서번호	ເລກທີ PO	PO စာရွက်နံပါတ်	Số PO	PO Doc No.	PO Doc No.	PO Doc No.
ref_rfq_docno	เลขที่ RFQ	RFQ Doc No.	询价单编号	RFQ番号	លេខ RFQ	RFQ 문서번호	ເລກທີ RFQ	RFQ စာရွက်နံပါတ်	Số RFQ	RFQ Doc No.	RFQ Doc No.	RFQ Doc No.
reference	อ้างอิง	Reference	Reference	Reference	Reference	Reference	Reference	Reference	Reference	Reference	Reference	Reference
reference_barcode	บาร์โค้ดอ้างอิง	Ref barcode	Ref barcode	Ref barcode	Ref barcode	Ref barcode	Ref barcode	Ref barcode	Ref barcode	Ref barcode	Ref barcode	Ref barcode
reference_date	วันที่อ้างอิง	Reference Date	参考日期	参照日	កាលបរិច្ឆេទយោង	참조 날짜	ວັນທີ່ອ້າງອິງ	ကိုးကားရက်စွဲ	Ngày tham chiếu	Reference Date	Reference Date	Reference Date
reference_document	เอกสารอ้างอิง	Reference Document	参考单据	参照伝票	ឯកសារយោង	참조 문서	ເອກະສານອ້າງອີງ	ကိုးကားစာရွက်စာတမ်း	Chứng từ tham chiếu	Reference Document	Reference Document	Reference Document
reference_number	หมายเลขอ้างอิง	Reference Number	参考号	参照番号	លេខយោង	참조 번호	ເລກອ້າງອີງ	ကိုးကားနံပါတ်	Số tham chiếu	Reference Number	Reference Number	Reference Number
reference_section	ข้อมูลอ้างอิง	Reference Section	参考信息	参照セクション	ផ្នែកឯកសារយោង	참조 섹션	ສ່ວນອ້າງອີງ	ကိုးကားချက်အပိုင်း	Thông tin tham chiếu	Reference Section	Reference Section	Reference Section
reference_to	อ้างอิงไปหา	Reference To	引用至	参照先	យោងទៅ	참조 대상	ອ້າງອີງໄປຫາ	ကိုးကားချက်သို့	Tham chiếu đến	Reference To	Reference To	Reference To
referenced	อ้างอิงแล้ว	Referenced	Referenced	Referenced	Referenced	Referenced	Referenced	Referenced	Referenced	Referenced	Referenced	Referenced
referenced_by	ถูกอ้างอิงจาก	Referenced By	被引用自	参照元	ត្រូវបានយោងដោយ	참조됨	ຖືກອ້າງອີງຈາກ	ကိုးကားခံရသည်	Được tham chiếu bởi	Referenced By	Referenced By	Referenced By
refresh	รีเฟรช	Refresh	刷新	更新	ធ្វើឱ្យស្រស់	새로고침	ຣີເຟຣຊ	ပြန်လည်စတင်ရန်	Làm mới	Refresh	Refresh	Refresh
refresh_data	รีเฟรชข้อมูล	Refresh Data	刷新数据	データを更新	ផ្ទុកទិន្នន័យឡើងវិញ	데이터 새로고침	ໂຫຼດຂໍ້ມູນໃໝ່	ဒေတာကို refresh လုပ်ပါ	Làm mới dữ liệu	Refresh Data	Refresh Data	Refresh Data
register_with_phone_number	สมัครสมาชิกด้วยเบอร์โทรศัพท์	Register Phone	注册 电话	登録 電話	ចុះឈ្មោះ ទូរស័ព្ទ	가입 전화	ສະໝັກສະມາຊິກ ໂທລະສັບ	အကောင့်ဖွင့် ဖုန်း	Đăng ký Điện thoại	Register Phone	Register Phone	Register Phone
reject	ไม่อนุมัติ	Reject	Reject	Reject	Reject	Reject	Reject	Reject	Reject	Reject	Reject	Reject
rejected	ถูกปฏิเสธ	Rejected	已拒绝	却下	ត្រូវបានបដិសេធ	거부됨	ຖືກປະຕິເສດ	ငြင်းပယ်ပြီး	Bị từ chối	Rejected	Rejected	Rejected
rejecting	กำลังปฏิเสธ...	Rejecting...	正在拒绝...	却下中...	កំពុងបដិសេធ...	거부 중...	ກຳລັງປະຕິເສດ...	ငြင်းပယ်နေသည်...	Đang từ chối...	Rejecting...	Rejecting...	Rejecting...
reject_reason_description	กรุณาระบุเหตุผลในการปฏิเสธเอกสาร	Please provide a reason for rejecting this document	请提供拒绝此文件的原因	却下理由を入力してください	សូមផ្តល់ហេតុផលសម្រាប់ការបដិសេធ	거부 사유를 입력해 주세요	ກະລຸນາລະບຸເຫດຜົນ	ငြင်းပယ်ရသည့်အကြောင်းရင်းထည့်ပါ	Vui lòng cung cấp lý do từ chối	Please provide a reason for rejecting this document	Please provide a reason for rejecting this document	Please provide a reason for rejecting this document
reject_reason_hint	ระบุเหตุผล...	Enter reason...	输入原因...	理由を入力...	បញ្ចូលហេតុផល...	사유 입력...	ລະບຸເຫດຜົນ...	အကြောင်းရင်းထည့်ပါ...	Nhập lý do...	Enter reason...	Enter reason...	Enter reason...
related_customer_debtor	ลูกค้า/ลูกหนี้ที่เกี่ยวข้อง	Related Customer/Debtor	Related Customer/Debtor	Related Customer/Debtor	Related Customer/Debtor	Related Customer/Debtor	Related Customer/Debtor	Related Customer/Debtor	Related Customer/Debtor	Related Customer/Debtor	Related Customer/Debtor	Related Customer/Debtor
reload_shop_list	โหลดรายการร้านค้าใหม่	Reload shop list	重新加载商店列表	店舗リストを再読み込み	ផ្ទុកបញ្ជីហាងឡើងវិញ	매장 목록 새로고침	ໂຫຼດລາຍການຮ້ານຄ້າໃໝ່	ဆိုင်စာရင်း ပြန်ဖွင့်ပါ	Tải lại danh sách cửa hàng	Reload shop list	Reload shop list	Reload shop list
remaining_balance	ยอดคงเหลือ:	Remaining Balance:	Remaining Balance:	Remaining Balance:	Remaining Balance:	Remaining Balance:	Remaining Balance:	Remaining Balance:	Remaining Balance:	Remaining Balance:	Remaining Balance:	Remaining Balance:
remaining_unit	หน่วยนับคงเหลือ	Remaining Unit	剩余单位	残りの単位	ឯកតាដែលនៅសល់	남은 단위	ຫົວໜ່ວຍຄົງເຫຼືອ	ကျန်ရှိသောယူနစ်	Đơn vị còn lại	Remaining Unit	Remaining Unit	Remaining Unit
remark	หมายเหตุ	Remark	笔记	備考	កំណត់ចំណាំ	비고	ໝາຍເຫດ	မှတ်ချက်	Ghi chú	Remark	Remark	Remark
remark_name	ชื่อหมายเหตุ	Remark Name	备注名称	備考名	ឈ្មោះកំណត់ចំណាំ	비고 이름	ຊື່ໝາຍເຫດ	မှတ်ချက်အမည်	Tên ghi chú	Remark Name	Remark Name	Remark Name
remark_optional	หมายเหตุ (ถ้ามี)	Remark (optional)	备注（可选）	備考（任意）	កំណត់សម្គាល់ (ប្រសិនបើមាន)	비고 (선택사항)	ໝາຍເຫດ (ຖ້າມີ)	မှတ်ချက် (ရှိလျှင်)	Ghi chú (nếu có)	Remark (optional)	Remark (optional)	Remark (optional)
remember	จดจำรหัสผ่าน	Remember me	Remember me	Remember me	Remember me	Remember me	Remember me	Remember me	Remember me	Remember me	Remember me	Remember me
remove	ลบ	remove	删除	削除	លុប	삭제	ລຶບ	ဖျက်	Xóa	remove	remove	remove
remove_all_detail	ต้องการลบรายละเอียดทั้งหมด ?	Want to delete all details?	要删除所有详细信息吗？	すべての詳細を削除しますか？	តើអ្នកចង់លុបព័ត៌មានលម្អិតទាំងអស់ឬ?	모든 세부 정보를 삭제하시겠습니까?	ຕ້ອງການລຶບລາຍລະອຽດທັງໝົດບໍ?	အသေးစိတ်အချက်အလက်အားလုံးကို ဖျက်လိုပါသလား။	Bạn có muốn xóa tất cả chi tiết không?	Want to delete all details?	Want to delete all details?	Want to delete all details?
remove_background	ลบพื้นหลัง	Remove Background	删除背景	背景を削除	លុបផ្ទៃខាងក្រោយ	배경 제거	ລຶບພື້ນຫລັງ	နောက်ခံ ဖျက်ပါ	Xóa nền	Remove Background	Remove Background	Remove Background
remove_filter	ลบตัวกรอง	Remove Filter	Remove Filter	Remove Filter	Remove Filter	Remove Filter	Remove Filter	Remove Filter	Remove Filter	Remove Filter	Remove Filter	Remove Filter
remove_remark	ลบหมายเหตุ	Delete Remark	删除备注	備考を削除	លុបកំណត់ចំណាំ	비고 삭제	ລຶບໝາຍເຫດ	မှတ်ချက်ဖျက်ပါ	Xóa ghi chú	Delete Remark	Delete Remark	Delete Remark
report	รายงาน	Report	报告	レポート	របាយការណ៍	보고서	ລາຍງານ	အစီရင်ခံစာ	Báo cáo	Report	Report	Report
report_bookbank	รายงานสมุดบัญชีธนาคาร	Bank Book Report	银行存折报告	銀行通帳レポート	របាយការណ៍សៀវភៅធនាគារ	은행 통장 보고서	ລາຍງານປຶ້ມບັນຊີທະນາຄານ	ဘဏ်စာအုပ်အစီရင်ခံစာ	Báo cáo sổ ngân hàng	Bank Book Report	Bank Book Report	Bank Book Report
report_cancel	รายงานข้อมูลที่ถูกยกเลิก	Cancelled Data Report	取消数据报告	キャンセルデータレポート	របាយការណ៍ទិន្នន័យដែលបានបោះបង់	취소된 데이터 보고서	ລາຍງານຂໍ້ມູນທີ່ຖືກຍົກເລີກ	ပယ်ဖျက်ထားသော ဒေတာအစီရင်ခံစာ	Báo cáo dữ liệu đã hủy	Cancelled Data Report	Cancelled Data Report	Cancelled Data Report
report_code	รหัสรายงาน	Report Code	报告代码	レポートコード	កូដរបាយការណ៍	보고서 코드	ລະຫັດລາຍງານ	အစီရင်ခံစာကုဒ်	Mã báo cáo	Report Code	Report Code	Report Code
report_condition_as_of_date	ณ วันที่	As of Date	截至日期	現在の日付	គិតត្រឹមថ្ងៃទី	기준 날짜	ນະ ວັນທີ	ရက်စွဲအထိ	Tính đến ngày	As of Date	As of Date	As of Date
report_condition_branch	สาขา	branch	分店	支店	សាខា	지점	ສາຂາ	ဌာနခွဲ	chi nhánh	branch	branch	branch
report_condition_cancel	ยกเลิก	Cancel	取消	キャンセル	បោះបង់	취소	ຍົກເລີກ	ပယ်ဖျက်	Hủy	Cancel	Cancel	Cancel
report_condition_cannot_create	ไม่สามารถสร้างเงื่อนไขรายงานได้	Cannot Create Report Condition	无法创建报表条件	レポート条件を作成できません	មិនអាចបង្កើតលក្ខខណ្ឌរបាយការណ៍បានទេ	보고서 조건을 생성할 수 없습니다	ບໍ່ສາມາດສ້າງເງື່ອນໄຂລາຍງານໄດ້	အစီရင်ခံစာအခြေအနေ ဖန်တီး၍မရပါ	Không thể tạo điều kiện báo cáo	Cannot Create Report Condition	Cannot Create Report Condition	Cannot Create Report Condition
report_condition_click_select_barcode	คลิกเพื่อเลือกสินค้า	Click to select product	点击选择产品	クリックして商品を選択	ចុចដើម្បីជ្រើសរើសផលិតផល	클릭하여 상품 선택	ຄິກເພື່ອເລືອກສິນຄ້າ	ကုန်ပစ္စည်းရွေးချယ်ရန် နှိပ်ပါ	Nhấp để chọn sản phẩm	Click to select product	Click to select product	Click to select product
report_condition_click_select_branch	คลิกเพื่อเลือกสาขา	Click to select branch	点击选择分店	クリックして支店を選択	ចុចដើម្បីជ្រើសរើសសាខា	클릭하여 지점 선택	ຄິກເພື່ອເລືອກສາຂາ	ဆိုင်ခွဲရွေးချယ်ရန် နှိပ်ပါ	Nhấp để chọn chi nhánh	Click to select branch	Click to select branch	Click to select branch
report_condition_close	ปิด	Close	关闭	閉じる	បិទ	닫기	ປິດ	ပိတ်	Đóng	Close	Close	Close
report_condition_date_range	ช่วงวันที่รายงาน	Report Date Range	报告日期范围	レポートの日付範囲	ជួរកាលបរិច្ឆេទរបាយការណ៍	보고서 날짜 범위	ຊ່ວງວັນທີລາຍງານ	အစီရင်ခံစာ ရက်စွဲအပိုင်းအခြား	Phạm vi ngày báo cáo	Report Date Range	Report Date Range	Report Date Range
report_condition_delete_all	ลบทั้งหมด	Delete All	全部删除	すべて削除	លុបទាំងអស់	모두 삭제	ລົບທັງໝົດ	အားလုံးဖျက်ရန်	Xóa tất cả	Delete All	Delete All	Delete All
report_condition_end_date	วันที่สิ้นสุด	End Date	结束日期	終了日	កាលបរិច្ឆេទបញ្ចប់	종료일	ວັນທີສິ້ນສຸດ	ပြီးဆုံးသည့်ရက်စွဲ	Ngày kết thúc	End Date	End Date	End Date
report_condition_not_selected_barcode	ยังไม่ได้เลือกบาร์โค้ด	No barcode selected	尚未选择条形码	バーコードが選択されていません	មិនទាន់បានជ្រើសបាកូដទេ	바코드가 선택되지 않았습니다	ຍັງບໍ່ໄດ້ເລືອກບາໂຄ້ດ	ဘားကုဒ် ရွေးချယ်မထားသေးပါ	Chưa chọn mã vạch	No barcode selected	No barcode selected	No barcode selected
report_condition_search	ค้นหา	Search	搜索	検索	ស្វែងរក	검색	ຄົ້ນຫາ	ရှာဖွေ	Tìm kiếm	Search	Search	Search
report_condition_select_barcode	เลือกสินค้า	Select Product	选择产品	商品を選択	ជ្រើសរើសផលិតផល	상품 선택	ເລືອກສິນຄ້າ	ကုန်ပစ္စည်းရွေးချယ်ပါ	Chọn sản phẩm	Select Product	Select Product	Select Product
report_condition_select_barcode_first	กรุณาเลือกบาร์โค้ดก่อน	Please select barcode first	请先选择条形码	先にバーコードを選択してください	សូមជ្រើសបាកូដជាមុនសិន	먼저 바코드를 선택하세요	ກະລຸນາເລືອກບາໂຄ້ດກ່ອນ	ဘားကုဒ်ကို အရင်ရွေးချယ်ပါ	Vui lòng chọn mã vạch trước	Please select barcode first	Please select barcode first	Please select barcode first
report_condition_select_branch	เลือกสาขา	Select Branch	选择分店	支店を選択	ជ្រើសរើសសាខា	지점 선택	ເລືອກສາຂາ	ဆိုင်ခွဲရွေးချယ်ပါ	Chọn chi nhánh	Select Branch	Select Branch	Select Branch
report_condition_select_date	กรุณาเลือกวันที่	Please select date	请选择日期	日付を選択してください	សូមជ្រើសកាលបរិច្ឆេទ	날짜를 선택하세요	ກະລຸນາເລືອກວັນທີ	ရက်စွဲကို ရွေးချယ်ပါ	Vui lòng chọn ngày	Please select date	Please select date	Please select date
report_condition_selected	เลือกแล้ว	Selected	已选择	選択済み	បានជ្រើស	선택됨	ເລືອກແລ້ວ	ရွေးချယ်ပြီး	Đã chọn	Selected	Selected	Selected
report_condition_specify_date	กรุณาระบุช่วงวันที่และตัวเลือกการแสดงผล	Please specify date range and display option	请指定日期范围和显示选项	日付範囲と表示オプションを指定してください	សូមបញ្ជាក់ជួរកាលបរិច្ឆេទនិងជម្រើសបង្ហាញ	날짜 범위 및 표시 옵션을 지정하십시오	ກະລຸນາລະບຸຊ່ວງວັນທີແລະຕົວເລືອກການສະແດງຜົນ	ရက်စွဲအပိုင်းအခြားနှင့် ပြသမှုရွေးချယ်စရာကို သတ်မှတ်ပါ	Vui lòng chỉ định khoảng ngày và tùy chọn hiển thị	Please specify date range and display option	Please specify date range and display option	Please specify date range and display option
report_condition_start_date	วันที่เริ่มต้น	Start Date	开始日期	開始日	កាលបរិច្ឆេទចាប់ផ្តើម	시작일	ວັນທີເລີ່ມຕົ້ນ	စတင်သည့်ရက်စွဲ	Ngày bắt đầu	Start Date	Start Date	Start Date
report_creditor	รายงานเจ้าหนี้	Creditor Report	债权人报告	債権者レポート	របាយការណ៍ម្ចាស់បំណុល	채권자 보고서	ລາຍງານເຈົ້າໜີ້	မြီရှင်အစီရင်ခံစာ	Báo cáo chủ nợ	Creditor Report	Creditor Report	Creditor Report
report_daily_payment	รับจ่ายรายวัน	Daily Payment Report	Daily Payment Report	Daily Payment Report	Daily Payment Report	Daily Payment Report	Daily Payment Report	Daily Payment Report	Daily Payment Report	Daily Payment Report	Daily Payment Report	Daily Payment Report
report_daily_sales	ยอดขายรายวัน	Daily Sales Report	Daily Sales Report	Daily Sales Report	Daily Sales Report	Daily Sales Report	Daily Sales Report	Daily Sales Report	Daily Sales Report	Daily Sales Report	Daily Sales Report	Daily Sales Report
report_date	วันที่ออกรายงาน	Report Date	报告日期	レポート日付	កាលបរិច្ឆេទរបាយការណ៍	보고서 날짜	ວັນທີອອກລາຍງານ	အစီရင်ခံစာရက်စွဲ	Ngày báo cáo	Report Date	Report Date	Report Date
report_debtor	รายงานลูกหนี้	Debtor Report	债务人报告	債務者レポート	របាយការណ៍កូនបំណុល	채무자 보고서	ລາຍງານລູກໜີ້	မြီစားအစီရင်ခံစာ	Báo cáo con nợ	Debtor Report	Debtor Report	Debtor Report
report_dedebi_all	ทั้งหมด	All	全部	すべて	ទាំងអស់	전체	ທັງໝົດ	အားလုံး	Tất cả	All	All	All
report_dedebi_change_conditions	เปลี่ยนเงื่อนไข	Change Conditions	更改条件	条件を変更	ផ្លាស់ប្តូរលក្ខខណ្ឌ	조건 변경	ປ່ຽນເງື່ອນໄຂ	အခြေအနေများကို ပြောင်းလဲပါ	Thay đổi điều kiện	Change Conditions	Change Conditions	Change Conditions
report_dedebi_clear_data	ล้างข้อมูล	Clear Data	清除数据	データをクリア	លុបទិន្នន័យ	데이터 지우기	ລ້າງຂໍ້ມູນ	ဒေတာကို ရှင်းလင်းပါ	Xóa dữ liệu	Clear Data	Clear Data	Clear Data
report_dedebi_date_range_max_1_year	ช่วงวันที่ต้องไม่เกิน 1 ปี	Date range must not exceed 1 year	日期范围不得超过1年	日付範囲は1年を超えてはいけません	ចន្លោះកាលបរិច្ឆេទមិនត្រូវលើសពី 1 ឆ្នាំទេ	날짜 범위는 1년을 초과할 수 없습니다	ໄລຍະວັນທີ່ຕ້ອງບໍ່ເກີນ 1 ປີ	ရက်စွဲကာလသည် ၁ နှစ်ကို မကျော်လွန်ရပါ	Khoảng ngày không được vượt quá 1 năm	Date range must not exceed 1 year	Date range must not exceed 1 year	Date range must not exceed 1 year
report_dedebi_error_occurred	เกิดข้อผิดพลาด	An Error Occurred	发生错误	エラーが発生しました	មានកំហុសកើតឡើង	오류가 발생했습니다	ເກີດຂໍ້ຜິດພາດ	အမှားအယွင်း ဖြစ်ပွားခဲ့သည်	Đã xảy ra lỗi	An Error Occurred	An Error Occurred	An Error Occurred
report_dedebi_error_sending_request	เกิดข้อผิดพลาดในการส่งคำขอ	Error sending request	发送请求时出错	リクエストの送信中にエラーが発生しました	មានកំហុសក្នុងការផ្ញើសំណើ	요청 전송 중 오류 발생	ເກີດຂໍ້ຜິດພາດໃນການສົ່ງຄຳຂໍ	တောင်းဆိုချက်ပို့သည့်အခါ အမှားအယွင်း ဖြစ်ပွားခဲ့သည်	Lỗi khi gửi yêu cầu	Error sending request	Error sending request	Error sending request
report_dedebi_export_report	ส่งออกรายงาน	Export Report	导出报告	レポートをエクスポート	នាំចេញរបាយការណ៍	보고서 내보내기	ສົ່ງອອກລາຍງານ	အစီရင်ခံစာကို တင်ပို့ပါ	Xuất báo cáo	Export Report	Export Report	Export Report
report_dedebi_first_page	หน้าแรก	First Page	首页	最初のページ	ទំព័រដំបូង	첫 페이지	ໜ້າທຳອິດ	ပထမစာမျက်နှာ	Trang đầu	First Page	First Page	First Page
report_dedebi_from_date_not_exceed_to_date	วันที่เริ่มต้นต้องไม่เกินวันที่สิ้นสุด	Start date must not exceed end date	开始日期不得超过结束日期	開始日は終了日を超えてはいけません	កាលបរិច្ឆេទចាប់ផ្តើមមិនត្រូវលើសពីកាលបរិច្ឆេទបញ្ចប់ទេ	시작일은 종료일을 초과할 수 없습니다	ວັນທີ່ເລີ່ມຕົ້ນຕ້ອງບໍ່ເກີນວັນທີ່ສິ້ນສຸດ	စတင်ရက်သည် ပြီးဆုံးရက်ကို မကျော်လွန်ရပါ	Ngày bắt đầu không được vượt quá ngày kết thúc	Start date must not exceed end date	Start date must not exceed end date	Start date must not exceed end date
report_dedebi_generating_report	กำลังเริ่มสร้างรายงาน...	Starting to generate report...	正在开始生成报告...	レポート生成を開始しています...	កំពុងចាប់ផ្តើមបង្កើតរបាយការណ៍...	보고서 생성을 시작하는 중...	ກຳລັງເລີ່ມສ້າງລາຍງານ...	အစီရင်ခံစာကို စတင်ဖန်တီးနေသည်...	Đang bắt đầu tạo báo cáo...	Starting to generate report...	Starting to generate report...	Starting to generate report...
report_dedebi_hide_cancelled_docs	ไม่แสดงเอกสารที่ยกเลิก	Hide Cancelled Documents	隐藏已取消的单据	キャンセルされたドキュメントを非表示	លាក់ឯកសារដែលបានបោះបង់	취소된 문서 숨기기	ເຊື່ອງເອກະສານທີ່ຍົກເລິກ	ပယ်ဖျက်ထားသော စာရွက်စာတမ်းများကို ဝှက်ပါ	Ẩn tài liệu đã hủy	Hide Cancelled Documents	Hide Cancelled Documents	Hide Cancelled Documents
report_dedebi_hide_filter_panel	ซ่อนแผงตัวกรอง	Hide Filter Panel	隐藏筛选面板	フィルターパネルを非表示	លាក់ផ្ទាំងតម្រង	필터 패널 숨기기	ເຊື່ອງແຜງຕົວກອງ	စစ်ထုတ်မှု အကွက်ကို ဝှက်ပါ	Ẩn bảng lọc	Hide Filter Panel	Hide Filter Panel	Hide Filter Panel
report_dedebi_items	รายการ	items	项	件	ធាតុ	항목	ລາຍການ	အရေအတွက်	mục	items	items	items
report_dedebi_last_page	หน้าสุดท้าย	Last Page	最后一页	最後のページ	ទំព័រចុងក្រោយ	마지막 페이지	ໜ້າສຸດທ້າຍ	နောက်ဆုံးစာမျက်နှာ	Trang cuối	Last Page	Last Page	Last Page
report_dedebi_loading_data	กำลังโหลดข้อมูล...	Loading data...	正在加载数据...	データを読み込んでいます...	កំពុងផ្ទុកទិន្នន័យ...	데이터 로딩 중...	ກຳລັງໂຫຼດຂໍ້ມູນ...	ဒေတာကို တင်နေသည်...	Đang tải dữ liệu...	Loading data...	Loading data...	Loading data...
report_dedebi_loading_new_page	กำลังโหลดหน้าใหม่...	Loading new page...	正在加载新页面...	新しいページを読み込んでいます...	កំពុងផ្ទុកទំព័រថ្មី...	새 페이지 로딩 중...	ກຳລັງໂຫຼດໜ້າໃໝ່...	စာမျက်နှာအသစ်ကို တင်နေသည်...	Đang tải trang mới...	Loading new page...	Loading new page...	Loading new page...
report_dedebi_next_page	หน้าถัดไป	Next Page	下一页	次のページ	ទំព័របន្ទាប់	다음 페이지	ໜ້າຕໍ່ໄປ	နောက်စာမျက်နှာ	Trang sau	Next Page	Next Page	Next Page
report_dedebi_payment_daily_title	รายงานรับเงิน ตามวันที่	Payment Report by Date	按日期收款报告	日付別入金レポート	របាយការណ៍ទទួលប្រាក់ តាមកាលបរិច្ឆេទ	날짜별 수금 보고서	ລາຍງານຮັບເງິນ ຕາມວັນທີ່	ရက်စွဲအလိုက် ငွေလက်ခံမှုအစီရင်ခံစာ	Báo cáo thu tiền theo ngày	Payment Report by Date	Payment Report by Date	Payment Report by Date
report_dedebi_please_select_date_range	กรุณาเลือกช่วงวันที่	Please select date range	请选择日期范围	日付範囲を選択してください	សូមជ្រើសរើសចន្លោះកាលបរិច្ឆេទ	날짜 범위를 선택하세요	ກະລຸນາເລືອກໄລຍະວັນທີ່	ရက်စွဲအပိုင်းအခြားကို ရွေးချယ်ပါ	Vui lòng chọn phạm vi ngày	Please select date range	Please select date range	Please select date range
report_dedebi_please_wait	กรุณารอสักครู่...	Please wait...	请稍候...	しばらくお待ちください...	សូមរង់ចាំមួយភ្លែត...	잠시만 기다려주세요...	ກະລຸນາລໍຖ້າຊັ່ວຄາວ...	ခဏစောင့်ပါ...	Vui lòng đợi...	Please wait...	Please wait...	Please wait...
report_dedebi_preparing_report_data	กำลังเตรียมข้อมูลรายงาน...	Preparing report data...	正在准备报告数据...	レポートデータを準備しています...	កំពុងរៀបចំទិន្នន័យរបាយការណ៍...	보고서 데이터 준비 중...	ກຳລັງກະກຽມຂໍ້ມູນລາຍງານ...	အစီရင်ခံစာ ဒေတာကို ပြင်ဆင်နေသည်...	Đang chuẩn bị dữ liệu báo cáo...	Preparing report data...	Preparing report data...	Preparing report data...
report_dedebi_previous_page	หน้าก่อนหน้า	Previous Page	上一页	前のページ	ទំព័រមុន	이전 페이지	ໜ້າກ່ອນໜ້າ	ယခင်စာမျက်နှာ	Trang trước	Previous Page	Previous Page	Previous Page
report_dedebi_refresh_data	รีเฟรชข้อมูล	Refresh Data	刷新数据	データを更新	ផ្ទុកទិន្នន័យឡើងវិញ	데이터 새로고침	ໂຫຼດຂໍ້ມູນໃໝ່	ဒေတာကို ပြန်လည်တင်ပါ	Làm mới dữ liệu	Refresh Data	Refresh Data	Refresh Data
report_dedebi_sale_daily_title	รายงานยอดขาย ตามวันที่	Sales Report by Date	按日期销售报告	日付別売上レポート	របាយការណ៍លក់ តាមកាលបរិច្ឆេទ	날짜별 판매 보고서	ລາຍງານຍອດຂາຍ ຕາມວັນທີ່	ရက်စွဲအလိုက် ရောင်းအားအစီရင်ခံစာ	Báo cáo bán hàng theo ngày	Sales Report by Date	Sales Report by Date	Sales Report by Date
report_dedebi_sale_return_clear_data	ล้างข้อมูล	Clear data	清除数据	データをクリア	សម្អាតទិន្នន័យ	데이터 지우기	ລ້າງຂໍ້ມູນ	ဒေတာရှင်းလင်းပါ	Xóa dữ liệu	Clear data	Clear data	Clear data
report_dedebi_sale_return_date_range_exceeds_1_year	ช่วงวันที่ต้องไม่เกิน 1 ปี	Date range must not exceed 1 year	日期范围不得超过1年	日付範囲は1年を超えてはなりません	ចន្លោះកាលបរិច្ឆេទមិនត្រូវលើសពី 1 ឆ្នាំទេ	날짜 범위는 1년을 초과할 수 없습니다	ໄລຍະວັນທີ່ຕ້ອງບໍ່ເກີນ 1 ປີ	ရက်စွဲအပိုင်းအခြား 1 နှစ်ထက် မပိုရပါ	Phạm vi ngày không được vượt quá 1 năm	Date range must not exceed 1 year	Date range must not exceed 1 year	Date range must not exceed 1 year
report_dedebi_sale_return_date_start_must_not_exceed_end	วันที่เริ่มต้นต้องไม่เกินวันที่สิ้นสุด	Start date must not exceed end date	开始日期不得超过结束日期	開始日が終了日を超えてはなりません	កាលបរិច្ឆេទចាប់ផ្តើមមិនត្រូវលើសពីកាលបរិច្ឆេទបញ្ចប់ទេ	시작 날짜가 종료 날짜를 초과할 수 없습니다	ວັນທີ່ເລີ່ມຕົ້ນຕ້ອງບໍ່ເກີນວັນທີ່ສິ້ນສຸດ	စတင်သည့်ရက်သည် ပြီးဆုံးသည့်ရက်ထက် မပိုရပါ	Ngày bắt đầu không được vượt quá ngày kết thúc	Start date must not exceed end date	Start date must not exceed end date	Start date must not exceed end date
report_dedebi_sale_return_dedebi_title	รายงานยอดขาย Dedebi	Dedebi Sales Report	Dedebi 销售报告	Dedebi 売上レポート	របាយការណ៍លក់ Dedebi	Dedebi 판매 보고서	ລາຍງານຍອດຂາຍ Dedebi	Dedebi အရောင်းအစီရင်ခံစာ	Báo cáo bán hàng Dedebi	Dedebi Sales Report	Dedebi Sales Report	Dedebi Sales Report
report_dedebi_sale_return_error_sending_request	เกิดข้อผิดพลาดในการส่งคำขอ	Error sending request	发送请求时出错	リクエスト送信エラー	កំហុសក្នុងការផ្ញើសំណើ	요청 전송 중 오류	ເກີດຄວາມຜິດພາດໃນການສົ່ງຄຳຂໍ	တောင်းဆိုချက်ပို့သည့်အခါ အမှားအယွင်း	Lỗi khi gửi yêu cầu	Error sending request	Error sending request	Error sending request
report_dedebi_sale_return_please_search_before_export	กรุณาค้นหาข้อมูลก่อนส่งออก	Please search data before exporting	导出前请先搜索数据	エクスポート前にデータを検索してください	សូមស្វែងរកទិន្នន័យមុននឹងនាំចេញ	내보내기 전에 데이터를 검색하세요	ກະລຸນາຄົ້ນຫາຂໍ້ມູນກ່ອນສົ່ງອອກ	တင်ပို့ခြင်းမပြုမီ ဒေတာရှာဖွေပါ	Vui lòng tìm kiếm dữ liệu trước khi xuất	Please search data before exporting	Please search data before exporting	Please search data before exporting
report_dedebi_sale_return_preparing_report_data	กำลังเตรียมข้อมูลรายงาน...	Preparing report data...	正在准备报告数据...	レポートデータを準備しています...	កំពុងរៀបចំទិន្នន័យរបាយការណ៍...	보고서 데이터를 준비하는 중...	ກຳລັງກະກຽມຂໍ້ມູນລາຍງານ...	အစီရင်ခံစာ ဒေတာကို ပြင်ဆင်နေသည်...	Đang chuẩn bị dữ liệu báo cáo...	Preparing report data...	Preparing report data...	Preparing report data...
report_dedebi_sale_return_title	รายงานลดหนี้/รับคืน	Sale Return Report	销售退货报告	売上返品レポート	របាយការណ៍លក់ត្រលប់វិញ	판매 반품 보고서	ລາຍງານຫຼຸດໜີ້/ຮັບຄືນ	အရောင်းပြန်အမ်းရေးအစီရင်ခံစာ	Báo cáo trả hàng	Sale Return Report	Sale Return Report	Sale Return Report
report_dedebi_sale_return_token_not_found	ไม่พบ Token การเชื่อมต่อ กรุณาเข้าสู่ระบบใหม่	Connection token not found, please login again	未找到连接令牌，请重新登录	接続トークンが見つかりません。再度ログインしてください	រកមិនឃើញ Token ការតភ្ជាប់ សូមចូលប្រើប្រាស់ឡើងវិញ	연결 토큰을 찾을 수 없습니다. 다시 로그인하세요	ບໍ່ພົບ Token ການເຊື່ອມຕໍ່ ກະລຸນາເຂົ້າສູ່ລະບົບໃໝ່	ချိတ်ဆက်မှု token မတွေ့ပါ၊ ထပ်မံ login ဝင်ပါ	Không tìm thấy token kết nối, vui lòng đăng nhập lại	Connection token not found, please login again	Connection token not found, please login again	Connection token not found, please login again
report_dedebi_sale_type	ขาย	Sale	销售	販売	លក់	판매	ຂາຍ	ရောင်းချမှု	Bán hàng	Sale	Sale	Sale
report_dedebi_sales_dedebi_title	รายงานยอดขาย Dedebi	Dedebi Sales Report	Dedebi销售报告	Dedebi売上レポート	របាយការណ៍លក់ Dedebi	Dedebi 판매 보고서	ລາຍງານຍອດຂາຍ Dedebi	Dedebi ရောင်းအားအစီရင်ခံစာ	Báo cáo bán hàng Dedebi	Dedebi Sales Report	Dedebi Sales Report	Dedebi Sales Report
report_dedebi_sales_title	รายงานยอดขาย	Sales Report	销售报告	売上レポート	របាយការណ៍លក់	판매 보고서	ລາຍງານຍອດຂາຍ	ရောင်းအားအစီရင်ခံစာ	Báo cáo bán hàng	Sales Report	Sales Report	Sales Report
report_dedebi_search_before_export	กรุณาค้นหาข้อมูลก่อนส่งออก	Please search for data before exporting	请在导出前先搜索数据	エクスポートする前にデータを検索してください	សូមស្វែងរកទិន្នន័យមុនពេលនាំចេញ	내보내기 전에 데이터를 검색하세요	ກະລຸນາຄົ້ນຫາຂໍ້ມູນກ່ອນສົ່ງອອກ	တင်ပို့ခြင်းမပြုမီ ဒေတာကို ရှာဖွေပါ	Vui lòng tìm kiếm dữ liệu trước khi xuất	Please search for data before exporting	Please search for data before exporting	Please search for data before exporting
report_dedebi_select_date_range	กรุณาเลือกช่วงวันที่	Please select date range	请选择日期范围	日付範囲を選択してください	សូមជ្រើសរើសចន្លោះកាលបរិច្ឆេទ	날짜 범위를 선택하세요	ກະລຸນາເລືອກໄລຍະວັນທີ່	ရက်စွဲကာလကို ရွေးချယ်ပါ	Vui lòng chọn khoảng ngày	Please select date range	Please select date range	Please select date range
report_dedebi_set_conditions_to_view	กำหนดเงื่อนไขการค้นหาเพื่อดูข้อมูล	Set search conditions to view data	设置搜索条件以查看数据	データを表示するには検索条件を設定してください	កំណត់លក្ខខណ្ឌស្វែងរកដើម្បីមើលទិន្នន័យ	데이터를 보려면 검색 조건을 설정하세요	ກຳນົດເງື່ອນໄຂການຄົ້ນຫາເພື່ອເບິ່ງຂໍ້ມູນ	ဒေတာကို ကြည့်ရန် ရှာဖွေမှု အခြေအနေများကို သတ်မှတ်ပါ	Thiết lập điều kiện tìm kiếm để xem dữ liệu	Set search conditions to view data	Set search conditions to view data	Set search conditions to view data
report_dedebi_set_search_conditions	ตั้งค่าเงื่อนไขการค้นหา	Set Search Conditions	设置搜索条件	検索条件を設定	កំណត់លក្ខខណ្ឌស្វែងរក	검색 조건 설정	ຕັ້ງຄ່າເງື່ອນໄຂການຄົ້ນຫາ	ရှာဖွေမှု အခြေအနေများ သတ်မှတ်ပါ	Thiết lập điều kiện tìm kiếm	Set Search Conditions	Set Search Conditions	Set Search Conditions
report_dedebi_show_filter_panel	แสดงแผงตัวกรอง	Show Filter Panel	显示筛选面板	フィルターパネルを表示	បង្ហាញផ្ទាំងតម្រង	필터 패널 표시	ສະແດງແຜງຕົວກອງ	စစ်ထုတ်မှု အကွက်ကို ပြပါ	Hiện bảng lọc	Show Filter Panel	Show Filter Panel	Show Filter Panel
report_dedebi_showing_items	แสดง	Showing	显示	表示中	បង្ហាញ	표시	ສະແດງ	ပြသနေသည်	Hiển thị	Showing	Showing	Showing
report_dedebi_token_not_found	ไม่พบ Token การเชื่อมต่อ กรุณาเข้าสู่ระบบใหม่	Connection token not found, please login again	未找到连接令牌，请重新登录	接続トークンが見つかりません。再度ログインしてください	រកមិនឃើញ Token ការតភ្ជាប់ សូមចូលម្តងទៀត	연결 토큰을 찾을 수 없습니다. 다시 로그인하세요	ບໍ່ພົບ Token ການເຊື່ອມຕໍ່ ກະລຸນາເຂົ້າສູ່ລະບົບໃໝ່	ချိတ်ဆက်မှု တိုကင်ကို ရှာမတွေ့ပါ၊ ထပ်မံ ဝင်ရောက်ပါ	Không tìm thấy token kết nối, vui lòng đăng nhập lại	Connection token not found, please login again	Connection token not found, please login again	Connection token not found, please login again
report_dedebi_try_again	ลองใหม่	Try Again	重试	再試行	ព្យាយាមម្តងទៀត	다시 시도	ລອງໃໝ່	ထပ်စမ်းကြည့်ပါ	Thử lại	Try Again	Try Again	Try Again
report_filter_all	ทั้งหมด	All	全部	すべて	ទាំងអស់	전체	ທັງໝົດ	အားလုံး	Tất cả	All	All	All
report_getpaid	รายงานการรับชำระ	Received Payment Report	收款报告	入金レポート	របាយការណ៍ទទួលប្រាក់	수금 보고서	ລາຍງານການຮັບຊຳລະ	ငွေလက်ခံရရှိမှုအစီရင်ခံစာ	Báo cáo nhận tiền	Received Payment Report	Received Payment Report	Received Payment Report
report_getpay	รายงานการจ่ายชำระ	Payment Report	付款报告	支払レポート	របាយការណ៍បង់ប្រាក់	지불 보고서	ລາຍງານການຈ່າຍຊຳລະ	ငွေပေးချေမှုအစီရင်ခံစာ	Báo cáo thanh toán	Payment Report	Payment Report	Payment Report
report_go_to_condition_tab	กลับไปที่แท็บ \"เงื่อนไข\" และกดปุ่ม \"ประมวลผลรายงาน\"	Go to the "Condition" tab and press "Process Report"	Go to the "Condition" tab and press "Process Report"	Go to the "Condition" tab and press "Process Report"	Go to the "Condition" tab and press "Process Report"	Go to the "Condition" tab and press "Process Report"	Go to the "Condition" tab and press "Process Report"	Go to the "Condition" tab and press "Process Report"	Go to the "Condition" tab and press "Process Report"	Go to the "Condition" tab and press "Process Report"	Go to the "Condition" tab and press "Process Report"	Go to the "Condition" tab and press "Process Report"
report_gross_profit_by_doc	กำไรขั้นต้นตามเอกสาร	Gross Profit by Document	Gross Profit by Document	Gross Profit by Document	Gross Profit by Document	Gross Profit by Document	Gross Profit by Document	Gross Profit by Document	Gross Profit by Document	Gross Profit by Document	Gross Profit by Document	Gross Profit by Document
report_gross_profit_by_product	กำไรขั้นต้นตามสินค้า	Gross Profit by Product	Gross Profit by Product	Gross Profit by Product	Gross Profit by Product	Gross Profit by Product	Gross Profit by Product	Gross Profit by Product	Gross Profit by Product	Gross Profit by Product	Gross Profit by Product	Gross Profit by Product
report_group	ประเภทรายงาน	Report Type	报告类型	レポートタイプ	ប្រភេទរបាយការណ៍	보고서 유형	ປະເພດລາຍງານ	အစီရင်ခံစာအမျိုးအစား	Loại báo cáo	Report Type	Report Type	Report Type
report_group_bank	ธนาคาร	Bank	银行	銀行	ធនាគារ	은행	ທະນາຄານ	ဘဏ်	Ngân hàng	Bank	Bank	Bank
report_group_creditor	เจ้าหนี้	Creditor	应付账款	買掛金	ម្ចាស់បំណុល	외상 매입금	ເຈົ້າໜີ້	ရရန်ရှိသူ	Công nợ phải trả	Creditor	Creditor	Creditor
report_group_debtor	ลูกหนี้	Debtor	应收账款	売掛金	អ្នកជំពាក់	외상 매출금	ລູກໜີ້	ပေးရန်ရှိသူ	Công nợ phải thu	Debtor	Debtor	Debtor
report_group_product	สินค้า	Product	产品	商品	ផលិតផល	상품	ສິນຄ້າ	ကုန်ပစ္စည်း	Sản phẩm	Product	Product	Product
report_movement	รายงานเคลื่อนไหว	Movement Report	移动报告	移動レポート	របាយការណ៍ចលនា	이동 보고서	ລາຍງານການເຄື່ອນໄຫວ	ရွေ့လျားမှုအစီရင်ခံစာ	Báo cáo biến động	Movement Report	Movement Report	Movement Report
report_name	ชื่อรายงาน	Report Name	报告名称	レポート名	ឈ្មោះរបាយការណ៍	보고서 이름	ຊື່ລາຍງານ	အစီရင်ခံစာအမည်	Tên báo cáo	Report Name	Report Name	Report Name
report_not_processed	ยังไม่ได้ประมวลผลรายงาน	Report not yet processed	Report not yet processed	Report not yet processed	Report not yet processed	Report not yet processed	Report not yet processed	Report not yet processed	Report not yet processed	Report not yet processed	Report not yet processed	Report not yet processed
report_not_processed_hint	ยังไม่ได้ประมวลผลรายงาน กรุณากลับไปที่แท็บ \"เงื่อนไข\" และกดปุ่ม \"ประมวลผล\"	Report not processed yet. Please go to the "Condition" tab and press "Process"	Report not processed yet. Please go to the "Condition" tab and press "Process"	Report not processed yet. Please go to the "Condition" tab and press "Process"	Report not processed yet. Please go to the "Condition" tab and press "Process"	Report not processed yet. Please go to the "Condition" tab and press "Process"	Report not processed yet. Please go to the "Condition" tab and press "Process"	Report not processed yet. Please go to the "Condition" tab and press "Process"	Report not processed yet. Please go to the "Condition" tab and press "Process"	Report not processed yet. Please go to the "Condition" tab and press "Process"	Report not processed yet. Please go to the "Condition" tab and press "Process"	Report not processed yet. Please go to the "Condition" tab and press "Process"
report_paid	รายงานการรับเงิน	Received Payment Report	收款报告	入金レポート	របាយការណ៍ទទួលប្រាក់	수금 보고서	ລາຍງານການຮັບເງິນ	ငွေလက်ခံရရှိမှုအစီရင်ခံစာ	Báo cáo nhận tiền	Received Payment Report	Received Payment Report	Received Payment Report
report_pay	รายงานการจ่ายเงิน	Payment Report	付款报告	支払レポート	របាយការណ៍បង់ប្រាក់	지불 보고서	ລາຍງານການຈ່າຍເງິນ	ငွေပေးချေမှုအစီရင်ခံစာ	Báo cáo chi tiền	Payment Report	Payment Report	Payment Report
report_payment_daily_title	รายงานการรับชำระเงินประจำวัน	Daily Payment Report	每日付款报告	日次支払レポート	របាយការណ៍ការទូទាត់ប្រចាំថ្ងៃ	일일 결제 보고서	ລາຍງານການຮັບຊຳລະເງິນປະຈຳວັນ	နေ့စဉ် ငွေပေးချေမှု အစီရင်ခံစာ	Báo cáo thanh toán hàng ngày	Daily Payment Report	Daily Payment Report	Daily Payment Report
report_pdf	รายงาน PDF	PDF Report	PDF Report	PDF Report	PDF Report	PDF Report	PDF Report	PDF Report	PDF Report	PDF Report	PDF Report	PDF Report
report_pdf_tab_desc	ในแท็บนี้ คุณสามารถค้นหาข้อความในเอกสาร บันทึก PDF ไว้ในอุปกรณ์ หรือสั่งพิมพ์รายงานได้	In this tab, you can search text in document, save PDF, or print report	In this tab, you can search text in document, save PDF, or print report	In this tab, you can search text in document, save PDF, or print report	In this tab, you can search text in document, save PDF, or print report	In this tab, you can search text in document, save PDF, or print report	In this tab, you can search text in document, save PDF, or print report	In this tab, you can search text in document, save PDF, or print report	In this tab, you can search text in document, save PDF, or print report	In this tab, you can search text in document, save PDF, or print report	In this tab, you can search text in document, save PDF, or print report	In this tab, you can search text in document, save PDF, or print report
report_pickup	รายงานการเบิกสินค้า	Product Pickup Report	提货报告	商品引き取りレポート	របាយការណ៍ដកផលិតផល	상품 수령 보고서	ລາຍງານການເບີກສິນຄ້າ	ကုန်ပစ္စည်းထုတ်ယူမှုအစီရင်ခံစာ	Báo cáo lấy hàng	Product Pickup Report	Product Pickup Report	Product Pickup Report
report_process_stock_cost	รายงาน Process Stock Cost	Stock Cost Process Report	Stock Cost Process Report	Stock Cost Process Report	Stock Cost Process Report	Stock Cost Process Report	Stock Cost Process Report	Stock Cost Process Report	Stock Cost Process Report	Stock Cost Process Report	Stock Cost Process Report	Stock Cost Process Report
report_product	รายงานสินค้า	Product Report	产品报告	商品レポート	របាយការណ៍ផលិតផល	상품 보고서	ລາຍງານສິນຄ້າ	ကုန်ပစ္စည်းအစီရင်ခံစာ	Báo cáo sản phẩm	Product Report	Product Report	Product Report
report_product_balance	รายงานสินค้าคงเหลือ	Product Balance Report	库存余额报告	在庫残高レポート	របាយការណ៍សមតុល្យផលិតផល	상품 잔액 보고서	ລາຍງານສິນຄ້າຄົງເຫຼືອ	ကုန်ပစ္စည်းလက်ကျန်အစီရင်ခံစာ	Báo cáo tồn kho	Product Balance Report	Product Balance Report	Product Balance Report
report_productmovement	รายงานความเคลื่อนไหวสินค้า	Product Movement Report	产品移动报表	商品移動レポート	របាយការណ៍ចលនាផលិតផល	상품 이동 보고서	ລາຍງານການເຄື່ອນໄຫວສິນຄ້າ	ကုန်ပစ္စည်းလှုပ်ရှားမှု အစီရင်ခံစာ	Báo cáo biến động sản phẩm	Product Movement Report	Product Movement Report	Product Movement Report
report_purchase	รายงานการซื้อสินค้า	Purchase Report	采购报告	仕入レポート	របាយការណ៍ទិញ	구매 보고서	ລາຍງານການຊື້ສິນຄ້າ	ဝယ်ယူမှုအစီရင်ခံစာ	Báo cáo mua hàng	Purchase Report	Purchase Report	Purchase Report
report_purchasereturn	รายงานส่งคืน/ลดหนี้	Return/Reduce Debt Report	退货/减债报告	返品/債務削減レポート	របាយការណ៍សងវិញ/កាត់បន្ថយបំណុល	반품/부채 감소 보고서	ລາຍງານສົ່ງຄືນ/ຫຼຸດໜີ້	ပြန်အမ်း/အကြွေးလျှော့အစီရင်ခံစာ	Báo cáo trả hàng/giảm nợ	Return/Reduce Debt Report	Return/Reduce Debt Report	Return/Reduce Debt Report
report_receive	รายงานการรับสินค้า	Receive Goods Report	收货报告	入荷レポート	របាយការណ៍ទទួលទំនិញ	입고 보고서	ລາຍງານການຮັບສິນຄ້າ	ကုန်ပစ္စည်းလက်ခံမှုအစီရင်ခံစာ	Báo cáo nhập hàng	Receive Goods Report	Receive Goods Report	Receive Goods Report
report_receivemoney	รายงานรับเงินตามวันที่	Receive Money by Date Report	按日期收款报告	日付別入金レポート	របាយការណ៍ទទួលប្រាក់តាមកាលបរិច្ឆេទ	날짜별 수금 보고서	ລາຍງານຮັບເງິນຕາມວັນທີ່	ရက်စွဲအလိုက် ငွေလက်ခံမှုအစီရင်ခံစာ	Báo cáo thu tiền theo ngày	Receive Money by Date Report	Receive Money by Date Report	Receive Money by Date Report
report_returnproduct	รายงานรับคืนจากการเบิก	Return from Pickup Report	提货退回报告	引き取り返品レポート	របាយការណ៍សងវិញពីការដក	수령 반품 보고서	ລາຍງານຮັບຄືນຈາກການເບີກ	ထုတ်ယူမှုမှ ပြန်အမ်းမှုအစီရင်ခံစာ	Báo cáo trả lại từ việc lấy hàng	Return from Pickup Report	Return from Pickup Report	Return from Pickup Report
report_sale_dedebi	รายงานยอดขาย Dedebi	Dedebi Sales Report	Dedebi 销售报告	Dedebi 売上レポート	របាយការណ៍លក់ Dedebi	Dedebi 판매 보고서	ລາຍງານຍອດຂາຍ Dedebi	Dedebi ရောင်းအားမှတ်တမ်း	Báo cáo bán hàng Dedebi	Dedebi Sales Report	Dedebi Sales Report	Dedebi Sales Report
report_salebydate	รายงานยอดขายตามวัน	Sales Report by Date	按日期销售报告	日付別売上レポート	របាយការណ៍លក់តាមកាលបរិច្ឆេទ	날짜별 판매 보고서	ລາຍງານຍອດຂາຍຕາມວັນທີ່	ရက်စွဲအလိုက် ရောင်းအားအစီရင်ခံစာ	Báo cáo bán hàng theo ngày	Sales Report by Date	Sales Report by Date	Sales Report by Date
report_salebydebtor	รายงานซื้อสะสมตามสมาชิก	Accumulated Purchase by Member Report	按会员累计购买报告	会員別累積購入レポート	របាយការណ៍ទិញសន្សំតាមសមាជិក	회원별 누적 구매 보고서	ລາຍງານຊື້ສະສົມຕາມສະມາຊິກ	အဖွဲ့ဝင်အလိုက် စုဆောင်းဝယ်ယူမှုအစီရင်ခံစာ	Báo cáo mua tích lũยตาม thành viên	Accumulated Purchase by Member Report	Accumulated Purchase by Member Report	Accumulated Purchase by Member Report
report_salebyproduct	รายงานยอดขายตามสินค้า	Sales by Product Report	按产品销售报表	商品別売上レポート	របាយការណ៍លក់តាមផលិតផល	상품별 매출 보고서	ລາຍງານຍອດຂາຍຕາมສິນຄ້າ	ကုန်ပစ္စည်းအလိုက် အရောင်းအစီရင်ခံစာ	Báo cáo doanh số theo sản phẩm	Sales by Product Report	Sales by Product Report	Sales by Product Report
report_saleinvoice	รายงานการขาย	Sales Report	销售报告	売上レポート	របាយការណ៍លក់	판매 보고서	ລາຍງານການຂາຍ	အရောင်းအစီရင်ခံစာ	Báo cáo bán hàng	Sales Report	Sales Report	Sales Report
report_saleinvoicedetail	รายงานรายละเอียดใบเสร็จ	Sales Invoice Detail Report	销售发票明细报表	売上伝票明細レポート	របាយការណ៍លម្អិតវិក្កយបត្រលក់	매출 청구서 상세 보고서	ລາຍງານລາຍລະອຽດໃບເກັບເງິນ	အရောင်းပြေစာ အသေးစိတ် အစီရင်ခံစာ	Báo cáo chi tiết hóa đơn bán hàng	Sales Invoice Detail Report	Sales Invoice Detail Report	Sales Invoice Detail Report
report_saleinvoicereturn	รายงานรับคืน/ลดหนี้	Return/Reduce Debt Report	退货/减债报告	返品/債務削減レポート	របាយការណ៍សងវិញ/កាត់បន្ថយបំណុល	반품/부채 감소 보고서	ລາຍງານຮັບຄືນ/ຫຼຸດໜີ້	ပြန်အမ်း/အကြွေးလျှော့အစီရင်ခံစာ	Báo cáo trả hàng/giảm nợ	Return/Reduce Debt Report	Return/Reduce Debt Report	Return/Reduce Debt Report
report_stock_balance	คงเหลือสินค้า	Stock Balance Report	Stock Balance Report	Stock Balance Report	Stock Balance Report	Stock Balance Report	Stock Balance Report	Stock Balance Report	Stock Balance Report	Stock Balance Report	Stock Balance Report	Stock Balance Report
report_stock_by_location	คงเหลือตามตำแหน่ง	Stock by Location	Stock by Location	Stock by Location	Stock by Location	Stock by Location	Stock by Location	Stock by Location	Stock by Location	Stock by Location	Stock by Location	Stock by Location
report_stock_by_warehouse	คงเหลือตามคลัง	Stock by Warehouse	Stock by Warehouse	Stock by Warehouse	Stock by Warehouse	Stock by Warehouse	Stock by Warehouse	Stock by Warehouse	Stock by Warehouse	Stock by Warehouse	Stock by Warehouse	Stock by Warehouse
report_stock_movement	เคลื่อนไหวของสต็อก	Stock Movement	库存流动	在庫移動	ចលនាស្តុក	재고 이동	ການເຄື່ອນໄຫວສະຕັອກ	စတော့ရွှေ့ပြောင်းမှု	Di chuyển tồn kho	Stock Movement	Stock Movement	Stock Movement
report_stock_movement_cost	ต้นทุนความเคลื่อนไหว	Stock Movement Cost	Stock Movement Cost	Stock Movement Cost	Stock Movement Cost	Stock Movement Cost	Stock Movement Cost	Stock Movement Cost	Stock Movement Cost	Stock Movement Cost	Stock Movement Cost	Stock Movement Cost
report_stock_movement_cost_title	รายงานเคลื่อนไหวสินค้า/ต้นทุน	Stock Movement/Cost Report	Stock Movement/Cost Report	Stock Movement/Cost Report	Stock Movement/Cost Report	Stock Movement/Cost Report	Stock Movement/Cost Report	Stock Movement/Cost Report	Stock Movement/Cost Report	Stock Movement/Cost Report	Stock Movement/Cost Report	Stock Movement/Cost Report
report_stock_movement_with_product	เคลื่อนไหวของสต็อก : 	Stock Movement : 	库存流动 : 	在庫移動 : 	ចលនាស្តុក : 	재고 이동 : 	ການເຄື່ອນໄຫວສະຕັອກ : 	စတော့ရွှေ့ပြောင်းမှု : 	Di chuyển tồn kho : 	Stock Movement : 	Stock Movement : 	Stock Movement : 
report_stockadjustment	รายงานการปรับปรุงสต๊อก	Stock Adjustment Report	库存调整报告	在庫調整レポート	របាយការណ៍កែសម្រួលស្តុក	재고 조정 보고서	ລາຍງານການປັບປຸງສະຕັອກ	စတော့ချိန်ညှိမှုအစီရင်ခံစာ	Báo cáo điều chỉnh kho	Stock Adjustment Report	Stock Adjustment Report	Stock Adjustment Report
report_stockbalance	รายงานยอดคงเหลือสินค้า	Stock Balance Report	库存余额报表	在庫残高レポート	របាយការណ៍សមតុល្យស្តុក	재고 잔액 보고서	ລາຍງານຍອດຄົງເຫຼືອສິນຄ້າ	ကုန်ပစ္စည်းလက်ကျန် အစီရင်ခံစာ	Báo cáo tồn kho	Stock Balance Report	Stock Balance Report	Stock Balance Report
report_stockcard	รายงานบัตรสต็อก	Stock Card Report	库存卡报表	在庫カードレポート	របាយការណ៍កាតស្តុក	재고 카드 보고서	ລາຍງານບັດສະຕ໊ອກ	ကုန်ပစ္စည်းကတ် အစီရင်ခံစာ	Báo cáo thẻ kho	Stock Card Report	Stock Card Report	Stock Card Report
report_transfer	รายงานการโอนสินค้า	Transfer Report	转货报告	移動レポート	របាយការណ៍ផ្ទេរ	이동 보고서	ລາຍງານການໂອນສິນຄ້າ	လွှဲပြောင်းမှုအစီရင်ခံစာ	Báo cáo chuyển hàng	Transfer Report	Transfer Report	Transfer Report
report_vat_buy	รายงานภาษีซื้อ	Purchase Tax Report	进项税报告	仕入税レポート	របាយការណ៍ពន្ធទិញ	매입세 보고서	ລາຍງານພາສີຊື້	ဝယ်ယူခွန်အစီရင်ခံစာ	Báo cáo thuế mua vào	Purchase Tax Report	Purchase Tax Report	Purchase Tax Report
report_vat_sale	รายงานภาษีขาย	Sales Tax Report	销项税报告	売上税レポート	របាយការណ៍ពន្ធលក់	매출세 보고서	ລາຍງານພາສີຂາຍ	ရောင်းခွန်အစီရင်ခံစာ	Báo cáo thuế bán ra	Sales Tax Report	Sales Tax Report	Sales Tax Report
report_vatpurchase	รายงานภาษีซื้อ	Purchase Tax Report	进项税报告	仕入税レポート	របាយការណ៍ពន្ធទិញ	매입세 보고서	ລາຍງານພາສີຊື້	ဝယ်ယူခွန်အစီရင်ခံစာ	Báo cáo thuế mua vào	Purchase Tax Report	Purchase Tax Report	Purchase Tax Report
report_vatsale	รายงานภาษีขาย	Sales Tax Report	销项税报告	売上税レポート	របាយការណ៍ពន្ធលក់	매출세 보고서	ລາຍງານພາສີຂາຍ	ရောင်းခွန်အစီရင်ခံစာ	Báo cáo thuế bán ra	Sales Tax Report	Sales Tax Report	Sales Tax Report
report_warehouse_balance	คงเหลือคลัง	Warehouse Balance	Warehouse Balance	Warehouse Balance	Warehouse Balance	Warehouse Balance	Warehouse Balance	Warehouse Balance	Warehouse Balance	Warehouse Balance	Warehouse Balance	Warehouse Balance
report_zoom_tip	* ใช้ปุ่ม + หรือ - เพื่อปรับขนาดตัวอักษร และเลื่อนลงเพื่อดูข้อมูลเพิ่มเติม	Use + or - to adjust font size, scroll down for more data	Use + or - to adjust font size, scroll down for more data	Use + or - to adjust font size, scroll down for more data	Use + or - to adjust font size, scroll down for more data	Use + or - to adjust font size, scroll down for more data	Use + or - to adjust font size, scroll down for more data	Use + or - to adjust font size, scroll down for more data	Use + or - to adjust font size, scroll down for more data	Use + or - to adjust font size, scroll down for more data	Use + or - to adjust font size, scroll down for more data	Use + or - to adjust font size, scroll down for more data
reprint	พิมพ์ซ้ำ	Reprint	重新打印	再印刷	បោះពុម្ពឡើងវិញ	재인쇄	ພິມຊ້ຳ	ပြန်ရိုက်ရန်	In lại	Reprint	Reprint	Reprint
reprint_bill	พิมพ์ใบเสร็จใหม่	Re-print receipt	打印新收据	Re-print receipt	Re-print receipt	Re-print receipt	ພິມໃບບິນຄຶນ	Re-print receipt	Re-print receipt	Re-print receipt	Re-print receipt	Re-print receipt
reprint_failed	พิมพ์ซ้ำไม่สำเร็จ	Reprint Failed	重新打印失败	再印刷に失敗しました	បោះពុម្ពឡើងវិញបរាជ័យ	재인쇄 실패	ພິມຊ້ຳບໍ່ສຳເລັດ	ပြန်ရိုက်ခြင်း မအောင်မြင်ပါ	In lại thất bại	Reprint Failed	Reprint Failed	Reprint Failed
require	บังคับเลือก	Force Select	强制选择	強制選択	តម្រូវឱ្យជ្រើសរើស	강제 선택	ບັງຄັບເລືອກ	ရွေးချယ်ရန် လိုအပ်သည်	Bắt buộc chọn	Force Select	Force Select	Force Select
required	จำเป็น	Required	必填	必須	ចាំបាច់	필수	ຈຳເປັນ	လိုအပ်သည်	Bắt buộc	Required	Required	Required
required_approval_level	ระดับการอนุมัติที่ต้องการ	Required Approval Level	所需审批级别	必要な承認レベル	កម្រិតអនុម័តដែលត្រូវការ	필요한 승인 레벨	ລະດັບການອະນຸມັດທີ່ຕ້ອງການ	လိုအပ်သောအတည်ပြုအဆင့်	Cấp duyệt cần thiết	Required Approval Level	Required Approval Level	Required Approval Level
required_field	กรุณากรอกข้อมูล	This field is required	此字段为必填	この項目は必須です	សូមបំពេញព័ត៌មាន	필수 입력 항목입니다	ກະລຸນາກອກຂໍ້ມູນ	ဤအကွက်ကို ဖြည့်စွက်ပါ	Trường này là bắt buộc	This field is required	This field is required	This field is required
required_to_select	จำเป็นต้องเลือก	Required	必须选择	必須	ត្រូវជ្រើសរើស	필수 선택	ຈຳເປັນຕ້ອງເລືອກ	ရွေးရန်လိုအပ်သည်	Bắt Buộc Chọn	Required	Required	Required
resend_notification	แจ้งเตือนซ้ำ	Resend Notification	Resend Notification	Resend Notification	Resend Notification	Resend Notification	Resend Notification	Resend Notification	Resend Notification	Resend Notification	Resend Notification	Resend Notification
resend_notification_failed	ส่งแจ้งเตือนซ้ำไม่สำเร็จ	Resend Notification Failed	重发通知失败	再通知の送信に失敗しました	ការផ្ញើការជូនដំណឹងឡើងវិញបរាជ័យ	알림 재전송 실패	ສົ່ງແຈ້ງເຕືອນຊ້ຳບໍ່ສຳເລັດ	အကြောင်းကြားမှု ပြန်ပို့မအောင်မြင်ပါ	Gửi lại thông báo thất bại	Resend Notification Failed	Resend Notification Failed	Resend Notification Failed
resend_notification_success	ส่งแจ้งเตือนซ้ำสำเร็จ	Resend Notification Success	重发通知成功	再通知の送信に成功しました	ការផ្ញើការជូនដំណឹងឡើងវិញជោគជ័យ	알림 재전송 성공	ສົ່ງແຈ້ງເຕືອນຊ້ຳສຳເລັດ	အကြောင်းကြားမှု ပြန်ပို့အောင်မြင်	Gửi lại thông báo thành công	Resend Notification Success	Resend Notification Success	Resend Notification Success
reset	Reset 	Reset 	Reset 	Reset 	Reset 	Reset 	Reset 	Reset 	Reset 	Reset 	Reset 	Reset 
reset_card_size	รีเซ็ตขนาดการ์ด	Reset Card Size	重置卡片大小	カードサイズをリセット	កំណត់ទំហំកាតឡើងវិញ	카드 크기 초기화	ຣີເຊັດຂະໜາດບັດ	ကတ်အရွယ်အစား ပြန်ညှိပါ	Đặt lại kích thước thẻ	Reset Card Size	Reset Card Size	Reset Card Size
reset_pin	Reset PIN	Reset PIN	Reset PIN	Reset PIN	Reset PIN	Reset PIN	Reset PIN	Reset PIN	Reset PIN	Reset PIN	Reset PIN	Reset PIN
reset_pin_code	Reset PIN	Reset PIN	Reset PIN	Reset PIN	Reset PIN	Reset PIN	Reset PIN	Reset PIN	Reset PIN	Reset PIN	Reset PIN	Reset PIN
restart	เริ่มใหม่	Start	重新开始	Start	Start	Start	ເລີ່ມຕົ້ນໃໝ່	Start	Start	Start	Start	Start
restaurant	ร้านอาหาร	Restaurant	餐厅	レストラン	ភោជនីយដ្ឋាន	식당	ຮ້ານອາຫານ	စားသောက်ဆိုင်	Nhà hàng	Restaurant	Restaurant	Restaurant
restaurant_cafe	ร้านอาหาร/คาเฟ่	Restaurant/Cafe	餐厅/咖啡馆	レストラン/カフェ	ភោជនីយដ្ឋាន/កាហ្វេ	레스토랑/카페	ຮ້ານອາຫານ/ຄາເຟ່	စားသောက်ဆိုင်/ကဖေး	Nhà hàng/Quán cà phê	Restaurant/Cafe	Restaurant/Cafe	Restaurant/Cafe
restaurant_features	ฟีเจอร์ร้านอาหาร	Restaurant Features	餐厅功能	レストラン機能	មុខងារភោជនីយដ្ឋាន	레스토랑 기능	ຄຸນສົມບັດຮ້ານອາຫານ	စားသောက်ဆိုင်လုပ်ဆောင်ချက်များ	Tính năng nhà hàng	Restaurant Features	Restaurant Features	Restaurant Features
retail_store	ร้านค้าปลีก	Retail Store	零售店	小売店	ហាងលក់រាយ	소매점	ຮ້ານຄ້າປີກ	လက်လီဆိုင်	Cửa hàng bán lẻ	Retail Store	Retail Store	Retail Store
retry	ลองใหม่	Retry	重试	再試行	ព្យាយាមម្តងទៀត	다시 시도	ລອງໃໝ່	ပြန်ကြိုးစားမည်	Thử lại	Retry	Retry	Retry
return_advance_payment	คืนเงินล่วงหน้า	Return Advance Payment	退还预付款	前払金返還	ត្រឡប់ប្រាក់បុរេប្រទាន	선불금 반환	ຄືນເງິນລ່ວງໜ້າ	ကြိုတင်ငွေပြန်အမ်းရန်	Hoàn tiền ứng trước	Return Advance Payment	Return Advance Payment	Return Advance Payment
return_cash_purchaser	ส่งคืนเงินสด	Return Cash	退还现金	現金を返す	សងសាច់ប្រាក់	현금 반환	ສົ່ງຄືນເງິນສົດ	ငွေသားပြန်အမ်းရန်	Trả lại tiền mặt	Return Cash	Return Cash	Return Cash
return_cash_sale	รับคืนเงินสด	Receive Cash Refund	接收现金退款	現金返金を受け取る	ទទួលប្រាក់ត្រឡប់មកវិញ	현금 환불 받기	ຮັບຄືນເງິນສົດ	ငွေသားပြန်အမ်းငွေ လက်ခံရန်	Nhận lại tiền mặt	Receive Cash Refund	Receive Cash Refund	Receive Cash Refund
return_credit_purchaser	ส่งคืนเจ้าหนี้	Return Creditor	退还债权人	債権者を返す	សងម្ចាស់បំណុល	채권자 반환	ສົ່ງຄືນເຈົ້າໜີ້	မြီရှင်ပြန်အမ်းရန်	Trả lại chủ nợ	Return Creditor	Return Creditor	Return Creditor
return_credit_sale	รับคืนลูกหนี้	Receive Debtor Refund	接收债务人退款	債務者返金を受け取る	ទទួលកូនបំណុលត្រឡប់មកវិញ	채무자 환불 받기	ຮັບຄືນລູກໜີ້	မြီစားပြန်အမ်းငွေ လက်ခံရန်	Nhận lại con nợ	Receive Debtor Refund	Receive Debtor Refund	Receive Debtor Refund
return_deposit	คืนเงินมัดจำ	Return Deposit	退还押金	手付金返還	ត្រឡប់ប្រាក់កក់	보증금 반환	ຄືນເງິນມັດຈຳ	အပ်ငွေပြန်အမ်းရန်	Hoàn tiền đặt cọc	Return Deposit	Return Deposit	Return Deposit
return_goods	รับคืน	Return Goods	退货	返品	ទទួលទំនិញមកវិញ	반품	ຮັບຄືນ	ကုန်ပစ္စည်း ပြန်လက်ခံ	Trả hàng	Return Goods	Return Goods	Return Goods
role_admin	ระดับแอดมิน	Admin Level	管理员级别	管理者レベル	កម្រិតអ្នកគ្រប់គ្រង	관리자 레벨	ລະດັບແອດມິນ	အက်မင်အဆင့်	Cấp quản trị	Admin Level	Admin Level	Admin Level
role_custom	กำหนดเอง	Custom	Custom	Custom	Custom	Custom	Custom	Custom	Custom	Custom	Custom	Custom
role_developer	นักพัฒนา	Developer	Developer	Developer	Developer	Developer	Developer	Developer	Developer	Developer	Developer	Developer
role_general_user	ผู้ใช้ทั่วไป	General User	普通用户	一般ユーザー	អ្នកប្រើប្រាស់ទូទៅ	일반 사용자	ຜູ້ໃຊ້ທົ່ວໄປ	အထွေထွေအသုံးပြုသူ	Người dùng thường	General User	General User	General User
role_owner	ระดับเจ้าของร้าน	Owner Level	店主级别	オーナーレベル	កម្រិតម្ចាស់ហាង	점주 레벨	ລະດັບເຈົ້າຂອງຮ້ານ	ပိုင်ရှင်အဆင့်	Cấp chủ cửa hàng	Owner Level	Owner Level	Owner Level
role_readonly	อ่านอย่างเดียว	Readonly	Readonly	Readonly	Readonly	Readonly	Readonly	Readonly	Readonly	Readonly	Readonly	Readonly
role_super_admin	ซุปเปอร์แอดมิน	Super Admin	超级管理员	スーパー管理者	អ្នកគ្រប់គ្រងកំពូល	슈퍼 관리자	ຊູເປີ້ແອດມິນ	Super Admin	Quản trị viên cao cấp	Super Admin	Super Admin	Super Admin
role_user	ระดับผู้ใช้งาน	User Level	用户级别	ユーザーレベル	កម្រិតអ្នកប្រើ	사용자 레벨	ລະດັບຜູ້ໃຊ້ງານ	အသုံးပြုသူအဆင့်	Cấp người dùng	User Level	User Level	User Level
rolus	ตำแหน่ง	Position	位置	役職	តួនាទី	직위	ຕຳແໜ່ງ	ရာထူး	Vị trí	Position	Position	Position
round_amount	ปัดเศษ	Round	四舍五入	丸め	បង្គត់	반올림	ປັດເສດ	ဝိုင်း	Làm tròn	Round	Round	Round
round_to	ปัดเศษเป็น	Round To	四舍五入到	丸めて	បង្គត់ទៅ	반올림하여	ປັດເສດເປັນ	ဝိုင်း	Làm tròn thành	Round To	Round To	Round To
rounding	ปัดเศษ	Rounding	舍入	端数処理	បង្គត់	반올림	ປັດເສດ	လျှော့တင်ခြင်း	Làm tròn	Rounding	Rounding	Rounding
row	แถว	Row	Row	Row	Row	Row	Row	Row	Row	Row	Row	Row
rows	แถว	rows	行	行	ជួរ	행	ແຖວ	အတန်း	hàng	rows	rows	rows
rule	กฎ	Rule	规则	ルール	ច្បាប់	규칙	ກົດ	စည်းမျဉ်း	Quy tắc	Rule	Rule	Rule
rule_min_amount_error	วงเงินขั้นต่ำของกฎต้องมากกว่าหรือเท่ากับวงเงินสูงสุดของกฎก่อนหน้า กฎที่	Rule minimum amount must be >= previous rule maximum amount. Rule #	规则的最低金额必须大于或等于前一规则的最高金额。规则编号	ルールの最小金額は前のルールの最大金額以上でなければなりません。ルール#	ចំនួនទឹកប្រាក់អប្បបរមាត្រូវ >= ចំនួនទឹកប្រាក់អតិបរមានៃច្បាប់មុន។ ច្បាប់#	규칙 최소 금액은 이전 규칙 최대 금액 이상이어야 합니다. 규칙 #	ວົງເງິນຂັ້ນຕ່ຳຂອງກົດຕ້ອງ >= ວົງເງິນສູງສຸດຂອງກົດກ່ອນໜ້າ ກົດທີ	စည်းမျဉ်းအနိမ့်ဆုံးပမာဏသည် ယခင်စည်းမျဉ်းအမြင့်ဆုံး >= ဖြစ်ရမည်။ စည်းမျဉ်း#	Số tiền tối thiểu của quy tắc phải >= số tiền tối đa của quy tắc trước. Quy tắc #	Rule minimum amount must be >= previous rule maximum amount. Rule #	Rule minimum amount must be >= previous rule maximum amount. Rule #	Rule minimum amount must be >= previous rule maximum amount. Rule #
sale invoice return	รับคืนสินค้า	Receive Return Product	接收退货	返品を受け取る	ទទួលផលិតផលត្រឡប់មកវិញ	반품 상품 받기	ຮັບຄືນສິນຄ້າ	ကုန်ပစ္စည်းပြန်အမ်းငွေ လက်ခံရန်	Nhận lại sản phẩm	Receive Return Product	Receive Return Product	Receive Return Product
sale_all	ทั้งหมด	All	全部	すべて	ទាំងអស់	전체	ທັງໝົດ	အားလုံး	Tất cả	All	All	All
sale_channel	ช่องทางการขาย	Sales Channel	销售渠道	販売チャネル	បណ្តាញលក់	판매 채널	ຊ່ອງທາງການຂາຍ	အရောင်းလမ်းကြောင်း	Kênh bán hàng	Sales Channel	Sales Channel	Sales Channel
sale_channel_code	รหัสช่องทางการขาย	Sales Channel Code	销售渠道代码	販売チャネルコード	កូដបណ្តាញលក់	판매 채널 코드	ລະຫັດຊ່ອງທາງການຂາຍ	အရောင်းလမ်းကြောင်းកုដ်	Mã kênh bán hàng	Sales Channel Code	Sales Channel Code	Sales Channel Code
sale_channel_gp	ค่า GP	GP Fee	GP 费用	GP手数料	ថ្លៃ GP	GP 수수료	ຄ່າ GP	GP ကြေး	Phí GP	GP Fee	GP Fee	GP Fee
sale_channel_gptype	ประเภท GP	GP Type	GP 类型	GPタイプ	ប្រភេទ GP	GP 유형	ປະເພດ GP	GP အမျိုးအစား	Loại GP	GP Type	GP Type	GP Type
sale_channel_gptype_baht	บาท	GP Type THB	泰铢	バーツ	បាត	바트	ບາດ	ဘတ်	Baht	GP Type THB	GP Type THB	GP Type THB
sale_channel_gptype_percent	%	%	%	%	%	%	%	%	%	%	%	%
sale_channel_list	ช่องทางการขาย	Sales Channel	销售渠道	販売チャネル	បណ្តាញលក់	판매 채널	ຊ່ອງທາງການຂາຍ	အရောင်းလမ်းကြောင်း	Kênh bán hàng	Sales Channel	Sales Channel	Sales Channel
sale_channel_name	ชื่อช่องทางการขาย	Sales Channel Name	销售渠道名称	販売チャネル名	ឈ្មោះបណ្តាញលក់	판매 채널 이름	ຊື່ຊ່ອງທາງການຂາຍ	အရောင်းလမ်းကြောင်းအမည်	Tên kênh bán hàng	Sales Channel Name	Sales Channel Name	Sales Channel Name
sale_code	รหัสพนักงาน	Staff Code	员工代码	スタッフコード	កូដបុគ្គលិក	직원 코드	ລະຫັດພະນັກງານ	ဝန်ထမ်းကုဒ်	Mã nhân viên	Staff Code	Staff Code	Staff Code
sale_daily_report_after_discount	หลังหักส่วนลด	After Discount	折扣后	割引後	បន្ទាប់ពីបញ្ចុះតម្លៃ	할인 후	ຫຼັງຫັກສ່ວນຫຼຸດ	လျှော့စျေးနုတ်ပြီးနောက်	Sau giảm giá	After Discount	After Discount	After Discount
sale_daily_report_before_vat	ก่อนภาษี	Before Tax	税前	税抜	មុនពន្ធ	세전	ກ່ອນພາສີ	အခွန်မပါ	Trước thuế	Before Tax	Before Tax	Before Tax
sale_daily_report_date	วันที่	Date	日期	日付	កាលបរិច្ឆេទ	날짜	ວັນທີ່	ရက်စွဲ	Ngày	Date	Date	Date
sale_daily_report_discount	ส่วนลด	Discount	折扣	割引	បញ្ចុះតម្លៃ	할인	ສ່ວນຫຼຸດ	လျှော့စျေး	Giảm giá	Discount	Discount	Discount
sale_daily_report_except_vat	ยกเว้นภาษี	Tax Exempt	免税	免税	លើកលែងពន្ធ	면세	ຍົກເວັ້ນພາສີ	အခွန်ကင်းလွတ်ခွင့်	Miễn thuế	Tax Exempt	Tax Exempt	Tax Exempt
sale_daily_report_net_value	มูลค่าสุทธิ	Net Value	净值	純額	តម្លៃសុទ្ធ	순액	ມູນຄ່າສຸດທິ	အသားတန်ဖိုး	Giá trị ròng	Net Value	Net Value	Net Value
sale_daily_report_no_data	ไม่มีข้อมูลที่จะแสดง	No data to display	无数据显示	表示するデータがありません	គ្មានទិន្នន័យដើម្បីបង្ហាញ	표시할 데이터가 없습니다	ບໍ່ມີຂໍ້ມູນທີ່ຈະສະແດງ	ပြရန် ဒေတာမရှိပါ	Không có dữ liệu để hiển thị	No data to display	No data to display	No data to display
sale_daily_report_product_value	มูลค่าสินค้า	Product Value	商品价值	商品価値	តម្លៃទំនិញ	상품 가치	ມູນຄ່າສິນຄ້າ	ကုန်ပစ္စည်းတန်ဖိုး	Giá trị sản phẩm	Product Value	Product Value	Product Value
sale_daily_report_vat_value	มูลค่าภาษี	Tax Value	税额	税額	តម្លៃពន្ធ	세액	ມູນຄ່າພາສີ	အခွန်တန်ဖိုး	Giá trị thuế	Tax Value	Tax Value	Tax Value
sale_doc_number	เลขที่ใบขายสินค้า	Sale Document Number	销售单号	売上伝票番号	លេខឯកសារលក់	판매 문서 번호	ເລກທີ່ໃບຂາຍສິນຄ້າ	အရောင်းစာရွက်စာတမ်းနံပါတ်	Số chứng từ bán hàng	Sale Document Number	Sale Document Number	Sale Document Number
sale_invoice	ใบแจ้งหนี้ขาย	Sale Invoice	销售发票	売上請求書	វិក្កយបត្រលក់	판매 송장	ໃບແຈ້ງໜີ້ຂາຍ	ရောင်းချမှုပြေစာ	Hóa đơn bán hàng	Sale Invoice	Sale Invoice	Sale Invoice
sale_merchant	แสดงเฉพาะรายการขายหลังร้าน	Show only back-office sales items	仅显示后台销售项目	バックオフィスの販売項目のみ表示	បង្ហាញតែធាតុលក់នៅការិយាល័យខាងក្រោយ	백오피스 판매 항목만 표시	ສະແດງສະເພາະລາຍການຂາຍຫຼັງຮ້ານ	ရုံးခန်းနောက် အရောင်းပစ္စည်းများကိုသာ ပြပါ	Chỉ hiển thị các mục bán hàng văn phòng hỗ trợ	Show only back-office sales items	Show only back-office sales items	Show only back-office sales items
sale_merechant	ขาย	Sale Merchant	商户销售	加盟店販売	ការលក់ពាណិជ្ជករ	가맹점 판매	ຂາຍຮ້ານຄ້າ	ကုန်သည်ရောင်းချမှု	Bán hàng	Sale Merchant	Sale Merchant	Sale Merchant
sale_name	ชื่อพนักงาน	Staff Name	员工姓名	スタッフ名	ឈ្មោះបុគ្គលិក	직원 이름	ຊື່ພະນັກງານ	ဝန်ထမ်းအမည်	Tên nhân viên	Staff Name	Staff Name	Staff Name
sale_order	ใบเสนอราคา/ใบแจ้งหนี้	Sales Order	销售订单	販売注文	បញ្ជាលក់	판매 주문	ໃບສັ່ງຂາຍ	အရောင်းအမှာစာ	Đơn đặt hàng bán	Sales Order	Sales Order	Sales Order
sale_order_type	ประเภทใบสั่งขาย	Sale Order Type	销售订单类型	販売注文タイプ	ប្រភេទបញ្ជាលក់	판매 주문 유형	ປະເພດໃບສັ່ງຂາຍ	အရောင်းမှာယာစာအမျိုးအစား	Loại đơn bán hàng	Sale Order Type	Sale Order Type	Sale Order Type
sale_order_type_list	รายการประเภทใบสั่งขาย	Sale Order Type List	销售订单类型列表	販売注文タイプリスト	បញ្ជីប្រភេទបញ្ជាទិញ	판매 주문 유형 목록	ລາຍການປະເພດໃບສັ່ງຂາຍ	အရောင်းအမှာစာအမျိုးအစားစာရင်း	Danh sách loại đơn bán hàng	Sale Order Type List	Sale Order Type List	Sale Order Type List
sale_person	พนักงานขาย	Salesperson	Salesperson	Salesperson	Salesperson	Salesperson	Salesperson	Salesperson	Salesperson	Salesperson	Salesperson	Salesperson
sale_pos	แสดงเฉพาะรายการขายหน้าร้าน	Show only storefront sales items	仅显示前台销售项目	店頭販売項目のみ表示	បង្ហាញតែធាតុលក់នៅហាង	매장 판매 항목만 표시	ສະແດງສະເພາະລາຍການຂາຍໜ້າຮ້ານ	ဆိုင်ໜ້າ အရောင်းပစ္စည်းများကိုသာ ပြပါ	Chỉ hiển thị các mục bán hàng tại cửa hàng	Show only storefront sales items	Show only storefront sales items	Show only storefront sales items
sale_report	รายงานการขาย	Sale Report	销售报告	売上レポート	របាយការណ៍លក់	판매 보고서	ລາຍງານການຂາຍ	ရောင်းချမှုအစီရင်ခံစာ	Báo cáo bán hàng	Sale Report	Sale Report	Sale Report
sale_report_after_discount	หลังหักส่วนลด	After Discount	折后金额	値引後	បន្ទាប់ពីបញ្ចុះតម្លៃ	할인 후	ຫຼັງຫັກສ່ວນຫຼຸດ	လျှော့စျေးနုတ်ပြီး	Sau giảm giá	After Discount	After Discount	After Discount
sale_report_before_tax	ก่อนภาษี	Before Tax	税前金额	税抜	មុនពន្ធ	세전	ກ່ອນພາສີ	အခွန်မပါ	Trước thuế	Before Tax	Before Tax	Before Tax
sale_report_customer	ลูกค้า	Customer	客户	顧客	អតិថិជន	고객	ລູກຄ້າ	ဖောက်သည်	Khách hàng	Customer	Customer	Customer
sale_report_date	วันที่	Date	日期	日付	កាលបរិច្ឆេទ	날짜	ວັນທີ	ရက်စွဲ	Ngày	Date	Date	Date
sale_report_discount	ส่วนลด	Discount	折扣	割引	បញ្ចុះតម្លៃ	할인	ສ່ວນຫຼຸດ	လျှော့စျေး	Giảm giá	Discount	Discount	Discount
sale_report_doc_number	เลขที่เอกสาร	Document Number	单据号	伝票番号	លេខឯកសារ	문서 번호	ເລກທີເອກະສານ	စာရွက်စာတမ်းနံပါတ်	Số chứng từ	Document Number	Document Number	Document Number
sale_report_doc_type	ประเภทเอกสาร	Document Type	单据类型	伝票種類	ប្រភេទឯកសារ	문서 유형	ປະເພດເອກະສານ	စာရွက်စာတမ်းအမျိုးအစား	Loại chứng từ	Document Type	Document Type	Document Type
sale_report_general_customer	ลูกค้าทั่วไป	General Customer	普通客户	一般顧客	អតិថិជនទូទៅ	일반 고객	ລູກຄ້າທົ່ວໄປ	ယေဘုယျဖောက်သည်	Khách hàng chung	General Customer	General Customer	General Customer
sale_report_net_value	มูลค่าสุทธิ	Net Value	净值	正味金額	តម្លៃសុទ្ធ	순액	ມູນຄ່າສຸດທິ	အသားတန်ဖိုး	Giá trị ròng	Net Value	Net Value	Net Value
sale_report_no_data	ไม่มีข้อมูลที่จะแสดง	No data to display	没有数据显示	表示するデータがありません	គ្មានទិន្នន័យដើម្បីបង្ហាញ	표시할 데이터가 없습니다	ບໍ່ມີຂໍ້ມູນທີ່ຈະສະແດງ	ပြရန် အချက်အလက် မရှိပါ	Không có dữ liệu để hiển thị	No data to display	No data to display	No data to display
sale_report_product_value	มูลค่าสินค้า	Product Value	商品价值	商品価値	តម្លៃផលិតផល	상품 가치	ມູນຄ່າສິນຄ້າ	ကုန်ပစ္စည်းတန်ဖိုး	Giá trị hàng hóa	Product Value	Product Value	Product Value
sale_report_tax_exempt	ยกเว้นภาษี	Tax Exempt	免税金额	非課税	លើកលែងពន្ធ	면세	ຍົກເວັ້ນພາສີ	အခွန်ကင်းလွတ်ခွင့်	Miễn thuế	Tax Exempt	Tax Exempt	Tax Exempt
sale_report_tax_value	มูลค่าภาษี	Tax Value	税额	税額	តម្លៃពន្ធ	세액	ມູນຄ່າພາສີ	အခွန်တန်ဖိုး	Giá trị thuế	Tax Value	Tax Value	Tax Value
sale_return	คืนสินค้า (ขาย)	Sale Return	销售退货	売上返品	ការបញ្ជូនលក់ត្រឡប់	판매 반품	ສົ່ງຄືນການຂາຍ	ရောင်းချမှုပြန်ပို့	Trả hàng bán	Sale Return	Sale Return	Sale Return
sale_return.after_discount	หลังหักส่วนลด	After Discount	折后金额	割引後	បន្ទាប់ពីបញ្ចុះតម្លៃ	할인 후	ຫຼັງຫັກສ່ວນຫຼຸດ	လျှော့စျေး နုတ်ပြီး	Sau chiết khấu	After Discount	After Discount	After Discount
sale_return.before_tax	ก่อนภาษี	Before Tax	税前	税抜	មុនពន្ធ	세전	ກ່ອນພາສີ	အခွန် မပါ	Trước thuế	Before Tax	Before Tax	Before Tax
sale_return.customer	ลูกค้า	Customer	客户	顧客	អតិថិជន	고객	ລູກຄ້າ	ဖောက်သည်	Khách hàng	Customer	Customer	Customer
sale_return.date	วันที่	Date	日期	日付	កាលបរិច្ឆេទ	날짜	ວັນທີ່	ရက်စွဲ	Ngày	Date	Date	Date
sale_return.discount	ส่วนลด	Discount	折扣	割引	បញ្ចុះតម្លៃ	할인	ສ່ວນຫຼຸດ	လျှော့စျေး	Chiết khấu	Discount	Discount	Discount
sale_return.doc_number	เลขที่เอกสาร	Document Number	单据编号	伝票番号	លេខឯកសារ	문서 번호	ເລກທີ່ເອກະສານ	စာရွက်စာတမ်း နံပါတ်	Số chứng từ	Document Number	Document Number	Document Number
sale_return.load_more	โหลดข้อมูลเพิ่มเติม	Load More Data	加载更多数据	さらにデータを読み込む	ផ្ទុកទិន្នន័យបន្ថែម	더 많은 데이터 로드	ໂຫຼດຂໍ້ມູນເພີ່ມເຕີມ	ဒေတာ နောက်ထပ် ထည့်သွင်းရန်	Tải thêm dữ liệu	Load More Data	Load More Data	Load More Data
sale_return.net_value	มูลค่าสุทธิ	Net Value	净值	正味金額	តម្លៃសុទ្ធ	순액	ມູນຄ່າສຸດທິ	စုစုပေါင်း တန်ဖိုး	Giá trị ròng	Net Value	Net Value	Net Value
sale_return.no_data	ไม่พบข้อมูลการขายคืน	No sale return data found	未找到退货数据	返品データが見つかりません	រកមិនឃើញទិន្នន័យលក់ត្រឡប់	반품 데이터를 찾을 수 없습니다	ບໍ່ພົບຂໍ້ມູນການຂາຍຄືນ	ပြန်ရောင်းချမှု ဒေတာ မတွေ့ပါ	Không tìm thấy dữ liệu trả hàng	No sale return data found	No sale return data found	No sale return data found
sale_return.product_value	มูลค่าสินค้า	Product Value	商品价值	商品価値	តម្លៃទំនិញ	상품 가치	ມູນຄ່າສິນຄ້າ	ကုန်ပစ္စည်း တန်ဖိုး	Giá trị hàng hóa	Product Value	Product Value	Product Value
sale_return.tax_exempt	ยกเว้นภาษี	Tax Exempt	免税	非課税	លើកលែងពន្ធ	면세	ຍົກເວັ້ນພາສີ	အခွန်ကင်းလွတ်ခွင့်	Miễn thuế	Tax Exempt	Tax Exempt	Tax Exempt
sale_return.tax_value	มูลค่าภาษี	Tax Value	税额	税額	តម្លៃពន្ធ	세액	ມູນຄ່າພາສີ	အခွန် တန်ဖိုး	Giá trị thuế	Tax Value	Tax Value	Tax Value
sale_settings	ตั้งค่าขาย	Sale Settings	Sale Settings	Sale Settings	Sale Settings	Sale Settings	Sale Settings	Sale Settings	Sale Settings	Sale Settings	Sale Settings	Sale Settings
sale_transactions	ธุรกรรมขาย	Sale Transactions	Sale Transactions	Sale Transactions	Sale Transactions	Sale Transactions	Sale Transactions	Sale Transactions	Sale Transactions	Sale Transactions	Sale Transactions	Sale Transactions
sale_type	ประเภทการขาย	Sale Type	销售类型	販売タイプ	ប្រភេទលក់	판매 유형	ປະເພດການຂາຍ	အရောင်းအမျိုးအစား	Loại bán hàng	Sale Type	Sale Type	Sale Type
sale_value	มูลค่าขาย	Sale Value	Sale Value	Sale Value	Sale Value	Sale Value	Sale Value	Sale Value	Sale Value	Sale Value	Sale Value	Sale Value
saleinvoice	ขายสินค้า	Sell Product	销售商品	商品を販売	លក់ផលិតផល	상품 판매	ຂາຍສິນຄ້າ	ကုန်ပစ္စည်းရောင်းရန်	Bán sản phẩm	Sell Product	Sell Product	Sell Product
salename	ชื่อพนักงานขาย	Salesperson Name	销售员姓名	販売員名	ឈ្មោះអ្នកលក់	판매원 이름	ຊື່ພະນັກງານຂາຍ	အရောင်းဝန်ထမ်းအမည်	Tên nhân viên bán hàng	Salesperson Name	Salesperson Name	Salesperson Name
sales	ขาย	Sales	销售	販売	លក់	판매	ຂາຍ	ရောင်းချ	Bán hàng	Sales	Sales	Sales
sales_amount	ยอดขาย	Sales Amount	销售额	売上高	ចំនួនលក់	매출액	ຍອດຂາຍ	ရောင်းရငွေ	Doanh số	Sales Amount	Sales Amount	Sales Amount
sales_by_date_range	ยอดขายตามช่วงเวลา	Sales by Date Range	按日期范围的销售额	期間別売上	ការលក់តាមចន្លោះពេល	기간별 매출	ຍອດຂາຍຕາມຊ່ວງເວລາ	ရက်စွဲအပိုင်းအခြားအလိုက် ရောင်းအား	Doanh số theo khoảng thời gian	Sales by Date Range	Sales by Date Range	Sales by Date Range
sales_by_seller	ยอดขายตามพนักงาน	Sales by Seller	按销售员的销售额	販売員別売上	ការលក់តាមអ្នកលក់	판매원별 매출	ຍອດຂາຍຕາມພະນັກງານ	ရောင်းချသူအလိုက် ရောင်းအား	Doanh số theo nhân viên	Sales by Seller	Sales by Seller	Sales by Seller
sales_list	รายการขาย	Sales List	销售清单	販売リスト	បញ្ជីលក់	판매 목록	ລາຍການຂາຍ	ရောင်းချမှုစာရင်း	Danh sách bán hàng	Sales List	Sales List	Sales List
sales_quantity	จำนวนขาย	Sales Quantity	Sales Quantity	Sales Quantity	Sales Quantity	Sales Quantity	Sales Quantity	Sales Quantity	Sales Quantity	Sales Quantity	Sales Quantity	Sales Quantity
sales_report	รายงานยอดขาย	Sales Report	销售报告	売上レポート	របាយការណ៍លក់	매출 보고서	ລາຍງານຍອດຂາຍ	ရောင်းချမှုအစီရင်ခံစာ	Báo cáo bán hàng	Sales Report	Sales Report	Sales Report
sales_report_by_date	รายงานยอดขาย ตามวันที่	Sales Report by Date	按日期的销售报告	日付別売上レポート	របាយការណ៍លក់តាមកាលបរិច្ឆេទ	날짜별 매출 보고서	ລາຍງານຍອດຂາຍ ຕາມວັນທີ	ရက်စွဲအလိုက်ရောင်းချမှုအစီရင်ခံစာ	Báo cáo bán hàng theo ngày	Sales Report by Date	Sales Report by Date	Sales Report by Date
sales_settings	ตั้งค่าการขาย	Sales Settings	销售设置	販売設定	ការកំណត់លក់	판매 설정	ຕັ້ງຄ່າການຂາຍ	ရောင်းချမှုဆက်တင်များ	Cài đặt bán hàng	Sales Settings	Sales Settings	Sales Settings
sales_summary	สรุปยอดขาย	Sales Summary	销售汇总	売上サマリー	សង្ខេបការលក់	매출 요약	ສະຫຼຸບຍອດຂາຍ	ရောင်းချမှု အကျဉ်းချုပ်	Tóm tắt doanh số	Sales Summary	Sales Summary	Sales Summary
salesperson_section	พนักงานขาย	Salesperson Section	销售员信息	営業担当セクション	ផ្នែកអ្នកលក់	영업사원 섹션	ສ່ວນພະນັກງານຂາຍ	အရောင်းဝန်ထမ်းအပိုင်း	Nhân viên bán hàng	Salesperson Section	Salesperson Section	Salesperson Section
sample_file_import_debtor	ไฟล์ตัวอย่างสำหรับนำเข้าข้อมูลลูกหนี้	Sample file for importing debtor data	用于导入债务人数据的示例文件	債務者データインポート用サンプルファイル	ឯកសារគំរូសម្រាប់នាំចូលទិន្នន័យកូនបំណុល	채무자 데이터 가져오기용 샘플 파일	ໄຟລ໌ຕົວຢ່າງສຳລັບນຳເຂົ້າຂໍ້ມູນລູກໜີ້	အကြွေးရှင်ဒေတာ ထည့်သွင်းရန် နမူနာဖိုင်	File mẫu để nhập dữ liệu con nợ	Sample file for importing debtor data	Sample file for importing debtor data	Sample file for importing debtor data
sample_file_import_points	ไฟล์ตัวอย่างสำหรับนำเข้าแต้มลูกหนี้	Sample file for importing debtor points	用于导入债务人积分的示例文件	債務者ポイントインポート用サンプルファイル	ឯកសារគំរូសម្រាប់នាំចូលពិន្ទុកូនបំណុល	채무자 포인트 가져오기용 샘플 파일	ໄຟລ໌ຕົວຢ່າງສຳລັບນຳເຂົ້າແຕ້ມລູກໜີ້	အကြွေးရှင်အမှတ် ထည့်သွင်းရန် နမူနာဖိုင်	File mẫu để nhập điểm con nợ	Sample file for importing debtor points	Sample file for importing debtor points	Sample file for importing debtor points
saturday	วันเสาร์	Saturday	Saturday	Saturday	Saturday	Saturday	Saturday	Saturday	Saturday	Saturday	Saturday	Saturday
save	บันทึก	Save	保存	保存	រក្សាទុក	저장	ບັນທຶກ	သိမ်း	Lưu	Save	Save	Save
save_as_pdf	บันทึกเป็นไฟล์ PDF	Save as PDF	Save as PDF	Save as PDF	Save as PDF	Save as PDF	Save as PDF	Save as PDF	Save as PDF	Save as PDF	Save as PDF	Save as PDF
save_bill	เตือนเมื่อมีการบันทึกใบเสร็จ	Alert when saving receipt	保存收据时提醒	領収書保存時に警告	ជូនដំណឹងនៅពេលរក្សាទុកបង្កាន់ដៃ	영수증 저장 시 알림	ເຕືອນເມື່ອມີການບັນທຶກໃບຮັບເງິນ	ပြေစာသိမ်းဆည်းသည့်အခါ သတိပေးပါ	Cảnh báo khi lưu hóa đơn	Alert when saving receipt	Alert when saving receipt	Alert when saving receipt
save_error	บันทึกไม่สำเร็จ	Save Failed	保存失败	保存失敗	រក្សាទុកបរាជ័យ	저장 실패	ບັນທຶກບໍ່ສຳເລັດ	သိမ်းဆည်းမှု မအောင်မြင်ပါ	Lưu thất bại	Save Failed	Save Failed	Save Failed
save_f10	บันทึก (F10)	Save (F10)	保存 (F10)	保存 (F10)	រក្សាទុក (F10)	저장 (F10)	ບັນທຶກ (F10)	သိမ်းဆည်းရန် (F10)	Lưu (F10)	Save (F10)	Save (F10)	Save (F10)
save_failed	บันทึกไม่สำเร็จ	Save Failed	保存失败	保存失敗	រក្សាទុកបរាជ័យ	저장 실패	ບັນທຶກບໍ່ສຳເລັດ	သိမ်းဆည်းမှု မအောင်မြင်ပါ	Lưu thất bại	Save Failed	Save Failed	Save Failed
save_permission_success	บันทึกสิทธิ์สำเร็จ	Permission saved successfully	Permission saved successfully	Permission saved successfully	Permission saved successfully	Permission saved successfully	Permission saved successfully	Permission saved successfully	Permission saved successfully	Permission saved successfully	Permission saved successfully	Permission saved successfully
save_success	บันทึกสำเร็จ	Save Successful	保存成功	保存成功	រក្សាទុកជោគជ័យ	저장 성공	ບັນທຶກສຳເລັດ	သိမ်းဆည်းမှု အောင်မြင်ပါသည်	Lưu thành công	Save Successful	Save Successful	Save Successful
save_supplement_option_success	บันทึก ตัวเลือกเสริม สำเร็จ!	Supplement option saved successfully!	补充选项保存成功！	追加オプションが正常に保存されました！	រក្សាទុកជម្រើសបំពេញដោយជោគជ័យ!	추가 옵션이 성공적으로 저장되었습니다!	ບັນທຶກ ທາງເລືອກເສີມ ສຳເລັດ!	ထပ်တိုးရွေးချယ်မှု သိမ်းဆည်းမှု အောင်မြင်ပါသည်!	Lưu tùy chọn bổ sung thành công!	Supplement option saved successfully!	Supplement option saved successfully!	Supplement option saved successfully!
savesuc	บันทึกสำเร็จ	Save Successful	保存成功	保存に成功しました	រក្សាទុកបានជោគជ័យ	저장 성공	ບັນທຶກສຳເລັດ	သိမ်းဆည်းမှုအောင်မြင်	Lưu thành công	Save Successful	Save Successful	Save Successful
saving	กำลังบันทึก...	Saving...	正在保存...	保存中...	កំពុងរក្សាទុក...	저장 중...	ກຳລັງບັນທຶກ...	သိမ်းဆည်းနေသည်...	Đang lưu...	Saving...	Saving...	Saving...
saving_data	กำลังบันทึกข้อมูล	Saving data	正在保存数据	データを保存しています	កំពុងរក្សាទុកទិន្នន័យ	데이터 저장 중	ກໍາລັງບັນທຶກຂໍ້ມູນ	ဒေတာများကို သိမ်းဆည်းနေသည်	Đang lưu dữ liệu	Saving data	Saving data	Saving data
scan	สแกน	Scan	扫描	スキャン	ស្កែន	스캔	ສະແກນ	စကင်ဖတ်	Quét	Scan	Scan	Scan
scan_qr_with_line	Scan QR Code ด้วย LINE	Scan QR Code with LINE	Scan QR Code with LINE	Scan QR Code with LINE	Scan QR Code with LINE	Scan QR Code with LINE	Scan QR Code with LINE	Scan QR Code with LINE	Scan QR Code with LINE	Scan QR Code with LINE	Scan QR Code with LINE	Scan QR Code with LINE
scanning_in_progress	กำลังสแกน...	Scanning...	Scanning...	Scanning...	Scanning...	Scanning...	Scanning...	Scanning...	Scanning...	Scanning...	Scanning...	Scanning...
screen	หน้าจอ	Screen	Screen	Screen	Screen	Screen	Screen	Screen	Screen	Screen	Screen	Screen
scroll_down_to_load_more	เลื่อนลงเพื่อโหลดเพิ่ม	Scroll down to load more	向下滚动加载更多	スクロールしてさらに読み込む	រមូរចុះក្រោមដើម្បីផ្ទុកបន្ថែម	스크롤하여 더 보기	ເລື່ອນລົງເພື່ອໂຫຼດເພີ່ມ	နောက်ထပ်ဖတ်ယူရန် အောက်သို့ဆွဲချပါ	Cuộn xuống để tải thêm	Scroll down to load more	Scroll down to load more	Scroll down to load more
search	ค้นหา	search	搜索	検索	ស្វែងរក	검색	ຄົ້ນຫາ	ရှာဖွေ	Tìm kiếm	search	search	search
search_all_fields	คำค้นหา (ค้นหาทุกฟิลด์)	Search (all fields)	Search (all fields)	Search (all fields)	Search (all fields)	Search (all fields)	Search (all fields)	Search (all fields)	Search (all fields)	Search (all fields)	Search (all fields)	Search (all fields)
search_and_select_from_right	ค้นหาและเลือกจากด้านขวา	Search and Select from Right	从右侧搜索并选择	右から検索して選択	ស្វែងរកហើយជ្រើសរើសពីខាងស្តាំ	오른쪽에서 검색하여 선택	ຄົ້ນຫາແລະເລືອກຈາກດ້ານຂວາ	ညာဘက်မှ ရှာဖွေရွေးချယ်ပါ	Tìm kiếm và chọn từ bên phải	Search and Select from Right	Search and Select from Right	Search and Select from Right
search_barcode_or_product	กรอกบาร์โค้ดหรือชื่อสินค้า	Enter barcode or product name	Enter barcode or product name	Enter barcode or product name	Enter barcode or product name	Enter barcode or product name	Enter barcode or product name	Enter barcode or product name	Enter barcode or product name	Enter barcode or product name	Enter barcode or product name	Enter barcode or product name
search_branch_placeholder	ค้นหาสาขา...	Search branch...	搜索分店...	支店を検索...	ស្វែងរកសាខា...	지점 검색...	ຄົ້ນຫາສາຂາ...	ဘဏ်ခွဲရှာဖွေရန်...	Tìm kiếm chi nhánh...	Search branch...	Search branch...	Search branch...
search_by_pos_id	ค้นหาตาม POS ID	Search by POS ID	按POS ID搜索	POS IDで検索	ស្វែងរកតាម POS ID	POS ID로 검색	ຄົ້ນຫາຕາມ POS ID	POS ID ဖြင့် ရှာဖွေ	Tìm theo POS ID	Search by POS ID	Search by POS ID	Search by POS ID
search_by_user_code	ค้นหาตามรหัสผู้ใช้	Search by User Code	按用户代码搜索	ユーザーコードで検索	ស្វែងរកតាមកូដអ្នកប្រើ	사용자 코드로 검색	ຄົ້ນຫາຕາມລະຫັດຜູ້ໃຊ້	အသုံးပြုသူကုဒ်ဖြင့် ရှာဖွေ	Tìm theo mã người dùng	Search by User Code	Search by User Code	Search by User Code
search_cart_hint	ค้นหาตะกร้า...	Search cart...	搜索购物车...	カートを検索...	ស្វែងរករទេះ...	장바구니 검색...	ຄົ້ນຫາກະຕ່າ...	ဈေးခြင်းတောင်းရှာ...	Tìm giỏ hàng...	Search cart...	Search cart...	Search cart...
search_condition	เงื่อนไขการค้นหา	Search Conditions	搜索条件	検索条件	លក្ខខណ្ឌស្វែងរក	검색 조건	ເງື່ອນໄຂການຄົ້ນຫາ	ရှာဖွေမှု အခြေအနေများ	Điều kiện tìm kiếm	Search Conditions	Search Conditions	Search Conditions
search_creditor_hint	ค้นหาเจ้าหนี้ (ชื่อ, รหัส)	Search creditor (name, code)	搜索债权人（名称、代码）	債権者を検索（名前、コード）	ស្វែងរកម្ចាស់បំណុល (ឈ្មោះ, លេខកូដ)	채권자 검색 (이름, 코드)	ຄົ້ນຫາເຈົ້າໜີ້ (ຊື່, ລະຫັດ)	ငွေရှင်ရှာပါ (အမည်, ကုဒ်)	Tìm chủ nợ (tên, mã)	Search creditor (name, code)	Search creditor (name, code)	Search creditor (name, code)
search_currency	ค้นหาสกุลเงิน	Search currency	搜索货币	通貨を検索	ស្វែងរករូបិយប័ណ្ណ	통화 검색	ຄົ້ນຫາສະກຸນເງິນ	ငွေကြေးရှာဖွေ	Tìm kiếm tiền tệ	Search currency	Search currency	Search currency
search_customer	ค้นหาลูกค้า	Search Customer	搜索客户	顧客検索	ស្វែងរកអតិថិជន	고객 검색	ຄົ້ນຫາລູກຄ້າ	ဖောက်သည်ရှာဖွေရန်	Tìm kiếm khách hàng	Search Customer	Search Customer	Search Customer
search_debtor_hint	ค้นหาลูกหนี้ (ชื่อ, รหัส)	Search debtor (name, code)	搜索债务人（名称、代码）	債務者を検索（名前、コード）	ស្វែងរកកូនបំណុល (ឈ្មោះ, លេខកូដ)	채무자 검색 (이름, 코드)	ຄົ້ນຫາລູກໜີ້ (ຊື່, ລະຫັດ)	အကြွေးရှင်ရှာပါ (အမည်, ကုဒ်)	Tìm con nợ (tên, mã)	Search debtor (name, code)	Search debtor (name, code)	Search debtor (name, code)
search_document	ค้นหาเอกสาร	Search Document	Search Document	Search Document	Search Document	Search Document	Search Document	Search Document	Search Document	Search Document	Search Document	Search Document
search_error	เกิดข้อผิดพลาดในการค้นหา	Search error	搜索出错	検索エラー	មានកំហុសក្នុងការស្វែងរក	검색 오류	ເກີດຂໍ້ຜິດພາດໃນການຄົ້ນຫາ	ရှာဖွေမှု အမှားအယွင်း	Lỗi tìm kiếm	Search error	Search error	Search error
search_f2	ค้นหา (F2)	Search (F2)	搜索 (F2)	検索 (F2)	ស្វែងរក (F2)	검색 (F2)	ຄົ້ນຫາ (F2)	ရှာဖွေရန် (F2)	Tìm kiếm (F2)	Search (F2)	Search (F2)	Search (F2)
search_item	ค้นหาสินค้า	Search Item	搜索项目	アイテム検索	ស្វែងរកធាតុ	항목 검색	ຄົ້ນຫາລາຍການ	ပစ္စည်းရှာဖွေရန်	Tìm kiếm mặt hàng	Search Item	Search Item	Search Item
search_location	ค้นหาสถานที่...	Search location...	搜索地点...	場所を検索...	ស្វែងរកទីកន្លែង...	위치 검색...	ຄົ້ນຫາສະຖານທີ່...	တည်နေရာရှာဖွေပါ...	Tìm kiếm vị trí...	Search location...	Search location...	Search location...
search_name_email_line	ค้นหา ชื่อ, อีเมล, LINE...	Search name, email, LINE...	Search name, email, LINE...	Search name, email, LINE...	Search name, email, LINE...	Search name, email, LINE...	Search name, email, LINE...	Search name, email, LINE...	Search name, email, LINE...	Search name, email, LINE...	Search name, email, LINE...	Search name, email, LINE...
search_permission_hint	ค้นหารหัสสิทธิ์หรือชื่อสิทธิ์...	Search permission code or name...	Search permission code or name...	Search permission code or name...	Search permission code or name...	Search permission code or name...	Search permission code or name...	Search permission code or name...	Search permission code or name...	Search permission code or name...	Search permission code or name...	Search permission code or name...
search_product	ค้นหาสินค้า	Search Product	搜索产品	商品検索	ស្វែងរកផលិតផល	상품 검색	ຄົ້ນຫາສິນຄ້າ	ကုန်ပစ္စည်းရှာဖွေရန်	Tìm kiếm sản phẩm	Search Product	Search Product	Search Product
search_product_code_name_barcode	ค้นหารหัส ชื่อ หรือบาร์โค้ดสินค้า	Search Product Code, Name or Barcode	搜索产品代码、名称或条码	商品コード、名前、バーコードで検索	ស្វែងរកកូដ ឈ្មោះ ឬបាកូដផលិតផល	제품 코드, 이름 또는 바코드 검색	ຄົ້ນຫາລະຫັດ ຊື່ ຫຼື ບາໂຄ້ດສິນຄ້າ	ကုန်ပစ္စည်းကုဒ် အမည် ဘားကုဒ်ရှာပါ	Tìm mã, tên hoặc mã vạch sản phẩm	Search Product Code, Name or Barcode	Search Product Code, Name or Barcode	Search Product Code, Name or Barcode
search_product_hint	ค้นหาสินค้า ชื่อ, บาร์โค้ด, รหัส...	Search product name, barcode, code...	搜索商品名称、条码、代码...	商品名、バーコード、コードで検索...	ស្វែងរកផលិតផល ឈ្មោះ, បាកូដ, លេខកូដ...	상품명, 바코드, 코드로 검색...	ຄົ້ນຫາສິນຄ້າ ຊື່, ບາໂຄ້ດ, ລະຫັດ...	ကုန်ပစ္စည်းရှာပါ အမည်, ဘားကုဒ်, ကုဒ်...	Tìm sản phẩm tên, mã vạch, mã...	Search product name, barcode, code...	Search product name, barcode, code...	Search product name, barcode, code...
search_qr_provider	ค้นหา QR CODE	QR Code Search	二维码 搜索	QRコード 検索	កូដ QR ស្វែងរក	QR 코드 검색	QR CODE ຄົ້ນຫາ	QR ကုဒ် ရှာဖွေ	Mã QR Tìm kiếm	QR Code Search	QR Code Search	QR Code Search
search_seller_creditor	ค้นหาผู้ขาย/เจ้าหนี้	Search Seller/Creditor	Search Seller/Creditor	Search Seller/Creditor	Search Seller/Creditor	Search Seller/Creditor	Search Seller/Creditor	Search Seller/Creditor	Search Seller/Creditor	Search Seller/Creditor	Search Seller/Creditor	Search Seller/Creditor
search_shelf	ค้นหาชั้นวาง...	Search shelf...	搜索货架...	棚を検索...	ស្វែងរកធ្នើ...	선반 검색...	ຄົ້ນຫາຊັ້ນວາງ...	စင် ရှာပါ...	Tìm kệ...	Search shelf...	Search shelf...	Search shelf...
search_shop	ค้นหาร้าน...	Search shop...	搜索商店...	店舗を検索...	ស្វែងរកហាង...	매장 검색...	ຄົ້ນຫາຮ້ານ...	ဆိုင်ရှာဖွေရန်...	Tìm kiếm cửa hàng...	Search shop...	Search shop...	Search shop...
search_shop_placeholder	ค้นหาร้าน...	Search shop...	搜索商店...	店舗を検索...	ស្វែងរកហាង...	매장 검색...	ຄົ້ນຫາຮ້ານ...	ဆိုင်ရှာဖွေရန်...	Tìm kiếm cửa hàng...	Search shop...	Search shop...	Search shop...
search_text	ค้นหาข้อความ	Search Text	Search Text	Search Text	Search Text	Search Text	Search Text	Search Text	Search Text	Search Text	Search Text	Search Text
search_text_in_document	ค้นหาข้อความในเอกสาร	Search text in document	Search text in document	Search text in document	Search text in document	Search text in document	Search text in document	Search text in document	Search text in document	Search text in document	Search text in document	Search text in document
search_user_hint	ค้นหาผู้ใช้งาน...	Search user...	Search user...	Search user...	Search user...	Search user...	Search user...	Search user...	Search user...	Search user...	Search user...	Search user...
search_warehouse	ค้นหาคลัง	Search warehouse	搜索仓库	倉庫を検索	ស្វែងរកឃ្លាំង	창고 검색	ຄົ້ນຫາສາງ	ဂိုဒေါင်ရှာပါ	Tìm kho	Search warehouse	Search warehouse	Search warehouse
searching	กำลังค้นหา...	Searching...	搜索中...	検索中...	កំពុងស្វែងរក...	검색 중...	ກຳລັງຄົ້ນຫາ...	ရှာဖွေနေသည်...	Đang tìm kiếm...	Searching...	Searching...	Searching...
searching_document	กำลังค้นหาเอกสาร...	Searching document...	正在搜索文档...	ドキュメントを検索中...	កំពុងស្វែងរកឯកសារ...	문서 검색 중...	ກຳລັງຊອກຫາເອກະສານ...	စာရွက်စာတမ်းရှာနေသည်...	Đang tìm kiếm tài liệu...	Searching document...	Searching document...	Searching document...
secert_key	Secert Key	Secert Key	Secert Key	Secert Key	Secert Key	Secert Key	Secert Key	Secert Key	Secert Key	Secert Key	Secert Key	Secert Key
seconds	วินาที	seconds	秒	秒	វិនាទី	초	ວິນາທີ	စက္ကန့်	giây	seconds	seconds	seconds
select	เลือก	Select	选择	選択	ជ្រើសរើស	선택	ເລືອກ	ရွေးချယ်ရန်	Chọn	Select	Select	Select
select_	เลือก	Select	选择	選択	ជ្រើសរើស	선택	ເລືອກ	ရွေး	Chọn	Select	Select	Select
selected	ถูกเลือก	Selected	已选择	選択済み	បានជ្រើសរើស	선택됨	ຖືກເລືອກ	ရွေးချယ်ထားသည်	Đã chọn	Selected	Selected	Selected
select_accountchart	เลือกผังบัญชี	Select Chart of Accounts	选择会计科目表	勘定科目表を選択	ជ្រើសរើសតារាងគណនី	계정 차트 선택	ເລືອກຜັງບັນຊີ	စာရင်းဇယားကို ရွေးချယ်ပါ	Chọn hệ thống tài khoản	Select Chart of Accounts	Select Chart of Accounts	Select Chart of Accounts
select_addon_option	เลือกตัวเลือกเสริม	Select Add-on Option	选择附加选项	追加オプションを選択	ជ្រើសរើសជម្រើសបន្ថែម	추가 옵션 선택	ເລືອກຕົວເລືອກເສີມ	ထပ်တိုးရွေးချယ်မှုကို ရွေးပါ	Chọn tùy chọn bổ sung	Select Add-on Option	Select Add-on Option	Select Add-on Option
select_all	เลือกทั้งหมด	Select all	全选	すべて選択	ជ្រើសរើសទាំងអស់	전체선택	ເລືອກທັງໝົດ	အားလုံးရွေး	Chọn tất cả	Select all	Select all	Select all
select_all_locations	เลือกที่เก็บสินค้าทั้งหมด	Select All Locations	选择全部存储位置	すべての保管場所を選択	ជ្រើសរើសទីតាំងផ្ទុកទាំងអស់	모든 보관 위치 선택	ເລືອກສະຖານທີ່ເກັບຂອງທັງໝົດ	သိုလှောင်ရာနေရာအားလုံးကို ရွေးချယ်ပါ	Chọn tất cả vị trí lưu trữ	Select All Locations	Select All Locations	Select All Locations
select_all_warehouses	เลือกคลังสินค้าทั้งหมด	Select All Warehouses	选择全部仓库	すべての倉庫を選択	ជ្រើសរើសឃ្លាំងទាំងអស់	모든 창고 선택	ເລືອກສາງເກັບຂອງທັງໝົດ	သိုလှောင်ရုံအားလုံးကို ရွေးချယ်ပါ	Chọn tất cả kho hàng	Select All Warehouses	Select All Warehouses	Select All Warehouses
select_approvers	เลือกผู้มีสิทธิ์อนุมัติ	Select Approvers	Select Approvers	Select Approvers	Select Approvers	Select Approvers	Select Approvers	Select Approvers	Select Approvers	Select Approvers	Select Approvers	Select Approvers
select_audit_type	เลือกประเภทการตรวจสอบ	Select Audit Type	选择审核类型	監査タイプを選択	ជ្រើសរើសប្រភេទការត្រួតពិនិត្យ	감사 유형 선택	ເລືອກປະເພດການກວດສອບ	စိစစ်မှုအမျိုးအစားကို ရွေးချယ်ပါ	Chọn loại kiểm toán	Select Audit Type	Select Audit Type	Select Audit Type
select_bank	เลือกธนาคาร	Select Bank	选择银行	銀行を選択	ជ្រើសរើសធនាគារ	은행 선택	ເລືອກທະນາຄານ	ဘဏ်ရွေးချယ်ပါ	Chọn ngân hàng	Select Bank	Select Bank	Select Bank
select_bank_template	เลือกธนาคาร	Select Bank Template	选择银行模板	銀行テンプレートを選択	ជ្រើសរើសគំរូធនាគារ	은행 템플릿 선택	ເລືອກຮູບແບບທະນາຄານ	ဘဏ်ပုံစံခွက်ကို ရွေးချယ်ပါ	Chọn mẫu ngân hàng	Select Bank Template	Select Bank Template	Select Bank Template
select_base_currency	เลือกสกุลเงินหลัก	Select Base Currency	选择基础货币	基軸通貨を選択	ជ្រើសរើសរូបិយប័ណ្ណមូលដ្ឋាន	기준 통화 선택	ເລືອກສະກຸນເງິນພື້ນຖານ	အခြေခံငွေကြေးရွေးချယ်ပါ	Chọn tiền tệ cơ sở	Select Base Currency	Select Base Currency	Select Base Currency
select_branch	เลือกสาขา	Select Branch	选择分店	支店を選択	ជ្រើសរើសសាខា	지점 선택	ເລືອກສາຂາ	ဆိုင်ခွဲရွေးချယ်ပါ	Chọn chi nhánh	Select Branch	Select Branch	Select Branch
select_brand	เลือกยี่ห้อสินค้า	Select Brand	选择品牌	ブランドを選択	ជ្រើសរើសម៉ាក	브랜드 선택	ເລືອກຍີ່ຫໍ້	အမှတ်တံဆိပ်ရွေးချယ်ပါ	Chọn thương hiệu	Select Brand	Select Brand	Select Brand
select_business_type	เลือกประเภทธุรกิจ	Select Business Type	选择业务类型	ビジネスタイプを選択	ជ្រើសរើសប្រភេទអាជីវកម្ម	비즈니스 유형 선택	ເລືອກປະເພດທຸລະກິດ	စီးပွားရေးလုပ်ငန်းအမျိုးအစားကို ရွေးချယ်ပါ	Chọn loại hình kinh doanh	Select Business Type	Select Business Type	Select Business Type
select_card_type	เลือกประเภทบัตร	Select credit card type	选择卡类型	クレジットカードの種類を選択	ជ្រើសរើសប្រភេទកាតឥណទាន	신용카드 종류 선택	ເລືອກປະເພດບັດເຄຣດິດ	အကြွေးဝယ်ကတ်အမျိုးအစားကို ရွေးချယ်ပါ	Chọn loại thẻ tín dụng	Select credit card type	Select credit card type	Select credit card type
select_cart	เลือกตะกร้า	Select Cart	选择购物车	カートを選択	ជ្រើសរើសកន្ត្រក	장바구니 선택	ເລືອກກະຕ່າ	ဈေးခြင်း ရွေးပါ	Chọn giỏ hàng	Select Cart	Select Cart	Select Cart
select_category	เลือกหมวดสินค้า	Select Category	选择类别	カテゴリを選択	ជ្រើសរើសប្រភេទ	카테고리 선택	ເລືອກໝວດໝູ່	အမျိုးအစားရွေးချယ်ပါ	Chọn danh mục	Select Category	Select Category	Select Category
select_category_group	เลือกกลุ่มหมวดหมู่	Select Category Group	Select Category Group	Select Category Group	Select Category Group	Select Category Group	Select Category Group	Select Category Group	Select Category Group	Select Category Group	Select Category Group	Select Category Group
select_class	เลือกระดับ	Select Class	选择班级	クラスを選択	ជ្រើសរើសថ្នាក់	반 선택	ເລືອກຫ້ອງຮຽນ	အတန်းရွေးချယ်ပါ	Chọn lớp	Select Class	Select Class	Select Class
select_color_and_border	เลือกสีสำหรับข้อความราคาและตั้งค่าการแสดงกรอบ	Select color for price text and configure border display	选择价格文本颜色并配置边框显示	価格テキストの色を選択し、枠線表示を設定	ជ្រើសរើសពណ៌សម្រាប់អត្ថបទតម្លៃ និងកំណត់ការបង្ហាញស៊ុម	가격 텍스트 색상 선택 및 테두리 표시 설정	ເລືອກສີສຳລັບຂໍ້ຄວາມລາຄາ ແລະຕັ້ງຄ່າການສະແດງກອບ	စျေးနှုန်းစာသား အရောင်ရွေးပြီး ဘောင်ပြသမှုသတ်မှတ်ပါ	Chọn màu cho văn bản giá và cấu hình hiển thị viền	Select color for price text and configure border display	Select color for price text and configure border display	Select color for price text and configure border display
select_color_preview	เลือกสี...	Select color...	选择颜色...	色を選択...	ជ្រើសរើសពណ៌...	색상 선택...	ເລືອກສີ...	အရောင် ရွေးပါ...	Chọn màu...	Select color...	Select color...	Select color...
select_columns	เลือกคอลัมม์	Select Columns	选择列	列を選択	ជ្រើសរើសជួរឈរ	열 선택	ເລືອກຄໍລຳ	ကော်လံရွေးချယ်ပါ	Chọn cột	Select Columns	Select Columns	Select Columns
select_company_branch	กรุณาเลือกสาขา	Please select branch	请选择分店	支店を選択してください	សូមជ្រើសរើសសាខា	지점을 선택하세요	ກະລຸນາເລືອກສາຂາ	ကျေးဇူးပြု၍ ဆိုင်ခွဲကို ရွေးချယ်ပါ	Vui lòng chọn chi nhánh	Please select branch	Please select branch	Please select branch
select_company_department	กรุณาเลือกแผนก	Please select department	请选择部门	部署を選択してください	សូមជ្រើសរើសនាយកដ្ឋាន	부서를 선택하세요	ກະລຸນາເລືອກພະແນກ	ကျေးဇူးပြု၍ ဌာနကို ရွေးချယ်ပါ	Vui lòng chọn phòng ban	Please select department	Please select department	Please select department
select_creditor	เลือกเจ้าหนี้	Select Creditor	选择债权人	債権者を選択	ជ្រើសរើសម្ចាស់បំណុល	채권자 선택	ເລືອກເຈົ້າໜີ້	ငွေရှင် ရွေးပါ	Chọn chủ nợ	Select Creditor	Select Creditor	Select Creditor
select_customer	เลือกลูกค้า	Select Customer	选择客户	顧客を選択	ជ្រើសរើសអតិថិជន	고객 선택	ເລືອກລູກຄ້າ	ဖောက်သည်ရွေးချယ်ပါ	Chọn khách hàng	Select Customer	Select Customer	Select Customer
select_data_language	เลือกภาษาข้อมูล	Select Data Language	选择数据语言	データ言語を選択	ជ្រើសរើសភាសាទិន្នន័យ	데이터 언어 선택	ເລືອກພາສາຂໍ້ມູນ	ဒေတာဘာသာစကားရွေးချယ်ပါ	Chọn ngôn ngữ dữ dữ liệu	Select Data Language	Select Data Language	Select Data Language
select_date	เลือกวันที่	Select Date	Select Date	Select Date	Select Date	Select Date	Select Date	Select Date	Select Date	Select Date	Select Date	Select Date
select_date_for_balance	เลือกวันที่ที่ต้องการแสดงยอด	Select date for balance display	Select date for balance display	Select date for balance display	Select date for balance display	Select date for balance display	Select date for balance display	Select date for balance display	Select date for balance display	Select date for balance display	Select date for balance display	Select date for balance display
select_debtor	เลือกลูกหนี้	Select Debtor	选择债务人	債務者を選択	ជ្រើសរើសកូនបំណុល	채무자 선택	ເລືອກລູກໜີ້	အကြွေးရှင် ရွေးပါ	Chọn con nợ	Select Debtor	Select Debtor	Select Debtor
select_design	เลือกรูปทรง	Select Shape	选择形状	形状を選択	ជ្រើសរើសរាង	모양 선택	ເລືອກຮູບຊົງ	ပုံသဏ္ဍာန်ရွေးချယ်ပါ	Chọn hình dạng	Select Shape	Select Shape	Select Shape
select_dimension	เลือกมิติ	Select Dimension	选择维度	ディメンションを選択	ជ្រើសរើសវិមាត្រ	차원 선택	ເລືອກມິຕິ	အတိုင်းအတာရွေးချယ်	Chọn chiều	Select Dimension	Select Dimension	Select Dimension
select_employee	พนักงานขาย	Salesperson	销售员	販売員	អ្នកលក់	판매원	ພະນັກງານຂາຍ	အရောင်းဝန်ထမ်း	Nhân viên bán hàng	Salesperson	Salesperson	Salesperson
select_file	เลือกไฟล์	Select File	选择文件	ファイルを選択	ជ្រើសរើសឯកសារ	파일 선택	ເລືອກໄຟລ໌	ဖိုင် ရွေးပါ	Chọn tệp	Select File	Select File	Select File
select_filter	ค้นหาข้อมูล	Search Data	搜索数据	データ検索	ស្វែងរកទិន្នន័យ	데이터 검색	ຄົ້ນຫາຂໍ້ມູນ	ဒေတာရှာဖွေရန်	Tìm kiếm dữ liệu	Search Data	Search Data	Search Data
select_grade	เลือกเกรด	Select Grade	选择等级	グレードを選択	ជ្រើសរើសកម្រិត	등급 선택	ເລືອກເກຣດ	အဆင့်ရွေးချယ်ပါ	Chọn cấp độ	Select Grade	Select Grade	Select Grade
select_group	เลือกกลุ่ม	Select Group	选择组	グループを選択	ជ្រើសរើសក្រុម	그룹 선택	ເລືອກກຸ່ມ	အုပ်စုရွေးချယ်ပါ	Chọn nhóm	Select Group	Select Group	Select Group
select_group_main	เลือกกลุ่มสินค้าหลัก	Select Main Product Group	选择主商品组	主要商品グループを選択	ជ្រើសរើសក្រុមទំនិញសំខាន់	주요 상품 그룹 선택	ເລືອກກຸ່ມສິນຄ້າຫຼັກ	အဓိကကုန်ပစ္စည်းအုပ်စုကို ရွေးချယ်ပါ	Chọn nhóm sản phẩm chính	Select Main Product Group	Select Main Product Group	Select Main Product Group
select_group_number	เลือกลำดับ	Select Order	选择顺序	順序を選択	ជ្រើសរើសលំដាប់	순서 선택	ເລືອກລຳດັບ	အစီအစဉ်ရွေးချယ်ပါ	Chọn thứ tự	Select Order	Select Order	Select Order
select_group_sub1	เลือกกลุ่มสินค้าย่อย 1	Select Sub Product Group 1	选择子商品组 1	サブ商品グループ1を選択	ជ្រើសរើសក្រុមទំនិញរង 1	하위 상품 그룹 1 선택	ເລືອກກຸ່ມສິນຄ້າຍ່ອຍ 1	ကုန်ပစ္စည်းအုပ်စုခွဲ 1 ကို ရွေးချယ်ပါ	Chọn nhóm sản phẩm phụ 1	Select Sub Product Group 1	Select Sub Product Group 1	Select Sub Product Group 1
select_group_sub2	เลือกกลุ่มสินค้าย่อย 2	Select Sub Product Group 2	选择子商品组 2	サブ商品グループ2を選択	ជ្រើសរើសក្រុមទំនិញរង 2	하위 상품 그룹 2 선택	ເລືອກກຸ່ມສິນຄ້າຍ່ອຍ 2	ကုန်ပစ္စည်းအုပ်စုခွဲ 2 ကို ရွေးချယ်ပါ	Chọn nhóm sản phẩm phụ 2	Select Sub Product Group 2	Select Sub Product Group 2	Select Sub Product Group 2
select_image	เลือกรูปภาพ	Select Image	选择图片	画像を選択	ជ្រើសរើសរូបភាព	이미지 선택	ເລືອກຮູບພາບ	ပုံရွေးချယ်ပါ	Chọn hình ảnh	Select Image	Select Image	Select Image
select_import_language	เลือกภาษาการนำเข้า	Select import language	选择导入语言	インポート言語を選択	ជ្រើសរើសភាសានាំចូល	가져오기 언어 선택	ເລືອກພາສາການນໍາເຂົ້າ	တင်သွင်းမည့် ဘာသာစကားကို ရွေးချယ်ပါ	Chọn ngôn ngữ nhập	Select import language	Select import language	Select import language
select_import_mode	เลือกโหมดการนำเข้า	Select Import Mode	选择导入模式	インポートモードを選択	ជ្រើសរើសរបៀបនាំចូល	가져오기 모드 선택	ເລືອກໂຫມດການນໍາເຂົ້າ	တင်သွင်းမှုမုဒ်ကို ရွေးချယ်ပါ	Chọn chế độ nhập	Select Import Mode	Select Import Mode	Select Import Mode
select_import_type	เลือกประเภทข้อมูลที่ต้องการนำเข้า	Select data type to import	选择要导入的数据类型	インポートするデータタイプを選択	ជ្រើសរើសប្រភេទទិន្នន័យដែលត្រូវនាំចូល	가져올 데이터 유형 선택	ເລືອກປະເພດຂໍ້ມູນທີ່ຕ້ອງການນຳເຂົ້າ	ထည့်သွင်းလိုသော ဒေတာအမျိုးအစား ရွေးပါ	Chọn loại dữ liệu cần nhập	Select data type to import	Select data type to import	Select data type to import
select_items_to_delete	กรุณาเลือกรายการที่จะลบ	Please select items to delete	请选择要删除的项目	削除する項目を選択してください	សូមជ្រើសធាតុដែលត្រូវលុប	삭제할 항목을 선택하세요	ກະລຸນາເລືອກລາຍການທີ່ຈະລົບ	ဖျက်မည့်အရာများကို ရွေးချယ်ပါ	Vui lòng chọn mục cần xóa	Please select items to delete	Please select items to delete	Please select items to delete
select_kitchen	กรุณาเลือกห้องครัว	Please Select Kitchen	请选择厨房	キッチンを選択してください	សូមជ្រើសរើសផ្ទះបាយ	주방을 선택하세요	ກະລຸນາເລືອກເຮືອນຄົວ	ကျေးဇူးပြု၍ မီးဖိုချောင်ကို ရွေးချယ်ပါ	Vui lòng chọn nhà bếp	Please Select Kitchen	Please Select Kitchen	Please Select Kitchen
select_label	เลือก	Select	选择	選択	ជ្រើសរើស	선택	ເລືອກ	ရွေးချယ်	Chọn	Select	Select	Select
select_label_print_format	กรุณาเลือกรูปแบบการพิมพ์ฉลากสินค้า	Select label print format	Select label print format	Select label print format	Select label print format	Select label print format	Select label print format	Select label print format	Select label print format	Select label print format	Select label print format	Select label print format
select_language	เลือกภาษา	Select language	Select language	Select language	Select language	Select language	Select language	Select language	Select language	Select language	Select language	Select language
select_language_chinese	ภาษาจีน (简体中文)	Chinese (简体中文)	简体中文	中国語 (简体中文)	ភាសាចិន (简体中文)	중국어 (简体中文)	ພາສາຈີນ (简体中文)	တရုတ်ဘာသာ (简体中文)	Tiếng Trung (简体中文)	Chinese (简体中文)	Chinese (简体中文)	Chinese (简体中文)
select_language_english	ภาษาอังกฤษ (English)	English	英语 (English)	英語 (English)	ភាសាអង់គ្លេស (English)	영어 (English)	ພາສາອັງກິດ (English)	အင်္ဂလိပ်ဘာသာ (English)	Tiếng Anh (English)	English	English	English
select_language_import	เลือกภาษาที่นำเข้า	Select Import Language	选择导入语言	インポート言語を選択	ជ្រើសរើសភាសានាំចូល	가져오기 언어 선택	ເລືອກພາສາທີ່ນຳເຂົ້າ	တင်သွင်းမည့် ဘာသာစကားကို ရွေးချယ်ပါ	Chọn ngôn ngữ nhập	Select Import Language	Select Import Language	Select Import Language
select_language_japanese	ภาษาญี่ปุ่น (日本語)	Japanese (日本語)	日语 (日本語)	日本語	ភាសាជប៉ុន (日本語)	일본어 (日本語)	ພາສາຍີ່ປຸ່ນ (日本語)	ဂျပန်ဘာသာ (日本語)	Tiếng Nhật (日本語)	Japanese (日本語)	Japanese (日本語)	Japanese (日本語)
select_language_khmer	ภาษาเขมร (ខ្មែរ)	Khmer (ខ្មែរ)	高棉语 (ខ្មែរ)	クメール語 (ខ្មែរ)	ភាសាខ្មែរ	크메르어 (ខ្មែរ)	ພາສາເຂມນ (ខ្មែរ)	ခမာဘာသာ (ខ្មែរ)	Tiếng Khmer (ខ្មែរ)	Khmer (ខ្មែរ)	Khmer (ខ្មែរ)	Khmer (ខ្មែរ)
select_language_korean	ภาษาเกาหลี (한국어)	Korean (한국어)	韩语 (한국어)	韓国語 (한국어)	ភាសាកូរ៉េ (한국어)	한국어	ພາສາເກົາຫຼີ (한국어)	ကိုရီးယားဘာသာ (한국어)	Tiếng Hàn (한국어)	Korean (한국어)	Korean (한국어)	Korean (한국어)
select_language_lao	ภาษาลาว (ລາວ)	Lao (ລາວ)	老挝语 (ລາວ)	ラオス語 (ລາວ)	ភាសាឡាវ (ລາວ)	라오어 (ລາວ)	ພາສາລາວ	လာအိုဘာသာ (ລາວ)	Tiếng Lào (ລາວ)	Lao (ລາວ)	Lao (ລາວ)	Lao (ລາວ)
select_language_myanmar	ภาษาพม่า (မြန်မာ)	Myanmar (မြန်မာ)	缅甸语 (မြန်မာ)	ミャンマー語 (မြန်မာ)	ភាសាមីយ៉ាន់ម៉ា (မြန်မာ)	미얀마어 (မြန်မာ)	ພາສາມຽນມາ (မြန်မာ)	မြန်မာဘာသာ	Tiếng Myanmar (မြန်မာ)	Myanmar (မြန်မာ)	Myanmar (မြန်မာ)	Myanmar (မြန်မာ)
select_language_thai	เลือกภาษา ไทย	Select Language Thai	选择泰语	タイ語を選択	ជ្រើសរើសភាសាថៃ	태국어 선택	ເລືອກພາສາໄທ	ထိုင်းဘာသာ ရွေးချယ်ပါ	Chọn Tiếng Thái	Select Language Thai	Select Language Thai	Select Language Thai
select_language_vietnamese	ภาษาเวียดนาม (Tiếng Việt)	Vietnamese (Tiếng Việt)	越南语 (Tiếng Việt)	ベトナム語 (Tiếng Việt)	ភាសាវៀតណាម (Tiếng Việt)	베트남어 (Tiếng Việt)	ພາສາຫວຽດນາມ (Tiếng Việt)	ဗီယက်နမ်ဘာသာ (Tiếng Việt)	Tiếng Việt	Vietnamese (Tiếng Việt)	Vietnamese (Tiếng Việt)	Vietnamese (Tiếng Việt)
select_lineoa_type	เลือกประเภท Line OA ที่ต้องการตั้งค่า	Select Line OA type to configure	选择要配置的Line OA类型	設定するLine OAタイプを選択	ជ្រើសរើសប្រភេទ Line OA ដើម្បីកំណត់	설정할 Line OA 유형 선택	ເລືອກປະເພດ Line OA ທີ່ຕ້ອງການຕັ້ງຄ່າ	ပြင်ဆင်လိုသော Line OA အမျိုးအစား ရွေးပါ	Chọn loại Line OA cần cấu hình	Select Line OA type to configure	Select Line OA type to configure	Select Line OA type to configure
select_location	เลือกพื้นที่เก็บ	Select Storage Location	选择存储位置	保管場所を選択	ជ្រើសរើសទីតាំងផ្ទុក	보관 위치 선택	ເລືອກພື້ນທີ່ເກັບ	သိုလှောင်ရာနေရာ ရွေးချယ်ပါ	Chọn vị trí lưu trữ	Select Storage Location	Select Storage Location	Select Storage Location
select_location_for_report	เลือกที่เก็บสินค้าที่ต้องการรายงาน	Select location for report	Select location for report	Select location for report	Select location for report	Select location for report	Select location for report	Select location for report	Select location for report	Select location for report	Select location for report	Select location for report
select_location_from_warehouse	เลือกที่เก็บ	Select Location	选择仓库位置	場所を選択	ជ្រើសរើសទីតាំង	위치 선택	ເລືອກທີ່ເກັບ	နေရာရွေးချယ်ပါ	Chọn vị vị trí	Select Location	Select Location	Select Location
select_map_location	เลือกตำแหน่ง	Select Location	选择位置	場所を選択	ជ្រើសរើសទីតាំង	위치 선택	ເລືອກຕຳແໜ່ງ	တည်နေရာရွေးချယ်ပါ	Chọn vị trí	Select Location	Select Location	Select Location
select_media	กรุณาเลือกสื่อโฆษณา	Please Select Advertising Media	请选择广告媒体	広告メディアを選択してください	សូមជ្រើសរើសប្រព័ន្ធផ្សព្វផ្សាយពាណិជ្ជកម្ម	광고 매체를 선택하세요	ກະລຸນາເລືອກສື່ໂຄສະນາ	ကျေးဇူးပြု၍ ကြော်ငြာမီဒီယာကို ရွေးချယ်ပါ	Vui lòng chọn phương tiện quảng cáo	Please Select Advertising Media	Please Select Advertising Media	Please Select Advertising Media
select_member	ลูกค้า	customer	顾客	顧客	អតិថិជន	고객	ເລືອກສະມາຊິກ	ဖောက်သည်	Khách hàng	customer	customer	customer
select_menu	เมนู	Menu	菜单	メニュー	ម៉ឺនុយ	메뉴	ເມນູ	မီနူး	Thực đơn	Menu	Menu	Menu
select_model	เลือกรุ่น	Select Model	选择型号	モデルを選択	ជ្រើសរើសម៉ូដែល	모델 선택	ເລືອກລຸ້ນ	မော်ဒယ်ရွေးချယ်ပါ	Chọn mẫu	Select Model	Select Model	Select Model
select_new_image	เลือกรูปใหม่	Select new image	选择新图片	新しい画像を選択	ជ្រើសរូបថ្មី	Select new image	ເລືອກຮູບໃໝ່	ပုံအသစ်ရွေးပါ	Chọn ảnh mới	Select new image	Select new image	Select new image
select_pattern	เลือกรูปแบบสินค้า	Select Product Pattern	选择商品款式	商品パターンを選択	ជ្រើសរើសលំនាំផលិតផល	상품 패턴 선택	ເລືອກຮູບແບບສິນຄ້າ	ကုန်ပစ္စည်းပုံစံရွေးချယ်ပါ	Chọn mẫu sản phẩm	Select Product Pattern	Select Product Pattern	Select Product Pattern
select_permission_info	เลือกสิทธิ์ที่ต้องการให้ผู้ใช้นี้มี (สามารถเลือกได้หลายสิทธิ์ - จะรวมสิทธิ์ทั้งหมดเข้าด้วยกัน)	Select permissions for this user (multiple selections allowed - all permissions will be combined)	选择此用户的权限（可以选择多个权限 - 所有权限将合并）	このユーザーの権限を選択（複数選択可能 - すべての権限が統合されます）	ជ្រើសរើសសិទ្ធិសម្រាប់អ្នកប្រើប្រាស់នេះ (អាចជ្រើសរើសច្រើន - សិទ្ធិទាំងអស់នឹងត្រូវបានរួមបញ្ចូល)	이 사용자의 권한을 선택하세요 (다중 선택 가능 - 모든 권한이 결합됩니다)	ເລືອກສິດທີ່ຕ້ອງການໃຫ້ຜູ້ໃຊ້ນີ້ມີ (ສາມາດເລືອກໄດ້ຫຼາຍສິດ - ຈະລວມສິດທັງໝົດເຂົ້າດ້ວຍກັນ)	ဤအသုံးပြုသူအတွက် ခွင့်ပြုချက်များ ရွေးပါ (အများအပြား ရွေးနိုင်သည် - အားလုံး ပေါင်းစပ်မည်)	Chọn quyền cho người dùng này (có thể chọn nhiều - tất cả quyền sẽ được kết hợp)	Select permissions for this user (multiple selections allowed - all permissions will be combined)	Select permissions for this user (multiple selections allowed - all permissions will be combined)	Select permissions for this user (multiple selections allowed - all permissions will be combined)
select_picture	เลือกรูปภาพ	Select Picture	选择图片	画像を選択	ជ្រើសរើសរូបភាព	사진 선택	ເລືອກຮູບ	ပုံရွေးချယ်ပါ	Chọn ảnh	Select Picture	Select Picture	Select Picture
select_picture_cover	เลือกรูปภาพหน้าปก	Select Cover Picture	选择封面图片	表紙画像を選択	ជ្រើសរើសរូបភាពគម្រប	표지 사진 선택	ເລືອກຮູບໜ້າປົກ	မျက်နှာဖုံးပုံရွေးချယ်ပါ	Chọn ảnh bìa	Select Cover Picture	Select Cover Picture	Select Cover Picture
select_pircture	เลือกรูปภาพ	Select Picture	选择图片	画像を選択	ជ្រើសរូបភាព	사진 선택	ເລືອກຮູບພາບ	ပုံရွေးချယ်ရန်	Chọn hình ảnh	Select Picture	Select Picture	Select Picture
select_price_text_color	เลือกสีตัวอักษรราคา	Select Price Text Color	选择价格文字颜色	価格テキストの色を選択	ជ្រើសរើសពណ៌អក្សរតម្លៃ	가격 텍스트 색상 선택	ເລືອກສີຕົວອັກສອນລາຄາ	စျေးနှုန်းစာသားအရောင်ရွေးပါ	Chọn màu chữ giá	Select Price Text Color	Select Price Text Color	Select Price Text Color
select_print_format	เลือกรูปแบบพิมพ์	Select Print Format	选择打印格式	印刷形式を選択	ជ្រើសរើសទម្រង់បោះពុម្ព	인쇄 형식 선택	ເລືອກຮູບແບບພິມ	ပုံနှိပ်ပုံစံရွေးပါ	Chọn định dạng in	Select Print Format	Select Print Format	Select Print Format
select_processing_type	เลือกประเภทการประมวลผล	Select Processing Type	选择处理类型	処理タイプを選択	ជ្រើសរើសប្រភេទដំណើរការ	처리 유형 선택	ເລືອກປະເພດການປະມວນຜົນ	လုပ်ဆောင်မှုအမျိုးအစား ရွေးပါ	Chọn loại xử lý	Select Processing Type	Select Processing Type	Select Processing Type
select_product_barcode	เลือกสินค้า/บาร์โค้ด	Select Product/Barcode	Select Product/Barcode	Select Product/Barcode	Select Product/Barcode	Select Product/Barcode	Select Product/Barcode	Select Product/Barcode	Select Product/Barcode	Select Product/Barcode	Select Product/Barcode	Select Product/Barcode
select_product_category	เลือกหมวดสินค้า	Select Product Category	选择商品类别	商品カテゴリを選択	ជ្រើសរើសប្រភេទផលិតផល	상품 카테고리 선택	ເລືອກໝວດສິນຄ້າ	ကုန်ပစ္စည်းအမျိုးအစားရွေးချယ်ပါ	Chọn danh mục sản phẩm	Select Product Category	Select Product Category	Select Product Category
select_product_from_shelf	เลือกสินค้าจากชั้นวาง	Select Product from Shelf	Select Product from Shelf	Select Product from Shelf	Select Product from Shelf	Select Product from Shelf	Select Product from Shelf	Select Product from Shelf	Select Product from Shelf	Select Product from Shelf	Select Product from Shelf	Select Product from Shelf
select_products_for_report_or_show_all	เลือกสินค้าที่ต้องการแสดงในรายงาน หากไม่เลือก ระบบจะแสดงสินค้าทั้งหมด	Select products for report. If none selected, all products will be shown	Select products for report. If none selected, all products will be shown	Select products for report. If none selected, all products will be shown	Select products for report. If none selected, all products will be shown	Select products for report. If none selected, all products will be shown	Select products for report. If none selected, all products will be shown	Select products for report. If none selected, all products will be shown	Select products for report. If none selected, all products will be shown	Select products for report. If none selected, all products will be shown	Select products for report. If none selected, all products will be shown	Select products for report. If none selected, all products will be shown
select_products_from_left	เลือกสินค้าจากรายการด้านซ้ายเพื่อเพิ่มลงในรายการนี้	Select products from the left list to add to this list	从左侧列表中选择产品以添加到此列表	左側のリストから商品を選択してこのリストに追加	ជ្រើសរើសផលិតផលពីបញ្ជីខាងឆ្វេងដើម្បីបន្ថែមទៅក្នុងបញ្ជីនេះ	왼쪽 목록에서 제품을 선택하여 이 목록에 추가하세요	ເລືອກສິນຄ້າຈາກລາຍການດ້ານຊ້າຍເພື່ອເພີ່ມເຂົ້າໃນລາຍການນີ້	ဤစာရင်းသို့ထည့်ရန်ဘယ်ဘက်စာရင်းမှထုတ်ကုန်များရွေးချယ်ပါ	Chọn sản phẩm từ danh sách bên trái để thêm vào danh sách này	Select products from the left list to add to this list	Select products from the left list to add to this list	Select products from the left list to add to this list
select_products_or_show_all	เลือกสินค้าที่ต้องการแสดง หรือไม่เลือกเพื่อแสดงทั้งหมด	Select products to display, or leave empty to show all	Select products to display, or leave empty to show all	Select products to display, or leave empty to show all	Select products to display, or leave empty to show all	Select products to display, or leave empty to show all	Select products to display, or leave empty to show all	Select products to display, or leave empty to show all	Select products to display, or leave empty to show all	Select products to display, or leave empty to show all	Select products to display, or leave empty to show all	Select products to display, or leave empty to show all
select_products_tab	เลือกสินค้า	Select Products	选择产品	商品を選択	ជ្រើសរើសផលិតផល	제품 선택	ເລືອກສິນຄ້າ	ထုတ်ကုန်များရွေးချယ်မည်	Chọn sản phẩm	Select Products	Select Products	Select Products
select_products_to_calculate	เลือกสินค้าที่ต้องการคำนวณ	Select products to calculate	选择要计算的产品	計算する商品を選択	ជ្រើសរើសផលិតផលដែលត្រូវគណនា	계산할 제품 선택	ເລືອກສິນຄ້າທີ່ຕ້ອງການຄຳນວນ	တွက်ချက်မည့် ကုန်ပစ္စည်း ရွေးပါ	Chọn sản phẩm cần tính	Select products to calculate	Select products to calculate	Select products to calculate
select_product_to_preview	เลือกสินค้าเพื่อดูรายละเอียด	Select product to preview	选择产品预览	商品を選択してプレビュー	ជ្រើសរើសផលិតផលដើម្បីមើល	제품을 선택하여 미리보기	ເລືອກສິນຄ້າເພື່ອເບິ່ງ	ကုန်ပစ္စည်းရွေးချယ်ပါ	Chọn sản phẩm để xem	Select product to preview	Select product to preview	Select product to preview
select_products	เลือกสินค้า	Select Products	选择产品	商品を選択	ជ្រើសរើសផលិតផល	제품 선택	ເລືອກສິນຄ້າ	ကုန်ပစ္စည်းများရွေးပါ	Chọn sản phẩm	Select Products	Select Products	Select Products
select_promotion	เลือกโปรโมชั่น	Select Promotion	选择促销	プロモーションを選択	ជ្រើសរើសការផ្សព្វផ្សាយ	프로모션 선택	ເລືອກໂປຣໂມຊັ່ນ	ပရိုမိုးရှင်းရွေးချယ်ပါ	Chọn khuyến mãi	Select Promotion	Select Promotion	Select Promotion
select_promotion_days	เลือกวันที่โปรโมชั่น	Select promotion days	选择促销日	プロモーション日を選択	ជ្រើសរើសថ្ងៃផ្សព្វផ្សាយ	프로모션 요일 선택	ເລືອກວັນທີ່ໂປຣໂມຊັ່ນ	ပရိုမိုးရှင်းရက်ရွေးပါ	Chọn ngày khuyến mãi	Select promotion days	Select promotion days	Select promotion days
select_purchase_type	เลือกประเภทการจัดซื้อ	Select Purchase Type	Select Purchase Type	Select Purchase Type	Select Purchase Type	Select Purchase Type	Select Purchase Type	Select Purchase Type	Select Purchase Type	Select Purchase Type	Select Purchase Type	Select Purchase Type
select_qrcode_template	เลือก Qrcode	Select QR Code	选择二维码	QRコードを選択	ជ្រើសរើសកូដ QR	QR 코드 선택	ເລືອກ Qrcode	QR ကုဒ်ရွေး	Chọn QR Code	Select QR Code	Select QR Code	Select QR Code
select_reciept_form	เลือกรูปแบบใบเสร็จ	Select Receipt Format	选择收据格式	領収書形式を選択	ជ្រើសរើសទម្រង់បង្កាន់ដៃ	영수증 형식 선택	ເລືອກຮູບແບບໃບຮັບເງິນ	ပြေစာပုံစံကို ရွေးချယ်ပါ	Chọn định dạng hóa đơn	Select Receipt Format	Select Receipt Format	Select Receipt Format
select_report_type	เลือกประเภทรายงาน	Select Report Type	Select Report Type	Select Report Type	Select Report Type	Select Report Type	Select Report Type	Select Report Type	Select Report Type	Select Report Type	Select Report Type	Select Report Type
select_salechannel_template	เลือกช่องทางการขาย	Select Sales Channel	选择销售渠道	販売チャネルを選択	ជ្រើសរើសបណ្តាញលក់	판매 채널 선택	ເລືອກຊ່ອງທາງການຂາຍ	အရောင်းလမ်းကြောင်းကို ရွေးချယ်ပါ	Chọn kênh bán hàng	Select Sales Channel	Select Sales Channel	Select Sales Channel
select_salesperson	เลือกพนักงานขาย	Select Salesperson	Select Salesperson	Select Salesperson	Select Salesperson	Select Salesperson	Select Salesperson	Select Salesperson	Select Salesperson	Select Salesperson	Select Salesperson	Select Salesperson
select_shelf	เลือกชั้นวาง	Select Shelf	Select Shelf	Select Shelf	Select Shelf	Select Shelf	Select Shelf	Select Shelf	Select Shelf	Select Shelf	Select Shelf	Select Shelf
select_shop	เลือกบริษัท	Select Shop	选择商店	店舗を選択	ជ្រើសរើសហាង	매장 선택	ເລືອກຮ້ານ	ဆိုင်ရွေးချယ်ပါ	Chọn cửa hàng	Select Shop	Select Shop	Select Shop
select_source_shop	เลือกร้านค้าต้นทาง	Select Source Shop	选择源商店	ソース店舗を選択	ជ្រើសរើសហាងប្រភព	소스 매장 선택	ເລືອກຮ້ານຄ້າຕົ້ນທາງ	ရင်းမြစ်ဆိုင် ရွေးပါ	Chọn cửa hàng nguồn	Select Source Shop	Select Source Shop	Select Source Shop
select_storage_location	เลือกตำแหน่งที่เก็บ	Select Storage Location	Select Storage Location	Select Storage Location	Select Storage Location	Select Storage Location	Select Storage Location	Select Storage Location	Select Storage Location	Select Storage Location	Select Storage Location	Select Storage Location
select_table	เลือกโต๊ะ	Select Table	选择桌子	テーブルを選択	ជ្រើសរើសតុ	테이블 선택	ເລືອກໂຕະ	စားပွဲရွေးချယ်ပါ	Chọn bàn	Select Table	Select Table	Select Table
select_table_first	เลือกโต๊ะก่อนทำรายการ	Please select table before ordering	下单前请选择桌子	注文前にテーブルを選択してください	សូមជ្រើសរើសតុមុនពេលកុម្ម៉ង់	주문하기 전에 테이블을 선택하세요	ກະລຸນາເລືອກໂຕະກ່ອນສັ່ງ	အော်ဒါမတင်မီ စားပွဲကို ရွေးချယ်ပါ	Vui lòng chọn bàn trước khi đặt hàng	Please select table before ordering	Please select table before ordering	Please select table before ordering
select_template_order_setting	ตั้งค่าเครื่อง Order Station	Order Station Settings	Order Station 设置	Order Station 設定	ការកំណត់ Order Station	Order Station 설정	ຕັ້ງຄ່າ Order Station	Order Station ဆက်တင်များ	Cài đặt Order Station	Order Station Settings	Order Station Settings	Order Station Settings
select_template_to_download	เลือก Template ที่ต้องการดาวน์โหลด	Select template to download	选择要下载的模板	ダウンロードするテンプレートを選択	ជ្រើសរើសគំរូដើម្បីទាញយក	다운로드할 템플릿 선택	ເລືອກ Template ທີ່ຕ້ອງການດາວໂຫລດ	ဒေါင်းလုဒ်လုပ်လိုသော Template ရွေးပါ	Chọn mẫu cần tải xuống	Select template to download	Select template to download	Select template to download
select_this_product	เลือกสินค้านี้	Select this product	选择此产品	この商品を選択	ជ្រើសរើសផលិតផលនេះ	이 제품 선택	ເລືອກສິນຄ້ານີ້	ဤထုတ်ကုန်ကိုရွေးချယ်မည်	Chọn sản phẩm này	Select this product	Select this product	Select this product
select_timezone	เลือกเขตเวลา	Select Timezone	选择时区	タイムゾーンを選択	ជ្រើសរើសតំបន់ម៉ោង	시간대 선택	ເລືອກເຂດເວລາ	အချိန်ဇုန်ကို ရွေးချယ်ပါ	Chọn múi giờ	Select Timezone	Select Timezone	Select Timezone
select_tools	เลือก Tools	Select Tools	选择工具	ツールを選択	ជ្រើសរើសឧបករណ៍	도구 선택	ເລືອກ Tools	Tools ရွေးပါ	Chọn công cụ	Select Tools	Select Tools	Select Tools
select_transportchannel_template	เลือกช่องทางการจัดส่ง	Select Shipping Channel	选择运输渠道	配送チャネルを選択	ជ្រើសរើសបណ្តាញដឹកជញ្ជូន	배송 채널 선택	ເລືອກຊ່ອງທາງການຂົນສົ່ງ	ပို့ဆောင်ရေးလမ်းကြောင်းကို ရွေးချယ်ပါ	Chọn kênh vận chuyển	Select Shipping Channel	Select Shipping Channel	Select Shipping Channel
select_unit	เลือกหน่วยนับ	Select Unit	选择单位	単位を選択	ជ្រើសរើសឯកតា	단위 선택	ເລືອກຫົວໜ່ວຍ	ယူနစ်ရွေးချယ်ပါ	Chọn đơn vị	Select Unit	Select Unit	Select Unit
select_unit_template	เลือกหน่วยนับ	Select Unit	选择单位	単位を選択	ជ្រើសរើសឯកតា	단위 선택	ເລືອກຫົວໜ່ວຍ	ယူနစ်ရွေးချယ်ပါ	Chọn đơn vị	Select Unit	Select Unit	Select Unit
select_video	เลือกวีดีโอ	Select Video	选择视频	動画を選択	ជ្រើសរើសវីដេអូ	동영상 선택	ເລືອກວິດີໂອ	ဗီဒီယိုရွေးချယ်ပါ	Chọn video	Select Video	Select Video	Select Video
select_warehouse	เลือกคลัง	Select Warehouse	选择仓库	倉庫を選択	ជ្រើសរើសឃ្លាំង	창고 선택	ເລືອກສາງ	သိုလှောင်ရုံရွေးချယ်ပါ	Chọn kho	Select Warehouse	Select Warehouse	Select Warehouse
select_warehouse_and_location	เลือกคลังและที่เก็บ	Select Warehouse and Location	选择仓库和位置	倉庫と場所を選択	ជ្រើសរើសឃ្លាំង និងទីតាំង	창고 및 위치 선택	ເລືອກສາງ ແລະ ທີ່ເກັບ	ဂိုဒေါင်နှင့် တည်နေရာ ရွေးပါ	Chọn kho và vị trí	Select Warehouse and Location	Select Warehouse and Location	Select Warehouse and Location
select_warehouse_for_report	เลือกคลังสินค้าที่ต้องการรายงาน	Select warehouse for report	Select warehouse for report	Select warehouse for report	Select warehouse for report	Select warehouse for report	Select warehouse for report	Select warehouse for report	Select warehouse for report	Select warehouse for report	Select warehouse for report	Select warehouse for report
select_warehouse_for_report_or_show_all	เลือกคลังสินค้าที่ต้องการแสดงในรายงาน หากไม่เลือก ระบบจะแสดงทุกคลังสินค้า	Select warehouse for report. If none selected, all warehouses will be shown	Select warehouse for report. If none selected, all warehouses will be shown	Select warehouse for report. If none selected, all warehouses will be shown	Select warehouse for report. If none selected, all warehouses will be shown	Select warehouse for report. If none selected, all warehouses will be shown	Select warehouse for report. If none selected, all warehouses will be shown	Select warehouse for report. If none selected, all warehouses will be shown	Select warehouse for report. If none selected, all warehouses will be shown	Select warehouse for report. If none selected, all warehouses will be shown	Select warehouse for report. If none selected, all warehouses will be shown	Select warehouse for report. If none selected, all warehouses will be shown
select_warehouse_optional	เลือกคลัง/ที่เก็บ (ไม่บังคับ)	Select warehouse/location (optional)	选择仓库/位置（可选）	倉庫/場所を選択（任意）	ជ្រើសរើសឃ្លាំង/ទីតាំង (មិនចាំបាច់)	창고/위치 선택 (선택사항)	ເລືອກສາງ/ທີ່ເກັບ (ບໍ່ບັງຄັບ)	ဂိုဒေါင်/တည်နေရာ ရွေးပါ (မလိုအပ်)	Chọn kho/vị trí (không bắt buộc)	Select warehouse/location (optional)	Select warehouse/location (optional)	Select warehouse/location (optional)
select_warehouse_or_show_all	เลือกคลังสินค้าที่ต้องการแสดง หรือไม่เลือกเพื่อแสดงทั้งหมด	Select warehouse to display, or leave empty to show all	Select warehouse to display, or leave empty to show all	Select warehouse to display, or leave empty to show all	Select warehouse to display, or leave empty to show all	Select warehouse to display, or leave empty to show all	Select warehouse to display, or leave empty to show all	Select warehouse to display, or leave empty to show all	Select warehouse to display, or leave empty to show all	Select warehouse to display, or leave empty to show all	Select warehouse to display, or leave empty to show all	Select warehouse to display, or leave empty to show all
select_zone	เลือกโซน	Select Zone	Select Zone	Select Zone	Select Zone	Select Zone	Select Zone	Select Zone	Select Zone	Select Zone	Select Zone	Select Zone
selected_cart	ตะกร้าที่เลือก	Selected Cart	已选购物车	選択されたカート	កន្ត្រកដែលបានជ្រើសរើស	선택된 장바구니	ກະຕ່າທີ່ເລືອກ	ရွေးချယ်ထားသော ဈေးခြင်း	Giỏ hàng đã chọn	Selected Cart	Selected Cart	Selected Cart
selected_count	เลือกแล้ว	Selected	已选择	選択済み	បានជ្រើសរើស	선택됨	ເລືອກແລ້ວ	ရွေးချယ်ပြီး	Đã chọn	Selected	Selected	Selected
selected_customers	ลูกค้าที่เลือก	Selected Customers	Selected Customers	Selected Customers	Selected Customers	Selected Customers	Selected Customers	Selected Customers	Selected Customers	Selected Customers	Selected Customers	Selected Customers
selected_items	เลือกแล้ว {count} รายการ	{count} items selected	已选择 {count} 项	{count} 件選択済み	បានជ្រើស {count} ធាតុ	{count}개 항목 선택됨	ເລືອກແລ້ວ {count} ລາຍການ	{count} ခု ရွေးချယ်ပြီး	Đã chọn {count} mục	{count} items selected	{count} items selected	{count} items selected
selected_products	เลือกสินค้า	Selected products	选定的产品	選択した商品	ផលិតផលដែលបានជ្រើសរើស	선택한 제품	ເລືອກສິນຄ້າ	ရွေးချယ်ထားသောထုတ်ကုန်များ	Sản phẩm đã chọn	Selected products	Selected products	Selected products
selected_shop	เลือกข้อมูล	select	select	select	select	select	select	select	select	select	select	select
selected_values_summary	สรุปค่าที่เลือก	Selected Values Summary	Selected Values Summary	Selected Values Summary	Selected Values Summary	Selected Values Summary	Selected Values Summary	Selected Values Summary	Selected Values Summary	Selected Values Summary	Selected Values Summary	Selected Values Summary
sell	ขาย	Sell	销售	販売	លក់	판매	ຂາຍ	ရောင်း	Bán	Sell	Sell	Sell
seller	ผู้ขาย	Seller	卖方	販売者	អ្នកលក់	판매자	ຜູ້ຂາຍ	ရောင်းသူ	Người bán	Seller	Seller	Seller
seller_code	รหัสผู้ขาย	Seller Code	Seller Code	Seller Code	Seller Code	Seller Code	Seller Code	Seller Code	Seller Code	Seller Code	Seller Code	Seller Code
seller_name	ชื่อผู้ขาย	Seller Name	Seller Name	Seller Name	Seller Name	Seller Name	Seller Name	Seller Name	Seller Name	Seller Name	Seller Name	Seller Name
selling_price	ราคาขาย	Selling price	销售价格	販売価格	តម្លៃលក់	판매 가격	ລາຄາຂາຍ	ရောင်းချမှုစျေးနှုန်း	Giá bán	Selling price	Selling price	Selling price
send	บันทึกนำส่งเงิน	Money Settlement Keyin	汇款记录	送金記録	កំណត់ត្រាការទូទាត់ប្រាក់	송금 기록	ບັນທຶກການນໍາສົ່ງເງິນ	ငွေပေးချေမှုမှတ်တမ်း	Ghi nhận chuyển tiền	Money Settlement Keyin	Money Settlement Keyin	Money Settlement Keyin
send_cash	เงินสด	Cash	现金	現金	សាច់ប្រាក់	현금	ເງິນສົດ	ငွေသား	Tiền mặt	Cash	Cash	Cash
send_coupon	คูปอง	coupon	优惠券	coupon	coupon	coupon	ຄູປອງ	coupon	coupon	coupon	coupon	coupon
send_credit	บัตรเครดิต	Credit card	信用卡	クレジットカード	កាតឥណទាន	신용카드	ສົ່ງ-ຕິດໜີ້	ခရက်ဒິດကတ်	Thẻ tín dụng	Credit card	Credit card	Credit card
send_failed	ไม่สำเร็จ	Failed	失败	失敗	បរាជ័យ	실패	ບໍ່ສຳເລັດ	မအောင်မြင်ပါ	Thất bại	Failed	Failed	Failed
send_money	ส่งเงิน	Money Settle	寄钱	送金	ផ្ញើប្រាក់	송금	ສົ່ງເງິນ	ငွေပို့ရန်	Gửi tiền	Money Settle	Money Settle	Money Settle
send_notification_failed	ไม่สามารถส่งคำเตือนได้	Unable to send notification	无法发送通知	通知を送信できませんでした	មិនអាចផ្ញើការជូនដំណឹងបានទេ	알림을 보낼 수 없습니다	ບໍ່ສາມາດສົ່ງຄຳເຕືອນໄດ້	အသိပေးချက် ပို့၍ မရပါ	Không thể gửi thông báo	Unable to send notification	Unable to send notification	Unable to send notification
send_notification_success	ส่งคำเตือนสำเร็จ	Notification sent successfully	通知发送成功	通知を送信しました	បានផ្ញើការជូនដំណឹងដោយជោគជ័យ	알림이 전송되었습니다	ສົ່ງຄຳເຕືອນສຳເລັດ	အသိပေးချက် အောင်မြင်စွာ ပို့ပြီး	Gửi thông báo thành công	Notification sent successfully	Notification sent successfully	Notification sent successfully
send_promtpay	พร้อมเพย์	PromptPay	即时付款	PromptPay	PromptPay	PromptPay	ຈ່າຍໄວ	PromptPay	PromptPay	PromptPay	PromptPay	PromptPay
send_reminder	ส่งคำเตือน	Send Reminder	发送提醒	リマインダーを送信	ផ្ញើការរំលឹក	알림 보내기	ສົ່ງຄຳເຕືອນ	သတိပေးချက် ပို့မည်	Gửi nhắc nhở	Send Reminder	Send Reminder	Send Reminder
send_success	ส่งสำเร็จ	Sent Successfully	发送成功	送信成功	បានផ្ញើដោយជោគជ័យ	전송 성공	ສົ່ງສຳເລັດ	အောင်မြင်စွာ ပို့ပြီး	Gửi thành công	Sent Successfully	Sent Successfully	Sent Successfully
send_test_message	ส่งข้อความทดสอบ	Send Test Message	Send Test Message	Send Test Message	Send Test Message	Send Test Message	Send Test Message	Send Test Message	Send Test Message	Send Test Message	Send Test Message	Send Test Message
send_to_system	ส่งเข้าระบบ	Send to System	发送到系统	システムに送信	ផ្ញើទៅប្រព័ន្ធ	시스템으로 전송	ສົ່ງເຂົ້າລະບົບ	စနစ်သို့ ပို့ပါ	Gửi vào hệ thống	Send to System	Send to System	Send to System
send_total	รวมมูลค่านำส่ง	Total Settlement	总交货值	総決済額	ការទូទាត់សរុប	총 결제액	ລວມມູນຄ່າຈັດສົ່ງທັງໝົດ	စုစုပေါင်းပေးချေမှု	Tổng thanh toán	Total Settlement	Total Settlement	Total Settlement
send_transfer	เงินโอน	Money Transfer	转账	送金	ផ្ទេរប្រាក់	송금	ໂອນເງິນ	ငွေလွှဲ	Chuyển tiền	Money Transfer	Money Transfer	Money Transfer
send_wallet	เงินโอน	Wallet Transfer	钱包转账	ウォレット送金	ផ្ទេរកាបូប	지갑 송금	ໂອນກະເປົາເງິນ	ပိုက်ဆံအိတ်လွှဲပြောင်း	Chuyển ví	Wallet Transfer	Wallet Transfer	Wallet Transfer
sender	ผู้ส่ง	Sender	发送方	送信者	អ្នកផ្ញើ	발신자	ຜູ້ສົ່ງ	ပေးပို့သူ	Người gửi	Sender	Sender	Sender
sender_bank	ธนาคารผู้ส่ง	Sender Bank	发送方银行	送金元銀行	ធនាគារអ្នកផ្ញើ	발신 은행	ທະນາຄານຜູ້ສົ່ງ	ပေးပို့သူဘဏ်	Ngân hàng người gửi	Sender Bank	Sender Bank	Sender Bank
sending	กำลังส่ง...	Sending...	Sending...	Sending...	Sending...	Sending...	Sending...	Sending...	Sending...	Sending...	Sending...	Sending...
sending_request	กำลังส่งคำขอ	Sending request	正在发送请求	リクエスト送信中	កំពុងផ្ញើសំណើ	요청 전송 중	ກຳລັງສົ່ງຄຳຂໍ	တောင်းဆိုမှု ပေးပို့နေသည်	Đang gửi yêu cầu	Sending request	Sending request	Sending request
sending_request_to_server	กำลังส่งคำขอไปยัง Server	Sending request to server	正在向服务器发送请求	サーバーにリクエスト送信中	កំពុងផ្ញើសំណើទៅ Server	서버로 요청 전송 중	ກຳລັງສົ່ງຄຳຂໍໄປ Server	Server သို့ တောင်းဆိုမှု ပေးပို့နေသည်	Đang gửi yêu cầu đến server	Sending request to server	Sending request to server	Sending request to server
sending_test_message	กำลังส่งข้อความทดสอบ...	Sending test message...	Sending test message...	Sending test message...	Sending test message...	Sending test message...	Sending test message...	Sending test message...	Sending test message...	Sending test message...	Sending test message...	Sending test message...
sequence	ลำดับ	Sequence	序列	番号	ល.រ	순번	ລໍາດັບ	စဥ်	STT	Sequence	Sequence	Sequence
sequence_number	ลำดับ	No.	序号	番号	លេខរៀង	번호	ລຳດັບ	အမှတ်	STT	No.	No.	No.
serch_branch	ค้นหาสาขา	Search Branch	搜索分店	支店を検索	ស្វែងរកសាខា	지점 검색	ຄົ້ນຫາສາຂາ	ဆိုင်ခွဲရှာဖွေရန်	Tìm kiếm chi nhánh	Search Branch	Search Branch	Search Branch
serch_employee	ค้นหาพนักงาน	Search Employee	搜索员工	従業員を検索	ស្វែងរកបុគ្គលិក	직원 검색	ຄົ້ນຫາພະນັກງານ	ဝန်ထမ်းရှာဖွေရန်	Tìm kiếm nhân viên	Search Employee	Search Employee	Search Employee
serch_qrcode	ค้นหา QR CODE	QR Code Search	二维码 搜索	QRコード 検索	កូដ QR ស្វែងរក	QR 코드 검색	QR CODE ຄົ້ນຫາ	QR ကုດ ရှာဖွေ	Mã QR Tìm kiếm	QR Code Search	QR Code Search	QR Code Search
serch_sale_channel	ค้นหาช่องทางการขาย	Search Sales Channel	搜索销售渠道	販売チャネルを検索	ស្វែងរកបណ្តាញលក់	판매 채널 검색	ຄົ້ນຫາຊ່ອງທາງການຂາຍ	အရောင်းလမ်းကြောင်းရှာဖွေရန်	Tìm kiếm kênh bán hàng	Search Sales Channel	Search Sales Channel	Search Sales Channel
server_connection_error	เซิร์ฟเวอร์ไม่สามารถเชื่อมต่อได้ กรุณาลองใหม่อีกครั้ง	Server connection error. Please try again.	服务器连接失败，请重试	サーバー接続エラー。もう一度お試しください。	កំហុសការតភ្ជាប់ម៉ាស៊ីនមេ។ សូមព្យាយាមម្តងទៀត។	서버 연결 오류. 다시 시도해 주세요.	ເຊີບເວີບໍ່ສາມາດເຊື່ອມຕໍ່ໄດ້ ກະລຸນາລອງໃໝ່	ဆာဗာချိတ်ဆက်မှုအမှား။ ထပ်ကြိုးစားပါ။	Lỗi kết nối máy chủ. Vui lòng thử lại.	Server connection error. Please try again.	Server connection error. Please try again.	Server connection error. Please try again.
servicecharge	Service charge	Service charge	Service charge	Service charge	Service charge	Service charge	Service charge	Service charge	Service charge	Service charge	Service charge	Service charge
set_amount	กำหนดยอด	Set	设定	設定	កំណត់	설정	ກຳນົດ	သတ်မှတ်	Thiết lập	Set	Set	Set
set_approval_conditions_by_amount	กำหนดเงื่อนไขการอนุมัติตามวงเงิน	Set approval conditions by amount	Set approval conditions by amount	Set approval conditions by amount	Set approval conditions by amount	Set approval conditions by amount	Set approval conditions by amount	Set approval conditions by amount	Set approval conditions by amount	Set approval conditions by amount	Set approval conditions by amount	Set approval conditions by amount
set_background	ตั้งพื้นหลัง	Set Background	设置背景	背景を設定	កំណត់ផ្ទៃខាងក្រោយ	배경 설정	ຕັ້ງພື້ນຫລັງ	နောက်ခံ သတ်မှတ်ပါ	Đặt nền	Set Background	Set Background	Set Background
set_conditions_to_view_data	กำหนดเงื่อนไขการค้นหาเพื่อดูข้อมูล	Set search conditions to view data	设置搜索条件以查看数据	データを表示する検索条件を設定	កំណត់លក្ខខណ្ឌស្វែងរកដើម្បីមើលទិន្នន័យ	데이터를 보려면 검색 조건을 설정하세요	ກຳນົດເງື່ອນໄຂການຄົ້ນຫາເພື່ອເບິ່ງຂໍ້ມູນ	ဒေတာကြည့်ရန် ရှာဖွေမှုစည်းကမ်းများသတ်မှတ်ပါ	Đặt điều kiện tìm kiếm để xem dữ liệu	Set search conditions to view data	Set search conditions to view data	Set search conditions to view data
set_coupons	กำหนดคูปอง	Set Coupons	设置优惠券	クーポン設定	កំណត់គូប៉ុង	쿠폰 설정	ກຳນົດຄູປອງ	ကူပွန်သတ်မှတ်ရန်	Thiết lập phiếu giảm giá	Set Coupons	Set Coupons	Set Coupons
set_debt_from_gradual_receipt	ตั้งหนี้จากการทยอยรับสินค้า	Set Debt from Gradual Receipt	从逐步收货设置债务	段階的受領から債務設定	កំណត់បំណុលពីការទទួលជាជំហាន	점진적 수령에서 부채 설정	ຕັ້ງໜີ້ຈາກການທີ່ຍອຍຮັບສິນຄ້າ	အဆင့်ဆင့်လက်ခံမှုမှကြွေးတင်ရန်	Thiết lập nợ từ nhận hàng dần	Set Debt from Gradual Receipt	Set Debt from Gradual Receipt	Set Debt from Gradual Receipt
set_exchange_rate	ตั้งค่าอัตราแลกเปลี่ยน	Set Exchange Rate	设置汇率	為替レートを設定	កំណត់អត្រាប្តូរប្រាក់	환율 설정	ຕັ້ງຄ່າອັດຕາແລກປ່ຽນ	ငွေလဲနှုန်းသတ်မှတ်	Thiết lập tỷ giá	Set Exchange Rate	Set Exchange Rate	Set Exchange Rate
set_loyalty_points	กำหนดแต้มสะสม	Set Loyalty Points	设置积分	ポイント設定	កំណត់ពិន្ទុសន្សំ	적립 포인트 설정	ກຳນົດແຕ້ມສະສົມ	သစ္စာခံမှတ်မှတ်သတ်မှတ်ရန်	Thiết lập điểm thưởng	Set Loyalty Points	Set Loyalty Points	Set Loyalty Points
set_permissions_by_branch	กำหนดสิทธิ์ตามสาขา	Set permissions by branch	按分支设置权限	支店ごとに権限を設定	កំណត់សិទ្ធិតាមសាខា	지점별 권한 설정	ກຳນົດສິດຕາມສາຂາ	ဌာနခွဲအလိုက် ခွင့်ပြုချက်သတ်မှတ်ပါ	Đặt quyền theo chi nhánh	Set permissions by branch	Set permissions by branch	Set permissions by branch
set_point_rate_and_value	ตั้งค่าอัตราแต้มและมูลค่า	Set point rate and value	设置积分比率和价值	ポイントレートと価値を設定	កំណត់អត្រាពិន្ទុនិងតម្លៃ	포인트 비율 및 가치 설정	ຕັ້ງຄ່າອັດຕາແຕ້ມແລະມູນຄ່າ	အမှတ်နှုန်းနှင့်တန်ဖိုးသတ်မှတ်	Đặt tỷ lệ và giá trị điểm	Set point rate and value	Set point rate and value	Set point rate and value
set_search_conditions	ตั้งค่าเงื่อนไขการค้นหา	Set Search Conditions	设置搜索条件	検索条件を設定	កំណត់លក្ខខណ្ឌស្វែងរក	검색 조건 설정	ຕັ້ງເງື່ອນໄຂການຄົ້ນຫາ	ရှာဖွေမှုစည်းကမ်းများသတ်မှတ်ပါ	Đặt điều kiện tìm kiếm	Set Search Conditions	Set Search Conditions	Set Search Conditions
set_search_conditions_to_view_data	กำหนดเงื่อนไขการค้นหาเพื่อดูข้อมูล	Set search conditions to view data	设置搜索条件以查看数据	データを表示するための検索条件を設定	កំណត់លក្ខខណ្ឌស្វែងរកដើម្បីមើលទិន្នន័យ	데이터를 보려면 검색 조건 설정	ກຳນົດເງື່ອນໄຂການຄົ້ນຫາເພື່ອເບິ່ງຂໍ້ມູນ	ဒေတာကြည့်ရှုရန် ရှာဖွေမှုအခြေအနေများသတ်မှတ်ပါ	Đặt điều kiện tìm kiếm để xem dữ liệu	Set search conditions to view data	Set search conditions to view data	Set search conditions to view data
setting	ตั้งค่า	Settings	Settings	Settings	Settings	Settings	Settings	Settings	Settings	Settings	Settings	Settings
settings	ตั้งค่า	Settings	设置	設定	ការកំណត់	설정	ການຕັ້ງຄ່າ	ဆက်တင်များ	Cài đặt	Settings	Settings	Settings
setup	ตั้งค่า	Setup	设置	設定	ការកំណត់	설정	ຕັ້ງຄ່າ	ပြင်ဆင်	Cài đặt	Setup	Setup	Setup
shelf	ชั้นวาง	Shelf	货架	棚	ធ្នើ	선반	ຊັ້ນວາງ	စင်	Kệ	Shelf	Shelf	Shelf
shelf_add	เพิ่มชั้นวาง	Add Shelf	添加货架	棚を追加	បន្ថែមធ្នើ	선반 추가	ເພີ່ມຊັ້ນວາງ	စင်ထည့်ရန်	Thêm kệ	Add Shelf	Add Shelf	Add Shelf
shelf_code	รหัสชั้นวาง	Shelf Code	货架代码	棚コード	កូដធ្នើ	선반 코드	ລະຫັດຊັ້ນວາງ	စင်ကုဒ်	Mã kệ	Shelf Code	Shelf Code	Shelf Code
shelf_code_1	รหัสชั้นวาง 1	Shelf Code 1	货架代码 1	棚コード 1	កូដធ្នើ 1	선반 코드 1	ລະຫັດຊັ້ນວາງ 1	စင်ကုဒ် 1	Mã kệ 1	Shelf Code 1	Shelf Code 1	Shelf Code 1
shelf_code_2	รหัสชั้นวาง 2	Shelf Code 2	货架代码 2	棚コード 2	កូដធ្នើ 2	선반 코드 2	ລະຫັດຊັ້ນວາງ 2	စင်ကုဒ် 2	Mã kệ 2	Shelf Code 2	Shelf Code 2	Shelf Code 2
shelf_name	ชื่อชั้นวาง	Shelf Name	货架名称	棚名	ឈ្មោះធ្នើ	선반 이름	ຊື່ຊັ້ນວາງ	စင်အမည်	Tên kệ	Shelf Name	Shelf Name	Shelf Name
shelf_not_found	ไม่พบชั้นวาง	Shelf not found	未找到货架	棚が見つかりません	រកមិនឃើញធ្នើ	선반을 찾을 수 없습니다	ບໍ່ພົບຊັ້ນວາງ	စင် ရှာမတွေ့ပါ	Không tìm thấy kệ	Shelf not found	Shelf not found	Shelf not found
shelf_products_count	สินค้าในชั้นวาง	Shelf Products	Shelf Products	Shelf Products	Shelf Products	Shelf Products	Shelf Products	Shelf Products	Shelf Products	Shelf Products	Shelf Products	Shelf Products
shelf_update_failed	อัปเดตข้อมูลไม่สำเร็จ	Update failed	更新失败	更新に失敗しました	ការធ្វើបច្ចុប្បន្នភាពបានបរាជ័យ	업데이트 실패	ອັບເດດຂໍ້ມູນບໍ່ສຳເລັດ	မွမ်းမံခြင်းမအောင်မြင်ပါ	Cập nhật thất bại	Update failed	Update failed	Update failed
shelf_update_success	อัปเดตข้อมูลชั้นวางสำเร็จ	Shelf updated successfully	货架更新成功	棚の更新に成功しました	ធ្នើត្រូវបានធ្វើបច្ចុប្បន្នភាពដោយជោគជ័យ	선반이 성공적으로 업데이트되었습니다	ອັບເດດຂໍ້ມູນຊັ້ນວາງສຳເລັດ	စင်အချက်အလက်မွမ်းမံခြင်းအောင်မြင်ပါသည်	Cập nhật kệ thành công	Shelf updated successfully	Shelf updated successfully	Shelf updated successfully
ship_to_address	ที่อยู่จัดส่ง	Ship-to Address	送货地址	配送先住所	អាសយដ្ឋានដឹកជញ្ជូន	배송지 주소	ທີ່ຢູ່ຈັດສົ່ງ	ပို့ဆောင်ရန်လိပ်စာ	Địa chỉ giao hàng	Ship-to Address	Ship-to Address	Ship-to Address
shipping_address_1	ที่อยู่ส่งสินค้า 1	Shipping Address 1	送货地址 1	配送先住所 1	អាសយដ្ឋានដឹកជញ្ជូន 1	배송 주소 1	ທີ່ຢູ່ຈັດສົ່ງ 1	ပို့ဆောင်ရန်ລိပ်စာ 1	Địa chỉ giao hàng 1	Shipping Address 1	Shipping Address 1	Shipping Address 1
shipping_address_2	ที่อยู่ส่งสินค้า 2	Shipping Address 2	送货地址 2	配送先住所 2	អាសយដ្ឋានដឹកជញ្ជូន 2	배송 주소 2	ທີ່ຢູ່ຈັດສົ່ງ 2	ပို့ဆောင်ရန်ລိပ်စာ 2	Địa chỉ giao hàng 2	Shipping Address 2	Shipping Address 2	Shipping Address 2
shipping_address_3	ที่อยู่ส่งสินค้า 3	Shipping Address 3	送货地址 3	配送先住所 3	អាសយដ្ឋានដឹកជញ្ជូន 3	배송 주소 3	ທີ່ຢູ່ຈັດສົ່ງ 3	ပို့ဆောင်ရန်ລိပ်စာ 3	Địa chỉ giao hàng 3	Shipping Address 3	Shipping Address 3	Shipping Address 3
shipping_telephone_primary	หมายเลขโทรศัพท์ที่ส่งสินค้า	Shipping Telephone Number	号码โทรศัพท์ที่ส่งสินค้า	配送先電話番号	លេខទូរស័ព្ទដឹកជញ្ជូន	배송 전화번호	ເບີໂທລະສັບຈັດສົ່ງ	ပို့ဆောင်ရန် ဖုန်းနံပါတ်	Số โทรศัพท์ giao hàng	Shipping Telephone Number	Shipping Telephone Number	Shipping Telephone Number
shipping_telephone_secondary	หมายเลขโทรศัพท์สำรองที่ส่งสินค้า	Secondary Shipping Telephone Number	备用送货电话号码	配送先予備電話番号	លេខទូរស័ព្ទដឹកជញ្ជូនបន្ទាប់បន្សំ	보조 배송 전화번호	ເບີໂທລະສັບຈັດສົ່ງສຳຮອງ	ဒုတိယပို့ဆောင်ရန် ဖုန်းနံပါတ်	Số điện thoại giao hàng phụ	Secondary Shipping Telephone Number	Secondary Shipping Telephone Number	Secondary Shipping Telephone Number
shop	บริษัท	Shop	商店	店舗	ហាង	매장	ຮ້ານ	ဆိုင်	Cửa hàng	Shop	Shop	Shop
shop_count	จำนวนบริษัททั้งหมด	Total Shops	商店总数	店舗総数	ហាងសរុប	총 매장 수	ຈຳນວນຮ້ານທັງໝົດ	ဆိုင်စုစုပေါင်း	Tổng số cửa hàng	Total Shops	Total Shops	Total Shops
shop_from_production	ร้านค้าจาก Production	Shops from Production	来自生产环境的商店	本番環境の店舗	ហាងពី Production	프로덕션 매장	ຮ້ານຄ້າຈາກ Production	Production မှ ဆိုင်များ	Cửa hàng từ Production	Shops from Production	Shops from Production	Shops from Production
shop_name	ร้าน	Shop Name	商店名称	店舗名	ឈ្មោះហាង	매장 이름	ຊື່ຮ້ານ	ဆိုင်အမည်	Tên cửa hàng	Shop Name	Shop Name	Shop Name
shop_not_found	ไม่พบร้านค้า	Shop not found	未找到商店	店舗が見つかりません	រកមិនឃើញហាង	매장을 찾을 수 없습니다	ບໍ່ພົບຮ້ານຄ້າ	ဆိုင် ရှာမတွေ့ပါ	Không tìm thấy cửa hàng	Shop not found	Shop not found	Shop not found
shopping_cart	ตะกร้าสินค้า	Shopping Cart	购物车	ショッピングカート	រទេះទំនិញ	장바구니	ກະຕ່າສິນຄ້າ	ဈေးဝယ်ခြင်းတောင်း	Giỏ hàng	Shopping Cart	Shopping Cart	Shopping Cart
shopping_cart_system	ระบบตะกร้าสินค้า	Shopping Cart System	购物车系统	ショッピングカートシステム	ប្រព័ន្ធរទេះទិញទំនិញ	장바구니 시스템	ລະບົບກະຕ່າສິນຄ້າ	စျေးဝယ်ခြင်းစနစ်	Hệ thống giỏ hàng	Shopping Cart System	Shopping Cart System	Shopping Cart System
show	แสดง	Show	展示	表示	បង្ហាញ	표시	ສະແດງລາຍລະອຽດ	ပြသ	Hiển thị	Show	Show	Show
show_as_grid	แสดงแบบกริด	Show as Grid	网格显示	グリッド表示	បង្ហាញជាក្រឡា	그리드 보기	ສະແດງແບບກຣິດ	ဂရစ်ပုံစံ ပြပါ	Hiển thị dạng lưới	Show as Grid	Show as Grid	Show as Grid
show_as_list	แสดงแบบรายการ	Show as List	列表显示	リスト表示	បង្ហាញជាបញ្ជី	목록 보기	ສະແດງແບບລາຍການ	စာရင်းပုံစံ ပြပါ	Hiển thị dạng danh sách	Show as List	Show as List	Show as List
show_as_table	แสดงแบบตาราง	Show as Table	Show as Table	Show as Table	Show as Table	Show as Table	Show as Table	Show as Table	Show as Table	Show as Table	Show as Table	Show as Table
show_border	แสดงกรอบ	Show Border	Show Border	Show Border	Show Border	Show Border	Show Border	Show Border	Show Border	Show Border	Show Border	Show Border
show_cancelled_documents	แสดงเอกสารยกเลิก	Show Cancelled Documents	Show Cancelled Documents	Show Cancelled Documents	Show Cancelled Documents	Show Cancelled Documents	Show Cancelled Documents	Show Cancelled Documents	Show Cancelled Documents	Show Cancelled Documents	Show Cancelled Documents	Show Cancelled Documents
show_detail	แสดงรายละเอียด	Show Details	显示详情	詳細を表示	បង្ហាញព័ត៌មានលម្អិត	상세 표시	ສະແດງລາຍລະອຽດ	အသေးစိတ်ပြပါ	Hiển thị chi tiết	Show Details	Show Details	Show Details
show_filter_panel	แสดงแผงตัวกรอง	Show Filter Panel	显示筛选面板	フィルターパネルを表示	បង្ហាញបន្ទះតម្រង	필터 패널 표시	ສະແດງແຜງຕົວກອງ	စစ်ထုတ်မှု panel ကိုပြပါ	Hiển thị bảng lọc	Show Filter Panel	Show Filter Panel	Show Filter Panel
show_hide_tips	แสดง/ซ่อนคำแนะนำ	Show/Hide Tips	Show/Hide Tips	Show/Hide Tips	Show/Hide Tips	Show/Hide Tips	Show/Hide Tips	Show/Hide Tips	Show/Hide Tips	Show/Hide Tips	Show/Hide Tips	Show/Hide Tips
show_hide_usage_guide	แสดง/ซ่อน คำอธิบายการใช้งาน	Show/Hide Usage Guide	Show/Hide Usage Guide	Show/Hide Usage Guide	Show/Hide Usage Guide	Show/Hide Usage Guide	Show/Hide Usage Guide	Show/Hide Usage Guide	Show/Hide Usage Guide	Show/Hide Usage Guide	Show/Hide Usage Guide	Show/Hide Usage Guide
show_image	แสดงรูปภาพ	Show Image	Show Image	Show Image	Show Image	Show Image	Show Image	Show Image	Show Image	Show Image	Show Image	Show Image
show_iscancel	แสดงเอกสารที่ถูกยกเลิก	Show Cancelled Documents	显示已取消文档	キャンセルされたドキュメントを表示	បង្ហាញឯកសារដែលបានបោះបង់	취소된 문서 표시	ສະແດງເອກະສານທີ່ຖືກຍົກເລີກ	ပယ်ဖျက်ထားသော စာရွက်စာတမ်းများကို ပြပါ	Hiển thị tài liệu đã hủy	Show Cancelled Documents	Show Cancelled Documents	Show Cancelled Documents
show_iscost	แสดงต้นทุนสินค้า	Show Product Cost	显示产品成本	商品コストを表示	បង្ហាញថ្លៃដើមផលិតផល	상품 원가 표시	ສະແດງຕົ້ນທຶນສິນຄ້າ	ကုန်ပစ္စည်းတန်ဖိုးပြပါ	Hiển thị giá vốn hàng hóa	Show Product Cost	Show Product Cost	Show Product Cost
show_item_sequence	แสดงลำดับรายการ	Show Item Sequence	显示项目序号	アイテム順序を表示	បង្ហាញលំដាប់ធាតុ	항목 순서 표시	ສະແດງລຳດັບລາຍການ	ပစ္စည်းအစဉ်ပြပါ	Hiển thị thứ tự mục	Show Item Sequence	Show Item Sequence	Show Item Sequence
show_items	แสดงรายการ	Show Items	Show Items	Show Items	Show Items	Show Items	Show Items	Show Items	Show Items	Show Items	Show Items	Show Items
show_items_range	แสดง	Show	显示	表示	បង្ហាញ	표시	ສະແດງ	ပြ	Hiển thị	Show	Show	Show
show_only_with_balance	แสดงเฉพาะสินค้าที่มียอดคงเหลือ	Show only products with balance	Show only products with balance	Show only products with balance	Show only products with balance	Show only products with balance	Show only products with balance	Show only products with balance	Show only products with balance	Show only products with balance	Show only products with balance	Show only products with balance
show_only_with_balance_or_all	เลือกแสดงเฉพาะสินค้าที่มียอดคงเหลือหรือแสดงทั้งหมด	Show only products with balance or show all	Show only products with balance or show all	Show only products with balance or show all	Show only products with balance or show all	Show only products with balance or show all	Show only products with balance or show all	Show only products with balance or show all	Show only products with balance or show all	Show only products with balance or show all	Show only products with balance or show all	Show only products with balance or show all
show_preview	แสดง Preview	Show Preview	显示预览	プレビューを表示	បង្ហាញការមើលជាមុន	미리보기 표시	ສະແດງ Preview	Preview ပြရန်	Hiện xem trước	Show Preview	Show Preview	Show Preview
show_product_bom	ดูสูตรการผลิต	Production Recipe View	生产配方 查看	製造レシピ 表示	រូបមន្តផលិតកម្ម មើល	생산 레시피 보기	ສູດການຜະລິດ ເບິ່ງ	ထုတ်လုပ်မှုချက်ပြုတ်နည်း ကြည့်	Công thức sản xuất Xem	Production Recipe View	Production Recipe View	Production Recipe View
show_product_sub_items	แสดงรายการย่อย (สินค้า)	Show Sub Items (Products)	Show Sub Items (Products)	Show Sub Items (Products)	Show Sub Items (Products)	Show Sub Items (Products)	Show Sub Items (Products)	Show Sub Items (Products)	Show Sub Items (Products)	Show Sub Items (Products)	Show Sub Items (Products)	Show Sub Items (Products)
show_sum_by_date	แสดงยอดรวมตามวัน	Show Sum by Date	按日期显示总计	日付別合計を表示	បង្ហាញសរុបតាមកាលបរិច្ឆេទ	날짜별 합계 표시	ສະແດງຍອດລວມຕາມວັນທີ	ရက်စွဲအလိုက် စုစုပေါင်းပြပါ	Hiển thị tổng theo ngày	Show Sum by Date	Show Sum by Date	Show Sum by Date
show_time_for_sale	แสดงเวลาการขาย	Show Sale Time	显示销售时间	販売時間を表示	បង្ហាញពេលវេលាលក់	판매 시간 표시	ສະແດງເວລາຂາຍ	အရောင်းအချိန်ပြပါ	Hiển thị thời gian bán hàng	Show Sale Time	Show Sale Time	Show Sale Time
showing	แสดง	Showing	显示	表示中	កំពុងបង្ហាញ	표시 중	ສະແດງ	ပြသနေသည်	Đang hiển thị	Showing	Showing	Showing
showing_items	แสดง	Showing	显示	表示	កំពុងបង្ហាញ	표시	ສະແດງ	ပြသနေသည်	Hiển thị	Showing	Showing	Showing
signin	ลงชื่อเข้าใช้งาน	Sign in	Sign in	Sign in	Sign in	Sign in	Sign in	Sign in	Sign in	Sign in	Sign in	Sign in
signin_desciption	ใช้อีเมลหรือบริการอื่นของคุณเพื่อใช้งาน Dede account	Use your email or another service to use your Dede account.	Use your email or another service to use your Dede account.	Dedeアカウントを使用するには、メールまたは他のサービスを使用してください。	ប្រើអ៊ីមែលរបស់អ្នក ឬសេវាកម្មផ្សេងទៀតដើម្បីប្រើគណនី Dede របស់អ្នក។	Dede 계정을 사용하려면 이메일이나 다른 서비스를 사용하세요.	ໃຊ້ອີເມວ ຫຼື ບໍລິການອື່ນຂອງທ່ານເພື່ອໃຊ້ບັນຊີ Dede ຂອງທ່ານ.	သင့် Dede အကောင့်ကို အသုံးပြုရန် သင့်အီးမေးလ် သို့မဟုတ် အခြားဝန်ဆောင်မှုကို အသုံးပြုပါ။	Sử dụng email của bạn hoặc dịch vụ khác để sử dụng tài khoản Dede của bạn.	Use your email or another service to use your Dede account.	Use your email or another service to use your Dede account.	Use your email or another service to use your Dede account.
signup	ลงทะเบียนเข้าใช้งาน	Sign up	Sign up	Sign up	Sign up	Sign up	Sign up	Sign up	Sign up	Sign up	Sign up	Sign up
signUp	สมัครสมาชิก	Sign up	注册	新規登録	ចុះឈ្មោះ	회원가입	ສະໝັກສະມາຊິກ	အကောင့်ဖွင့်ရန်	Đăng ký	Daftar	Daftar	Mag-sign up
signUpDescription	สำหรับผู้ใช้ใหม่ที่ต้องการเข้าสู่ระบบด้วยชื่อผู้ใช้และรหัสผ่าน	For new users who want to sign in with username and password.	适用于想使用用户名和密码登录的新用户。	ユーザー名とパスワードでログインしたい新規ユーザー向けです。	សម្រាប់អ្នកប្រើថ្មីដែលចង់ចូលដោយឈ្មោះអ្នកប្រើ និងពាក្យសម្ងាត់។	사용자 이름과 비밀번호로 로그인하려는 신규 사용자용입니다.	ສຳລັບຜູ້ໃຊ້ໃໝ່ທີ່ຕ້ອງການເຂົ້າລະບົບດ້ວຍຊື່ຜູ້ໃຊ້ ແລະ ລະຫັດຜ່ານ.	အသုံးပြုသူအမည်နှင့် စကားဝှက်ဖြင့် ဝင်လိုသော အသုံးပြုသူအသစ်များအတွက်။	Dành cho người dùng mới muốn đăng nhập bằng tên người dùng và mật khẩu.	Untuk pengguna baharu yang mahu log masuk dengan nama pengguna dan kata laluan.	Untuk pengguna baru yang ingin masuk dengan nama pengguna dan kata sandi.	Para sa bagong user na gustong mag-login gamit ang username at password.
displayName	ชื่อที่แสดง	Display name	显示名称	表示名	ឈ្មោះបង្ហាញ	표시 이름	ຊື່ທີ່ສະແດງ	ပြသမည့်အမည်	Tên hiển thị	Nama paparan	Nama tampilan	Display name
confirmPassword	ยืนยันรหัสผ่าน	Confirm password	确认密码	パスワード確認	បញ្ជាក់ពាក្យសម្ងាត់	비밀번호 확인	ຢືນຢັນລະຫັດຜ່ານ	စကားဝှက်အတည်ပြုပါ	Xác nhận mật khẩu	Sahkan kata laluan	Konfirmasi kata sandi	Kumpirmahin ang password
change_password	เปลี่ยนรหัสผ่าน	Change password	更改密码	パスワードを変更	ប្ដូរពាក្យសម្ងាត់	비밀번호 변경	ປ່ຽນລະຫັດຜ່ານ	စကားဝှက်ပြောင်းရန်	Đổi mật khẩu	Tukar kata laluan	Ubah kata sandi	Palitan ang password
current_password	รหัสผ่านปัจจุบัน	Current password	当前密码	現在のパスワード	ពាក្យសម្ងាត់បច្ចុប្បន្ន	현재 비밀번호	ລະຫັດຜ່ານປັດຈຸບັນ	လက်ရှိစကားဝှက်	Mật khẩu hiện tại	Kata laluan semasa	Kata sandi saat ini	Kasalukuyang password
new_password	รหัสผ่านใหม่	New password	新密码	新しいパスワード	ពាក្យសម្ងាត់ថ្មី	새 비밀번호	ລະຫັດຜ່ານໃໝ່	စကားဝှက်အသစ်	Mật khẩu mới	Kata laluan baharu	Kata sandi baru	Bagong password
default_password_warning	รหัสผ่านยังเป็นค่าเริ่มต้น 12345 กรุณาเปลี่ยนรหัสผ่าน	Password is still the default 12345. Please change it.	密码仍为默认值 12345，请更改。	パスワードはまだ初期値 12345 です。変更してください。	ពាក្យសម្ងាត់នៅតែជាលំនាំដើម 12345 សូមប្ដូរ។	비밀번호가 아직 기본값 12345입니다. 변경하세요.	ລະຫັດຜ່ານຍັງເປັນຄ່າເລີ່ມຕົ້ນ 12345 ກະລຸນາປ່ຽນ.	စကားဝှက်သည် မူလတန်ဖိုး 12345 ဖြစ်နေပါသည်။ ပြောင်းပါ။	Mật khẩu vẫn là mặc định 12345. Vui lòng đổi.	Kata laluan masih lalai 12345. Sila tukar.	Kata sandi masih default 12345. Silakan ubah.	Default pa rin ang password na 12345. Pakipalitan.
reset_password	รีเซ็ตรหัสผ่าน	Reset password	重置密码	パスワードをリセット	កំណត់ពាក្យសម្ងាត់ឡើងវិញ	비밀번호 재설정	ຣີເຊັດລະຫັດຜ່ານ	စကားဝှက်ပြန်လည်သတ်မှတ်ရန်	Đặt lại mật khẩu	Tetapkan semula kata laluan	Reset kata sandi	I-reset ang password
reset_password_confirm	ยืนยันรีเซ็ตรหัสผ่านผู้ใช้นี้กลับเป็น 12345?	Reset this user's password to 12345?	确认将此用户的密码重置为 12345？	このユーザーのパスワードを 12345 にリセットしますか？	កំណត់ពាក្យសម្ងាត់អ្នកប្រើនេះទៅ 12345 វិញឬ?	이 사용자의 비밀번호를 12345로 재설정할까요?	ຢືນຢັນຣີເຊັດລະຫັດຜ່ານຜູ້ໃຊ້ນີ້ເປັນ 12345 ບໍ?	ဤအသုံးပြုသူ၏ စကားဝှက်ကို 12345 သို့ ပြန်သတ်မှတ်မလား?	Đặt lại mật khẩu người dùng này về 12345?	Tetapkan semula kata laluan pengguna ini kepada 12345?	Reset kata sandi pengguna ini ke 12345?	I-reset ang password ng user na ito sa 12345?
reset_password_done	รีเซ็ตรหัสผ่านเป็น 12345 แล้ว	Password was reset to 12345.	密码已重置为 12345。	パスワードを 12345 にリセットしました。	បានកំណត់ពាក្យសម្ងាត់ទៅ 12345 ហើយ។	비밀번호를 12345로 재설정했습니다.	ຣີເຊັດລະຫັດຜ່ານເປັນ 12345 ແລ້ວ.	စကားဝှက်ကို 12345 သို့ ပြန်သတ်မှတ်ပြီးပါပြီ။	Đã đặt lại mật khẩu thành 12345.	Kata laluan telah ditetapkan semula kepada 12345.	Kata sandi telah direset ke 12345.	Na-reset ang password sa 12345.
saved	บันทึกแล้ว	Saved.	已保存。	保存しました。	បានរក្សាទុក។	저장되었습니다.	ບັນທຶກແລ້ວ.	သိမ်းပြီးပါပြီ။	Đã lưu.	Telah disimpan.	Tersimpan.	Na-save.
can_add	เพิ่มได้	Can add	可新增	追加可能	អាចបន្ថែម	추가 가능	ເພີ່ມໄດ້	ထည့်နိုင်သည်	Có thể thêm	Boleh tambah	Dapat menambah	Maaaring magdagdag
can_edit	แก้ไขได้	Can edit	可编辑	編集可能	អាចកែប្រែ	수정 가능	ແກ້ໄຂໄດ້	ပြင်နိုင်သည်	Có thể sửa	Boleh edit	Dapat mengedit	Maaaring mag-edit
access	เข้าถึง	Access	访问	アクセス	ចូលប្រើ	접근	ເຂົ້າເຖິງ	ဝင်ရောက်ခွင့်	Truy cập	Akses	Akses	Access
approval_role	สิทธิ์อนุมัติ	Approval role	审批角色	承認役割	តួនាទីអនុម័ត	승인 역할	ບົດບາດອະນຸມັດ	ခွင့်ပြုချက်အခန်းကဏ္ဍ	Vai trò phê duyệt	Peranan kelulusan	Peran persetujuan	Approval role
approval_setting	สิทธิ์การอนุมัติ	Approval Permission	审批权限	承認権限	សិទ្ធិអនុម័ត	승인 권한	ສິດອະນຸມັດ	အတည်ပြုခွင့်	Quyền phê duyệt	Kebenaran kelulusan	Hak persetujuan	Approval permission
own_data_only	เห็นข้อมูลตัวเองเท่านั้น	Own data only	仅自己的数据	自分のデータのみ	តែទិន្នន័យផ្ទាល់ខ្លួន	내 데이터만	ເຫັນແຕ່ຂໍ້ມູນຕົນເອງ	ကိုယ်ပိုင်ဒေတာသာ	Chỉ dữ liệu của mình	Data sendiri sahaja	Hanya data sendiri	Sariling data lang
passwordMismatch	รหัสผ่านและยืนยันรหัสผ่านไม่ตรงกัน	Password and confirmation do not match.	密码和确认密码不匹配。	パスワードと確認が一致しません。	ពាក្យសម្ងាត់ និងការបញ្ជាក់មិនដូចគ្នា។	비밀번호와 확인 값이 일치하지 않습니다.	ລະຫັດຜ່ານ ແລະ ການຢືນຢັນບໍ່ກົງກັນ.	စကားဝှက်နှင့် အတည်ပြုချက် မကိုက်ညီပါ။	Mật khẩu và xác nhận không khớp.	Kata laluan dan pengesahan tidak sepadan.	Kata sandi dan konfirmasi tidak sama.	Hindi tugma ang password at kumpirmasyon.
registerSuccess	สมัครสมาชิกสำเร็จ	Account created	帐号已创建	アカウントを作成しました	បានបង្កើតគណនី	계정이 생성되었습니다	ສ້າງບັນຊີແລ້ວ	အကောင့်ဖန်တီးပြီးပါပြီ	Đã tạo tài khoản	Akaun dicipta	Akun dibuat	Nagawa ang account
registerFailed	สมัครสมาชิกไม่สำเร็จ	Could not create account	无法创建帐号	アカウントを作成できません	មិនអាចបង្កើតគណនីបាន	계정을 만들 수 없습니다	ສ້າງບັນຊີບໍ່ສຳເລັດ	အကောင့်ဖန်တီးမရပါ	Không thể tạo tài khoản	Tidak dapat mencipta akaun	Tidak dapat membuat akun	Hindi magawa ang account
creatingAccount	กำลังสมัครสมาชิก	Creating account	正在创建帐号	アカウント作成中	កំពុងបង្កើតគណនី	계정 생성 중	ກຳລັງສ້າງບັນຊີ	အကောင့်ဖန်တီးနေသည်	Đang tạo tài khoản	Mencipta akaun	Membuat akun	Ginagawa ang account
createAccount	สร้างบัญชี	Create account	创建帐号	アカウント作成	បង្កើតគណនី	계정 만들기	ສ້າງບັນຊີ	အကောင့်ဖန်တီးရန်	Tạo tài khoản	Cipta akaun	Buat akun	Gumawa ng account
signup_with	สมัครใช้งานด้วยวิธีอื่น	Sign up with another	Sign up with another	Sign up with another	Sign up with another	Sign up with another	Sign up with another	Sign up with another	Sign up with another	Sign up with another	Sign up with another	Sign up with another
sincetime	ช่วงระหว่างวันที่	Since	自	以来	ចាប់តាំងពី	이후	ຕັ້ງແຕ່	ကတည်းက	Kể từ	Since	Since	Since
singin_with	ลงชื่อเข้าใช้ด้วย	Sign in with	Sign in with	Sign in with	Sign in with	Sign in with	Sign in with	Sign in with	Sign in with	Sign in with	Sign in with	Sign in with
singin_with_telephone	ลงชื่อเข้าใช้ด้วยหมายเลขโทรศัพท์มือถือ	Sign in with telephone	Sign in with telephone	Sign in with telephone	Sign in with telephone	Sign in with telephone	Sign in with telephone	Sign in with telephone	Sign in with telephone	Sign in with telephone	Sign in with telephone	Sign in with telephone
single_currency	1 สกุลเงิน	Single Currency	Single Currency	Single Currency	Single Currency	Single Currency	Single Currency	Single Currency	Single Currency	Single Currency	Single Currency	Single Currency
slip_already_used	สลิปถูกใช้งานแล้ว	Slip Already Used	凭证已使用	スリップは使用済みです	ស្លីបត្រូវបានប្រើរួចហើយ	전표가 이미 사용됨	ສະລິບຖືກໃຊ້ແລ້ວ	စလစ်အသုံးပြုပြီးပါပြီ	Phiếu đã được sử dụng	Slip Already Used	Slip Already Used	Slip Already Used
slip_design	ออกแบบใบเสร็จรับเงิน	Receipt Design	收据设计	領収書デザイン	ការរចនាបង្កាន់ដៃ	영수증 디자인	ອອກແບບໃບຮັບເງິນ	ပြေစာဒီဇိုင်း	Thiết kế hóa đơn	Receipt Design	Receipt Design	Receipt Design
slip_duplicate	สลิปซ้ำ	Duplicate Slip	重复凭证	重複スリップ	ស្លីបស្ទួន	중복 전표	ສະລິບຊ້ຳ	ထပ်နေသောစလစ်	Phiếu trùng lặp	Duplicate Slip	Duplicate Slip	Duplicate Slip
slip_duplicate_short	สลิปซ้ำ	Dup. Slip	重复凭证	重複	ស្ទួន	중복	ຊ້ຳ	ထပ်နေ	Trùng phiếu	Dup. Slip	Dup. Slip	Dup. Slip
slip_duplicate_title	พบสลิปซ้ำ	Duplicate Slip Found	发现重复凭证	重複スリップが見つかりました	រកឃើញស្លីបស្ទួន	중복 전표 발견	ພົບສະລິບຊ້ຳ	ထပ်နေသောစလစ်တွေ့	Phát hiện phiếu trùng	Duplicate Slip Found	Duplicate Slip Found	Duplicate Slip Found
slip_invalid	สลิปไม่ถูกต้อง	Invalid Slip	无效凭证	無効なスリップ	ស្លីបមិនត្រឹមត្រូវ	유효하지 않은 전표	ສະລິບບໍ່ຖືກຕ້ອງ	စလစ်မမှန်ကန်ပါ	Phiếu không hợp lệ	Invalid Slip	Invalid Slip	Invalid Slip
slip_money_in	SLIP เงินเข้า	Money In Slip	Money In Slip	Money In Slip	Money In Slip	Money In Slip	Money In Slip	Money In Slip	Money In Slip	Money In Slip	Money In Slip	Money In Slip
slip_money_out	SLIP เงินออก	Money Out Slip	Money Out Slip	Money Out Slip	Money Out Slip	Money Out Slip	Money Out Slip	Money Out Slip	Money Out Slip	Money Out Slip	Money Out Slip	Money Out Slip
slip_qr_not_found	ไม่พบ QR สลิป	Slip QR Not Found	未找到凭证二维码	スリップQRが見つかりません	រកមិនឃើញ QR ស្លីប	전표 QR을 찾을 수 없음	ບໍ່ພົບ QR ສະລິບ	စလစ် QR ရှာမတွေ့ပါ	Không tìm thấy QR phiếu	Slip QR Not Found	Slip QR Not Found	Slip QR Not Found
slip_type	รูปแบบใบเสร็จ	Receipt Type	收据类型	領収書タイプ	ប្រភេទបង្កាន់ដៃ	영수증 유형	ປະເພດໃບຮັບເງິນ	ပြေစာအမျိုးအစား	Loại hóa đơn	Receipt Type	Receipt Type	Receipt Type
slip_valid	สลิปถูกต้อง	Valid Slip	有效凭证	有効なスリップ	ស្លីបត្រឹមត្រូវ	유효한 전표	ສະລິບຖືກຕ້ອງ	စလစ်မှန်ကန်သည်	Phiếu hợp lệ	Valid Slip	Valid Slip	Valid Slip
slip_verification_failed	ตรวจสอบสลิปไม่สำเร็จ	Slip Verification Failed	凭证验证失败	スリップ検証失敗	ការផ្ទៀងផ្ទាត់ស្លីបបរាជ័យ	전표 확인 실패	ກວດສອບສະລິບບໍ່ສຳເລັດ	စလစ်စစ်ဆေးမှု မအောင်မြင်ပါ	Xác minh phiếu thất bại	Slip Verification Failed	Slip Verification Failed	Slip Verification Failed
slip_verified	ตรวจสอบสลิปแล้ว	Slip Verified	凭证已验证	スリップ検証済み	ស្លីបបានផ្ទៀងផ្ទាត់	전표 확인됨	ກວດສອບສະລິບແລ້ວ	စလစ်စစ်ဆေးပြီးပါပြီ	Phiếu đã xác minh	Slip Verified	Slip Verified	Slip Verified
smaller	เล็กกว่า	Smaller than	小于	より小さい	តូចជាង	보다 작음	ນ້ອຍກວ່າ	ထက်ငယ်သော	Nhỏ hơn	Smaller than	Smaller than	Smaller than
smaller_than	เล็กกว่า	Smaller than	小于	より小さい	តូចជាង	보다 작음	ນ້ອຍກວ່າ	ထက်ငယ်သည်	Nhỏ hơn	Smaller than	Smaller than	Smaller than
so_number	เลขที่ใบสั่งขาย	SO Number	销售订单号	受注番号	លេខបញ្ជាលក់	판매 주문 번호	ເລກທີ່ໃບສັ່ງຂາຍ	အရောင်းမှာကြားလွှာနံပါတ်	Số đặt bán hàng	SO Number	SO Number	SO Number
sort_ascending	น้อยไปหามาก	Ascending	Ascending	Ascending	Ascending	Ascending	Ascending	Ascending	Ascending	Ascending	Ascending	Ascending
sort_by_datetime	เรียงลำดับตามวันที่-เวลา	Sort by Date-Time	Sort by Date-Time	Sort by Date-Time	Sort by Date-Time	Sort by Date-Time	Sort by Date-Time	Sort by Date-Time	Sort by Date-Time	Sort by Date-Time	Sort by Date-Time	Sort by Date-Time
sort_descending	มากไปหาน้อย	Descending	Descending	Descending	Descending	Descending	Descending	Descending	Descending	Descending	Descending	Descending
source	แหล่งข้อมูล	Source	来源	ソース	ប្រភព	출처	ແຫຼ່ງຂໍ້ມູນ	ရင်းမြစ်	Nguồn	Source	Source	Source
source_production	ต้นทาง (Production)	Source (Production)	来源（生产环境）	ソース（本番環境）	ប្រភព (Production)	소스 (프로덕션)	ແຫຼ່ງທີ່ມາ (Production)	ရင်းမြစ် (Production)	Nguồn (Production)	Source (Production)	Source (Production)	Source (Production)
spare		Kitchen name	Kitchen name	Kitchen name	Kitchen name	Kitchen name	Kitchen name	Kitchen name	Kitchen name	Kitchen name	Kitchen name	Kitchen name
special_promotion	โปรโมชั่นพิเศษ	Special Promotion	特别促销	特別プロモーション	ការផ្សព្វផ្សាយពិសេស	특별 프로모션	ໂປຣໂມຊັ່ນພິເສດ	အထူးပရိုမိုးရှင်း	Khuyến mãi đặc biệt	Special Promotion	Special Promotion	Special Promotion
special_rules	กฎพิเศษ	Special Rules	特殊规则	特別ルール	ច្បាប់ពិសេស	특별 규칙	ກົດພິເສດ	အထူးစည်းမျဉ်းများ	Quy tắc đặc biệt	Special Rules	Special Rules	Special Rules
special_rules_for_promotion	กฎพิเศษสำหรับโปรโมชั่น	Special rules for promotion	促销特殊规则	プロモーション用特別ルール	ច្បាប់ពិសេorg សម្រាប់ការផ្សព្វផ្សាយ	프로모션 특별 규칙	ກົດພິເສດສຳລັບໂປຣໂມຊັ່ນ	ပရိုမိုးရှင်းအတွက်အထူးစည်းမျဉ်းများ	Quy tắc đặc biệt cho khuyến mãi	Special rules for promotion	Special rules for promotion	Special rules for promotion
specify_details	ระบุรายละเอียด	Specify Details	指定详情	詳細を指定	បញ្ជាក់ព័ត៌មានលម្អិត	세부 정보 지정	ລະບຸລາຍລະອຽດ	အသေးစိတ် ဖော်ပြပါ	Nhập chi tiết	Specify Details	Specify Details	Specify Details
specify_item_code	ระบุรหัสสินค้า	Specify Item Code	指定物料代码	商品コードを指定	បញ្ជាក់លេខកូដផលិតផល	상품 코드 지정	ລະບຸລະຫັດສິນຄ້າ	ပစ္စည်းကုဒ်ကို သတ်မှတ်ပါ	Chỉ định mã sản phẩm	Specify Item Code	Specify Item Code	Specify Item Code
speech_to_text_off	ปิดเสียงพูดแล้ว	Speech to text off	语音转文字已关闭	音声テキスト変換オフ	បិទការនិយាយទៅអត្ថបទ	음성 텍스트 변환 끄기	ປິດການເວົ້າເປັນຂໍ້ຄວາມ	စကားပြောမှ စာသားပိတ်	Tắt chuyển giọng nói thành văn bản	Speech to text off	Speech to text off	Speech to text off
speech_to_text_on	เปิดเสียงพูดแล้ว	Speech to text on	语音转文字已开启	音声テキスト変換オン	បើកការនិយាយទៅអត្ថបទ	음성 텍스트 변환 켜기	ເປີດການເວົ້າເປັນຂໍ້ຄວາມ	စကားပြောမှ စာသားဖွင့်	Bật chuyển giọng nói thành văn bản	Speech to text on	Speech to text on	Speech to text on
split_table	แยกโต๊ะ	Split Table	分桌	テーブル分割	បំបែកតុ	테이블 분할	ແຍກໂຕະ	စားပွဲခွဲ	Tách bàn	Split Table	Split Table	Split Table
staff	พนักงาน	Staff	员工	従業員	បុគ្គលិក	직원	ພະນັກງານ	ဝန်ထမ်း	Nhân viên	Staff	Staff	Staff
staff_code	รหัสพนักงาน	Staff Code	员工代码	スタッフコード	កូដបុគ្គលិក	직원 코드	ລະຫັດພະນັກງານ	ဝန်ထမ်းကုဒ်	Mã nhân viên	Staff Code	Staff Code	Staff Code
staff_name	ชื่อ พนักงาน	Staff Name	员工姓名	スタッフ名	ឈ្មោះបុគ្គលិក	직원 이름	ຊື່ພະນັກງານ	ဝန်ထမ်းအမည်	Tên nhân viên	Staff Name	Staff Name	Staff Name
stand		Stand	Stand	Stand	Stand	Stand	Stand	Stand	Stand	Stand	Stand	Stand
standard_cost	ต้นทุนมาตรฐาน	Standard Cost	标准成本	標準原価	ថ្លៃដើមស្តង់ដារ	표준 원가	ຕົ້ນທຶນມາດຕະຖານ	စံကုန်ကျစရိတ်	Chi phí tiêu chuẩn	Standard Cost	Standard Cost	Standard Cost
standard_cost_per_unit	ต้นทุนมาตรฐานต่อหน่วย	Standard Cost Per Unit	单位标准成本	単位あたり標準原価	ថ្លៃដើមស្តង់ដារក្នុងមួយឯកតា	단위당 표준 원가	ຕົ້ນທຶນມາດຕະຖານຕໍ່ໜ່ວຍ	ယူနစ်တစ်ခုချင်းစံကုန်ကျစရိတ်	Chi phí tiêu chuẩn mỗi đơn vị	Standard Cost Per Unit	Standard Cost Per Unit	Standard Cost Per Unit
standvalue												
start_by_adding_first_shelf	เริ่มต้นด้วยการเพิ่มชั้นวางแรก	Start by adding your first shelf	从添加第一个货架开始	最初の棚を追加して始めましょう	ចាប់ផ្តើមដោយបន្ថែមធ្នើដំបូង	첫 번째 선반을 추가하여 시작하세요	ເລີ່ມຕົ້ນດ້ວຍການເພີ່ມຊັ້ນວາງທຳອິດ	ပထမဆုံး စင် ထည့်ခြင်းဖြင့် စတင်ပါ	Bắt đầu bằng cách thêm kệ đầu tiên	Start by adding your first shelf	Start by adding your first shelf	Start by adding your first shelf
start_calculate	เริ่มคำนวณ	Start Calculate	开始计算	計算開始	ចាប់ផ្តើមគណនា	계산 시작	ເລີ່ມຄຳນວນ	တွက်ချက်ခြင်း စတင်ပါ	Bắt đầu tính	Start Calculate	Start Calculate	Start Calculate
start_date	วันที่เริ่มต้น	Start Date	开始日期	開始日	កាលបរិច្ឆេទចាប់ផ្តើម	시작일	ວັນທີເລີ່ມຕົ້ນ	စတင်ရက်	Ngày bắt đầu	Start Date	Start Date	Start Date
start_date_must_not_exceed_end_date	วันที่เริ่มต้นต้องไม่เกินวันที่สิ้นสุด	Start date must not exceed end date	开始日期不得超过结束日期	開始日は終了日を超えてはいけません	កាលបរិច្ឆេទចាប់ផ្តើមមិនត្រូវលើសពីកាលបរិច្ឆេទបញ្ចប់	시작일은 종료일을 초과할 수 없습니다	ວັນທີເລີ່ມຕົ້ນຕ້ອງບໍ່ເກີນວັນທີສິ້ນສຸດ	စတင်သည့်ရက်စွဲသည် ပြီးဆုံးသည့်ရက်စွဲထက် မကျော်လွန်ရ	Ngày bắt đầu không được vượt quá ngày kết thúc	Start date must not exceed end date	Start date must not exceed end date	Start date must not exceed end date
start_from_date	เริ่มจากวันที่	Start From Date	Start From Date	Start From Date	Start From Date	Start From Date	Start From Date	Start From Date	Start From Date	Start From Date	Start From Date	Start From Date
start_over	เริ่มใหม่	Start Over	Start Over	Start Over	Start Over	Start Over	Start Over	Start Over	Start Over	Start Over	Start Over	Start Over
start_rebuild	เริ่ม Rebuild	Start Rebuild	开始重建	再構築開始	ចាប់ផ្តើម Rebuild	재구축 시작	ເລີ່ມ Rebuild	Rebuild စတင်ပါ	Bắt đầu Rebuild	Start Rebuild	Start Rebuild	Start Rebuild
start_search_products	เริ่มต้นค้นหาสินค้า	Start searching for products	开始搜索产品	商品の検索を開始	ចាប់ផ្តើមស្វែងរកផលិតផល	제품 검색 시작	ເລີ່ມຕົ້ນຄົ້ນຫາສິນຄ້າ	ထုတ်ကုန်များရှာဖွေခြင်းစတင်ပါ	Bắt đầu tìm kiếm sản phẩm	Start searching for products	Start searching for products	Start searching for products
start_transfer	เริ่มโอนข้อมูล	Start Transfer	开始传输	転送開始	ចាប់ផ្តើមផ្ទេរ	전송 시작	ເລີ່ມໂອນຂໍ້ມູນ	လွှဲပြောင်းခြင်း စတင်ပါ	Bắt đầu chuyển	Start Transfer	Start Transfer	Start Transfer
starting	กำลังเริ่มต้น	Starting	正在启动	開始中	កំពុងចាប់ផ្តើម	시작 중	ກຳລັງເລີ່ມຕົ້ນ	စတင်နေသည်	Đang bắt đầu	Starting	Starting	Starting
starting_data_transfer	กำลังเริ่มโอนข้อมูล...	Starting data transfer...	正在开始数据传输...	データ転送を開始中...	កំពុងចាប់ផ្តើមផ្ទេរទិន្នន័យ...	데이터 전송 시작 중...	ກຳລັງເລີ່ມໂອນຂໍ້ມູນ...	ဒေတာလွှဲပြောင်းခြင်း စတင်နေသည်...	Đang bắt đầu chuyển dữ liệu...	Starting data transfer...	Starting data transfer...	Starting data transfer...
starting_report_generation	กำลังเริ่มสร้างรายงาน...	Starting report generation...	开始生成报告...	レポート生成を開始しています...	កំពុងចាប់ផ្តើមបង្កើតរបាយការណ៍...	보고서 생성 시작 중...	ກຳລັງເລີ່ມສ້າງລາຍງານ...	အစီရင်ခံစာဖန်တီးခြင်းစတင်နေသည်...	Đang bắt đầu tạo báo cáo...	Starting report generation...	Starting report generation...	Starting report generation...
statement	รายงานทางการเงิน	Financial statement	Financial statement	Financial statement	Financial statement	Financial statement	Financial statement	Financial statement	Financial statement	Financial statement	Financial statement	Financial statement
status	สถานะ	Status	状态	ステータス	ស្ថានភាព	상태	ສະຖານະ	အခြေအနေ	Trạng thái	Status	Status	Status
status_label	สถานะ	Status	状态	ステータス	ស្ថានភាព	상태	ສະຖານະ	အခြေအနေ	Trạng thái	Status	Status	Status
step_1_select_language	ขั้นตอนที่ 1 เลือกภาษา	Step 1 Select Language	步骤 1 选择语言	ステップ 1 言語を選択	ជំហានទី 1 ជ្រើសរើសភាសា	1단계 언어 선택	ຂັ້ນຕອນທີ 1 ເລືອກພາສາ	အဆင့် ၁ ဘာသာစကားရွေးချယ်ပါ	Bước 1 Chọn ngôn ngữ	Step 1 Select Language	Step 1 Select Language	Step 1 Select Language
step_2_enter_shop_name	ขั้นตอนที่ 2 กรอกข้อมูลร้านค้า	Step 2 Enter Shop Information	步骤 2 输入商店信息	ステップ 2 店舗情報を入力	ជំហានទី 2 បញ្ចូលព័ត៌មានហាង	2단계 매장 정보 입력	ຂັ້ນຕອນທີ 2 ປ້ອນຂໍ້ມູນຮ້ານ	အဆင့် ၂ ဆိုင်အချက်အလက်ထည့်ပါ	Bước 2 Nhập thông tin cửa hàng	Step 2 Enter Shop Information	Step 2 Enter Shop Information	Step 2 Enter Shop Information
stock	สต๊อก	Stock	Stock	Stock	Stock	Stock	Stock	Stock	Stock	Stock	Stock	Stock
stock adjustment	ปรับปรุงสต็อก	Stock Adjustment	库存调整	在庫調整	ការកែតម្រូវស្តុក	재고 조정	ປັບປຸງສະຕ໊ອກ	စတော့ချိန်ညှိခြင်း	Điều chỉnh tồn kho	Stock Adjustment	Stock Adjustment	Stock Adjustment
stock pickup product	เบิกสินค้า	Pick up Product	提货	商品引き取り	ដកផលិតផល	상품 수령	ເບີກສິນຄ້າ	ကုန်ပစ္စည်းထုတ်ယူ	Lấy hàng	Pick up Product	Pick up Product	Pick up Product
stock receive product	รับสินค้า	Receive Product	收货	商品受け取り	ទទួលផលិតផល	상품 입고	ຮັບສິນຄ້າ	ကုန်ပစ္စည်းလက်ခံ	Nhận hàng	Receive Product	Receive Product	Receive Product
stock return product	รับคืนจากการเบิก	Return from Pickup	退货接收	引き取りからの返品	ការត្រឡប់មកវិញពីការដក	수령 반품	ຮັບຄືນຈາກການເບີກ	ထုတ်ယူမှုမှ ပြန်အမ်းခြင်း	Nhận lại từ việc lấy hàng	Return from Pickup	Return from Pickup	Return from Pickup
stock transfer	โอนสินค้า	Stock Transfer	库存转移	在庫移動	ផ្ទេរស្តុក	재고 이동	ໂອນສິນຄ້າ	စတော့လွှဲပြောင်း	Chuyển kho	Stock Transfer	Stock Transfer	Stock Transfer
stock_adjust	ปรับสต็อก	Stock Adjust	库存调整	在庫調整	កែតម្រូវស្តុក	재고 조정	ປັບສະຕ໊ອກ	ကုန်ပစ္စည်းချိန်ညှိ	Điều chỉnh tồn kho	Stock Adjust	Stock Adjust	Stock Adjust
stock_balance	ยอดคงเหลือ	Stock Balance	Stock Balance	Stock Balance	Stock Balance	Stock Balance	Stock Balance	Stock Balance	Stock Balance	Stock Balance	Stock Balance	Stock Balance
stock_balance_by_item	ยอดคงเหลือสินค้าตามรายการ	Stock Balance by Item	按商品库存余额	品目別在庫残高	សមតុល្យស្តុកតាមទំនិញ	품목별 재고 잔액	ຍອດຄົງເຫຼືອສິນຄ້າຕາມລາຍການ	ပစ္စည်းအလိုက်ကုန်ပစ္စည်းလက်ကျန်	Số dư tồn kho theo mặt hàng	Stock Balance by Item	Stock Balance by Item	Stock Balance by Item
stock_balance_by_location	ยอดคงเหลือสินค้าตามพื้นที่	Stock Balance by Location	按位置库存余额	場所別在庫残高	សមតុល្យស្តុកតាមទីតាំង	위치별 재고 잔액	ຍອດຄົງເຫຼືອສິນຄ້າຕາມພື້ນທີ່	တည်နေရာအလိုက်ကုန်ပစ္စည်းလက်ကျန်	Số dư tồn kho theo vị trí	Stock Balance by Location	Stock Balance by Location	Stock Balance by Location
stock_balance_by_warehouse	ยอดคงเหลือสินค้าตามคลัง	Stock Balance by Warehouse	按仓库库存余额	倉庫別在庫残高	សមតុល្យស្តុកតាមឃ្លាំង	창고별 재고 잔액	ຍອດຄົງເຫຼືອສິນຄ້າຕາມຄັງ	ဂိုဒေါင်အလိုက်ကုန်ပစ္စည်းလက်ကျန်	Số dư tồn kho theo kho	Stock Balance by Warehouse	Stock Balance by Warehouse	Stock Balance by Warehouse
stock_balance_report	สินค้าคงเหลือ	Stock Balance	库存余额	在庫残高	តុល្យភាពស្តុក	재고 잔액	ສິນຄ້າຄົງເຫຼືອ	လက်ကျန်ပစ္စည်း	Số dư tồn kho	Stock Balance	Stock Balance	Stock Balance
stock_count	ตรวจนับสินค้า	Stock Count	盘点	棚卸	ការរាប់ស្តុក	재고 실사	ກວດນັບສິນຄ້າ	ကုန်ပစ္စည်းရေတွက်ခြင်း	Kiểm kê kho	Stock Count	Stock Count	Stock Count
stock_list	รายการสต็อก	Stock List	库存清单	在庫リスト	បញ្ជីស្តុក	재고 목록	ລາຍການສະຕ໋ອກ	လက်ကျန်ပစ္စည်းစာရင်း	Danh sách tồn kho	Stock List	Stock List	Stock List
stock_movement_adjust_decrease	ปรับปรุงลด	Adjust Decrease	调减	調整減	កែតម្រូវថយ	조정 감소	ປັບປຸງຫຼຸດ	ချိန်ညှိလျှော့ခြင်း	Điều chỉnh giảm	Adjust Decrease	Adjust Decrease	Adjust Decrease
stock_movement_adjust_increase	ปรับปรุงเพิ่ม	Adjust Increase	调增	調整増	កែតម្រូវបន្ថែម	조정 증가	ປັບປຸງເພີ່ມ	ချိန်ညှိတိုးခြင်း	Điều chỉnh tăng	Adjust Increase	Adjust Increase	Adjust Increase
stock_movement_average_cost	ต้นทุนเฉลี่ย	Average Cost	平均成本	平均原価	តម្លៃមធ្យម	평균 원가	ຕົ້ນທຶນສະເລ່ຍ	ပျမ်းမျှကုန်ကျစရိတ်	Giá trung bình	Average Cost	Average Cost	Average Cost
stock_movement_balance_amount	มูลค่าคงเหลือ	Balance Amount	结余金额	残高金額	តម្លៃសល់	잔액	ມູນຄ່າຄົງເຫຼືອ	လက်ကျန်တန်ဖိုး	Giá trị tồn	Balance Amount	Balance Amount	Balance Amount
stock_movement_balance_qty	จำนวนคงเหลือ	Balance Qty	结余数量	残高数量	បរិមាណសល់	잔량	ຈຳນວນຄົງເຫຼືອ	လက်ကျန်အရေအတွက်	Số lượng tồn	Balance Qty	Balance Qty	Balance Qty
stock_movement_cost_in	ต้นทุนเพิ่ม	Cost In	入库成本	入庫原価	តម្លៃចូល	입고 원가	ຕົ້ນທຶນເພີ່ມ	ဝင်ကုန်ကျစရိတ်	Giá nhập	Cost In	Cost In	Cost In
stock_movement_cost_out	ต้นทุนลด	Cost Out	出库成本	出庫原価	តម្លៃចេញ	출고 원가	ຕົ້ນທຶນຫຼຸດ	ထွက်ကုန်ကျစရိတ်	Giá xuất	Cost Out	Cost Out	Cost Out
stock_movement_date	วันที่	Date	日期	日付	កាលបរិច្ឆេទ	날짜	ວັນທີ່	ရက်စွဲ	Ngày	Date	Date	Date
stock_movement_document_no	เลขที่เอกสาร	Document No	单据号	伝票番号	លេខឯកសារ	문서 번호	ເລກທີ່ເອກະສານ	စာရွက်စာတမ်းနံပါတ်	Số chứng từ	Document No	Document No	Document No
stock_movement_issue	เบิกสินค้า	Issue	领用	出庫	ចេញ	불출	ເບີກສິນຄ້າ	ထုတ်ယူမှု	Xuất dùng	Issue	Issue	Issue
stock_movement_location	ที่เก็บ	Location	位置	保管場所	ទីតាំង	위치	ທີ່ເກັບ	သိုလှောင်ရာနေရာ	Vị trí	Location	Location	Location
stock_movement_no_data	ไม่มีข้อมูลที่จะแสดง	No data to display	没有要显示的数据	表示するデータがありません	គ្មានទិន្នន័យត្រូវបង្ហាញ	표시할 데이터가 없습니다	ບໍ່ມີຂໍ້ມູນທີ່ຈະສະແດງ	ပြရန်ဒေတာမရှိပါ	Không có dữ liệu để hiển thị	No data to display	No data to display	No data to display
stock_movement_opening_balance	สินค้ายกมา	Opening Balance	期初库存	期首在庫	ស្តុកដើមគ្រា	이월 재고	ສິນຄ້າຍົກມາ	စတင်လက်ကျန်	Tồn đầu kỳ	Opening Balance	Opening Balance	Opening Balance
stock_movement_purchase	ซื้อสินค้า	Purchase	采购	仕入	ទិញ	구매	ຊື້ສິນຄ້າ	ဝယ်ယူမှု	Mua hàng	Purchase	Purchase	Purchase
stock_movement_qty_in	จำนวนเพิ่ม	Qty In	入库数量	入庫数量	បរិមាណចូល	입고 수량	ຈຳນວນເພີ່ມ	ဝင်အရေအတွက်	Số lượng nhập	Qty In	Qty In	Qty In
stock_movement_qty_out	จำนวนลด	Qty Out	出库数量	出庫数量	បរិមាណចេញ	출고 수량	ຈຳນວນຫຼຸດ	ထွက်အရေအတွက်	Số lượng xuất	Qty Out	Qty Out	Qty Out
stock_movement_receive_goods	รับสินค้า	Receive Goods	收货	入庫	ទទួលសំភារៈ	입고	ຮັບສິນຄ້າ	ပစ္စည်းလက်ခံ	Nhận hàng	Receive Goods	Receive Goods	Receive Goods
stock_movement_receive_partial	รับสินค้าแบบทะยอยรับ	Partial Receive	分批收货	分割入庫	ទទួលបែងចែក	분할 입고	ຮັບສິນຄ້າແບບທະຍອຍຮັບ	တစ်စိတ်တစ်ပိုင်းလက်ခံ	Nhận hàng từng phần	Partial Receive	Partial Receive	Partial Receive
stock_movement_return_from_issue	รับคืนจากการเบิก	Return from Issue	领用退回	出庫返品	ត្រឡប់ពីការចេញ	불출 반품	ຮັບຄືນຈາກການເບີກ	ထုတ်ယူမှုမှပြန်လာ	Hoàn trả từ xuất	Return from Issue	Return from Issue	Return from Issue
stock_movement_return_goods	รับคืนสินค้า	Return Goods	退货	返品受取	ទទួលសំភារៈត្រឡប់មកវិញ	반품 입고	ຮັບຄືນສິນຄ້າ	ပစ္စည်းပြန်လာ	Nhận hàng trả lại	Return Goods	Return Goods	Return Goods
stock_movement_return_to_supplier	ส่งคืนสินค้า	Return to Supplier	退货给供应商	仕入返品	ត្រឡប់សំភារៈទៅអ្នកផ្គត់ផ្គង់	공급업체 반품	ສົ່ງຄືນສິນຄ້າ	ပစ္စည်းပြန်ပို့	Trả hàng nhà cung cấp	Return to Supplier	Return to Supplier	Return to Supplier
stock_movement_sale	ขายสินค้า	Sale	销售	販売	លក់	판매	ຂາຍສິນຄ້າ	ရောင်းချမှု	Bán hàng	Sale	Sale	Sale
stock_movement_time	เวลา	Time	时间	時間	ពេលវេលា	시간	ເວລາ	အချိန်	Thời gian	Time	Time	Time
stock_movement_transaction_type	ประเภทรายการ	Transaction Type	交易类型	取引タイプ	ប្រភេទប្រតិបត្តិការ	거래 유형	ປະເພດລາຍການ	ငွေစာရင်းအမျိုးအစား	Loại giao dịch	Transaction Type	Transaction Type	Transaction Type
stock_movement_transfer_in	โอนเข้า	Transfer In	转入	振替入庫	ផ្ទេរចូល	입고 이동	ໂອນເຂົ້າ	လွှဲပြောင်းဝင်	Chuyển vào	Transfer In	Transfer In	Transfer In
stock_movement_transfer_out	โอนออก	Transfer Out	转出	振替出庫	ផ្ទេរចេញ	출고 이동	ໂອນອອກ	လွှဲပြောင်းထွက်	Chuyển ra	Transfer Out	Transfer Out	Transfer Out
stock_movement_unit	หน่วย	Unit	单位	単位	ឯកតា	단위	ຫົວໜ່ວຍ	ယူနစ်	Đơn vị	Unit	Unit	Unit
stock_movement_value_in	มูลค่าเพิ่ม	Value In	入库价值	入庫金額	តម្លៃចូលសរុប	입고 금액	ມູນຄ່າເພີ່ມ	ဝင်တန်ဖိုး	Giá trị nhập	Value In	Value In	Value In
stock_movement_value_out	มูลค่าลด	Value Out	出库价值	出庫金額	តម្លៃចេញសរុប	출고 금액	ມູນຄ່າຫຼຸດ	ထွက်တန်ဖိုး	Giá trị xuất	Value Out	Value Out	Value Out
stock_movement_warehouse	คลัง	Warehouse	仓库	倉庫	ឃ្លាំង	창고	ຄັງ	ကုန်သိုလှောင်	Kho	Warehouse	Warehouse	Warehouse
stock_movement_with_cost	รายงานความเคลื่อนไหวสินค้าพร้อมต้นทุน	Stock Movement with Cost	带成本的库存移动	原価付き在庫移動	របាយការណ៍ចលនាស្តុកជាមួយថ្លៃដើម	원가 포함 재고 이동	ລາຍງານການເຄື່ອນໄຫວສິນຄ້າພ້ອมຕົ້ນທຶນ	ကုန်ကျစရိတ်ပါကုန်ပစ္စည်းရွှေ့ပြောင်းမှု	Biến động tồn kho kèm giá vốn	Stock Movement with Cost	Stock Movement with Cost	Stock Movement with Cost
stock_pickup	หยิบสินค้า	Stock Pickup	库存提货	在庫引取	យកស្តុក	재고 픽업	ຮັບສິນຄ້າ	ကုန်ပစ္စည်းထုတ်ယူ	Lấy hàng	Stock Pickup	Stock Pickup	Stock Pickup
stock_receive	รับสินค้า	Stock Receive	入库	入庫	ទទួលស្តុក	입고	ຮັບເຂົ້າສະຕ໊ອກ	ကုန်ပစ္စည်းလက်ခံ	Nhập kho	Stock Receive	Stock Receive	Stock Receive
stock_report_usage_guide	วิธีการใช้งานรายงานสินค้าคงเหลือ	Stock Report Usage Guide	Stock Report Usage Guide	Stock Report Usage Guide	Stock Report Usage Guide	Stock Report Usage Guide	Stock Report Usage Guide	Stock Report Usage Guide	Stock Report Usage Guide	Stock Report Usage Guide	Stock Report Usage Guide	Stock Report Usage Guide
stock_return	คืนสินค้า	Stock Return	退库	在庫返品	បញ្ជូនស្តុកត្រឡប់	재고 반품	ສົ່ງຄືນສະຕ໊ອກ	ကုန်ပစ္စည်းပြန်ပို့	Trả hàng kho	Stock Return	Stock Return	Stock Return
stock_transfer	โอนสินค้า	Stock Transfer	调拨	在庫移動	ផ្ទេរស្តុក	재고 이동	ໂອນສະຕ໊ອກ	ကုန်ပစ္စည်းလွှဲပြောင်း	Chuyển kho	Stock Transfer	Stock Transfer	Stock Transfer
storage_area	พื้นที่เก็บ	Storage Area	存储区	保管エリア	តំបន់ផ្ទុក	저장 영역	ພື້ນທີ່ເກັບ	သိုလှောင်ရာနေရာ	Khu vực lưu trữ	Storage Area	Storage Area	Storage Area
store_id	STORE ID	STORE ID	STORE ID	STORE ID	STORE ID	STORE ID	STORE ID	STORE ID	STORE ID	STORE ID	STORE ID	STORE ID
sub_group_1	กลุ่มย่อย 1	Sub Group 1	Sub Group 1	Sub Group 1	Sub Group 1	Sub Group 1	Sub Group 1	Sub Group 1	Sub Group 1	Sub Group 1	Sub Group 1	Sub Group 1
sub_group_2	กลุ่มย่อย 2	Sub Group 2	Sub Group 2	Sub Group 2	Sub Group 2	Sub Group 2	Sub Group 2	Sub Group 2	Sub Group 2	Sub Group 2	Sub Group 2	Sub Group 2
sub_of	สาขา	Sub office	分店	支店	សាខា	지점	ສາຂາ	ဌာနခွဲ	Chi nhánh	Sub office	Sub office	Sub office
sub_of_number	ลำดับสาขา	Branch Sequence	分店序号	支店順序	លំដាប់សាខា	지점 순서	ລຳດັບສາຂາ	ဌာနခွဲအစီအစဉ်	Thứ tự chi nhánh	Branch Sequence	Branch Sequence	Branch Sequence
sub_options	ตัวเลือกย่อย: 	Sub Options: 	子选项：	サブオプション：	ជម្រើសរង: 	하위 옵션: 	ຕົວເລືອກຍ່ອຍ: 	အခွဲရွေးချယ်မှုများ: 	Tùy chọn phụ: 	Sub Options: 	Sub Options: 	Sub Options: 
sub_pattern_name	ชื่อรูปแบบย่อย	Sub-Pattern Name	子模式名称	サブパターン名	ឈ្មោះលំនាំរង	하위 패턴 이름	ຊື່ຮູບແບບຍ່ອຍ	ခွဲပုံစံအမည်	Tên mẫu phụ	Sub-Pattern Name	Sub-Pattern Name	Sub-Pattern Name
sub_shop_name	ชื่อร้านย่อย	Sub Shop Name	Sub Shop Name	Sub Shop Name	Sub Shop Name	Sub Shop Name	Sub Shop Name	Sub Shop Name	Sub Shop Name	Sub Shop Name	Sub Shop Name	Sub Shop Name
subdistrict_code	รหัสตำบล	Subdistrict Code	街道代码	地区コード	កូដឃុំ/សង្កាត់	읍/면/동 코드	ລະຫັດຕຳບົນ	ရပ်ကွက်ကုဒ်	Mã phường/xã	Subdistrict Code	Subdistrict Code	Subdistrict Code
submit	ส่ง	Submit	提交	送信	ដាក់ស្នើ	제출	ສົ່ງ	တင်သွင်းရန်	Gửi	Submit	Submit	Submit
submit_approval_error	ส่งเข้าระบบอนุมัติผิดพลาด	Error submitting for approval	提交审批出错	承認申請でエラーが発生しました	កំហុសក្នុងការដាក់ស្នើសុំអនុម័ត	승인 요청 중 오류	ສົ່ງເຂົ້າລະບົບອະນຸມັດຜິດພາດ	ခွင့်ပြုချက်တင်ရာတွင် အမှားဖြစ်သည်	Lỗi gửi phê duyệt	Error submitting for approval	Error submitting for approval	Error submitting for approval
submit_approval_failed	ส่งเข้าระบบอนุมัติไม่สำเร็จ	Failed to submit for approval	提交审批失败	承認申請に失敗しました	បរាជ័យក្នុងការដាក់ស្នើសុំអនុម័ត	승인 요청 실패	ສົ່ງເຂົ້າລະບົບອະນຸມັດບໍ່ສຳເລັດ	ခွင့်ပြုချက်တင်ရာတွင် မအောင်မြင်ပါ	Gửi phê duyệt thất bại	Failed to submit for approval	Failed to submit for approval	Failed to submit for approval
submit_approval_success	ส่งเข้าระบบอนุมัติสำเร็จ	Submitted for approval successfully	提交审批成功	承認申請が完了しました	បានដាក់ស្នើសុំអនុម័តដោយជោគជ័យ	승인 요청 성공	ສົ່ງເຂົ້າລະບົບອະນຸມັດສຳເລັດ	ခွင့်ပြုချက်အတွက် အောင်မြင်စွာတင်ပြီး	Gửi phê duyệt thành công	Submitted for approval successfully	Submitted for approval successfully	Submitted for approval successfully
submit_for_approval	ส่งอนุมัติ	Submit for Approval	提交审批	承認に送信	ដាក់ស្នើសុំអនុម័ត	승인 요청	ສົ່ງອະນຸມັດ	အတည်ပြုချက်တင်ရန်	Gửi phê duyệt	Submit for Approval	Submit for Approval	Submit for Approval
success	สำเร็จ	Success	成功	成功	ជោគជ័យ	성공	ສຳເລັດ	အောင်မြင်	Thành công	Success	Success	Success
success_save	บันทึกสำเร็จ	Save Success	保存成功	保存成功	រក្សាទុកជោគជ័យ	저장 성공	ບັນທຶກສຳເລັດ	သိမ်းဆည်းအောင်မြင်	Lưu thành công	Save Success	Save Success	Save Success
sum_amount	จำนวนเงิน	Amount	金额	金額	ចំនួនទឹកប្រាក់	금액	ຈຳນວນເງິນ	ငွေပမာဏ	Số tiền	Amount	Amount	Amount
sum_pay	ยอดรวมสุทธิ	Net Total	净总额	純合計	សរុបសុទ្ធ	순 합계	ຍອດລວມສຸດທິ	အသားတင်စုစုပေါင်း	Tổng tịnh	Net Total	Net Total	Net Total
summary	ยอดสรุป	Summary	总结	概要	សង្ខេប	요약	ຍອດສະຫຼຸບ	အကျဉ်းချုပ်	Tóm tắt	Summary	Summary	Summary
sunday	วันอาทิตย์	Sunday	星期日	日曜日	ថ្ងៃអាទិត្យ	일요일	ວັນອາທິດ	တနင်္ဂနွေ	Chủ nhật	Sunday	Sunday	Sunday
supplement_options	ตัวเลือกเสริม	Supplement Options	补充选项	補足オプション	ជម្រើសបន្ថែម	보충 옵션	ຕົວເລືອກເສີມ	ဖြည့်စွက်ရွေးချယ်စရာများ	Tùy chọn bổ sung	Supplement Options	Supplement Options	Supplement Options
supplier	เจ้าหนี้	Supplier	供应商	サプライヤー	អ្នកផ្គត់ផ្គង់	공급업체	ຜູ້ສະໜອງ	ကုန်ပစ္စည်းပေးသွင်းသူ	Nhà cung cấp	Supplier	Supplier	Supplier
supplier not found	ไม่พบ	Supplier not found	未找到供应商	サプライヤーが見つかりません	រកមិនឃើញអ្នកផ្គត់ផ្គង់	공급업체를 찾을 수 없습니다	ບໍ່ພົບຜູ້ສະໜອງ	ကုန်ပစ္စည်းပေးသွင်းသူ မတွေ့ပါ	Không tìm thấy nhà cung cấp	Supplier not found	Supplier not found	Supplier not found
supplier_code	รหัสเจ้าหนี้	Supplier Code	供应商代码	サプライヤーコード	កូដអ្នកផ្គត់ផ្គង់	공급업체 코드	ລະຫັດຜູ້ສະໜອງ	ကုန်ပစ္စည်းပေးသွင်းသူကုဒ်	Mã nhà cung cấp	Supplier Code	Supplier Code	Supplier Code
supplier_name	ชื่อเจ้าหนี้	Supplier Name	供应商名称	サプライヤー名	ឈ្មោះអ្នកផ្គត់ផ្គង់	공급업체 이름	ຊື່ຜູ້ສະໜອງ	ကုန်ပစ္စည်းပေးသွင်းသူအမည်	Tên nhà cung cấp	Supplier Name	Supplier Name	Supplier Name
supplier_section	ข้อมูลผู้จำหน่าย	Supplier Section	供应商信息	仕入先セクション	ផ្នែកអ្នកផ្គត់ផ្គង់	공급업체 섹션	ສ່ວນຜູ້ຈຳໜ່າຍ	ပေးသွင်းသူအပိုင်း	Thông tin nhà cung cấp	Supplier Section	Supplier Section	Supplier Section
surname	นามสกุล	Surname	姓	姓	នាមត្រកូល	성	ນາມສະກຸນ	အမည်	Họ	Surname	Surname	Surname
swap_side	สลับด้าน	Swap Side	切换方向	左右入替	ប្តូរទិស	방향 전환	ສະຫຼັບດ້ານ	ဘက်ပြောင်းရန်	Đổi bên	Swap Side	Swap Side	Swap Side
switch_shop	สลับร้าน	Switch Shop	切换商店	店舗切替	ផ្លាស់ប្តូរហាង	매장 전환	ສະຫຼັບຮ້ານ	ဆိုင်ပြောင်းရန်	Chuyển Đổi Cửa hàng	Switch Shop	Switch Shop	Switch Shop
switch_shop_confirm	ยืนยันการสลับร้าน	Confirm Shop Switch	确认切换商店	店舗切り替えの確認	បញ្ជាក់ការផ្លាស់ប្តូរហាង	매장 전환 확인	ຢືນຢັນການສະຫຼັບຮ້ານ	ဆိုင်ပြောင်းရန် အတည်ပြုပါ	Xác Nhận Chuyển Đổi Cửa Hàng	Confirm Shop Switch	Confirm Shop Switch	Confirm Shop Switch
symbol	สัญลักษณ์	Symbol	符号	記号	និមិត្តសញ្ញា	기호	ສັນຍາລັກ	သင်္ကေတ	Ký hiệu	Symbol	Symbol	Symbol
system_config	ตั้งค่าระบบ	System Config	系统配置	システム構成	ការកំណត់រចនាសម្ព័ន្ធប្រព័ន្ធ	시스템 구성	ການຕັ້ງຄ່າລະບົບ	စနစ်ဖွဲ့စည်းပုံ	Cấu hình hệ thống	System Config	System Config	System Config
system_inventory	ระบบสินค้าคงคลัง	Inventory System	库存系统	在庫システム	ប្រព័ន្ធសារពើភ័ណ្ឌ	재고 시스템	ລະບົບຄັງສິນຄ້າ	ကုန်ပစ္စည်းစနစ်	Hệ thống kho hàng	Inventory System	Inventory System	Inventory System
system_notification	แจ้งเตือนระบบ	System Notification	系统通知	システム通知	ការជូនដំណឹងប្រព័ន្ធ	시스템 알림	ການແຈ້ງເຕືອນລະບົບ	စနစ်အကြောင်းကြားချက်	Thông báo hệ thống	System Notification	System Notification	System Notification
system_purchase	ระบบซื้อ	Purchase System	采购系统	購入システム	ប្រព័ន្ធទិញ	구매 시스템	ລະບົບຊື້	ဝယ်ယူမှုစနစ်	Hệ thống mua hàng	Purchase System	Purchase System	Purchase System
system_sales	ระบบขาย	Sales System	销售系统	販売システム	ប្រព័ន្ធលក់	판매 시스템	ລະບົບຂາຍ	ရောင်းချမှုစနစ်	Hệ thống bán hàng	Sales System	Sales System	Sales System
system_setting	ตั้งค่าระบบ	System Setting	System Setting	System Setting	System Setting	System Setting	System Setting	System Setting	System Setting	System Setting	System Setting	System Setting
system_settings	การตั้งค่าระบบ	System Settings	系统设置	システム設定	ការកំណត់ប្រព័ន្ធ	시스템 설정	ການຕັ້ງຄ່າລະບົບ	စနစ်ဆက်တင်များ	Cài đặt hệ thống	System Settings	System Settings	System Settings
systemconfig	ตั้งค่าระบบ	System Config	系统配置	システム構成	ការកំណត់រចនាសម្ព័ន្ធប្រព័ន្ធ	시스템 구성	ການຕັ້ງຄ່າລະບົບ	စနစ်ဖွဲ့စည်းပုံ	Cấu hình hệ thống	System Config	System Config	System Config
table	โต๊ะ	table	桌子	テーブル	តុ	테이블	ຕາຕະລາງ	စားပွဲ	Bàn	table	table	table
table_code	เลขที่โต๊ะ	Table No.	桌号	テーブル番号	លេខតុ	테이블 번호	ເລກໂຕະ	စားပွဲနံပါတ်	Số bàn	Table No.	Table No.	Table No.
table_group_number	ลำดับโต๊ะ	ลำดับTable	ลำดับ桌子	ลำดับテーブル	ลำดับតុ	ลำดับ테이블	ลำดับໂຕະ	ลำดับစားပွဲ	ลำดับBàn	ลำดับTable	ลำดับTable	ลำดับTable
table_header	หัวตาราง	Table Header	表头	テーブルヘッダー	បឋមកថាតារាង	테이블 헤더	ຫົວຕາຕະລາງ	ဇယားခေါင်းစီး	Tiêu đề bảng	Table Header	Table Header	Table Header
table_map	แผนผังโต๊ะ	Table Layout	桌位图	テーブルレイアウト	ប្លង់តុ	테이블 배치도	ແຜນຜັງໂຕະ	စားပွဲအပြင်အဆင်	Sơ đồ bàn	Table Layout	Table Layout	Table Layout
table_name	ชื่อโต๊ะ	Table Name	桌名	テーブル名	ឈ្មោះតុ	테이블 이름	ຊື່ໂຕະ	စားပွဲအမည်	Tên bàn	Table Name	Table Name	Table Name
table_number	เลขที่โต๊ะ	Table Number	桌号	テーブル番号	លេខតុ	테이블 번호	ເລກໂຕະ	စားပွဲနံပါတ်	Số bàn	Table Number	Table Number	Table Number
table_order	แผนຜังโต๊ะ	Table Layout	桌位图	テーブルレイアウト	ប្លង់តុ	테이블 배치도	ແຜນຜັງໂຕະ	စားပွဲအပြင်အဆင်	Sơ đồ bàn	Table Layout	Table Layout	Table Layout
table_search	ค้นหาโต๊ะ	Search Table	搜索桌子	テーブル検索	ស្វែងរកតុ	테이블 검색	ຄົ້ນຫາໂຕະ	စားပွဲရှာဖွေရန်	Tìm kiếm bàn	Search Table	Search Table	Search Table
tables	โต๊ะ	Table	桌子	テーブル	តុ	테이블	ໂຕະ	စားပွဲ	Bàn	Table	Table	Table
tags	แท็ก	Tags	Tags	Tags	Tags	Tags	Tags	Tags	Tags	Tags	Tags	Tags
take_new_photo	ถ่ายรูปใหม่	Take new photo	重新拍照	新しい写真を撮る	ថតរូបថ្មី	새 사진 찍기	ຖ່າຍຮູບໃໝ່	ဓာတ်ပုံအသစ်ရိုက်ပါ	Chụp ảnh mới	Take new photo	Take new photo	Take new photo
take_photo	ถ่ายรูป	Take Photo	拍个照	撮影	ថតរូប	사진 촬영	ຖ່າຍຮູບ	ဓာတ်ပုံရိုက်	Chụp ảnh	Take Photo	Take Photo	Take Photo
tap_add_customer_to_start	แตะปุ่มเพิ่มลูกค้าเพื่อเริ่มต้น	Tap Add Customer to start	点击添加客户开始	顧客追加をタップして開始	ប៉ះបន្ថែមអតិថិជនដើម្បីចាប់ផ្តើម	고객 추가를 탭하여 시작	ແຕະເພີ່ມລູກຄ້າເພື່ອເລີ່ມຕົ້ນ	ဖောက်သည်ထည့်ရန် တို့၍စတင်ပါ	Chạm Thêm khách hàng để bắt đầu	Tap Add Customer to start	Tap Add Customer to start	Tap Add Customer to start
tap_add_product_button	แตะปุ่ม เพิ่มสินค้า เพื่อเริ่มต้น	Tap Add Product button to start	点击添加产品按钮开始	商品追加ボタンをタップして開始	ប៉ះប៊ូតុងបន្ថែមផលិតផលដើម្បីចាប់ផ្តើម	제품 추가 버튼을 탭하여 시작	ແຕະປຸ່ມ ເພີ່ມສິນຄ້າ ເພື່ອເລີ່ມຕົ້ນ	ထုတ်ကုန်ထည့်ခလုတ်တို့၍စတင်ပါ	Chạm nút Thêm sản phẩm để bắt đầu	Tap Add Product button to start	Tap Add Product button to start	Tap Add Product button to start
tap_to_select_document	แตะเพื่อเลือกเอกสาร	Tap to select document	Tap to select document	Tap to select document	Tap to select document	Tap to select document	Tap to select document	Tap to select document	Tap to select document	Tap to select document	Tap to select document	Tap to select document
tap_to_view_detail	กดเพื่อดูรายละเอียด	Tap to view detail	点击查看详情	タップして詳細を表示	ចុចដើម្បីមើលព័ត៌មានលម្អិត	탭하여 상세 보기	ກົດເພື່ອເບິ່ງລາຍລະອຽດ	အသေးစိတ်ကြည့်ရန် နှိပ်ပါ	Nhấn để xem chi tiết	Tap to view detail	Tap to view detail	Tap to view detail
target_shop_id_not_found	ไม่พบ Shop ID ปลายทาง	Target Shop ID not found	未找到目标商店ID	宛先ショップIDが見つかりません	រកមិនឃើញ Shop ID គោលដៅ	대상 매장 ID를 찾을 수 없습니다	ບໍ່ພົບ Shop ID ປາຍທາງ	ဦးတည်ရာ Shop ID ရှာမတွေ့ပါ	Không tìm thấy Shop ID đích	Target Shop ID not found	Target Shop ID not found	Target Shop ID not found
tax	ภาษี	Tax	税	税	ពន្ធ	세금	ພາສີ	အခွန်	Thuế	Tax	Tax	Tax
tax_address_1	ที่อยู่เอกสารภาษี 1	Tax Document Address 1	税务文件地址 1	税務書類住所 1	អាសយដ្ឋានឯកសារពន្ធ 1	세금 문서 주소 1	ທີ່ຢູ່ເອກະສານພາສີ 1	အခွန်စာရွက်စာတမ်းလိပ်စာ 1	Địa chỉ tài liệu thuế 1	Tax Document Address 1	Tax Document Address 1	Tax Document Address 1
tax_address_2	ที่อยู่เอกสารภาษီ 2	Tax Document Address 2	税务文件地址 2	税務書類住所 2	អាសយដ្ឋានឯកសារពន្ធ 2	세금 문서 주소 2	ທີ່ຢູ່ເອກະສານພາສີ 2	အခွန်စာရွက်စာတမ်းလိပ်စာ 2	Địa chỉ tài liệu thuế 2	Tax Document Address 2	Tax Document Address 2	Tax Document Address 2
tax_address_3	ที่อยู่เอกสารภาษี 3	Tax Document Address 3	税务文件地址 3	税務書類住所 3	អាសយដ្ឋានឯកសារពន្ធ 3	세금 문서 주소 3	ທີ່ຢູ່ເອກະສານພາສີ 3	အခွန်စာရွက်စာတမ်းလိပ်စာ 3	Địa chỉ tài liệu thuế 3	Tax Document Address 3	Tax Document Address 3	Tax Document Address 3
tax_base	ฐานภาษี	Tax Base	税基	課税基準	មូលដ្ឋានពន្ធ	과세 기준	ຖານພາສີ	အခွန်အခြေခံ	Cơ sở thuế	Tax Base	Tax Base	Tax Base
tax_base_hint	กรอกยอดฐานภาษี	Enter tax base amount	输入税基金额	課税基準額を入力	បញ្ចូលចំនួនមូលដ្ឋានពន្ធ	과세 기준 금액 입력	ໃສ່ຈຳນວນຖານພາສີ	အခွန်အခြေခံပမာဏရိုက်ထည့်	Nhập số tiền cơ sở thuế	Enter tax base amount	Enter tax base amount	Enter tax base amount
tax_base_short	ฐานภาษี	Base	税基	税基	ពន្ធមូលដ្ឋាន	세기	ຖານພາສີ	အခွန်အခြေခံ	Cơ sở thuế	Base	Base	Base
tax_doc	ใบกำกับภาษี	Tax Invoice	税务发票	税金請求書	វិក្កយបត្រពន្ធ	세금 계산서	ໃບກຳກັບພາສີ	အခွန်ပြေစာ	Hóa đơn thuế	Tax Invoice	Tax Invoice	Tax Invoice
tax_doc_date	วันที่ใบกำกับภาษี	Tax Invoice Date	税务发票日期	税金請求書日付	កាលបរិច្ឆេទវិក្កយបត្រពន្ធ	세금 계산서 날짜	ວັນທີໃບກຳກັບພາສີ	အခွန်ပြေစာရက်စွဲ	Ngày hóa đơn thuế	Tax Invoice Date	Tax Invoice Date	Tax Invoice Date
tax_docno	เลขที่ใบกำกับภาษี	Tax Invoice No.	税务发票号码	税金請求書番号	លេខវិក្កយបត្រពន្ធ	세금 계산서 번호	ເລກທີໃບກຳກັບພາສີ	အခွန်ပြေစာနံပါတ်	Số hóa đơn thuế	Tax Invoice No.	Tax Invoice No.	Tax Invoice No.
tax_exempt	ยกเว้นภาษี	Tax Exempt	免税	免税	លើកលែងពន្ធ	면세	ຍົກເວັ້ນພາສີ	အခွန်ကင်းလွတ်ခွင့်	Miễn thuế	Tax Exempt	Tax Exempt	Tax Exempt
tax_id	เลขประจำตัวผู้เสียภาษี	Tax ID	Tax ID	Tax ID	Tax ID	Tax ID	Tax ID	Tax ID	Tax ID	Tax ID	Tax ID	Tax ID
tax_id_number	เลขประจำตัวผู้เสียภาษี	Tax ID Number	Tax ID Number	Tax ID Number	Tax ID Number	Tax ID Number	Tax ID Number	Tax ID Number	Tax ID Number	Tax ID Number	Tax ID Number	Tax ID Number
tax_included	ภาษีรวม	Tax Included	含税	税込	រួមបញ្ចូលពន្ធ	세금 포함	ລວມພາສີ	အခွန်ပါဝင်ပြီး	Đã bao gồm thuế	Tax Included	Tax Included	Tax Included
tax_invoice_date	วันที่ใบกำกับภาษี	Tax Invoice Date	税务发票日期	税務請求書日付	កាលបរិច្ឆេទវិក្កយបត្រពន្ធ	세금 계산서 날짜	ວັນທີໃບກຳກັບພາສີ	အခွန်ပြေစာ ရက်စွဲ	Ngày hóa đơn thuế	Tax Invoice Date	Tax Invoice Date	Tax Invoice Date
tax_invoice_number	เลขที่ใบกำกับภาษี	Tax Invoice Number	税务发票号	税務請求書番号	លេខវិក្កយបត្រពន្ធ	세금 계산서 번호	ເລກທີໃບກຳກັບພາສີ	အခွန်ပြေစာ နံပါတ်	Số hóa đơn thuế	Tax Invoice Number	Tax Invoice Number	Tax Invoice Number
tax_payer	เลขประจำตัวผู้เสียภาษี/เลขที่บัตรประชาชน	Taxpayer ID Number / ID Card Number	纳税人识别号/身份证号	納税者番号 / 身分証明書番号	លេខអត្តសញ្ញាណអ្នកបង់ពន្ធ / លេខអត្តសញ្ញាណប័ណ្ណ	납세자 식별 번호 / 주민등록번호	ເລກປະຈຳຕົວຜູ້ເສຍພາສີ / ເລກບັດປະຊາຊົນ	အခွန်ထမ်းမှတ်ပုံတင်နံပါတ် / မှတ်ပုံတင်နံပါတ်	Mã số thuế / Số CMND	Taxpayer ID Number / ID Card Number	Taxpayer ID Number / ID Card Number	Taxpayer ID Number / ID Card Number
tax_type	ประเภทภาษี	Tax Type	税种	税種	ប្រភេទពន្ធ	세금 유형	ປະເພດພາສີ	အခွန်အမျိုးအစား	Loại thuế	Tax Type	Tax Type	Tax Type
tax_type_label	ประเภทภาษี	Tax Type	税种	税種	ប្រភេទពន្ធ	세금 유형	ປະເພດພາສີ	အခွန်အမျိုးအစား	Loại thuế	Tax Type	Tax Type	Tax Type
tax_value	มูลค่าภาษี	Tax Value	税额	税額	តម្លៃពន្ធ	세액	ມູນຄ່າພາສີ	အခွန်တန်ဖိုး	Giá trị thuế	Tax Value	Tax Value	Tax Value
taxes	ภาษีถูกหัก / หัก ณ ที่จ่าย	Withholding Tax	预扣税	源泉徴収税	ពន្ធកាត់ទុក	원천징수세	ພາສີຫັກນະທີ່ຈ່າຍ	ဆိုင်းငံ့အခွန်	Thuế khấu trừ tại nguồn	Withholding Tax	Withholding Tax	Withholding Tax
telephone	หมายเลขโทรศัพท์	Phone Number	电话号码	電話番号	លេខទូរស័ព្ទ	전화번호	ເບີໂທລະສັບ	ဖုန်းနံပါတ်	Số điện thoại	Phone Number	Phone Number	Phone Number
telephone_or_citizen_id	หมายเลขโทรศัพท์ / รหัสบัตรประชาชน	Phone Number / ID Card Number	电话号码 / 身份证号	電話番号 / 身分証明書番号	លេខទូរស័ព្ទ / លេខអត្តសញ្ញាណប័ណ្ណ	전화번호 / 주민등록번호	ເບີໂທລະສັບ / ເລກບັດປະຊາຊົນ	ဖုန်းနံပါတ် / မှတ်ပုံတင်နံပါတ်	Số điện thoại / Số CMND	Phone Number / ID Card Number	Phone Number / ID Card Number	Phone Number / ID Card Number
telephone_primary	หมายเลขโทรศัพท์หลัก	Primary Phone Number	主要电话号码	主要電話番号	លេខទូរស័ព្ទចម្បង	기본 전화번호	ເບີໂທລະສັບຫຼັກ	ပင်မဖုန်းနံပါတ်	Số điện thoại chính	Primary Phone Number	Primary Phone Number	Primary Phone Number
telephone_secondary	หมายเลขโทรศัพท์สำรอง	Secondary Phone Number	备用电话号码	予備電話番号	លេខទូរស័ព្ទបន្ទាប់បន្សំ	보조 전화번호	ເບີໂທລະສັບສຳຮອງ	ဒုတိယဖုန်းနံပါတ်	Số điện thoại phụ	Secondary Phone Number	Secondary Phone Number	Secondary Phone Number
template_download	ดาวน์โหลดเทมเพลต	Download Template	下载模板	テンプレートをダウンロード	ទាញយកគំរូ	템플릿 다운로드	ດາວໂຫຼດເທັມເພລດ	နမူနာပုံစံ ဒေါင်းလုဒ်လုပ်ရန်	Tải xuống mẫu	Download Template	Download Template	Download Template
template_download_failed	ดาวน์โหลดแม่แบบไม่สำเร็จ	Template Download Failed	文件下载失败	ファイルのダウンロード失敗	ទាញយកឯកសារមិនជោគជ័យ	파일 다운로드 실패	ດາວໂຫລດໄຟລ໌ບໍ່ສຳເລັດ	ဖိုင်ဒေါင်းလုဒ်မအောင်မြင်ပါ	Tải file không thành công	Template Download Failed	Template Download Failed	Template Download Failed
template_download_success	ดาวน์โหลดแม่แบบสำเร็จ	Template Downloaded Successfully	模板文件下载成功	テンプレートファイルのダウンロード成功	ទាញយកឯកសារគំរូជោគជ័យ	템플릿 파일 다운로드 성공	ດາວໂຫລດໄຟລ໌ແມ່ແບບສຳເລັດ	နမူနာဖိုင်ဒေါင်းလုဒ်အောင်မြင်သည်	Tải file mẫu thành công	Template Downloaded Successfully	Template Downloaded Successfully	Template Downloaded Successfully
template_order_setting	ตั้งค่าเครื่อง Order Station	Order Station Settings	Order Station 设置	Order Station 設定	ការកំណត់ Order Station	Order Station 설정	ຕັ້ງຄ່າ Order Station	Order Station ဆက်တင်များ	Cài đặt Order Station	Order Station Settings	Order Station Settings	Order Station Settings
template_order_setting_code	รหัสตั้งค่าเครื่อง Order Station	Order Station Setting Code	Order Station 设置代码	Order Station 設定コード	កូដការកំណត់ Order Station	Order Station 설정 코드	ລະຫັດຕັ້ງຄ່າ Order Station	Order Station ဆက်တင်ကုဒ်	Mã cài đặt Order Station	Order Station Setting Code	Order Station Setting Code	Order Station Setting Code
template_order_setting_name	ชื่อตั้งค่าเครื่อง Order Station	Order Station Setting Name	Order Station 设置名称	Order Station 設定名	ឈ្មោះការកំណត់ Order Station	Order Station 설정 이름	ຊື່ຕັ້ງຄ່າ Order Station	Order Station ဆက်တင်အမည်	Tên cài đặt Order Station	Order Station Setting Name	Order Station Setting Name	Order Station Setting Name
template_order_setting_search	ค้นหาตั้งค่าเครื่อง Order Station	Search Order Station Settings	搜索 Order Station 设置	Order Station 設定を検索	ស្វែងរកការកំណត់ Order Station	Order Station 설정 검색	ຄົ້ນຫາຕັ້ງຄ່າ Order Station	Order Station ဆက်တင်များကို ရှာဖွေပါ	Tìm kiếm cài đặt Order Station	Search Order Station Settings	Search Order Station Settings	Search Order Station Settings
terminal_id	TERMINAL ID	TERMINAL ID	TERMINAL ID	TERMINAL ID	TERMINAL ID	TERMINAL ID	TERMINAL ID	TERMINAL ID	TERMINAL ID	TERMINAL ID	TERMINAL ID	TERMINAL ID
terms	ข้อตกลงในการใช้งาน	Terms of Use	使用条款	利用規約	លក្ខខណ្ឌនៃការប្រើប្រាស់	이용 약관	ຂໍ້ກຳນົດການນຳໃຊ້	အသုံးပြုမှုစည်းမျဉ်းများ	Điều khoản sử dụng	Terms of Use	Terms of Use	Terms of Use
terms_of_use	ข้อกำหนดในการใช้บริการ	Terms of Service	服务使用条款	サービス利用規約	លក្ខខណ្ឌនៃសេវាកម្ម	서비스 이용 약관	ຂໍ້ກຳນົດການໃຫ້ບໍລິການ	ဝန်ဆောင်မှုစည်းမျဉ်းများ	Điều khoản dịch vụ	Terms of Service	Terms of Service	Terms of Service
test_connection	ทดสอบการเชื่อมต่อ	Test Connection	Test Connection	Test Connection	Test Connection	Test Connection	Test Connection	Test Connection	Test Connection	Test Connection	Test Connection	Test Connection
test_reprocess	ทดสอบประมวลผลใหม่	Test Reprocess	测试重新处理	再処理テスト	សាកល្បងដំណើរការឡើងវិញ	재처리 테스트ra	ທົດສອບປະມວນຜົນໃໝ່	ပြန်လည်လုပ်ဆောင်မှုစမ်းသပ်	Kiểm tra xử lý lại	Test Reprocess	Test Reprocess	Test Reprocess
test_send_message	ทดสอบการส่งข้อความ	Test send message	测试发送消息	メッセージ送信テスト	សាកល្បងផ្ញើសារ	메시지 전송 테스트	ທົດສອບການສົ່ງຂໍ້ຄວາມ	မက်ဆေ့ခ်ျပို့ခြင်းစမ်းသပ်ရန်	Kiểm tra gửi tin nhắn	Test send message	Test send message	Test send message
testing	กำลังทดสอบ...	Testing...	Testing...	Testing...	Testing...	Testing...	Testing...	Testing...	Testing...	Testing...	Testing...	Testing...
text_bold	ตัวหนา	Bold	Bold	Bold	Bold	Bold	Bold	Bold	Bold	Bold	Bold	Bold
text_form_address	ที่อยู่	Address	地址	住所	អាសយដ្ឋាន	주소	ທີ່ຢູ່	လိပ်စာ	Địa chỉ	Address	Address	Address
text_form_credit_note/tax_invoice	ใบลดหนี้ / ใบกำกับภาษี	Credit Note / Tax Invoice	贷记单 / 税务发票	クレジットノート / 税金請求書	ប័ណ្ណឥណទាន / វិក្កយបត្រពន្ធ	대변 메모 / 세금 계산서	ໃບຫຼຸດໜີ້ / ໃບກຳກັບພາສີ	အကြွေးမှတ်စု / အခွန်ပြေစာ	Giấy báo có / Hóa đơn thuế	Credit Note / Tax Invoice	Credit Note / Tax Invoice	Credit Note / Tax Invoice
text_form_customer	ผู้ซื้อ	Buyer	买家	購入者	អ្នកទិញ	구매자	ຜູ້ຊື້	ဝယ်သူ	Người mua	Buyer	Buyer	Buyer
text_form_discount	หักส่วนลด	Less Discount	扣除折扣	割引を差し引く	ដកការបញ្ចុះតម្លៃ	할인 차감	ຫັກສ່ວນຫຼຸດ	လျှော့စျေးနှုတ်ရန်	Trừ chiết khấu	Less Discount	Less Discount	Less Discount
text_form_receipt/tax_invoice	ใบเสร็จรับเงิน / ใบกำกับภาษี	Receipt / Tax Invoice	收据 / 税务发票	領収書 / 税金請求書	បង្កាន់ដៃ / វិក្កយបត្រពន្ធ	영수증 / 세금 계산서	ໃບຮັບເງິນ / ໃບກຳກັບພາສີ	ပြေစာ / အခွန်ပြေစာ	Biên lai / Hóa đơn thuế	Receipt / Tax Invoice	Receipt / Tax Invoice	Receipt / Tax Invoice
text_form_ref_invoice_date	วันที่อ้างอิง	Reference Date	参考日期	参照日	កាលបរិច្ឆេទយោង	참조 날짜	ວັນທີອ້າງອີງ	ကိုးကားရက်စွဲ	Ngày tham chiếu	Reference Date	Reference Date	Reference Date
text_form_ref_invoice_number	เลขที่อ้างอิง	Reference Number	参考编号	参照番号	លេខយោង	참조 번호	ເລກທີອ້າງອີງ	ကိုးကားနံပါတ်	Số tham chiếu	Reference Number	Reference Number	Reference Number
text_form_ref_total_correct	มูลค่าที่ถูกต้อง	Correct Value	正确价值	正しい価値	តម្លៃត្រឹមត្រូវ	정확한 가치	ມູນຄ່າທີ່ຖືກຕ້ອງ	မှန်ကန်သောတန်ဖိုး	Giá trị chính xác	Correct Value	Correct Value	Correct Value
text_form_ref_total_diff	ผลต่าง	Difference	差额	差額	ភាពខុសគ្នា	차이	ຜົນຕ່າງ	ကွာခြားချက်	Chênh lệch	Difference	Difference	Difference
text_form_ref_total_original	มูลค่าตามใบกำกับภาษีเดิม	Original Tax Invoice Value	原税务发票价值	元の税金請求書の価値	តម្លៃវិក្កយបត្រពន្ធដើម	원래 세금 계산서 가치	ມູນຄ່າຕາມໃບກຳກັບພາສີເດີມ	မူရင်းအခွန်ပြေစာတန်ဖိုး	Giá trị theo hóa đơn thuế gốc	Original Tax Invoice Value	Original Tax Invoice Value	Original Tax Invoice Value
text_form_tax_id	เลขประจำตัวผู้เสียภาษีอากร	Taxpayer Identification Number	纳税人识别号	納税者番号	លេខអត្តសញ្ញាណអ្នកបង់ពន្ធ	납세자 식별 번호	ເລກປະຈຳຕົວຜູ້ເສຍພາສີອາກອນ	အခွန်ထမ်းမှတ်ပုံတင်နံပါတ်	Mã số thuế	Taxpayer Identification Number	Taxpayer Identification Number	Taxpayer Identification Number
text_form_tax_invoice	ใบกำกับภาษี	Tax Invoice	税务发票	税金請求書	វិក្កយបត្រពន្ធ	세금 계산서	ໃບກຳກັບພາສີ	အခွန်ပြေစာ	Hóa đơn thuế	Tax Invoice	Tax Invoice	Tax Invoice
text_form_tax_invoice_date	วันที่ใบกำกับภาษี	Tax Invoice Date	税务发票日期	税金請求書日付	កាលបរិច្ឆេទវិក្កយបត្រពន្ធ	세금 계산서 날짜	ວັນທີໃບກຳກັບພາສີ	အခွန်ပြေစာရက်စွဲ	Ngày hóa đơn thuế	Tax Invoice Date	Tax Invoice Date	Tax Invoice Date
text_form_tax_invoice_number	เลขที่ใบกำกับภาษี	Tax Invoice Number	税务发票号码	税金請求書番号	លេខវិក្កយបត្រពន្ធ	세금 계산서 번호	ເລກທີໃບກຳກັບພາສີ	အခွန်ပြေစာနံပါတ်	Số hóa đơn thuế	Tax Invoice Number	Tax Invoice Number	Tax Invoice Number
text_form_taxid	เลขที่ประจำตัวผู้เสียภาษีอากร	Taxpayer Identification Number	纳税人识别号	納税者番号	លេខអត្តសញ្ញាណអ្នកបង់ពន្ធ	납세자 식별 번호	ເລກປະຈຳຕົວຜູ້ເສຍພາສີອາກອນ	အခွန်ထမ်းမှတ်ပုံတင်နံပါတ်	Mã số thuế	Taxpayer Identification Number	Taxpayer Identification Number	Taxpayer Identification Number
text_form_text_money	จำนวนเงิน (ตัวอักษร)	Amount (Text)	金额（文字）	金額（文字）	ចំនួនទឹកប្រាក់ (អក្សរ)	금액 (문자)	ຈຳນວນເງິນ (ຕົວອັກສອນ)	ပမာဏ (စာသား)	Số tiền (bằng chữ)	Amount (Text)	Amount (Text)	Amount (Text)
text_form_total	รวมมูลค่าสินค้า	Total Product Value	总商品价值	商品合計額	តម្លៃផលិតផលសរុប	총 상품 가치	ລວມມູນຄ່າສິນຄ້າ	စုစုပေါင်းကုန်ပစ္စည်းတန်ဖိုး	Tổng giá trị hàng hóa	Total Product Value	Total Product Value	Total Product Value
text_form_total_after_discount	รวมเป็นเงิน	Total Amount	总金额	合計金額	ចំនួនទឹកប្រាក់សរុប	총 금액	ລວມເປັນເງິນ	စုစုပေါင်းပမာဏ	Tổng cộng	Total Amount	Total Amount	Total Amount
text_form_total_amount	ยอดเงินสุทธิ	Net Amount	净额	純額	ចំនួនប្រាក់សុទ្ធ	순금액	ຍອດເງິນສຸດທິ	အသားတင်ငွေ	Số tiền ròng	Net Amount	Net Amount	Net Amount
text_form_total_except_vat	มูลค่ายกเว้นภาษี	Tax Exempt Amount	免税金额	免税額	ចំនួនទឹកប្រាក់លើកលែងពន្ធ	면세 금액	ມູນຄ່າຍົກເວັ້ນພາສີ	အခွန်ကင်းလွတ်ခွင့်ပမာဏ	Số tiền miễn thuế	Tax Exempt Amount	Tax Exempt Amount	Tax Exempt Amount
text_form_total_vat	ภาษีมูลค่าเพิ่ม	Value Added Tax	增值税	付加価値税	ពន្ធលើតម្លៃបន្ថែម	부가가치세	ພາສີມູນຄ່າເພີ່ມ	တန်ဖိုးမြှင့်အခွန်	Thuế giá trị gia tăng	Value Added Tax	Value Added Tax	Value Added Tax
text_italic	ตัวเอียง	Italic	Italic	Italic	Italic	Italic	Italic	Italic	Italic	Italic	Italic	Italic
text_underline	ขีดเส้นใต้	Underline	Underline	Underline	Underline	Underline	Underline	Underline	Underline	Underline	Underline	Underline
thai_qr	ชำระเงินด้วยไทยคิวอาร์โค๊ด	Thai QR Payment	泰国二维码支付	タイQR決済	ការទូទាត់តាម QR ថៃ	태국 QR 결제	ຊຳລະເງິນດ້ວຍ QR ໄທ	ထိုင်း QR ငွေပေးချေမှု	Thanh toán QR Thái Lan	Thai QR Payment	Thai QR Payment	Thai QR Payment
thankyou	ขอบคุณ	Thank you	谢谢	Thank you	Thank you	Thank you	ຂອບໃຈ	Thank you	Thank you	Thank you	Thank you	Thank you
theme_classic_red	คลาสสิกแดง	Classic Red	经典红	クラシックレッド	ក្រហមបុរាណ	클래식 레드	ຄລາສສິກແດງ	ဂန္ထဝင်အနီ	Đỏ cổ điển	Classic Red	Classic Red	Classic Red
theme_dark	ธีมมืด	Dark	深色	ダーク	ងងឹត	다크	ມືດ	အမှောင်	Tối	Dark	Dark	Dark
theme_light	ธีมสว่าง	Light Theme	浅色主题	ライトテーマ	ស្បែកភ្លឺ	라이트 테마	ທີມສະຫວ່າງ	အလင်းအပြင်အဆင်	Chủ đề sáng	Light Theme	Light Theme	Light Theme
theme_modern_blue	โมเดิร์นบลู	Modern Blue	现代蓝	モダンブルー	ខៀវទំនើប	모던 블루	ໂມເດີນບລູ	ခေတ်မီအပြာ	Xanh hiện đại	Modern Blue	Modern Blue	Modern Blue
theme_nature	ธรรมชาติ	Nature	自然	ナチュラル	ធម្មជាតិ	자연	ທຳມະຊາດ	သဘာဝ	Thiên nhiên	Nature	Nature	Nature
theme_professional	มืออาชีพ	Professional	专业	プロフェッショナル	អាជីព	프로페셔널	ມືອາຊີບ	ပရော်ဖက်ရှင်နယ်	Chuyên nghiệp	Professional	Professional	Professional
theme_purple	สีม่วง	Purple	紫色	パープル	ស្វាយ	퍼플	ສີມ່ວງ	ခရမ်းရောင်	Tím	Purple	Purple	Purple
theme_teal	สีเขียวเทา	Teal	青色	ティール	បៃតងចាស់	틸	ສີຂຽວເທົາ	စိမ်းပြာရောင်	Xanh mòng két	Teal	Teal	Teal
theme_warm	อบอุ่น	Warm	暖色	ウォーム	កក់ក្ដៅ	따뜻한	ອົບອຸ່ນ	နွေးထွေး	Ấm	Warm	Warm	Warm
this_field_is_required	กรุณากรอกข้อมูล	This field is required	This field is required	This field is required	This field is required	This field is required	This field is required	This field is required	This field is required	This field is required	This field is required	This field is required
this_task_takes_long_time	การทำงานนี้ใช้เวลานาน	This task takes a long time	此任务需要很长时间	このタスクには時間がかかります	កិច្ចការនេះចំណាយពេលយូរ	이 작업은 시간이 오래 걸립니다	ວຽກນີ້ໃຊ້ເວລາດົນ	ဒီအလုပ်သည် အချိန်ကြာသည်	Tác vụ này mất nhiều thời gian	This task takes a long time	This task takes a long time	This task takes a long time
thursday	วันพฤหัสบดี	Thursday	星期四	木曜日	ថ្ងៃព្រហស្បតិ៍	목요일	ວັນພະຫັດ	ကြာသပတေးနေ့	Thứ năm	Thursday	Thursday	Thursday
time	เวลา	Time	时间	時間	ពេលវេលា	시간	ເວລາ	အချိန်	Thời gian	Time	Time	Time
time_for_sale	เวลาการขาย	Sales Time	销售时间	販売時間	ពេលវេលាលក់	판매 시간	ເວລາຂາຍ	အရောင်းအချိန်	Thời gian bán hàng	Sales Time	Sales Time	Sales Time
time_for_sales	เวลาขาย	Time for Sales	销售时间	販売時間	ពេលវេលាសម្រាប់ការលក់	판매 시간	ເວລາຂາຍ	ရောင်းချချိန်	Thời gian bán hàng	Time for Sales	Time for Sales	Time for Sales
time_label	เวลา:	Time:	Time:	Time:	Time:	Time:	Time:	Time:	Time:	Time:	Time:	Time:
time_range	ช่วงเวลา	Time Range	时间范围	時間範囲	ចន្លោះពេល	시간 범위	ຊ່ວງເວລາ	အချိန်အပိုင်းအခြား	Khoảng thời gian	Time Range	Time Range	Time Range
time_suffix	น.	h	时	時	ម៉ោង	시	ນ.	နာရီ	g	h	h	h
times	ครั้ง	time(s)	次	回	ដង	회	ຄັ້ງ	ကြိမ်	lần	time(s)	time(s)	time(s)
timezone	เขตเวลา	Timezone	时区	タイムゾーン	តំបន់ពេលវេលា	시간대	ເຂດເວລາ	အချိန်ဇုန်	Múi giờ	Timezone	Timezone	Timezone
temporarily_disable_access	ปิดชั่วคราว	Disable temporarily	临时禁用	一時的に無効化	បិទបណ្តោះអាសន្ន	일시적으로 중지	ປິດຊົ່ວຄາວ	ယာယီပိတ်ပါ	Tạm khóa	Lumpuhkan sementara	Nonaktifkan sementara	Pansamantalang i-disable
title	dede POS	DEDE POS	德德POS	DEDE POS	DEDE POS	DEDE POS	ຫົວຂໍ້	DEDE POS	DEDE POS	DEDE POS	DEDE POS	DEDE POS
to	ถึง	To	到	まで	ដល់	까지	ຫາ	သို့	Đến	To	To	To
to_acc_code	ถึงผังบัญชีที่	To Account Code	到账户代码	アカウントコードへ	ទៅកូដគណនី	계정 코드로	ເຖິງລະຫັດບັນຊີ	အကောင့်ကုဒ်သို့	Đến mã tài khoản	To Account Code	To Account Code	To Account Code
to_barcode	ถึงรหัสสินค้า	To Barcode	到条形码	バーコードへ	ទៅបាកូដ	바코드로	ເຖິງບາໂຄດ	ဘားကုဒ်သို့	Đến mã vạch	To Barcode	To Barcode	To Barcode
to_create_report	 เพื่อสร้างรายงาน	 to create report	 to create report	 to create report	 to create report	 to create report	 to create report	 to create report	 to create report	 to create report	 to create report	 to create report
to_customer_code	ถึงรหัสลูกค้า	To Customer Code	到客户代码	顧客コードへ	ទៅកូដអតិថិជន	고객 코드로	ເຖິງລະຫັດລູກຄ້າ	ဖောက်သည်ကုဒ်သို့	Đến mã khách hàng	To Customer Code	To Customer Code	To Customer Code
to_date	ถึงวันที่	To Date	到日期	日付まで	ដល់កាលបរិច្ឆេទ	날짜까지	ເຖິງວັນທີ	ရက်စွဲအထိ	Đến ngày	To Date	To Date	To Date
to_group	ถึงกลุ่มสินค้า	To Product Group	到产品组	商品グループへ	ទៅក្រុមផលិតផល	제품 그룹으로	ເຖິງກຸ່ມສິນຄ້າ	ကုန်ပစ္စည်းအုပ်စုသို့	Đến nhóm sản phẩm	To Product Group	To Product Group	To Product Group
to_location	ที่เก็บ	To Location	到位置	場所へ	ទៅទីតាំង	위치로	ເຖິງສະຖານທີ່	တည်နေရာသို့	Đến vị vị	To Location	To Location	To Location
to_sale	ถึงพนักงาน	To Employee	到员工	従業員へ	ទៅបុគ្គលិក	직원에게	ເຖິງພະນັກງານ	ဝန်ထမ်းသို့	Đến nhân viên	To Employee	To Employee	To Employee
to_see_results	 เพื่อดูผลลัพธ์	 to see results	 to see results	 to see results	 to see results	 to see results	 to see results	 to see results	 to see results	 to see results	 to see results	 to see results
to_supplier_code	จากรหัสเจ้าหนี้	From Supplier Code	从供应商代码	サプライヤーコードから	ពីកូដអ្នកផ្គត់ផ្គង់	공급업체 코드에서	ຈາກລະຫັດຜູ້ສະໜອງ	ကုန်ပစ္စည်းပေးသွင်းသူကုဒ်မှ	Từ mã nhà cung cấp	From Supplier Code	From Supplier Code	From Supplier Code
to_time_must_be_later_than_from_time	เวลาไม่ถูกต้อง	Incorrect time	时间不正确	時間が正しくありません	ពេលវេលាមិនត្រឹមត្រូវ	시간이 올바르지 않습니다	ເວລາບໍ່ຖືກຕ້ອງ	အချိန်မမှန်ပါ	Thời gian không chính xác	Incorrect time	Incorrect time	Incorrect time
to_warehouse	ไปที่คลัง	To Warehouse	到仓库	倉庫へ	ទៅឃ្លាំង	창고로	ໄປທີ່ຄັງ	ဂိုဒေါင်သို့	Đến kho	To Warehouse	To Warehouse	To Warehouse
token	Token	Token	Token	Token	Token	Token	Token	Token	Token	Token	Token	Token
token_is_invalid	Token นี้สามารถไม่ใช้ได้	This token is invalid	此令牌无效	このトークンは無効です	Token នេះមិនត្រឹមត្រូវទេ	이 토큰은 유효하지 않습니다	Token ນີ້ບໍ່ສາມາດໃຊ້ໄດ້	ဤ Token သည် မမှန်ကန်ပါ	Token นี้ไม่ถูกต้อง	This token is invalid	This token is invalid	This token is invalid
token_is_valid	Token นี้สามารถใช้ได้	This token is valid	此令牌有效	このトークンは有効です	Token នេះត្រឹមត្រូវ	이 토큰은 유효합니다	Token ນີ້ສາມາດໃຊ້ໄດ້	ဤ Token သည် မှန်ကန်ပါသည်	Token นี้ถูกต้อง	This token is valid	This token is valid	This token is valid
token_key	Token Key	Token Key	Token Key	Token Key	Token Key	Token Key	Token Key	Token Key	Token Key	Token Key	Token Key	Token Key
token_not_found_please_login_again	ไม่พบ Token การเชื่อมต่อ กรุณาเข้าสู่ระบบใหม่	Token not found, please login again	未找到令牌，请重新登录	トークンが見つかりません。再度ログインしてください	រកមិនឃើញ Token សូមចូលប្រព័ន្ធម្តងទៀត	토큰을 찾을 수 없습니다. 다시 로그인하세요	ບໍ່ພົບ Token ກະລຸນາເຂົ້າສູ່ລະບົບໃໝ່	Token မတွေ့ပါ၊ ထပ်မံ login ဝင်ပါ	Không tìm thấy Token, vui lòng đăng nhập lại	Token not found, please login again	Token not found, please login again	Token not found, please login again
too_frequent	บ่อยเกินไป	Too Frequent	Too Frequent	Too Frequent	Too Frequent	Too Frequent	Too Frequent	Too Frequent	Too Frequent	Too Frequent	Too Frequent	Too Frequent
top_customers	ลูกค้ารายใหญ่	Top Customers	大客户	上位顧客	អតិថិជនកំពូល	주요 고객	ລູກຄ້າລາຍໃຫຍ່	ထိပ်တန်းဖောက်သည်	Khách hàng hàng đầu	Top Customers	Top Customers	Top Customers
total	รวม	Total	一起	合計	សរុប	합계	ລວມທັງໝົດ	စုစုပေါင်း	Tổng	Total	Total	Total
total_after_discount_and_promoiton	รวมเงินหลังหักส่วนลด/โปรโมชั่น	Total After Discount / Promotion	扣除折扣/促销后的总金额	割引/プロモーション後の合計金額	សរុបទឹកប្រាក់បន្ទាប់ពីការបញ្ចុះតម្លៃ/ប្រូម៉ូសិន	할인/프로모션 후 총 금액	ລວມເງິນທັງຫມົດຫຼັງຈາກຫຼຸດລາຄາ/ໂປໂມຊັ່ນ	လျှော့စျေး/ပရိုမိုးရှင်းပြီးနောက် စုစုပေါင်း	Tổng tiền sau khi trừ chiết khấu/khuyến mãi	Total After Discount / Promotion	Total After Discount / Promotion	Total After Discount / Promotion
total_after_vat	มูลค่าหลังหักภาษี	Total Value After Tax	税后总值	税引後合計額	តម្លៃសរុបបន្ទាប់ពីពន្ធ	세후 총 가치	ມູນຄ່າຫຼັງຫັກພາສີ	အခွန်ပြီးနောက် စုစုပေါင်းတန်ဖိုး	Tổng giá trị sau thuế	Total Value After Tax	Total Value After Tax	Total Value After Tax
total_amount	รวมเงินทั้งสิ้น	Total Amount	总金额	合計金額	ចំនួនទឹកប្រាក់សរុប	총 금액	ຈຳນວນເງິນ	စုစုပေါင်းပမာဏ	Tổng sốเงิน	Total Amount	Total Amount	Total Amount
total_amount_after_discount	ยอดรวมหลังหักส่วนลดท้ายบิล	Total Amount After Discount	折后总额	割引後の合計金額	ចំនួនទឹកប្រាក់សរុបបន្ទាប់ពីការបញ្ចុះតម្លៃ	할인 후 총 금액	ຍອດລວມຫຼັງຫັກສ່ວນຫຼຸດທ້າຍບິນ	ငွေတောင်းခံလွှာအဆုံး လျှော့စျေးပြီးနောက် စုစုပေါင်း	Tổng số tiền sau khi chiết khấu cuối hóa đơn	Total Amount After Discount	Total Amount After Discount	Total Amount After Discount
total_amount_before_discount	ยอดรวมก่อนหักส่วนลดท้ายบิล	Total Amount Before Discount	折前总额	割引前の合計金額	ចំនួនទឹកប្រាក់សរុបមុនការបញ្ចុះតម្លៃ	할인 전 총 금액	ຍອດລວມກ່ອນຫັກສ່ວນຫຼຸດທ້າຍບິນ	ငွေတောင်းခံလွှာအဆုံး လျှော့စျေးမတိုင်မီ စုစုပေါင်း	Tổng số tiền trước khi chiết khấu cuối hóa đơn	Total Amount Before Discount	Total Amount Before Discount	Total Amount Before Discount
total_amount_product_service	รวมสินค้าและบริการ	Total Product and Service	商品和服务总计	商品とサービスの合計	សរុបផលិតផលនិងសេវាកម្ម	상품 및 서비스 합계	ລວມສິນຄ້າແລະບໍລິການ	ကုန်ပစ္စည်းနှင့်ဝန်ဆောင်မှု စုစုပေါင်း	Tổng sản phẩm và dịch vụ	Total Product and Service	Total Product and Service	Total Product and Service
total_balance	ยอดรวมทั้งหมด	Total Balance	总余额	合計残高	សមតុល្យសរុប	총 잔액	ຍອດລວມທັງໝົດ	စုစုပေါင်းလက်ကျန်	Tổng số dư	Total Balance	Total Balance	Total Balance
total_before_vat	มูลค่าก่อนภาษี	Total Value Before Tax	税前总值	税引前合計額	តម្លៃសរុបមុនពន្ធ	세전 총 가치	ມູນຄ່າກ່ອນພາສີ	အခွန်မတိုင်မီ စုစုပေါင်းတန်ဖိုး	Tổng giá trị trước thuế	Total Value Before Tax	Total Value Before Tax	Total Value Before Tax
total_beforevat	ยอดก่อนภาษี	Amount Before Tax	税前金额	税引前金額	ចំនួនទឹកប្រាក់មុនពន្ធ	세전 금액	ຍອດກ່ອນພາສີ	အခွန်မတိုင်မီ ပမာဏ	Số tiền trước thuế	Amount Before Tax	Amount Before Tax	Amount Before Tax
total_by_date	รวมวันที่	Total by Date	Total by Date	Total by Date	Total by Date	Total by Date	Total by Date	Total by Date	Total by Date	Total by Date	Total by Date	Total by Date
total_cost	ต้นทุนรวม	Total Cost	Total Cost	Total Cost	Total Cost	Total Cost	Total Cost	Total Cost	Total Cost	Total Cost	Total Cost	Total Cost
total_deduction	ยอดตัดรวม	Total Deduction	总扣除	合計控除	ការកាត់សរុប	총 공제	ຍອດຫັກລວມ	စုစုပေါင်းနုတ်ယူ	Tổng khấu trừ	Total Deduction	Total Deduction	Total Deduction
total_detail_total_discount	รวมส่วนลดก่อนชำระเงิน	Total Discount Before Payment	总计ส่วนลดก่อนชำระเงิน	支払い前の合計割引	ការបញ្ចុះតម្លៃសរុបមុនការទូទាត់	결제 전 총 할인	ລວມສ່ວນຫຼຸດກ່ອນຊຳລະເງິນ	ငွေပေးချေမှုမတိုင်မီ စုစုပေါင်းလျှော့စျေး	Tổng chiết khấu trước khi thanh toán	Total Discount Before Payment	Total Discount Before Payment	Total Discount Before Payment
total_diff	เงินทอน	Change	改变	お釣り	ប្រាក់អាប់	거스름돈	ສ່ວນຕ່າງທັງໝົດ	အမ်ပြန်	Tiền thối	Change	Change	Change
total_discount	รวมส่วนลดทั้งสิ้น	Total discount	包含总折扣	Total discount	Total discount	Total discount	ສ່ວນຫຼຸດທັງໝົດ	Total discount	Total discount	Total discount	Total discount	Total discount
total_discount_except_vat_amount	ส่วนลดสินค้ายกเว้นภาษี	Tax Exempt Product Discount	免税商品折扣	免税商品割引	ការបញ្ចុះតម្លៃផលិតផលលើកលែងពន្ធ	면세 상품 할인	ສ່ວນຫຼຸດສິນຄ້າຍົກເວັ້ນພາສີ	အခွန်ကင်းလွတ်ခွင့် ကုန်ပစ္စည်းလျှော့စျေး	Chiết khấu sản phẩm miễn thuế	Tax Exempt Product Discount	Tax Exempt Product Discount	Tax Exempt Product Discount
total_discount_vat_amount	ส่วนลดสินค้ามีภาษี	Taxable Product Discount	含税商品折扣	課税対象商品割引	ការបញ្ចុះតម្លៃផលិតផលជាប់ពន្ធ	과세 상품 할인	ສ່ວນຫຼຸດສິນຄ້າທີ່ມີພາສີ	အခွန်ဆောင်ရမည့် ကုန်ပစ္စည်းလျှော့စျေး	Chiết khấu sản phẩm chịu thuế	Taxable Product Discount	Taxable Product Discount	Taxable Product Discount
total_documents	จำนวนเอกสาร	Total Documents	文档总数	ドキュメント総数	ចំនួនឯកសារសរុប	총 문서 수	ຈຳນວນເອກະສານ	စာရွက်စာတမ်းစုစုပေါင်း	Tổng số tài liệu	Total Documents	Total Documents	Total Documents
total_documnet	ยอดรวมเอกสาร	Document Total	单据总计	ドキュメント合計	សរុបឯកសារ	문서 합계	ຍອດລວມເອກະສານ	စာရွက်စာတမ်း စုစုပေါင်း	Tổng tài liệu	Document Total	Document Total	Document Total
total_except_vat	มูลค่ายกเว้นภาษี	Total except vat	Total except vat	Total except vat	Total except vat	Total except vat	Total except vat	Total except vat	Total except vat	Total except vat	Total except vat	Total except vat
total_exceptvat	ยอดยกเว้นภาษี	Tax Exempt Amount	免税金额	免税額	ចំនួនទឹកប្រាក់លើកលែងពន្ធ	면세 금액	ຍອດຍົກເວັ້ນພາສີ	အခွန်ကင်းလွတ်ခွင့်ပမာဏ	Số tiền miễn thuế	Tax Exempt Amount	Tax Exempt Amount	Tax Exempt Amount
total_gross_profit	กำไรขั้นต้นรวม	Total Gross Profit	Total Gross Profit	Total Gross Profit	Total Gross Profit	Total Gross Profit	Total Gross Profit	Total Gross Profit	Total Gross Profit	Total Gross Profit	Total Gross Profit	Total Gross Profit
total_item	จำนวนรายการ	Item Quantity	项目数量	アイテム数量	បរិមាណទំនិញ	항목 수량	ຈຳນວນລາຍການ	ပစ္စည်းအရေအတွက်	Số lượng mục	Item Quantity	Item Quantity	Item Quantity
total_items	จำนวนรายการทั้งหมด	Total items	总项目数	合計アイテム数	ចំនួនធាតុសរុប	총 항목 수	ຈຳນວນລາຍການທັງໝົດ	စုစုပေါင်းအရေအတွက်	Tổng số mục	Total items	Total items	Total items
total_more_diff	ต้องชำระอีก	Additional Payment Required	必须再次付款	追加支払いが必要です	ត្រូវការការទូទាត់បន្ថែម	추가 결제 필요	ຕ້ອງຊຳລະເພີ່ມ	ထပ်မံပေးချေရန် လိုအပ်သည်	Yêu cầu thanh toán bổ sung	Additional Payment Required	Additional Payment Required	Additional Payment Required
total_must_be_greater_than_zero	ยอดรวมต้องมากกว่า 0	Total must be greater than 0	Total must be greater than 0	Total must be greater than 0	Total must be greater than 0	Total must be greater than 0	Total must be greater than 0	Total must be greater than 0	Total must be greater than 0	Total must be greater than 0	Total must be greater than 0	Total must be greater than 0
total_n_records	ทั้งหมด	Total	Total	Total	Total	Total	Total	Total	Total	Total	Total	Total
total_pay_amount	ยอดชำระรวมทั้งสิ้น	Total Payment	付款总额	支払い合計	ការទូទាត់សរុប	총 결제 금액	ຍອດຊຳລະລວມທັງໝົດ	စုစုပေါင်းပေးချေမှု	Tổng thanh toán	Total Payment	Total Payment	Total Payment
total_pay_amount_card	ยอดชำระด้วยบัตรเครดิต	Credit Card Payment	信用卡付款金额	クレジットカード支払い	ការទូទាត់តាមកាតឥណទាន	신용카드 결제	ຍອດຊຳລະດ້ວຍບັດເຄດິດ	ခရက်ဒစ်ကဒ်ဖြင့်ပေးချေမှု	Thanh toán bằng thẻ tín dụng	Credit Card Payment	Credit Card Payment	Credit Card Payment
total_pay_amount_cash	ยอดชำระด้วยเงินสด	Cash Payment	现金支付金额	現金支払い	ការទូទាត់ជាសាច់ប្រាក់	현금 결제	ຍອດຊຳລະດ້ວຍເງິນສົດ	ငွေသားဖြင့်ပေးချေမှု	Thanh toán bằng tiền mặt	Cash Payment	Cash Payment	Cash Payment
total_pay_amount_cheque	ยอดชำระด้วยเช็ค	Cheque Payment	支票支付金额	小切手支払い	ការទូទាត់តាមមូលប្បទានប័ត្រ	수표 결제	ຍອດຊຳລະດ້ວຍແຊັກ	ချက်လက်မှတ်ဖြင့်ပေးချေမှု	Thanh toán bằng séc	Cheque Payment	Cheque Payment	Cheque Payment
total_pay_amount_coupon	รวมหักคูปอง	Coupon Discount	优惠券扣除总额	クーポン割引	ការបញ្ចុះតម្លៃគូប៉ុង	쿠폰 할인	ລວມຫັກຄູປອງ	ကူပွန်လျှော့စျေး	Giảm giá phiếu mua hàng	Coupon Discount	Coupon Discount	Coupon Discount
total_pay_amount_diff	ยอดคงเหลือหรือปัดเศษ	Balance or Rounding	余额或四舍五入	残高または端数処理	សមតុល្យឬការបង្គត់	잔액 또는 반올림	ຍອດຄົງເຫຼືອຫຼືປັດເສດ	လက်ကျန် သို့မဟုတ် အနီးစပ်ဆုံးယူခြင်း	Số dư hoặc làm tròn	Balance or Rounding	Balance or Rounding	Balance or Rounding
total_pay_amount_discount	รวมหักส่วนลด	Total Discount	总折扣	合計割引	ការបញ្ចុះតម្លៃសរុប	총 할인	ລວມຫັກສ່ວນຫຼຸດ	စုစုပေါင်းလျှော့စျေး	Tổng chiết khấu	Total Discount	Total Discount	Total Discount
total_pay_amount_half	ยอดชำระด้วยคนละครึ่ง	Half Payment	半额支付	半額支払い	ការទូទាត់ពាក់កណ្តាល	반액 결제	ຍອດຊຳລະດ້ວຍຄົນລະເຄິ່ງ	တစ်ဝက်ပေးချေမှု	Thanh toán một nửa	Half Payment	Half Payment	Half Payment
total_pay_amount_promptpay	ยอดชำระด้วยพร้อมเพย์	PromptPay	使用 PromptPay 支付的金额	PromptPay	PromptPay	PromptPay	ຊຳລະເງິນທັງໝົດທັນທີ	PromptPay	PromptPay	PromptPay	PromptPay	PromptPay
total_pay_amount_transfer	ยอดชำระด้วยการโอน	Transfer payment	转账支付金额	Transfer payment	Transfer payment	Transfer payment	ຊຳລະດ້ວຍເງິນໂອນ	Transfer payment	Transfer payment	Transfer payment	Transfer payment	Transfer payment
total_pay_amount_wallet	ยอดชำระด้วยWallet	Wallet Payment	钱包支付金额	Wallet Payment	Wallet Payment	Wallet Payment	ຊຳລະດ້ວຍເງິນຍ່ອຍ	Wallet Payment	Wallet Payment	Wallet Payment	Wallet Payment	Wallet Payment
total_pay_bill	ชำระเงินทั้งหมด	Total Payment	支付所有款项	Total Payment	Total Payment	Total Payment	ການຊຳລະເງິນທັງໝົດ	Total Payment	Total Payment	Total Payment	Total Payment	Total Payment
total_payment_amount	ยอดรวมชำระเงิน	Total Payment Amount	付款总额	支払い総額	ចំនួនទឹកប្រាក់ទូទាត់សរុប	총 결제 금액	ຍອດລວມການຊຳລະເງິນ	စုစုပေါင်းငွေပေးချေမှုပမာဏ	Tổng số tiền thanh toán	Total Payment Amount	Total Payment Amount	Total Payment Amount
total_qty	รวมจำนวน	Total Quantity	总数量	Total Quantity	Total Quantity	Total Quantity	ຈຳນວນທັງໝົດ	Total Quantity	Total Quantity	Total Quantity	Total Quantity	Total Quantity
total_rows	จำนวนแถวทั้งหมด	Total Rows	Total Rows	Total Rows	Total Rows	Total Rows	Total Rows	Total Rows	Total Rows	Total Rows	Total Rows	Total Rows
total_sales	ยอดขายรวม	Total Sales	Total Sales	Total Sales	Total Sales	Total Sales	Total Sales	Total Sales	Total Sales	Total Sales	Total Sales	Total Sales
total_success	สถานะสำเร็จ	Status: Success	状态：成功	ステータス：成功	ស្ថានភាព៖ ជោគជ័យ	상태: 성공	ສະຖານະ: ສຳເລັດ	အခြေအနေ - အောင်မြင်သည်	Trạng thái: Thành công	Status: Success	Status: Success	Status: Success
total_tax_base	ฐานภาษีรวม	Total Tax Base	Total Tax Base	Total Tax Base	Total Tax Base	Total Tax Base	Total Tax Base	Total Tax Base	Total Tax Base	Total Tax Base	Total Tax Base	Total Tax Base
total_tax_exempt	ยกเว้นภาษีรวม	Total Tax Exempt	Total Tax Exempt	Total Tax Exempt	Total Tax Exempt	Total Tax Exempt	Total Tax Exempt	Total Tax Exempt	Total Tax Exempt	Total Tax Exempt	Total Tax Exempt	Total Tax Exempt
total_value	มูลค่า	Total value	Total value	Total value	Total value	Total value	Total value	Total value	Total value	Total value	Total value	Total value
total_value_vat	มูลค่าภาษี	Total VAT Value	增值税总额	付加価値税総額	តម្លៃពន្ធសរុប	총 부가가치세	ມູນຄ່າພາສີທັງໝົດ	စုစုပေါင်းတန်ဖိုးအခွန်	Tổng giá trị thuế GTGT	Total VAT Value	Total VAT Value	Total VAT Value
total_vatvalue	ยอดภาษี	Tax Amount	税额	税額	ចំនួនពន្ធ	세금 액	ມູນຄ່າພາສີ	အခွန်ပမာဏ	Tiền thuế	Tax Amount	Tax Amount	Tax Amount
total_wht	รวมหัก ณ ที่จ่าย	Total WHT	预扣税合计	源泉徴収税合計	ពន្ធកាត់ទុកសរុប	원천징수세 합계	ລວມພາສີຫັກ ນ ທີ່ຈ່າຍ	အခွန်ဖြတ်တောက်စုစုပေါင်း	Tổng thuế khấu trừ	Total WHT	Total WHT	Total WHT
totalnetworth	มูลค่าสุทธิ	Net Value	净值	正味価値	តម្លៃសុទ្ធ	순 가치	ມູນຄ່າສຸດທິ	အသားတင်တန်ဖိုး	Giá trị ròng	Net Value	Net Value	Net Value
totime	ถึงวันที่	To Date	至	まで	ដល់	까지	ຫາ	သို့	Đến	To Date	To Date	To Date
tracking_settings	ตั้งค่าการติดตาม	Tracking Settings	追踪设置	追跡設定	ការកំណត់ការតាមដាន	추적 설정	ຕັ້ງຄ່າການຕິດຕາມ	ခြေရာခံဆက်တင်များ	Cài đặt theo dõi	Tracking Settings	Tracking Settings	Tracking Settings
trans falg not found	ไม่พบ trans falg	Trans flag not found	未找到 trans flag	Trans flagが見つかりません	រកមិនឃើញ trans flag	Trans flag를 찾을 수 없습니다	ບໍ່ພົບ trans flag	Trans flag မတွေ့ပါ	Không tìm thấy trans flag	Trans flag not found	Trans flag not found	Trans flag not found
trans_flag	เมนู	Menu	菜单	メニュー	ម៉ឺនុយ	메뉴	ເມນູ	မီနူး	Thực đơn	Menu	Menu	Menu
transaction	ขายสินค้า	Transaction	交易	取引	ប្រតិបត្តិការ	거래	ການຊື້ຂາຍ	အရောင်းအဝယ်	Giao dịch	Transaction	Transaction	Transaction
transaction_accrual_receive	ตั้งหนี้จากการทยอยรับ	Accrual Receive Transaction	应计收入发票	未収収益請求書	វិក្កយបត្រចំណូលបង្គរ	미수 수익 송장	ໃບແຈ້ງໜີ້ລາຍຮັບຄ້າງຮັບ	ရရန်ရှိသော ၀င်ငွေ ပြေစာ	Hóa đơn doanh thu dồn tích	Accrual Receive Transaction	Accrual Receive Transaction	Accrual Receive Transaction
transaction_adjust	ปรับปรุงสต๊อก	Stock Adjustment	库存调整	在庫調整	ការកែតម្រូវស្តុក	재고 조정	ການປັບປຸງສາງ	ကုန်ပစ္စည်းစာရင်း ညှိနှိုင်းခြင်း	Điều chỉnh kho	Stock Adjustment	Stock Adjustment	Stock Adjustment
transaction_advance_payment	จ่ายเงินล่วงหน้า	Advance Payment	Advance Payment	Advance Payment	Advance Payment	Advance Payment	ການຊຳລະເງິນລ່ວງໜ້າ	ကြိုတင်ငွေပေးချေမှု	Thanh toán trước	Advance Payment	Advance Payment	Advance Payment
transaction_advance_payment_refund	รับคืนเงินล่วงหน้า	Advance Payment Refund	Advance Payment Refund	前払い返金	Advance Payment Refund	Advance Payment Refund	ຄືນເງິນລ່ວງໜ້າ	ကြိုတင်ငွေပေးချေမှု ပြန်အမ်း	Hoàn tiền đặt cọc trước	Advance Payment Refund	Advance Payment Refund	Advance Payment Refund
transaction_before_vat	ก่อน VAT	Before VAT	税前	税抜	មុនពន្ធ	부가세 전	ກ່ອນພາສີ	အခွန်မပါသေးသော	Trước thuế	Before VAT	Before VAT	Before VAT
transaction_branch	สาขา	Branch	分店	支店	សាខា	지점	ສາຂາ	ဌာနခွဲ	Chi nhánh	Branch	Branch	Branch
transaction_close	ปิด	Close	关闭	閉じる	បិទ	닫기	ປິດ	ပိတ်	Đóng	Close	Close	Close
transaction_count	จำนวนธุรกรรม	Transaction Count	交易数量	取引件数	ចំនួនប្រតិបត្តិការ	거래 수	ຈຳນວນທຸລະກຳ	ငွေသွင်းငွေထုတ်အရေအတွက်	Số lượng giao dịch	Transaction Count	Transaction Count	Transaction Count
transaction_customer_code	รหัสลูกค้า	Customer Code	客户代码	顧客コード	លេខកូដអតិថិជន	고객 코드	ລະຫັດລູກຄ້າ	ဖောက်သည်ကုဒ်	Mã khách hàng	Customer Code	Customer Code	Customer Code
transaction_customer_info	ข้อมูลลูกค้า	Customer Information	客户信息	顧客情報	ព័ត៌មានអតិថិជន	고객 정보	ຂໍ້ມູນລູກຄ້າ	ဖောက်သည်အချက်အလက်	Thông tin khách hàng	Customer Information	Customer Information	Customer Information
transaction_customer_name	ชื่อลูกค้า	Customer Name	客户名称	顧客名	ឈ្មោះអតិថិជន	고객명	ຊື່ລູກຄ້າ	ဖောက်သည်အမည်	Tên khách hàng	Customer Name	Customer Name	Customer Name
transaction_date	วันที่ทำรายการ	Transaction Date	交易日期	取引日	កាលបរិច្ឆេទប្រតិបត្តិការ	거래 날짜	ວັນທີເຮັດລາຍການ	ငွေလွှဲရက်စွဲ	Ngày giao dịch	Transaction Date	Transaction Date	Transaction Date
transaction_deposit	จ่ายเงินมัดจำ	Deposit	Deposit	保証金支払い	Deposit	Deposit	ຈ່າຍເງິນມັດຈໍາ	အပ်ငွေ	Đặt cọc	Deposit	Deposit	Deposit
transaction_deposit_refund	รับคืนเงินมัดจำ	Deposit Refund	Deposit Refund	保証金返金	Deposit Refund	Deposit Refund	ຄືນເງິນມັດຈໍາ	အပ်ငွေ ပြန်အမ်း	Hoàn tiền đặt cọc	Deposit Refund	Deposit Refund	Deposit Refund
transaction_detail	รายละเอียด	Details	详情	詳細	ព័ត៌មានលម្អិត	상세 정보	ລາຍລະອຽດ	အသေးစိတ်	Chi tiết	Details	Details	Details
transaction_general_customer	ลูกค้าทั่วไป	General Customer	普通客户	一般顧客	អតិថិជនទូទៅ	일반 고객	ລູກຄ້າທົ່ວໄປ	အထွေထွေဖောက်သည်	Khách hàng chung	General Customer	General Customer	General Customer
transaction_grand_total	ยอดรวมทั้งสิ้น	Grand Total	总计	合計	សរុបទាំងអស់	총합계	ຍອດລວມທັງໝົດ	စုစုပေါင်းပမာဏ	Tổng cộng	Grand Total	Grand Total	Grand Total
transaction_items	รายการ	Items	项	項目	ធាតុ	항목	ລາຍການ	ပစ္စည်းများ	Mục	Items	Items	Items
transaction_list	รายการธุรกรรม	Transaction List	Transaction List	Transaction List	Transaction List	Transaction List	Transaction List	Transaction List	Transaction List	Transaction List	Transaction List	Transaction List
transaction_loading_detail	กำลังโหลดรายละเอียด...	Loading details...	正在加载详情...	詳細を読み込んでいます...	កំពុងផ្ទុកព័ត៌មានលម្អិត...	세부 정보 로딩 중...	ກຳລັງໂຫລດລາຍລະອຽດ...	အသေးစိတ်ကို ဖွင့်နေသည်...	Đang tải chi tiết...	Loading details...	Loading details...	Loading details...
transaction_no_detail_data	ไม่พบข้อมูลรายละเอียด	No detail data found	未找到详细数据	詳細データが見つかりません	រកមិនឃើញទិន្នន័យលម្អិត	세부 데이터를 찾을 수 없습니다	ບໍ່ພົບຂໍ້ມູນລາຍລະອຽດ	အသေးစိတ်အချက်အလက် မတွေ့ပါ	Không tìm thấy dữ liệu chi tiết	No detail data found	No detail data found	No detail data found
transaction_no_products	ไม่มีรายการสินค้า	No products	无产品	商品がありません	គ្មានផលិតផល	상품 없음	ບໍ່ມີລາຍການສິນຄ້າ	ကုန်ပစ္စည်းမရှိပါ	Không có sản phẩm	No products	No products	No products
transaction_paid	รับชำระ	Receive Payment	收款	入金	ទទួលការទូទាត់	수금	ຮັບຊຳລະ	ငွေလက်ခံ	Nhận thanh toán	Receive Payment	Receive Payment	Receive Payment
transaction_paid_advance	รับเงินล่วงหน้า	Receive Advance Payment	Receive Advance Payment	前払い受取	Receive Advance Payment	Receive Advance Payment	ຮັບເງິນລ່ວງໜ້າ	ကြိုတင်ငွေ လက်ခံ	Nhận tiền đặt trước	Receive Advance Payment	Receive Advance Payment	Receive Advance Payment
transaction_paid_advance_refund	คืนเงินล่วงหน้า	Advance Payment Refund	Advance Payment Refund	前払い返金	Advance Payment Refund	Advance Payment Refund	ຄືນເງິນລ່ວງໜ້າ	ကြိုတင်ငွေ ပြန်အမ်း	Hoàn tiền trả trước	Advance Payment Refund	Advance Payment Refund	Advance Payment Refund
transaction_pay	จ่ายชำระ	Pay	支付	支払う	បង់ប្រាក់	결제하기	ຈ່າຍຊຳລະ	ပေးချေ	Thanh toán	Pay	Pay	Pay
transaction_price	ราคา	Price	价格	価格	តម្លៃ	가격	ລາຄາ	စျေးနှုန်း	Giá	Price	Price	Price
transaction_product	สินค้า	Product	商品	商品	ផលិតផល	상품	ສິນຄ້າ	ကုန်ပစ္စည်း	Sản phẩm	Product	Product	Product
transaction_product_list	รายการสินค้า	Product List	产品列表	商品リスト	បញ្ជីផលិតផល	상품 목록	ລາຍການສິນຄ້າ	ကုန်ပစ္စည်းစာရင်း	Danh sách sản phẩm	Product List	Product List	Product List
transaction_product_value	มูลค่าสินค้า	Product Value	商品价值	商品価格	តម្លៃផលិតផល	상품 가치	ມູນຄ່າສິນຄ້າ	ကုန်ပစ္စည်းတန်ဖိုး	Giá trị hàng hóa	Product Value	Product Value	Product Value
transaction_purchase	ซื้อสินค้า	Purchase Transaction	采购交易	購入取引	ប្រតិបត្តិការទិញ	구매 거래	ທຸລະກຳການຊື້	ဝယ်ယူမှု အရောင်းအဝယ်	Giao dịch mua hàng	Purchase Transaction	Purchase Transaction	Purchase Transaction
transaction_purchase_order	ใบสั่งซื้อ	Purchase Order	采购单	発注書	បញ្ជាទិញ	발주서	ໃບສັ່ງຊື້	ဝယ်ယူမှာစာ	Đơn đặt hàng	Purchase Order	Purchase Order	Purchase Order
transaction_purchase_partial	รับสินค้าแบบทยอย	Partial Receive	分批收货	分納受領	ការទទួលដោយផ្នែក	부분 입고	ຮັບສິນຄ້າບາງສ່ວນ	တစ်စိတ်တစ်ပိုင်း လက်ခံရရှိခြင်း	Nhận hàng từng phần	Partial Receive	Partial Receive	Partial Receive
transaction_purchase_return	ส่งคืนสินค้า	Purchase Return	采购退货	仕入返品	ការສົ່ງຄືນការទិញ	구매 반품	ສົ່ງຄືນການຊື້	ဝယ်ယူမှု ပြန်အမ်းခြင်း	Trả hàng mua	Purchase Return	Purchase Return	Purchase Return
transaction_purchasereturn	ส่งคืนสินค้า	Purchase Return	采购退货	仕入返品	ការສົ່ງຄືນការទិញ	구매 반품	ສົ່ງຄືນການຊື້	ဝယ်ယူမှု ပြန်အမ်းခြင်း	Trả hàng mua	Purchase Return	Purchase Return	Purchase Return
transaction_quantity	จำนวน	Quantity	数量	数量	បរិមាណ	수량	ຈຳນວນ	အရေအတွက်	Số lượng	Quantity	Quantity	Quantity
transaction_quotation	ใบเสนอราคา	Quotation	报价单	見積書	សម្រង់តម្លៃ	견적서	ໃບສະເໜີລາຄາ	စျေးနှုန်းတင်သွင်း	Báo giá	Quotation	Quotation	Quotation
transaction_receive_deposit	รับเงินมัดจำ	Receive Deposit	Receive Deposit	保証金受取	Receive Deposit	Receive Deposit	ຮັບເງິນມັດຈໍາ	အပ်ငွေ လက်ခံ	Nhận tiền đặt cọc	Receive Deposit	Receive Deposit	Receive Deposit
transaction_receive_deposit_refund	คืนเงินมัดจำ	Receive Deposit Refund	Receive Deposit Refund	保証金返金受取	Receive Deposit Refund	Receive Deposit Refund	ຄືນເງິນມັດຈໍາ	အပ်ငွေ ပြန်အမ်း လက်ခံ	Hoàn tiền nhận đặt cọc	Receive Deposit Refund	Receive Deposit Refund	Receive Deposit Refund
transaction_returnproduct	รับคืนจากการเบิก	Return from Pickup	领料退回	出庫返品	ការສົ່ງຄືນពីការដក	출고 반품	ຮັບຄືນຈາກການເບີກ	ထုတ်ယူမှုမှ ပြန်အမ်းခြင်း	Nhận lại từ việc lấy hàng	Return from Pickup	Return from Pickup	Return from Pickup
transaction_sale	ขายสินค้า	Sale Transaction	销售交易	販売取引	ប្រតិបត្តិការលក់	판매 거래	ທຸລະກຳການຂາຍ	အရောင်း အရောင်းအဝယ်	Giao dịch bán hàng	Sale Transaction	Sale Transaction	Sale Transaction
transaction_sale_cancel	ยกเลิกขาย	Sale Cancel	取消销售	販売キャンセル	បោះបង់ការលក់	판매 취소	ຍົກເລີກການຂາຍ	အရောင်းပယ်ဖျက်	Hủy bán hàng	Sale Cancel	Sale Cancel	Sale Cancel
transaction_sale_order	ใบสั่งขาย	Sale Order	销售订单	販売注文	ការបញ្ជាទិញលក់	판매 주문	ໃບສັ່ງຂາຍ	အရောင်းအမိန့်	Đơn bán hàng	Sale Order	Sale Order	Sale Order
transaction_sale_return	รับคืนสินค้า	Sale Return	销售退货	販売返品	ការສົ່ງຄືນការលក់	판매 반품	ຮັບຄືນການຂາຍ	အရောင်း ပြန်အမ်းခြင်း	Trả hàng bán	Sale Return	Sale Return	Sale Return
transaction_salereturn	รับคืนจากการขาย	Sale Return	销售退货	販売返品	ការສົ່ງຄືນការលក់	판매 반품	ຮັບຄືນການຂາຍ	အရောင်း ပြန်အမ်းခြင်း	Trả hàng bán	Sale Return	Sale Return	Sale Return
transaction_stock_balance	บันทึกสินค้ายกมา	Opening Stock Balance	期初库存记录	期首在庫記録	កំណត់ត្រាស្តុកដើមគ្រា	기초 재고 기록	ບັນທຶກສິນຄ້າຍົກມາ	စာရင်းဖွင့် လက်ကျန် မှတ်တမ်း	Ghi nhận tồn kho đầu kỳ	Opening Stock Balance	Opening Stock Balance	Opening Stock Balance
transaction_stock_count	นับสต็อก	Stock Count	盘点库存	棚卸し	រាប់ស្តុក	재고 실사	ນັບສາງ	ကုန်ပစ္စည်းရေတွက်	Kiểm kê kho	Stock Count	Stock Count	Stock Count
transaction_stock_pick_up_product	เบิกสินค้า	Pick up Product	领料	出庫	ដកထုတ်ទំនិញ	상품 출고	ເບີກສິນຄ້າ	ကုန်ပစ္စည်းထုတ်ယူ	Lấy hàng	Pick up Product	Pick up Product	Pick up Product
transaction_stock_receive_product	รับสินค้า	Receive Product	收货	入荷	ទទួលទំនិញ	상품 입고	ຮັບສິນຄ້າ	ကုန်ပစ္စည်းလက်ခံ	Nhận hàng	Receive Product	Receive Product	Receive Product
transaction_stock_return_product	รับคืนจากการเบิก	Return from Pickup	领料退回	出庫返品	ការສົ່ງຄືນពីការដក	출고 반품	ຮັບຄືນຈາກການເບີກ	ထုတ်ယူမှုမှ ပြန်အမ်းခြင်း	Nhận lại từ việc lấy hàng	Return from Pickup	Return from Pickup	Return from Pickup
transaction_stock_transfer	โอนสินค้า	Stock Transfer	库存调拨	在庫移動	ការផ្ទេរស្តុក	재고 이동	ໂອນສິນຄ້າ	ကုန်ပစ္စည်းစာရင်း လွှဲပြောင်းခြင်း	Chuyển kho	Stock Transfer	Stock Transfer	Stock Transfer
transaction_summary	ยอดสรุป	Summary	摘要	要約	សង្ខេប	요약	ຍອດສະຫຼຸບ	အကျဉ်းချုပ်	Tóm tắt	Summary	Summary	Summary
transaction_total	ยอดรวม	Total	总计	合計	សរុប	합계	ຍອດລວມ	စုစုပေါင်း	Tổng	Total	Total	Total
transaction_try_again	ลองใหม่	Try Again	重试	再試行	ព្យាយាមម្តងទៀត	다시 시도	ລອງໃຫມ່	ထပ်စမ်းကြည့်ပါ	Thử lại	Try Again	Try Again	Try Again
transaction_type	ประเภทการขาย	Sale Type	销售类型	販売タイプ	ប្រភេទលក់	판매 유형	ປະເພດການຂາຍ	အရောင်းအမျိုးအစား	Loại bán hàng	Sale Type	Sale Type	Sale Type
transactions	รายการธุรกรรม	Transactions	交易列表	取引一覧	បញ្ជីប្រតិបត្តិការ	거래 목록	ລາຍການທຸລະກຳ	ငွေသွင်းငွေထုတ်စာရင်း	Danh sách giao dịch	Transactions	Transactions	Transactions
transfer	เงินโอน	Money Transfer	转账	送金	ការផ្ទេរប្រាក់	송금	ໂອນເງິນ	ငွေလွှဲ	Chuyển tiền	Money Transfer	Money Transfer	Money Transfer
transfer_amount	เงินโอน	Bank Transfer	转账	振込	ការផ្ទេរប្រាក់	계좌이체	ເງິນໂອນ	ငွေလွှဲ	Chuyển khoản	Bank Transfer	Bank Transfer	Bank Transfer
transfer_data	โอนข้อมูล	Transfer Data	数据传输	データ転送	ផ្ទេរទិន្នន័យ	데이터 전송	ໂອນຂໍ້ມູນ	ဒေတာလွှဲပြောင်း	Chuyển dữ liệu	Transfer Data	Transfer Data	Transfer Data
transfer_data_details	รายละเอียดข้อมูลที่จะโอน	Transfer Data Details	传输数据详情	転送データ詳細	ព័ត៌មានលម្អិតទិន្នន័យផ្ទេរ	전송 데이터 상세	ລາຍລະອຽດຂໍ້ມູນທີ່ຈະໂອນ	လွှဲပြောင်းမည့် ဒေတာအသေးစိတ်	Chi tiết dữ liệu chuyển	Transfer Data Details	Transfer Data Details	Transfer Data Details
transfer_detail	รายละเอียดโอนเงิน	Transfer Details	转账详情	振込詳細	ព័ត៌មានលម្អិតការផ្ទេរ	이체 상세	ລາຍລະອຽດການໂອນເງິນ	ငွေလွှဲအသေးစိတ်	Chi tiết chuyển khoản	Transfer Details	Transfer Details	Transfer Details
transfer_mongodb_only	โอนเฉพาะ MongoDB	Transfer MongoDB Only	仅传输 MongoDB	MongoDBのみ転送	ផ្ទេរ MongoDB តែប៉ុណ្ណោះ	MongoDB만 전송	ໂອນສະເພາະ MongoDB	MongoDB သာလွှဲပြောင်းပါ	Chỉ chuyển MongoDB	Transfer MongoDB Only	Transfer MongoDB Only	Transfer MongoDB Only
transfer_mongodb_only_note	โอนเฉพาะข้อมูล MongoDB ไม่รวม PostgreSQL และ ClickHouse	Transfer MongoDB data only, excluding PostgreSQL and ClickHouse	仅传输MongoDB数据，不包括PostgreSQL和ClickHouse	MongoDBデータのみ転送、PostgreSQLとClickHouseは含まない	ផ្ទេរទិន្នន័យ MongoDB តែប៉ុណ្ណោះ មិនរួមបញ្ចូល PostgreSQL និង ClickHouse	MongoDB 데이터만 전송, PostgreSQL 및 ClickHouse 제외	ໂອນຂໍ້ມູນ MongoDB ເທົ່ານັ້ນ ບໍ່ລວມ PostgreSQL ແລະ ClickHouse	MongoDB ဒေတာသာ လွှဲပြောင်းပါ PostgreSQL နှင့် ClickHouse မပါဝင်ပါ	Chỉ chuyển dữ liệu MongoDB, không bao gồm PostgreSQL và ClickHouse	Transfer MongoDB data only, excluding PostgreSQL and ClickHouse	Transfer MongoDB data only, excluding PostgreSQL and ClickHouse	Transfer MongoDB data only, excluding PostgreSQL and ClickHouse
transfer_mongodb_production_to_dev	โอนข้อมูล MongoDB (Production → DEV)	Transfer MongoDB (Production → DEV)	传输 MongoDB（Production → DEV）	MongoDB転送（Production → DEV）	ផ្ទេរ MongoDB (Production → DEV)	MongoDB 전송 (Production → DEV)	ໂອນຂໍ້ມູນ MongoDB (Production → DEV)	MongoDB လွှဲပြောင်းခြင်း (Production → DEV)	Chuyển MongoDB (Production → DEV)	Transfer MongoDB (Production → DEV)	Transfer MongoDB (Production → DEV)	Transfer MongoDB (Production → DEV)
transfer_mongodb_uat_to_dev	โอนข้อมูล MongoDB (UAT → DEV)	Transfer MongoDB (UAT → DEV)	传输 MongoDB（UAT → DEV）	MongoDB転送（UAT → DEV）	ផ្ទេរ MongoDB (UAT → DEV)	MongoDB 전송 (UAT → DEV)	ໂອນຂໍ້ມູນ MongoDB (UAT → DEV)	MongoDB လွှဲပြောင်းခြင်း (UAT → DEV)	Chuyển MongoDB (UAT → DEV)	Transfer MongoDB (UAT → DEV)	Transfer MongoDB (UAT → DEV)	Transfer MongoDB (UAT → DEV)
transfer_step_1	ขั้นตอนที่ 1	Step 1	步骤 1	ステップ 1	ជំហានទី 1	1단계	ຂັ້ນຕອນທີ 1	အဆင့် ၁	Bước 1	Step 1	Step 1	Step 1
transfer_step_2	ขั้นตอนที่ 2	Step 2	步骤 2	ステップ 2	ជំហានទី 2	2단계	ຂັ້ນຕອນທີ 2	အဆင့် ၂	Bước 2	Step 2	Step 2	Step 2
transfer_step_3	ขั้นตอนที่ 3	Step 3	步骤 3	ステップ 3	ជំហានទី 3	3단계	ຂັ້ນຕອນທີ 3	အဆင့် ၃	Bước 3	Step 3	Step 3	Step 3
transfer_warning_message	การโอนข้อมูลจะแทนที่ข้อมูลเดิมใน DEV ทั้งหมด	Data transfer will replace all existing data in DEV	数据传输将替换DEV中的所有现有数据	データ転送によりDEVの既存データがすべて置き換えられます	ការផ្ទេរទិន្នន័យនឹងជំនួសទិន្នន័យដែលមានស្រាប់ទាំងអស់នៅក្នុង DEV	데이터 전송은 DEV의 모든 기존 데이터를 대체합니다	ການໂອນຂໍ້ມູນຈະແທນທີ່ຂໍ້ມູນເກົ່າໃນ DEV ທັງໝົດ	ဒေတာလွှဲပြောင်းခြင်းသည် DEV ရှိ ဒေတာအားလုံးကို အစားထိုးပါမည်	Chuyển dữ liệu sẽ thay thế tất cả dữ liệu hiện có trong DEV	Data transfer will replace all existing data in DEV	Data transfer will replace all existing data in DEV	Data transfer will replace all existing data in DEV
transferring_data	กำลังโอนข้อมูล...	Transferring data...	正在传输数据...	データ転送中...	កំពុងផ្ទេរទិន្នន័យ...	데이터 전송 중...	ກຳລັງໂອນຂໍ້ມູນ...	ဒေတာ လွှဲပြောင်းနေသည်...	Đang chuyển dữ liệu...	Transferring data...	Transferring data...	Transferring data...
transfers_list	รายการเงินโอน	Transfer List	转账列表	振込一覧	បញ្ជីផ្ទេរប្រាក់	이체 목록	ລາຍການໂອນເງິນ	ငွေလွှဲစာရင်း	Danh sách chuyển khoản	Transfer List	Transfer List	Transfer List
transport_channel	ช่องทางจัดส่ง	Transport Channel	运输渠道	輸送チャネル	ច្រកដឹកជញ្ជូន	운송 채널	ຊ່ອງທາງການຂົນສົ່ງ	သယ်ယူပို့ဆောင်ရေးလမ်းကြောင်း	Kênh vận chuyển	Transport Channel	Transport Channel	Transport Channel
transport_channel_code	รหัสช่องทางจัดส่ง	Transport Channel Code	运输渠道代码	輸送チャネルコード	លេខកូដច្រកដឹកជញ្ជូន	운송 채널 코드	ລະຫັດຊ່ອງທາງການຂົນສົ່ງ	သယ်ယူပို့ဆောင်ရေးလမ်းကြောင်း ကုဒ်	Mã kênh vận chuyển	Transport Channel Code	Transport Channel Code	Transport Channel Code
transport_channel_name	ชื่อช่องทางจัดส่ง	Transport Channel Name	运输渠道名称	輸送チャネル名	ឈ្មោះច្រកដឹកជញ្ជូន	운송 채널명	ຊື່ຊ່ອງທາງການຂົນສົ່ງ	သယ်ယူပို့ဆောင်ရေးလမ်းကြောင်း အမည်	Tên kênh vận chuyển	Transport Channel Name	Transport Channel Name	Transport Channel Name
transportchannel_amount	ค่าจัดส่ง	Shipping Cost	配送费	配送料	ថ្លៃដឹកជញ្ជូន	배송비	ຄ່າຈັດສົ່ງ	ပို့ဆောင်ခ	Phí giao hàng	Shipping Cost	Shipping Cost	Shipping Cost
transportchannel_code	รหัสช่องทางการจัดส่ง	Transport Channel Code	运输渠道代码	輸送チャネルコード	លេខកូដច្រកដឹកជញ្ជូន	운송 채널 코드	ລະຫັດຊ່ອງທາງການຂົນສົ່ງ	သယ်ယူပို့ဆောင်ရေးလမ်းကြောင်း ကုဒ်	Mã kênh vận chuyển	Transport Channel Code	Transport Channel Code	Transport Channel Code
transportchannel_name	ชื่อช่องทางการจัดส่ง	Transport Channel Name	运输渠道名称	輸送チャネル名	ឈ្មោះច្រកដឹកជញ្ជូន	운송 채널명	ຊື່ຊ່ອງທາງການຂົນສົ່ງ	သယ်ယူပို့ဆောင်ရေးလမ်းကြောင်း အမည်	Tên kênh vận chuyển	Transport Channel Name	Transport Channel Name	Transport Channel Name
trial	งบทดลอง	Trial Balance	试算平衡表	試算表	តារាងតុល្យការសាកល្បង	시산표	ງົບທົດລອງ	အစမ်းရှင်းတမ်း	Bảng cân đối thử	Trial Balance	Trial Balance	Trial Balance
try_again	ลองใหม่	Try Again	重试	再試行	ព្យាយាមម្តងទៀត	다시 시도	ລອງໃໝ່	ထပ်စမ်းကြည့်ပါ	Thử lại	Try Again	Try Again	Try Again
try_change_settings	ลองเปลี่ยนการตั้งค่า	Try changing settings	尝试更改设置	設定を変更してみてください	សាកល្បងផ្លាស់ប្តូរការកំណត់	설정을 변경해 보세요	ລອງປ່ຽນການຕັ້ງຄ່າ	ဆက်တင်များပြောင်းကြည့်ပါ	Thử thay đổi cài đặt	Try changing settings	Try changing settings	Try changing settings
try_different_search	ลองค้นหาด้วยคำอื่น	Try different search	尝试其他搜索	別の検索を試してください	ព្យាយាមស្វែងរកផ្សេង	다른 검색어를 시도하세요	ລອງຄົ້ນຫາດ້ວຍຄຳອື່ນ	အခြားစကားလုံးဖြင့် ရှာကြည့်ပါ	Thử tìm kiếm khác	Try different search	Try different search	Try different search
try_reconnect	ลองเชื่อมต่อใหม่	Try Reconnect	尝试重新连接	再接続を試みる	សាកល្បងភ្ជាប់ឡើងវិញ	재연결 시도	ລອງເຊື່ອມຕໍ່ໃໝ່	ပြန်ချိတ်ဆက်ကြည့်ပါ	Thử kết nối lại	Try Reconnect	Try Reconnect	Try Reconnect
try_this_first	ลองตัวนี้ก่อน	Try this first	Try this first	Try this first	Try this first	Try this first	Try this first	Try this first	Try this first	Try this first	Try this first	Try this first
tuesday	วันอังคาร	Tuesday	星期二	火曜日	ថ្ងៃអង្គារ	화요일	ວັນອັງຄານ	အင်္ဂါနေ့	Thứ Ba	Tuesday	Tuesday	Tuesday
turn_of	ปิด	Turn Off	关闭	オフにする	បិទ	끄기	ປິດ	ပိတ်	Tắt	Turn Off	Turn Off	Turn Off
type	ประเภทรายการ	Type	类型	タイプ	ប្រភេទ	유형	ປະເພດ	အမျိုးအစား	Loại	Type	Type	Type
type_creditor_code_name_to_search	พิมพ์ รหัส/ชื่อเจ้าหนี้ เพื่อค้นหา	Type creditor code/name to search	Type creditor code/name to search	Type creditor code/name to search	Type creditor code/name to search	Type creditor code/name to search	Type creditor code/name to search	Type creditor code/name to search	Type creditor code/name to search	Type creditor code/name to search	Type creditor code/name to search	Type creditor code/name to search
type_name	ชื่อประเภท	Type Name	Type Name	Type Name	Type Name	Type Name	Type Name	Type Name	Type Name	Type Name	Type Name	Type Name
type_order_setting	รูปแบบการตั้งค่า	Setting Type	设置类型	設定タイプ	ប្រភេទការកំណត់	설정 유형	ຮູບແບບການຕັ້ງຄ່າ	ဆက်တင်အမျိုးအစား	Loại cài đặt	Setting Type	Setting Type	Setting Type
type_search_keyword	พิมพ์คำที่ต้องการค้นหา	Type search keyword	Type search keyword	Type search keyword	Type search keyword	Type search keyword	Type search keyword	Type search keyword	Type search keyword	Type search keyword	Type search keyword	Type search keyword
type_search_text_in_document	พิมพ์คำที่ต้องการค้นหาในเอกสาร	Type text to search in document	Type text to search in document	Type text to search in document	Type text to search in document	Type text to search in document	Type text to search in document	Type text to search in document	Type text to search in document	Type text to search in document	Type text to search in document	Type text to search in document
type_to_search_product	พิมพ์เพื่อค้นหาสินค้า	Type to Search Product	输入以搜索产品	商品を検索	វាយដើម្បីស្វែងរកផលិតផល	제품 검색 입력	ພິມເພື່ອຄົ້ນຫາສິນຄ້າ	ကုန်ပစ္စည်းရှာရန်ရိုက်ပါ	Nhập để tìm sản phẩm	Type to Search Product	Type to Search Product	Type to Search Product
understood	เข้าใจ	Understood	明白	了解	យល់ហើយ	이해했습니다	ເຂົ້າໃຈ	နားလည်ပါပြီ	Đã hiểu	Understood	Understood	Understood
unit	หน่วยนับ	Unit	单位	単位	ឯកតា	단위	ຫົວໜ່ວຍ	ယူနစ်	Đơn vị	Unit	Unit	Unit
unit_code	รหัสหน่วยนับ	Unit Code	计数单位代码	単位コード	លេខកូដឯកតា	단위 코드	ລະຫັດຫົວໜ່ວຍ	ယူနစ်ကုဒ်	Mã đơn vị	Unit Code	Unit Code	Unit Code
unit_conversion	แผนผังหน่วยนับ	Unit Conversion	单位换算	単位換算	ការបម្លែងឯកតា	단위 변환	ການແປງຫົວໜ່ວຍ	ယူနစ်ပြောင်းလဲခြင်း	Chuyển đổi đơn vị	Unit Conversion	Unit Conversion	Unit Conversion
unit_cost	หน่วยนับต้นทุน	Unit Cost	单位成本	単価	ថ្លៃដើមឯកតា	단가	ຕົ້ນທຶນຕໍ່ຫົວໜ່ວຍ	ယူနစ်ကုန်ကျစရိတ်	Đơn giá vốn	Unit Cost	Unit Cost	Unit Cost
unit_denominator	หน่วย (ตัวหาร)	Unit (Denominator)	单位（分母）	単位（分母）	ឯកតា (ភាគបែក)	단위 (분모)	ຫນ່ວຍ (ຕົວຫານ)	ယူနစ် (စားလိုက်)	Đơn vị (Mẫu số)	Unit (Denominator)	Unit (Denominator)	Unit (Denominator)
unit_label	หน่วย:	Unit:	单位：	単位：	ឯកតា៖	단위:	ຫົວໜ່ວຍ:	ယူနစ်:	Đơn vị:	Unit:	Unit:	Unit:
unit_name	ชื่อหน่วยนับ	Unit Name	计数单位名称	単位名	ឈ្មោះឯកតា	단위명	ຊື່ຫົວໜ່ວຍ	ယူနစ်အမည်	Tên đơn vị	Unit Name	Unit Name	Unit Name
unit_name_2	ชื่อหน่วยนับ 2	Unit Name 2	单位名称 2	単位名 2	ឈ្មោះឯកតា 2	단위명 2	ຊື່ຫນ່ວຍນັບ 2	ယူနစ်အမည် 2	Tên đơn vị 2	Unit Name 2	Unit Name 2	Unit Name 2
unit_name_3	ชื่อหน่วยนับ 3	Unit Name 3	单位名称 3	単位名 3	ឈ្មោះឯកតា 3	단위명 3	ຊື່ຫນ່ວຍນັບ 3	ယူနစ်အမည် 3	Tên đơn vị 3	Unit Name 3	Unit Name 3	Unit Name 3
unit_name_4	ชื่อหน่วยนับ 4	Unit Name 4	单位名称 4	単位名 4	ឈ្មោះឯកតា 4	단위명 4	ຊື່ຫນ່ວຍນັບ 4	ယူနစ်အမည် 4	Tên đơn vị 4	Unit Name 4	Unit Name 4	Unit Name 4
unit_name_5	ชื่อหน่วยนับ 5	Unit Name 5	单位名称 5	単位名 5	ឈ្មោះឯកតា 5	단위명 5	ຊື່ຫນ່ວຍນັບ 5	ယူနစ်အမည် 5	Tên đơn vị 5	Unit Name 5	Unit Name 5	Unit Name 5
unit_not_exist	หน่วยสินค้าไม่มีอยู่	Unit does not exist	单位不存在	単位が存在しません	ឯកតាមិនមាន	단위가 존재하지 않습니다	ຫົວໜ່ວຍສິນຄ້າບໍ່ມີຢູ່	ယူနစ်မရှိပါ	Đơn vị không tồn tại	Unit does not exist	Unit does not exist	Unit does not exist
unit_numerator	หน่วย (ตัวตั้ง)	Unit (Numerator)	单位（分子）	単位（分子）	ឯកតា (ភាគយក)	단위 (분자)	ຫນ່ວຍ (ຕົວຕັ້ງ)	ယူနစ် (စာရင်းရေ)	Đơn vị (Tử số)	Unit (Numerator)	Unit (Numerator)	Unit (Numerator)
unit_ratio_error	อัตราส่วนหน่วยนับผิดพลาด	Unit Ratio Error	单位比率错误	単位比率エラー	កំហុសសមាមាត្រឯកតា	단위 비율 오류	ອັດຕາສ່ວນຫົວໜ່ວຍນັບຜິດພາດ	ယူနစ်အချိုးအစားမှားယွင်းချက်	Lỗi tỷ lệ đơn vị	Unit Ratio Error	Unit Ratio Error	Unit Ratio Error
unit_reference_code	รหัสหน่วยนับอ้างอิง	Unit Reference Code	单位参考代码	単位参照コード	លេខកូដឯកតារយោង	단위 참조 코드	ລະຫັດຫນ່ວຍນັບອ້າງອິງ	ယူနစ်ရည်ညွှန်းကုဒ်	Mã tham chiếu đơn vị	Unit Reference Code	Unit Reference Code	Unit Reference Code
unit_standard	หน่วยนับเริ่มต้น	Standard Unit	标准单位	標準単位	ឯកតាស្តង់ដារ	표준 단위	ຫົວໜ່ວຍມາດຕະຖານ	စံယူနစ်	Đơn vị tiêu chuẩn	Standard Unit	Standard Unit	Standard Unit
unit_style_label	ลักษณะหน่วยนับ	Unit Style	单位样式	単位スタイル	រចនាប័ទ្មឯកតា	단위 스타일	ລັກສະນະຫນ່ວຍນັບ	ယူနစ်ပုံစံ	Kiểu đơn vị	Unit Style	Unit Style	Unit Style
unknown	ไม่ทราบ	Unknown	未知	不明	មិនស្គាល់	알 수 없음	ບໍ່ຮູ້	မသိ	Không rõ	Unknown	Unknown	Unknown
unknown_status	ไม่ทราบสถานะ	Unknown Status	未知状态	不明なステータス	ស្ថានភាពមិនស្គាល់	알 수 없는 상태	ບໍ່ຮູ້ສະຖານະ	အခြေအနေ မသိပါ	Trạng thái không xác định	Unknown Status	Unknown Status	Unknown Status
unknown_type	ไม่ทราบประเภท	Unknown Type	未知类型	不明なタイプ	ប្រភេទមិនស្គាល់	알 수 없는 유형	ບໍ່ຮູ້ປະເພດ	အမျိုးအစား မသိပါ	Loại không xác định	Unknown Type	Unknown Type	Unknown Type
unlink_line	ยกเลิกการเชื่อมต่อ LINE	Unlink LINE	取消关联LINE	LINE連携解除	ផ្ដាច់ LINE	LINE 연결 해제	ຍົກເລີກການເຊື່ອມຕໍ່ LINE	LINE ချိတ်ဆက်မှုဖြုတ်	Hủy liên kết LINE	Unlink LINE	Unlink LINE	Unlink LINE
unlink_line_success	ยกเลิกการเชื่อมต่อ LINE สำเร็จ	LINE unlinked successfully	LINE取消关联成功	LINE連携解除に成功しました	ផ្ដាច់ LINE ជោគជ័យ	LINE 연결 해제 성공	ຍົກເລີກການເຊື່ອມຕໍ່ LINE ສຳເລັດ	LINE ချိတ်ဆက်မှုအောင်မြင်စွာဖြုတ်ပြီး	Hủy liên kết LINE thành công	LINE unlinked successfully	LINE unlinked successfully	LINE unlinked successfully
unsupported_type	ไม่รองรับประเภทนี้	Unsupported type	Unsupported type	Unsupported type	Unsupported type	Unsupported type	Unsupported type	Unsupported type	Unsupported type	Unsupported type	Unsupported type	Unsupported type
update	บันทึก	Update	保存	保存	រក្សាទុក	저장	ບັນທຶກ	သိမ်း	Lưu	Update	Update	Update
update_cart_success	อัพเดทตะกร้าสำเร็จ	Cart updated successfully	购物车更新成功	カートが更新されました	បានធ្វើបច្ចុប្បន្នភាពកន្ត្រកដោយជោគជ័យ	장바구니가 업데이트되었습니다	ອັບເດດກະຕ່າສຳເລັດ	ဈေးခြင်း အပ်ဒိတ်လုပ်ပြီးပါပြီ	Đã cập nhật giỏ hàng thành công	Cart updated successfully	Cart updated successfully	Cart updated successfully
update_failed	อัพเดทไม่สำเร็จ	Update failed	更新失败	更新に失敗しました	ធ្វើបច្ចុប្បន្នភាពបរាជ័យ	업데이트 실패	ອັບເດດບໍ່ສໍາເລັດ	အဆင့်မြှင့်တင်မှု မအောင်မြင်ပါ	Cập nhật thất bại	Update failed	Update failed	Update failed
update_reference_doc	อัพเดทเอกสารอ้างอิง	Update reference document	更新参考文档	参照ドキュメントを更新	ធ្វើបច្ចុប្បន្នភាពឯកសារយោង	참조 문서 업데이트	ອັບເດດເອກະສານອ້າງອິງ	ကိုးကားစာရွက်စာတမ်းအဆင့်မြှင့်ရန်	Cập nhật tài liệu tham chiếu	Update reference document	Update reference document	Update reference document
update_success	อัพเดทข้อมูลสำเร็จ	Update Successful	更新成功	更新成功	ការធ្វើបច្ចុប្បន្នភាពជោគជ័យ	업데이트 성공	ອັບເດດສຳເລັດ	အဆင့်မြှင့်တင်မှု အောင်မြင်သည်	Cập nhật thành công	Update Successful	Update Successful	Update Successful
updated_date	วันที่อัปเดต	Updated Date	更新日期	更新日	កាលបរិច្ឆេទធ្វើបច្ចុប្បន្នភាព	업데이트 날짜	ວັນທີອັບເດດ	နောက်ဆုံးပြင်ဆင်ရက်	Ngày cập nhật	Updated Date	Updated Date	Updated Date
updatesuc	อัพเดทสำเร็จ	Update Successful	更新成功	更新に成功しました	អាប់ដេតបានជោគជ័យ	업데이트 성공	ອັບເດດສຳເລັດ	အပ်ဒိတ်အောင်မြင်	Cập nhật thành công	Update Successful	Update Successful	Update Successful
updating_data	กำลังอัพเดทข้อมูล...	Updating data...	正在更新数据...	データ更新中...	កំពុងធ្វើបច្ចុប្បន្នភាពទិន្នន័យ...	데이터 업데이트 중...	ກຳລັງອັບເດດຂໍ້ມູນ...	ဒေတာအဆင့်မြှင့်တင်နေသည်...	Đang cập nhật dữ liệu...	Updating data...	Updating data...	Updating data...
upload	อัพโหลด	Upload	上传	アップロード	ផ្ទុកឡើង	업로드	ອັບໂຫລດ	တင်ပို့ရန်	Tải lên	Upload	Upload	Upload
upload_date	วันที่อัปโหลด	Upload Date	上传日期	アップロード日	កាលបរិច្ឆេទផ្ទុកឡើង	업로드 날짜	ວັນທີອັບໂຫຼດ	တင်ပို့သည့်ရက်စွဲ	Ngày tải lên	Upload Date	Upload Date	Upload Date
upload_failed	การอัปโหลดล้มเหลว	Upload failed	上传失败	アップロードに失敗しました	ការផ្ទុកឡើងបរាជ័យ	업로드 실패	ການອັບໂຫຼດລົ້ມເຫຼວ	အပ်လုဒ်မအောင်မြင်ပါ	Tải lên thất bại	Upload failed	Upload failed	Upload failed
upload_file_success	อัปโหลดไฟล์สำเร็จ	File uploaded successfully	文件上传成功	ファイルのアップロードに成功しました	ផ្ទុកឯកសារឡើងជោគជ័យ	파일 업로드 성공	ອັບໂຫຼດໄຟລ໌ສຳເລັດ	ဖိုင်အပ်လုဒ်အောင်မြင်	Tải tệp lên thành công	File uploaded successfully	File uploaded successfully	File uploaded successfully
upload_image	อัพโหลดรูปภาพ	Upload Image	上传图片	画像をアップロード	ផ្ទុកឡើងរូបភាព	이미지 업로드	ອັບໂຫລດຮູບພາບ	ပုံတင်ပို့ရန်	Tải ảnh lên	Upload Image	Upload Image	Upload Image
upload_video	อัพโหลดวีดีโอ	Upload Video	上传视频	動画をアップロード	ផ្ទុកឡើងវីដេអូ	동영상 업로드	ອັບໂຫລດວີດີໂອ	ဗီဒီယိုတင်ပို့ရန်	Tải video lên	Upload Video	Upload Video	Upload Video
uploaded_by	อัปโหลดโดย:	Uploaded by:	Uploaded by:	Uploaded by:	Uploaded by:	Uploaded by:	Uploaded by:	Uploaded by:	Uploaded by:	Uploaded by:	Uploaded by:	Uploaded by:
uploading	กำลังอัพโหลด...	Uploading...	正在上传...	アップロード中...	កំពុងផ្ទុកឡើង...	업로드 중...	ກຳລັງອັບໂຫຼດ...	အပ်လုဒ်တင်နေသည်...	Đang tải lên...	Uploading...	Uploading...	Uploading...
upper_bound	สูงสุด	Maximum	最大	最大	អតិបរមា	최대	ສູງສຸດ	အများဆုံး	Tối đa	Maximum	Maximum	Maximum
uri	ลิงค์วีดีโอ	Video Link	视频链接	動画リンク	តំណវីដេអូ	영상 링크	ລິ້ງວີດີໂອ	ဗီဒီယိုလင့်ခ်	Liên kết video	Video Link	Video Link	Video Link
url_video	ลิงค์วีดีโอ	Video Link	视频链接	動画リンク	តំណវីដេអូ	영상 링크	ລິ້ງວີດີໂອ	ဗီဒီယိုလင့်ခ်	Liên kết video	Video Link	Video Link	Video Link
use	ใช้	Use	使用	使用	ប្រើ	사용	ນຳໃຊ້	အသုံးပြု	Sử dụng	Use	Use	Use
use_button_to_select	ใช้ปุ่มเลือกลูกค้า	Use button to select customers	使用按钮选择客户	ボタンを使用して顧客を選択	ប្រើប៊ូតុងដើម្បីជ្រើសរើសអតិថិជន	버튼을 사용하여 고객 선택	ໃຊ້ປຸ່ມເພື່ອເລືອກລູກຄ້າ	ဖောက်သည်ရွေးချယ်ရန် ခလုတ်ကိုသုံးပါ	Sử dụng nút để chọn khách hàng	Use button to select customers	Use button to select customers	Use button to select customers
use_color	ใช้สี	Use Color	使用颜色	色を使用	ប្រើពណ៌	색상 사용	ໃຊ້ສີ	အရောင်သုံးပါ	Sử dụng màu	Use Color	Use Color	Use Color
use_image	ใช้รูปภาพ	Use Image	使用图片	画像を使用	ប្រើរូបភាព	이미지 사용	ໃຊ້ຮູບພາບ	ပုံသုံးပါ	Sử dụng hình ảnh	Use Image	Use Image	Use Image
use_points	ใช้แต้ม	Use Points	使用积分	ポイントを使用	ប្រើពិន្ទុ	포인트 사용	ໃຊ້ແຕ້ມ	ပွိုင့်သုံးရန်	Sử dụng điểm	Use Points	Use Points	Use Points
use_points_for_cash	ใช้แต้มแลกเงิน	Use points for cash	用积分兑换现金	ポイントを現金に交換	ប្រើពិន្ទុប្តូរប្រាក់	포인트를 현금으로 사용	ໃຊ້ແຕ້ມແລກເງິນ	အမှတ်ဖြင့်ငွေလဲရန်	Dùng điểm đổi tiền	Use points for cash	Use points for cash	Use points for cash
use_points_for_discount	ใช้แต้มแลกส่วนลด	Use points for discount	用积分兑换折扣	ポイントを割引に使用	ប្រើពិន្ទុប្តូរការបញ្ចុះតម្លៃ	포인트를 할인에 사용	ໃຊ້ແຕ້ມແລກສ່ວນຫຼຸດ	အမှတ်ဖြင့်လျှော့စျေးရယူရန်	Dùng điểm đổi giảm giá	Use points for discount	Use points for discount	Use points for discount
use_pos	สามารถใช้ POS ได้	Can use POS	可以使用 POS	POSを使用できます	អាចប្រើ POS បាន	POS 사용 가능	ສາມາດນຳໃຊ້ POS ໄດ້	POS ကိုအသုံးပြုနိုင်သည်	Có thể sử dụng POS	Can use POS	Can use POS	Can use POS
use_product_boom	ใช้ระบบสูตรผลิต	Use BOM System	使用 BOM 系统	BOMシステムを使用	ប្រើប្រាស់ប្រព័ន្ធ BOM	BOM 시스템 사용	ນຳໃຊ້ລະບົບ BOM	BOM စနစ်ကိုသုံးပါ	Sử dụng hệ thống BOM	Use BOM System	Use BOM System	Use BOM System
use_reference_barcode	ใช้บาร์โค้ดอ้างอิง	Use Reference Barcode	使用参考条形码	参照バーコードを使用	ប្រើបាកូដយោង	참조 바코드 사용	ນຳໃຊ້ບາໂຄດອ້າງອິງ	ရည်ညွှန်းဘားကုဒ်ကိုသုံးပါ	Sử dụng mã vạch tham chiếu	Use Reference Barcode	Use Reference Barcode	Use Reference Barcode
use_subbarcodes	แสดงบาร์โค้ดย่อย	Use Sub-barcodes	使用子条形码	サブバーコードを使用	ប្រើបាកូដរង	하위 바코드 사용	ນຳໃຊ້ບາໂຄດຍ່ອຍ	ဘားကုဒ်ခွဲများကိုသုံးပါ	Sử dụng mã vạch phụ	Use Sub-barcodes	Use Sub-barcodes	Use Sub-barcodes
user	ผู้ใช้งาน	User	用户	ユーザー	អ្នកប្រើប្រាស់	사용자	ຜູ້ໃຊ້	အသုံးပြုသူ	Người dùng	User	User	User
user_access_disabled	ผู้ใช้งานถูกปิดการเข้าใช้งานชั่วคราว	User access is temporarily disabled	用户访问已临时禁用	ユーザーアクセスは一時的に無効です	ការចូលប្រើរបស់អ្នកប្រើត្រូវបានបិទបណ្តោះអាសន្ន	사용자 접속이 일시적으로 중지되었습니다	ຜູ້ໃຊ້ຖືກປິດການເຂົ້າໃຊ້ງານຊົ່ວຄາວ	အသုံးပြုသူ၏ ဝင်ရောက်ခွင့်ကို ယာယီပိတ်ထားသည်	Người dùng tạm thời bị khóa quyền truy cập	Akses pengguna dilumpuhkan sementara	Akses pengguna dinonaktifkan sementara	Pansamantalang naka-disable ang access ng user
user_code	รหัสผู้ใช้	User Code	用户代码	ユーザーコード	កូដអ្នកប្រើ	사용자 코드	ລະຫັດຜູ້ໃຊ້	အသုံးပြုသူကုဒ်	Mã người dùng	User Code	User Code	User Code
user_id_guid	รหัสผู้ใช้ (GUID)	User ID (GUID)	用户 ID (GUID)	ユーザーID (GUID)	លេខសម្គាល់អ្នកប្រើ (GUID)	사용자 ID (GUID)	ລະຫັດຜູ້ໃຊ້ (GUID)	အသုံးပြုသူ ID (GUID)	ID người dùng (GUID)	ID pengguna (GUID)	ID pengguna (GUID)	User ID (GUID)
user_code_cannot_be_empty	รหัสผู้ใช้ไม่สามารถเป็นค่าว่างได้	User code cannot be empty	User code cannot be empty	User code cannot be empty	User code cannot be empty	User code cannot be empty	User code cannot be empty	User code cannot be empty	User code cannot be empty	User code cannot be empty	User code cannot be empty	User code cannot be empty
user_have_account	หากคุณไม่มีบัญชี ?	Don't have an account ?	如果您没有帐户？	アカウントをお持ちでない場合？	ប្រសិនបើអ្នកមិនមានគណនីទេ?	계정이 없으신가요?	ຖ້າທ່ານບໍ່ມີບັນຊີ?	အကောင့်မရှိဘူးလား?	Nếu bạn không có tài khoản?	Don't have an account ?	Don't have an account ?	Don't have an account ?
user_label	ผู้ใช้	User	用户	ユーザー	អ្នកប្រើប្រាស់	사용자	ຜູ້ໃຊ້	အသုံးပြုသူ	Người dùng	User	User	User
user_name	ชื่อผู้ใช้งาน	User Name	用户名	ユーザー名	ឈ្មោះអ្នកប្រើប្រាស់	사용자 이름	ຊື່ຜູ້ໃຊ້	အသုံးပြုသူအမည်	Tên người dùng	User Name	User Name	User Name
user_not_connected_line	ผู้ใช้ยังไม่ได้เชื่อมต่อ LINE	User not connected to LINE	User not connected to LINE	User not connected to LINE	User not connected to LINE	User not connected to LINE	User not connected to LINE	User not connected to LINE	User not connected to LINE	User not connected to LINE	User not connected to LINE	User not connected to LINE
user_not_found	ไม่พบผู้ใช้	User Not Found	User Not Found	User Not Found	User Not Found	User Not Found	User Not Found	User Not Found	User Not Found	User Not Found	User Not Found	User Not Found
user_not_found_please_login	ไม่พบข้อมูลผู้ใช้ กรุณาเข้าสู่ระบบใหม่	User not found. Please login again.	未找到用户信息，请重新登录	ユーザーが見つかりません。再度ログインしてください。	រកមិនឃើញអ្នកប្រើប្រាស់។ សូមចូលម្តងទៀត។	사용자를 찾을 수 없습니다. 다시 로그인해 주세요.	ບໍ່ພົບຂໍ້ມູນຜູ້ໃຊ້ ກະລຸນາເຂົ້າລະບົບໃໝ່	အသုံးပြုသူကို ရှာမတွေ့ပါ။ ထပ်မံဝင်ရောက်ပါ။	Không tìm thấy người dùng. Vui lòng đăng nhập lại.	User not found. Please login again.	User not found. Please login again.	User not found. Please login again.
user_position	ตำแหน่ง	Position	职位	役職	តំណែង	직책	ຕຳແໜ່ງ	ရာထူး	Chức vụ	Jawatan	Jabatan	Posisyon
user_role	สิทธิ์ผู้ใช้งาน	User Role	用户权限	ユーザー権限	តួនាទីអ្នកប្រើប្រាស់	사용자 권한	ສິດຜູ້ໃຊ້	အသုံးပြုသူ အခန်းကဏ္ဍ	Quyền người dùng	User Role	User Role	User Role
user_search_not_found	ไม่พบผู้ใช้ที่ค้นหา	No users found matching search	No users found matching search	No users found matching search	No users found matching search	No users found matching search	No users found matching search	No users found matching search	No users found matching search	No users found matching search	No users found matching search	No users found matching search
userif_have	หากคุณมีบัญชีอยู่แล้ว	If you already have an account	如果您已有帐户	すでにアカウントをお持ちの場合	ប្រសិនបើអ្នកមានគណនីរួចហើយ	이미 계정이 있으신 경우	ຖ້າທ່ານມີບັນຊີແລ້ວ	အကောင့်ရှိပြီးသားဖြစ်ပါက	Nếu bạn đã có tài khoản	If you already have an account	If you already have an account	If you already have an account
login_username	ชื่อผู้ใช้สำหรับเข้าสู่ระบบ	Login username	登录用户名	ログインユーザー名	ឈ្មោះអ្នកប្រើសម្រាប់ចូលប្រព័ន្ធ	로그인 사용자 이름	ຊື່ຜູ້ໃຊ້ສຳລັບເຂົ້າລະບົບ	ဝင်ရောက်ရန် အသုံးပြုသူအမည်	Tên đăng nhập	Nama pengguna log masuk	Nama pengguna login	Username sa pag-login
username	ชื่อ	Username	名称	名前	ឈ្មោះ	이름	ຊື່	အမည်	Tên	Username	Username	Username
users_and_employees	ผู้ใช้และพนักงาน	Users & Employees	Users & Employees	Users & Employees	Users & Employees	Users & Employees	Users & Employees	Users & Employees	Users & Employees	Users & Employees	Users & Employees	Users & Employees
valid_rows	แถวที่ถูกต้อง	Valid Rows	有效行	有効な行	ជួរដេកត្រឹមត្រូវ	유효한 행	ແຖວທີ່ຖືກຕ້ອງ	မှန်ကန်သောအတန်းများ	Hàng hợp lệ	Valid Rows	Valid Rows	Valid Rows
validate_only	ตรวจสอบข้อมูล	Validate Only	仅验证	検証のみ	ផ្ទៀងផ្ទាត់តែប៉ុណ្ណោះ	검증만	ກວດສອບເທົ່ານັ້ນ	အတည်ပြုရုံသာ	Chỉ xác thực	Validate Only	Validate Only	Validate Only
validate_only_description	ตรวจสอบความถูกต้องของข้อมูลก่อน (แนะนำ)	Check data validity before import (Recommended)	导入前检查数据有效性（推荐）	インポート前にデータの有効性を確認（推奨）	ពិនិត្យសុពលភាពទិន្នន័យមុនពេលនាំចូល (បានណែនាំ)	가져오기 전 데이터 유효성 검사 (권장)	ກວດສອບຄວາມຖືກຕ້ອງຂອງຂໍ້ມູນກ່ອນນຳເຂົ້າ (ແນະນຳ)	တင်သွင်းခြင်းမပြုမီ ဒေတာမှန်ကန်မှုကို စစ်ဆေးပါ (အကြံပြုထားသည်)	Kiểm tra tính hợp lệ của dữ liệu trước khi nhập (Được khuyến nghị)	Check data validity before import (Recommended)	Check data validity before import (Recommended)	Check data validity before import (Recommended)
validation_result	ผลการตรวจสอบข้อมูล	Validation Result	验证结果	検証結果	លទ្ធផលនៃការផ្ទៀងផ្ទាត់	검증 결과	ຜົນການກວດສອບ	အတည်ပြုချက်ရလဒ်	Kết quả xác thực	Validation Result	Validation Result	Validation Result
var_rate	อัตราภาษี	VAT Rate	增值税率	VAT率	អត្រាអាករ	부가세율	ອັດຕາພາສີ	အခွန်နှုန်း	Thuế suất GTGT	VAT Rate	VAT Rate	VAT Rate
variables	ตัวแปร	Variables	变量	変数	អថេរ	변수	ຕົວແປ	ကိန်းရှင်များ	Biến	Variables	Variables	Variables
vat	ข้อมูลภาษี	VAT	增值税	VAT	អាករ	부가세	ພາສີ	အခွန်	Thuế GTGT	VAT	VAT	VAT
vat_amount	ยอดภาษี	VAT Amount	增值税额	VAT額	ចំនួនអាករ	부가세액	ຍອດພາສີ	အခွန်ပမာဏ	Tiền thuế GTGT	VAT Amount	VAT Amount	VAT Amount
vat_base	ฐานภาษี	VAT Base	增值税基数	VAT基準	មូលដ្ឋានអាករ	부가세 과세표준	ຖານພາສີ	အခွန်အခြေခံ	Cơ sở thuế GTGT	VAT Base	VAT Base	VAT Base
vat_date	วันที่ใบกำกับ	VAT Date	增值税日期	VAT日付	កាលបរិច្ឆេទអាករ	부가세 날짜	ວັນທີພາສີ	အခွန်ရက်စွဲ	Ngày thuế GTGT	VAT Date	VAT Date	VAT Date
vat_exclude	ราคาไม่รวมภาษี	VAT Excluded	不含增值税	VAT抜き	មិនរួមបញ្ចូលអាករ	부가세 별도	ບໍ່ລວມພາສີ	အခွန်မပါ	Chưa bao gồm thuế GTGT	VAT Excluded	VAT Excluded	VAT Excluded
vat_exem	ยอดยกเว้นภาษี	VAT Exemption	免税	VAT免除	ការលើកលែងអាករ	부가세 면제	ຍົກເວັ້ນພາສີ	အခွန်ကင်းလွတ်ခွင့်	Miễn thuế GTGT	VAT Exemption	VAT Exemption	VAT Exemption
vat_include	ราคารวมภาษี	VAT Included	含增值税	VAT込み	រួមបញ្ចូលអាករ	부가세 포함	ລວມພາສີ	အခွန်ပါဝင်သည်	Đã bao gồm thuế GTGT	VAT Included	VAT Included	VAT Included
vat_input	ภาษีซื้อ	Input VAT	进项税	仕入税額	អាករធាតុចូល	매입세액	ພາສີຊື້	သွင်းကုန်အခွန်	Thuế đầu vào	Input VAT	Input VAT	Input VAT
vat_month	เดือนภาษี	VAT Period	增值税期间	VAT期間	រយៈពេលអាករ	부가세 기간	ໄລຍະເວລາພາສີ	အခွန်ကာလ	Kỳ thuế GTGT	VAT Period	VAT Period	VAT Period
vat_no_register	ไม่จดทะเบียนภาษีมูลค่าเพิ่ม	Not Registered for VAT	未注册增值税	VAT未登録	មិនបានចុះបញ្ជីអាករ	부가세 미등록	ບໍ່ໄດ້ຈົດທະບຽນພາສີ	အခွန်မမှတ်ပုံတင်ထားပါ	Không đăng ký thuế GTGT	Not Registered for VAT	Not Registered for VAT	Not Registered for VAT
vat_none	ไม่กระทบภาษี	Non-VAT	无增值税	VATなし	គ្មានអាករ	부가세 없음	ບໍ່ມີພາສີ	အခွန်မရှိ	Không chịu thuế GTGT	Non-VAT	Non-VAT	Non-VAT
vat_num	เลขที่ใบกำกับ	VAT Number	增值税号	VAT番号	លេខអាករ	부가세 번호	ເລກປະຈຳຕົວຜູ້ເສຍພາສີ	အခွန်နံပါတ်	Mã số thuế GTGT	VAT Number	VAT Number	VAT Number
vat_output	ภาษีขาย	Output VAT	销项税	売上税額	អាករធាតុចេញ	매출세액	ພາສີຂາຍ	ထုတ်ကုန်အခွန်	Thuế đầu ra	Output VAT	Output VAT	Output VAT
vat_rate	อัตราภาษี (%)	VAT Rate	增值税率	VAT率	អត្រាអាករ	부가세율	ອັດຕາພາສີ	အခွန်နှုန်း	Thuế suất GTGT	VAT Rate	VAT Rate	VAT Rate
vat_register	จดทะเบียนภาษีมูลค่าเพิ่ม	Registered for VAT	注册增值税	VAT登録済み	ចុះបញ្ជីអាករ	부가세 등록	ຈົດທະບຽນພາສີ	အခွန်မှတ်ပုံတင်ထားသည်	Đăng ký thuế GTGT	Registered for VAT	Registered for VAT	Registered for VAT
vat_section	ภาษีมูลค่าเพิ่ม	VAT Section	增值税信息	VATセクション	ផ្នែកអាករលើតម្លៃបន្ថែម	VAT 섹션	ສ່ວນ VAT	VAT အပိုင်း	Thuế GTGT	VAT Section	VAT Section	VAT Section
vat_type	ประเภทภาษี	VAT Type	增值税类型	VATタイプ	ប្រភេទអាករ	부가세 유형	ປະເພດພາສີ	အခွန်အမျိုးအစား	Loại thuế GTGT	VAT Type	VAT Type	VAT Type
vat_year	ปีภาษี	VAT Year	增值税年度	VAT年度	ឆ្នាំអាករ	부가세 연도	ປີພາສີ	အခွန်နှစ်	Năm thuế GTGT	VAT Year	VAT Year	VAT Year
vat_zero	ภาษีอัตราศูนย์	VAT Zero	零税率	免税（0%）	អាករសូន្យ	영세율	ພາສີສູນ	အခွန်သုည	Thuế suất 0%	VAT Zero	VAT Zero	VAT Zero
vatinfo	ภาษี	Vat	税	税金	ពន្ធ	세금	ພາສີ	အခွန်	Thuế	Vat	Vat	Vat
vattype_purchase	ประเภทภาษีซื้อ	Purchase Tax Type	进项税类型	仕入税タイプ	ប្រភេទពន្ធទិញ	매입세 유형	ປະເພດພາສີຊື້	ဝယ်ယူမှုအခွန်အမျိုးအစား	Loại thuế mua hàng	Purchase Tax Type	Purchase Tax Type	Purchase Tax Type
vattype_sale	ประเภทภาษีขาย	Sale Tax Type	销项税类型	売上税タイプ	ប្រភេទពន្ធលក់	매출세 유형	ປະເພດພາສີຂາຍ	အရောင်းအခွန်အမျိုးအစား	Loại thuế bán hàng	Sale Tax Type	Sale Tax Type	Sale Tax Type
verification_pin	Verification PIN	Verification PIN	验证 PIN	検証PIN	PIN ផ្ទៀងផ្ទាត់	확인 PIN	PIN ກວດສອບ	အတည်ပြု PIN	Mã PIN xác minh	Verification PIN	Verification PIN	Verification PIN
verification_success	ตรวจสอบสำเร็จ	Verification Success	验证成功	検証成功	ការផ្ទៀងផ្ទាត់ជោគជ័យ	확인 성공	ກວດສອບສຳເລັດ	အတည်ပြုမှုအောင်မြင်	Xác minh thành công	Verification Success	Verification Success	Verification Success
verify	ตรวจสอบ	Verify	验证	検証	ផ្ទៀងផ្ទាត់	확인	ກວດສອບ	အတည်ပြုစစ်ဆေး	Xác minh	Verify	Verify	Verify
verify_failed	ตรวจสอบไม่สำเร็จ	Verification failed	验证失败	検証に失敗しました	ផ្ទៀងផ្ទាត់បរាជ័យ	확인 실패	ກວດສອບບໍ່ສໍາເລັດ	အတည်ပြုမှု မအောင်မြင်ပါ	Xác minh thất bại	Verification failed	Verification failed	Verification failed
verifying	กำลังตรวจสอบ...	Verifying...	正在验证...	検証中...	កំពុងផ្ទៀងផ្ទាត់...	확인 중...	ກຳລັງກວດສອບ...	စစ်ဆေးနေသည်...	Đang xác minh...	Verifying...	Verifying...	Verifying...
verifying_data_integrity	กำลังตรวจสอบความถูกต้องของข้อมูล	Verifying data integrity	正在验证数据完整性	データの整合性を検証中	កំពុងផ្ទៀងផ្ទាត់ភាពត្រឹមត្រូវនៃទិន្នន័យ	데이터 무결성 확인 중	ກຳລັງກວດສອບຄວາມຖືກຕ້ອງຂອງຂໍ້ມູນ	ဒေတာ မှန်ကန်မှု စစ်ဆေးနေသည်	Đang xác minh tính toàn vẹn dữ liệu	Verifying data integrity	Verifying data integrity	Verifying data integrity
vice_managing_director	รองกรรมการผู้จัดการ	Vice Managing Director	Vice Managing Director	Vice Managing Director	Vice Managing Director	Vice Managing Director	Vice Managing Director	Vice Managing Director	Vice Managing Director	Vice Managing Director	Vice Managing Director	Vice Managing Director
video	วีดีโอ	Video	视频	動画	វីដេអូ	영상	ວີດີໂອ	ဗီဒီယို	Video	Video	Video	Video
view	ดู	View	查看	表示	មើល	보기	ເບິ່ງ	ကြည့်ရန်	Xem	View	View	View
view_all	ดูทั้งหมด	View All	查看全部	すべて表示	មើលទាំងអស់	모두 보기	ເບິ່ງທັງໝົດ	အားလုံးကြည့်ရန်	Xem tất cả	View All	View All	View All
view_data_details	ดูรายละเอียดข้อมูล	View Data Details	查看数据详情	データ詳細を表示	មើលព័ត៌មានលម្អិតទិន្នន័យ	데이터 상세 보기	ເບິ່ງລາຍລະອຽດຂໍ້ມູນ	ဒေတာအသေးစိတ် ကြည့်ပါ	Xem chi tiết dữ liệu	View Data Details	View Data Details	View Data Details
view_document	ดูเอกสาร	Document	查看文档	文書表示	មើលឯកសារ	문서 보기	ເບິ່ງເອກະສານ	စာရွက်စာတမ်းကြည့်	Xem tài liệu	Document	Document	Document
view_edit_history	ดูประวัติการแก้ไข	View Edit History	查看编辑历史	編集履歴を表示	មើលប្រវត្តិកែសម្រួល	편집 기록 보기	ເບິ່ງປະຫວັດການແກ້ໄຂ	တည်းဖြတ်မှတ်တမ်း ကြည့်ရန်	Xem lịch sử chỉnh sửa	View Edit History	View Edit History	View Edit History
view_failed	เปิดดูไม่สำเร็จ	View Failed	查看失败	表示に失敗しました	មើលបរាជ័យ	보기 실패	ເປີດເບິ່ງບໍ່ສຳເລັດ	ကြည့်ရှုခြင်း မအောင်မြင်ပါ	Xem thất bại	View Failed	View Failed	View Failed
view_file	ดูไฟล์	View File	View File	View File	View File	View File	View File	View File	View File	View File	View File	View File
view_history	ดูประวัติ	View History	查看历史	履歴を表示	មើលប្រវត្តិ	기록 보기	ເບິ່ງປະຫວັດ	မှတ်တမ်း ကြည့်ရန်	Xem lịch sử	View History	View History	View History
view_results	ดูผลลัพธ์	View Results	View Results	View Results	View Results	View Results	View Results	View Results	View Results	View Results	View Results	View Results
view_slip	สลิป	Slip	查看收据	伝票表示	មើលស្លីប	슬립 보기	ເບິ່ງສະລິບ	စလစ်ကြည့်	Xem biên lai	Slip	Slip	Slip
waiting_confirmation	รอการยืนยัน...	Waiting for confirmation...	Waiting for confirmation...	Waiting for confirmation...	Waiting for confirmation...	Waiting for confirmation...	Waiting for confirmation...	Waiting for confirmation...	Waiting for confirmation...	Waiting for confirmation...	Waiting for confirmation...	Waiting for confirmation...
waiting_for_api	รอดึงจาก API	Waiting for API	等待API	API待ち	កំពុងរង់ចាំ API	API 대기 중	ລໍຖ້າດຶງຈາກ API	API စောင့်ဆိုင်းနေသည်	Đang chờ API	Waiting for API	Waiting for API	Waiting for API
waiting_for_data	รอรับข้อมูล...	Waiting for data...	等待数据...	データ待機中...	កំពុងរង់ចាំទិន្នន័យ...	데이터 대기 중...	ລໍຖ້າຂໍ້ມູນ...	ဒေတာ စောင့်နေသည်...	Đang chờ dữ liệu...	Waiting for data...	Waiting for data...	Waiting for data...
waiting_for_link	รอการเชื่อมต่อ...	Waiting for connection...	Waiting for connection...	Waiting for connection...	Waiting for connection...	Waiting for connection...	Waiting for connection...	Waiting for connection...	Waiting for connection...	Waiting for connection...	Waiting for connection...	Waiting for connection...
wallet	วอลเล็ต	Wallet	钱包	ウォレット	កាបូបលុយ	지갑	ກະເປົ໋າເງິນ	ပိုက်ဆံအိတ်	Ví tiền	Wallet	Wallet	Wallet
wallet provider	ผู้ให้บริการกระเป๋าเงิน	Wallet Provider	钱包提供商	ウォレットプロバイダー	អ្នកផ្តល់សេវាកាបូបលុយ	지갑 제공자	ຜູ້ໃຫ້ບໍລິການກະເປົ໋າເງິນ	ပိုက်ဆံအိတ် ဝန်ဆောင်မှုပေးသူ	Nhà cung cấp ví	Wallet Provider	Wallet Provider	Wallet Provider
wallet_code	รหัสกระเป๋าเงิน	Wallet Code	钱包代码	ウォレットコード	លេខកូដកាបូបលុយ	지갑 코드	ລະຫັດກະເປົ໋າເງິນ	ပိုက်ဆံအိတ်ကုဒ်	Mã ví	Wallet Code	Wallet Code	Wallet Code
wallet_name	ชื่อกระเป๋าเงิน	Wallet Name	钱包名称	ウォレット名	ឈ្មោះកាបូបលុយ	지갑 이름	ຊື່ກະເປົ໋າເງິນ	ပိုက်ဆံအိတ်အမည်	Tên ví	Wallet Name	Wallet Name	Wallet Name
wallet_payment	ผู้บริการกระเป๋าเงิน Wallet	Wallet Provider Wallet	钱包 服务商 钱包	ウォレット プロバイダー ウォレット	កាបូបលុយ អ្នកផ្តល់សេវា Wallet	지갑 제공자 지갑	ກະເປົ໋າເງິນ ຜູ້ບໍລິການ Wallet	ပိုက်ဆံအိတ် ဝန်ဆောင်မှုပေးသူ Wallet	Ví tiền Nhà cung cấp Ví	Wallet Provider Wallet	Wallet Provider Wallet	Wallet Provider Wallet
wallet_provider	ผู้ให้บริการกระเป๋าเงิน	Wallet Provider	钱包提供商	ウォレットプロバイダー	អ្នកផ្តល់សេវាកាបូបលុយ	지갑 제공자	ຜູ້ໃຫ້ບໍລິການກະເປົ໋າເງິນ	ပိုက်ဆံအိတ် ဝန်ဆောင်မှုပေးသူ	Nhà cung cấp ví	Wallet Provider	Wallet Provider	Wallet Provider
want_to_add_products	ต้องการเพิ่มสินค้า	Want to add products	想要添加产品	商品を追加したい	ចង់បន្ថែមផលិតផល	제품을 추가하시겠습니까	ຕ້ອງການເພີ່ມສິນຄ້າ	ထုတ်ကုန်များထည့်လိုပါသလား	Muốn thêm sản phẩm	Want to add products	Want to add products	Want to add products
want_to_delete_data	ต้องการลบข้อมูลหรือไม่?	Do you want to delete this data?	您确定要删除此数据吗？	このデータを削除しますか？	តើអ្នកចង់លុបទិន្នន័យនេះទេ?	이 데이터를 삭제하시겠습니까?	ຕ້ອງການລົບຂໍ້ມູນຫຼືບໍ?	ဤဒေတာကို ဖျက်လိုပါသလား?	Bạn có muốn xóa dữ liệu này không?	Do you want to delete this data?	Do you want to delete this data?	Do you want to delete this data?
want_to_exit_this_screen	ต้องการออกจากหน้าจอนี้หรือไม่?	Do you want to exit this screen?	您确定要退出此页面吗？	この画面を終了しますか？	តើអ្នកចង់ចាកចេញពីអេក្រង់នេះទេ?	이 화면을 나가시겠습니까?	ຕ້ອງການອອກຈາກໜ້າຈໍນີ້ຫຼືບໍ?	ဤမျက်နှာပြင်မှ ထွက်လိုပါသလား?	Bạn có muốn thoát khỏi màn hình này không?	Do you want to exit this screen?	Do you want to exit this screen?	Do you want to exit this screen?
want_to_generate_new_docno_and_save	ต้องการสร้างเลขที่เอกสารใหม่และบันทึกอีกครั้งหรือไม่?	Would you like to generate a new document number and save again?	是否要生成新的文档编号并重新保存？	新しい文書番号を生成して再保存しますか？	តើអ្នកចង់បង្កើតលេខឯកសារថ្មីហើយរក្សាទុកម្ដងទៀតទេ?	새 문서 번호를 생성하고 다시 저장하시겠습니까?	ຕ້ອງການສ້າງເລກທີ່ເອກະສານໃໝ່ແລະບັນທຶກອີກຄັ້ງຫຼືບໍ່?	စာရွက်စာတမ်းနံပါတ်အသစ်ထုတ်ပြီး ထပ်သိမ်းလိုပါသလား?	Bạn có muốn tạo số tài liệu mới và lưu lại không?	Would you like to generate a new document number and save again?	Would you like to generate a new document number and save again?	Would you like to generate a new document number and save again?
warehouse	คลัง	Warehouse	仓库	倉庫	ឃ្លាំង	창고	ຄັງ	ဂိုဒေါင်	Kho	Warehouse	Warehouse	Warehouse
warehouse_and_location	คลังสินค้าและตำแหน่ง	Warehouse and Location	Warehouse and Location	Warehouse and Location	Warehouse and Location	Warehouse and Location	Warehouse and Location	Warehouse and Location	Warehouse and Location	Warehouse and Location	Warehouse and Location	Warehouse and Location
warehouse_code	รหัสคลัง	Warehouse Code	仓库代码	倉庫コード	លេខកូដឃ្លាំង	창고 코드	ລະຫັດຄັງ	ဂိုဒေါင်ကုဒ်	Mã kho	Warehouse Code	Warehouse Code	Warehouse Code
warehouse_location	คลัง/ที่เก็บ	Warehouse/Location	仓库/位置	倉庫/場所	ឃ្លាំង/ទីតាំង	창고/위치	ສາງ/ທີ່ເກັບ	ဂိုဒေါင်/တည်နေရာ	Kho/Vị trí	Warehouse/Location	Warehouse/Location	Warehouse/Location
warehouse_name	ชื่อคลัง	Warehouse Name	仓库名称	倉庫名	ឈ្មោះឃ្លាំង	창고명	ຊື່ຄັງ	ဂိုဒေါင်အမည်	Tên kho	Warehouse Name	Warehouse Name	Warehouse Name
warehouse_not_found	ไม่พบคลัง	Warehouse not found	未找到仓库	倉庫が見つかりません	រកមិនឃើញឃ្លាំង	창고를 찾을 수 없습니다	ບໍ່ພົບສາງ	ဂိုဒေါင် ရှာမတွေ့ပါ	Không tìm thấy kho	Warehouse not found	Warehouse not found	Warehouse not found
warehouse_not_selected	ยังไม่ได้เลือกคลัง	Warehouse not selected	未选择仓库	倉庫が選択されていません	មិនទាន់បានជ្រើសរើសឃ្លាំង	창고가 선택되지 않았습니다	ຍັງບໍ່ໄດ້ເລືອກສາງ	ဂိုဒေါင် ရွေးမထားပါ	Chưa chọn kho	Warehouse not selected	Warehouse not selected	Warehouse not selected
warehousecode	รหัสคลัง	Warehouse Code	仓库代码	倉庫コード	លេខកូដឃ្លាំង	창고 코드	ລະຫັດຄັງ	ဂိုဒေါင်ကုဒ်	Mã kho	Warehouse Code	Warehouse Code	Warehouse Code
warning	แจ้งเตือน	Warning	警告	警告	ការព្រមាន	경고	ແຈ້ງເຕື່ອນ	သတိပေးချက်	Cảnh báo	Warning	Warning	Warning
watermark_confidential	ลับ	CONFIDENTIAL	CONFIDENTIAL	CONFIDENTIAL	CONFIDENTIAL	CONFIDENTIAL	CONFIDENTIAL	CONFIDENTIAL	CONFIDENTIAL	CONFIDENTIAL	CONFIDENTIAL	CONFIDENTIAL
watermark_premium	พรีเมียม	PREMIUM	PREMIUM	PREMIUM	PREMIUM	PREMIUM	PREMIUM	PREMIUM	PREMIUM	PREMIUM	PREMIUM	PREMIUM
wednesday	พุธ	Wednesday	星期三	水曜日	ថ្ងៃពុធ	수요일	ວັນພຸດ	ဗုဒ္ဓဟူး	Thứ Tư	Wednesday	Wednesday	Wednesday
welcome	ยินดีต้อนรับ	Welcome	欢迎	ようこそ	សូមស្វាគមន៍	환영합니다	ຍິນດີຕ້ອນຮັບ	ကြိုဆိုပါသည်	Chào mừng	Welcome	Welcome	Welcome
welcome_ai_analysis	ยินดีต้อนรับสู่ AI Analysis	Welcome to AI Analysis	欢迎使用AI分析	AI分析へようこそ	សូមស្វាគមន៍មកកាន់ AI Analysis	AI 분석에 오신 것을 환영합니다	ຍິນດີຕ້ອນຮັບສູ່ AI Analysis	AI Analysis သို့ ကြိုဆိုပါသည်	Chào mừng đến AI Analysis	Welcome to AI Analysis	Welcome to AI Analysis	Welcome to AI Analysis
wendesday	วันพุธ	Wednesday	星期三	水曜日	ថ្ងៃពុធ	수요일	ວັນພຸດ	ဗုဒ္ဓဟူးနေ့	Thứ Tư	Wednesday	Wednesday	Wednesday
wht_amount	จำนวนเงินหัก	WHT Amount	预扣税金额	源泉徴収税額	ចំនួនពន្ធកាត់ទុក	원천징수세액	ຈຳນວນພາສີຫັກ ນ ທີ່ຈ່າຍ	အခွန်ဖြတ်တောက်ပမာဏ	Số tiền thuế khấu trừ	WHT Amount	WHT Amount	WHT Amount
wht_rate	อัตราภาษี	WHT Rate	预扣税率	源泉徴収税率	អត្រាពន្ធកាត់ទុក	원천징수세율	ອັດຕາພາສີຫັກ ນ ທີ່ຈ່າຍ	အခွန်ဖြတ်တောက်နှုန်း	Thuế suất khấu trừ	WHT Rate	WHT Rate	WHT Rate
wht_withholding_tax	ภาษีหัก ณ ที่จ่าย	Withholding Tax (WHT)	预扣税	源泉徴収税	ពន្ធកាត់ទុក	원천징수세	ພາສີຫັກ ນ ທີ່ຈ່າຍ	အခွန်ဖြတ်တောက်	Thuế khấu trừ	Withholding Tax (WHT)	Withholding Tax (WHT)	Withholding Tax (WHT)
withdraw_approval	ถอนการอนุมัติ	Withdraw Approval	Withdraw Approval	Withdraw Approval	Withdraw Approval	Withdraw Approval	Withdraw Approval	Withdraw Approval	Withdraw Approval	Withdraw Approval	Withdraw Approval	Withdraw Approval
withdraw_cash	ถอนเงิน	Withdraw Cash	Withdraw Cash	Withdraw Cash	Withdraw Cash	Withdraw Cash	Withdraw Cash	Withdraw Cash	Withdraw Cash	Withdraw Cash	Withdraw Cash	Withdraw Cash
withdraw_for_your_own_use	เบิกใช้เอง	Internal Use	自用领取	自社使用	ដកប្រើផ្ទាល់	자체 사용	ເບີກໃຊ້ເອງ	ကိုယ်တိုင်သုံး	Xuất nội bộ	Internal Use	Internal Use	Internal Use
withdraw_production	เบิกผลิต	Production Withdrawal	生产领料	生産出庫	ដកផលិតកម្ម	생산 출고	ເບີກຜະລິດ	ထုတ်လုပ်မှုထုတ်	Xuất sản xuất	Production Withdrawal	Production Withdrawal	Production Withdrawal
withdrawing	กำลังถอน	Withdrawing	正在提取	引き出し中	កំពុងដក	출금 중	ກຳລັງຖອນ	ထုတ်ယူနေသည်	Đang rút tiền	Withdrawing	Withdrawing	Withdrawing
work_data_lost	ข้อมูลที่กำลังทำงานอยู่จะหายหมด	Working data will be lost	工作中的数据将丢失	作業中のデータは失われます	ទិន្នន័យដែលកំពុងធ្វើការនឹងបាត់បង់	작업 중인 데이터가 손실됩니다	ຂໍ້ມູນທີ່ກຳລັງເຮັດວຽກຈະສູນຫາຍ	လုပ်ဆောင်နေသော ဒေတာများ ဆုံးရှုံးပါမည်	Dữ liệu đang làm việc sẽ bị mất	Working data will be lost	Working data will be lost	Working data will be lost
work_day	วันทำงาน	Work Day	Work Day	Work Day	Work Day	Work Day	Work Day	Work Day	Work Day	Work Day	Work Day	Work Day
work_page	หน้างาน	Work Page	工作页	作業ページ	ទំព័រការងារ	작업 페이지	ໜ້າວຽກ	အလုပ်စာမျက်နှာ	Trang Làm Việc	Work Page	Work Page	Work Page
workday	วันทำงาน	Work Day	工作日	営業日	ថ្ងៃធ្វើការ	근무일	ວັນເຮັດວຽກ	အလုပ်လုပ်ရက်	Ngày làm việc	Work Day	Work Day	Work Day
workspace	หน้างาน	Workspace	Workspace	Workspace	Workspace	Workspace	Workspace	Workspace	Workspace	Workspace	Workspace	Workspace
wrong_date	วันที่ผิด	Wrong date	日期错误	日付が間違っています	កាលបរិច្ឆេទខុស	날짜 오류	ວັນທີ່ຜິດ	ရက်စွဲမှား	Ngày sai	Wrong date	Wrong date	Wrong date
wrong_name_address	ชื่อ/ที่อยู่ ผิด	Wrong name/address	名称/地址错误	名前/住所が間違っています	ឈ្មោះ/អាស័យដ្ឋាន ខុស	이름/주소 오류	ຊື່/ທີ່ຢູ່ ຜິດ	အမည်/လိပ်စာ မှား	Tên/địa chỉ sai	Wrong name/address	Wrong name/address	Wrong name/address
wrong_product	สินค้าผิด	Wrong product	产品错误	商品が間違っています	ផលិតផលខុស	제품 오류	ສິນຄ້າຜິດ	ကုန်ပစ္စည်းမှား	Sản phẩm sai	Wrong product	Wrong product	Wrong product
wrong_quantity_value	จำนวน/มูลค่าผิด	Wrong quantity/value	数量/价值错误	数量/金額が間違っています	បរិមាណ/តម្លៃខុស	수량/가치 오류	ຈຳນວນ/ມູນຄ່າຜິດ	အရေအတွက်/တန်ဖိုးမှား	Số lượng/giá trị sai	Wrong quantity/value	Wrong quantity/value	Wrong quantity/value
xqty		X qty	X qty	X qty	X qty	X qty	X qty	X qty	X qty	X qty	X qty	X qty
xunit		X unit	X unit	X unit	X unit	X unit	X unit	X unit	X unit	X unit	X unit	X unit
xxx												
year	ปี	Year	年	年	ឆ្នាំ	연도	ປີ	နှစ်	Năm	Year	Year	Year
yeartype	ประเภทปี	Year Type	年份类型	年タイプ	ប្រភេទឆ្នាំ	연도 유형	ປະເພດປີ	ခုနှစ်အမျိုးအစား	Loại năm	Year Type	Year Type	Year Type
yes	ใช่	Yes	是的	はい	បាទ/ចាស	예	ແມ່ນແລ້ວ	ဟုတ်	Có	Yes	Yes	Yes
you_have_accepted	คุณได้ยอมรับ	You Have Accepted	您已接受	同意されました	អ្នកបានទទួលយក	동의하셨습니다	ທ່ານໄດ້ຍອມຮັບ	သင်လက်ခံပြီးပါပြီ	Bạn đã chấp nhận	You Have Accepted	You Have Accepted	You Have Accepted
yoy_comparison	เปรียบเทียบปีต่อปี	Year-over-Year Comparison	年度对比	年次比較	ប្រៀបធៀបឆ្នាំចេញឆ្នាំ	연간 비교	ປຽບທຽບປີຕໍ່ປີ	နှစ်စဉ်နှိုင်းယှဉ်မှု	So sánh năm	Year-over-Year Comparison	Year-over-Year Comparison	Year-over-Year Comparison
zero_means_unlimited	0 = ไม่จำกัด	0 = Unlimited	0 = 无限制	0 = 無制限	0 = គ្មានដែនកំណត់	0 = 무제한	0 = ບໍ່ຈຳກັດ	0 = အကန့်အသတ်မရှိ	0 = Không giới hạn	0 = Unlimited	0 = Unlimited	0 = Unlimited
zip_code	รหัสไปรษณีย์	Zip Code	邮政编码	郵便番号	លេខកូដប្រៃសណីយ៍	우편번호	ລະຫັດໄປສະນີ	စာတိုက်သင်္ကေတ	Mã bưu chính	Zip Code	Zip Code	Zip Code
zone	โซน	Zone	区域	ゾーン	តំបន់	구역	ໂຊນ	ဇုန်	Khu vực	Zone	Zone	Zone
zone_code	รหัสโซน	Zone Code	区域代码	ゾーンコード	លេខកូដតំបន់	구역 코드	ລະຫັດໂຊນ	ဇုန်ကုဒ်	Mã khu vực	Zone Code	Zone Code	Zone Code
zone_group_number	ลำดับโซน	Zone Order	区域顺序	ゾーン順	លំដាប់តំបន់	구역 순서	ລຳດັບໂຊນ	ဇုန်အစဉ်	Thứ tự khu vực	Zone Order	Zone Order	Zone Order
zone_name	ชื่อโซน	Zone Name	区域名称	ゾーン名	ឈ្មោះតំបន់	구역 이름	ຊື່ໂຊນ	ဇုန်အမည်	Tên khu vực	Zone Name	Zone Name	Zone Name
zoom_in	ซูมเข้า	Zoom In	放大	拡大	ពង្រីក	확대	ຊູມເຂົ້າ	ချဲ့ကြည့်	Phóng to	Zoom In	Zoom In	Zoom In
zoom_out	ซูมออก	Zoom Out	缩小	縮小	បង្រួម	축소	ຊູມອອກ	ချုံ့ကြည့်	Thu nhỏ	Zoom Out	Zoom Out	Zoom Out
กรุณาเลือกสินค้าก่อน	กรุณาเลือกสินค้าก่อน	Please select a product first	请先选择产品	最初に製品を選択してください	សូមជ្រើសរើសផលិតផលមួយជាមុនសិន	먼저 제품을 선택하세요	ກະລຸນາເລືອກສິນຄ້າກ່ອນ	ကျေးဇူးပြု၍ ပထမ ထုတ်ကုန်တစ်ခု ရွေးချယ်ပါ	Vui lòng chọn sản phẩm trước	Please select a product first	Please select a product first	Please select a product first
คืนเงินมัดจำ	คืนเงินมัดจำ	Deposit Refund	退还押金	保証金返金	សងប្រាក់កក់វិញ	보증금 환불	ຄືນເງິນມັດຈຳ	စရန်ငွေ ပြန်အမ်းငွေ	Hoàn trả tiền cọc	Deposit Refund	Deposit Refund	Deposit Refund
คืนเงินล่วงหน้า	คืนเงินล่วงหน้า	Advance Refund	退还预付款	前払い返金	សងប្រាក់ជាមុនវិញ	선불금 환불	ຄືນເງິນລ່ວງໜ້າ	ကြိုတင်ငွေ ပြန်အမ်းငွေ	Hoàn trả tiền ứng trước	Advance Refund	Advance Refund	Advance Refund
จ่ายเงินมัดจำ	จ่ายเงินมัดจำ	Pay Deposit	支付押金	保証金支払い	បង់ប្រាក់កក់	보증금 지불	ຈ່າຍເງິນມັດຈຳ	စရန်ငွေ ပေးချေရန်	Thanh toán tiền cọc	Pay Deposit	Pay Deposit	Pay Deposit
ทดสอบประมวลผลใหม่	ทดสอบประมวลผลใหม่	Retest Processing	重新测试处理	再テスト処理	ធ្វើតេស្តដំណើរការឡើងវិញ	재처리 테스트	ທົດສອບປະມວນຜົນໃໝ່	ပြန်လည်စမ်းသပ်လုပ်ဆောင်	Kiểm tra xử lý lại	Retest Processing	Retest Processing	Retest Processing
บาร์โค้ดอ้างอิง/หน่วยนับ												
รับคืนเงินมัดจำ	รับคืนเงินมัดจำ	Receive Deposit Refund	收到押金退还	保証金返金受領	ទទួលការសងប្រាក់កក់វិញ	보증금 환불 수령	ຮັບຄືນເງິນມັດຈຳ	စရန်ငွေ ပြန်အမ်းငွေ လက်ခံရန်	Nhận hoàn trả tiền cọc	Receive Deposit Refund	Receive Deposit Refund	Receive Deposit Refund
รับคืนเงินล่วงหน้า	รับคืนเงินล่วงหน้า	Receive Advance Refund	收到预付款退还	前払い返金受領	ទទួលការសងប្រាក់ជាមុនវិញ	선불금 환불 수령	ຮັບຄືນເງິນລ່ວງໜ້າ	ကြိုတင်ငွေ ပြန်အမ်းငွေ လက်ခံရန်	Nhận hoàn trả tiền ứng trước	Receive Advance Refund	Receive Advance Refund	Receive Advance Refund
รับเงินมัดจำ	รับเงินมัดจำ	Receive Deposit	收取押金	保証金受領	ទទួលប្រាក់កក់	보증금 수령	ຮັບເງິນມັດຈຳ	စရန်ငွေ လက်ခံရန်	Nhận tiền cọc	Receive Deposit	Receive Deposit	Receive Deposit
รับเงินล่วงหน้า	รับเงินล่วงหน้า	Receive Advance	收取预付款	前払い受領	ទទួលប្រាក់ជាមុន	선불금 수령	ຮັບເງິນລ່ວງໜ້າ	ကြိုတင်ငွေ လက်ခံရန်	Nhận tiền ứng trước	Receive Advance	Receive Advance	Receive Advance
รายงานกำไรขั้นต้น ตามเอกสาร	รายงานกำไรขั้นต้น ตามเอกสาร	Gross Profit Report by Document	按单据毛利报告	伝票別粗利益レポート	របាយការណ៍ចំណេញដុល តាមឯកសារ	문서별 매출총이익 보고서	ລາຍງານກຳໄລລວມ ຕາມເອກະສານ	စာရွက်စာတမ်းအလိုက် အကြမ်းအမြတ်အစီရင်ခံစာ	Báo cáo lợi nhuận gộp theo chứng từ	Gross Profit Report by Document	Gross Profit Report by Document	Gross Profit Report by Document
ล้างเงื่อนไข	ล้างเงื่อนไข	Clear Conditions	清除条件	条件をクリア	សម្អាតលក្ខខណ្ឌ	조건 초기화	ລ້າງເງື່ອນໄຂ	အခြေအနေများ ရှင်းလင်းရန်	Xóa điều kiện	Clear Conditions	Clear Conditions	Clear Conditions
วันที่สิ้นสุด	วันที่สิ้นสุด	End Date	结束日期	終了日	កាលបរិច្ឆេទបញ្ចប់	종료 날짜	ວັນທີສິ້ນສຸດ	ပြီးဆုံးရက်	Ngày kết thúc	End Date	End Date	End Date
วันที่เริ่มต้น	วันที่เริ่มต้น	Start Date	开始日期	開始日	កាលបរិច្ឆេទចាប់ផ្តើម	시작 날짜	ວັນທີເລີ່ມຕົ້ນ	စတင်ရက်	Ngày bắt đầu	Start Date	Start Date	Start Date
สินค้าคงเหลือ ตามคลัง	สินค้าคงเหลือ ตามคลัง	Stock Balance by Warehouse	按仓库库存	倉庫別在庫残高	សមតុល្យស្តុក តាមឃ្លាំង	창고별 재고	ສິນຄ້າຄົງເຫຼືອ ຕາມຄັງ	ဂိုဒေါင်အလိုက် ကုန်ပစ္စည်းလက်ကျန်	Tồn kho theo kho	Stock Balance by Warehouse	Stock Balance by Warehouse	Stock Balance by Warehouse
สินค้าคงเหลือ ตามที่เก็บ	สินค้าคงเหลือ ตามที่เก็บ	Stock Balance by Location	按存储位置库存	ロケーション別在庫残高	សមតុល្យស្តុក តាមទីតាំង	위치별 재고	ສິນຄ້າຄົງເຫຼືອ ຕາມທີ່ເກັບ	တည်နေရာအလိုက် ကုန်ပစ္စည်းလက်ကျန်	Tồn kho theo vị trí	Stock Balance by Location	Stock Balance by Location	Stock Balance by Location
สินค้าคงเหลือ ตามสินค้า	สินค้าคงเหลือ ตามสินค้า	Stock Balance by Product	按产品库存	商品別在庫残高	សមតុល្យស្តុក តាមផលិតផល	상품별 재고	ສິນຄ້າຄົງເຫຼືອ ຕາມສິນຄ້າ	ကုန်ပစ္စည်းအလိုက် လက်ကျန်	Tồn kho theo sản phẩm	Stock Balance by Product	Stock Balance by Product	Stock Balance by Product
เคลื่อนไหวสินค้า พร้อมต้นทุน	เคลื่อนไหวสินค้า พร้อมต้นทุน	Stock Movement with Cost	带成本的库存移动	原価付き在庫移動	ចលនាស្តុក ជាមួយថ្លៃដើម	원가 포함 재고 이동	ເຄື່ອນໄຫວສິນຄ້າ ພ້ອມຕົ້ນທຶນ	ကုန်ကျစရိတ်ပါ ကုန်ပစ္စည်းရွေ့လျားမှု	Di chuyển hàng tồn kho kèm chi phí	Stock Movement with Cost	Stock Movement with Cost	Stock Movement with Cost
เริ่มประมวลผล	เริ่มประมวลผล	Start Processing	开始处理	処理を開始	ចាប់ផ្តើមដំណើរការ	처리 시작	ເລີ່ມປະມວນຜົນ	လုပ်ဆောင်မှု စတင်ရန်	Bắt đầu xử lý	Start Processing	Start Processing	Start Processing
เลือกรูปแบบการพิมพ์	เลือกรูปแบบการพิมพ์	Select print format	选择打印格式	印刷形式を選択	ជ្រើសរើសទម្រង់បោះពុម្ព	인쇄 형식 선택	ເລືອກຮູບແບບການພິມ	ပုံနှိပ်မှုပုံစံကိုရွေးချယ်ပါ	Chọn định dạng in	Select print format	Select print format	Select print format
เลือกสีข้อความราคาและกรอบ	เลือกสีข้อความราคาและกรอบ	Select price text color and border	选择价格文字颜色和边框	価格テキストの色と枠線を選択	ជ្រើសរើសពណ៌អត្ថបទតម្លៃនិងបន្ទាត់ព័ទ្ធ	가격 텍스트 색상 및 테두리 선택	ເລືອກສີຂໍ້ຄວາມລາຄາແລະກອບ	စျေးနှုန်းစာသားအရောင်နှင့်ဘောင်ကိုရွေးချယ်ပါ	Chọn màu văn bản giá và viền	Select price text color and border	Select price text color and border	Select price text color and border
แสดงรูปภาพ	แสดงรูปภาพ	Show Images	显示图片	画像を表示	បង្ហាញរូបភាព	이미지 표시	ສະແດງຮູບພາບ	ပုံများ ပြသရန်	Hiển thị hình ảnh	Show Images	Show Images	Show Images
แสดงลำดับรายการ	แสดงลำดับรายการ	Show Item Numbers	显示编号	番号を表示	បង្ហាញលេខរៀង	항목 번호 표시	ສະແດງລຳດັບລາຍການ	အစဉ်လိုက်နံပါတ် ပြသရန်	Hiển thị số thứ tự	Show Item Numbers	Show Item Numbers	Show Item Numbers
add_note	เพิ่มหมายเหตุ	Add Note	添加备注	メモ追加	បន្ថែមចំណាំ	메모 추가	ເພີ່ມບັນທຶກ	မှတ်ချက်ထည့်	Thêm ghi chú	Add Note	Add Note	Add Note
avg_price	ราคาเฉลี่ย	Avg Price	平均价格	平均価格	តម្លៃជាមធ្យម	평균가격	ລາຄາສະເລ່ຍ	ပျမ်းမျှစျေး	Giá trung bình	Avg Price	Avg Price	Avg Price
min_price	ราคาต่ำสุด	Min Price	最低价格	最低価格	តម្លៃទាបបំផុត	최저가격	ລາຄາຕ່ຳສຸດ	အနည်းဆုံးစျေး	Giá thấp nhất	Min Price	Min Price	Min Price
max_price	ราคาสูงสุด	Max Price	最高价格	最高価格	តម្លៃខ្ពស់បំផុត	최고가격	ລາຄາສູງສຸດ	အများဆုံးစျေး	Giá cao nhất	Max Price	Max Price	Max Price
last_price	ราคาล่าสุด	Last Price	最新价格	最新価格	តម្លៃចុងក្រោយ	최근가격	ລາຄາລ່າສຸດ	နောက်ဆုံးစျေး	Giá gần nhất	Last Price	Last Price	Last Price
purchase_history	ประวัติซื้อ	Purchase History	采购历史	購買履歴	ប្រវត្តិទិញ	구매내역	ປະຫວັດການຊື້	ဝယ်မှတ်တမ်း	Lịch sử mua	Purchase History	Purchase History	Purchase History
internal_note	หมายเหตุภายใน	Internal Note	内部备注	内部メモ	កំណត់ត្រាផ្ទៃក្នុង	내부 메모	ບັນທຶກພາຍໃນ	အတွင်းပိုင်းမှတ်စု	Ghi chú nội bộ	Nota dalaman	Catatan internal	Panloob na tala
internal_note_hint	โน้ตนี้ไม่แสดงในเอกสารที่พิมพ์	This note will not appear on printed documents	此备注不会显示在打印文件中	このメモは印刷文書に表示されません	កំណត់ត្រានេះមិនបង្ហាញលើឯកសារបោះពុម្ព	이 메모는 인쇄된 문서에 표시되지 않습니다	ບັນທຶກນີ້ຈະບໍ່ປາກົດໃນເອກະສານທີ່ພິມ	ဤမှတ်စုသည် ပုံနှိပ်စာရွက်စာတမ်းတွင် မပေါ်ပါ	Ghi chú này không hiển thị trên tài liệu in	Nota ini tidak akan dipaparkan pada dokumen bercetak	Catatan ini tidak akan muncul di dokumen cetak	Ang tala na ito ay hindi lalabas sa naka-print na dokumento
purchasing_group	กลุ่มจัดซื้อ	Purchasing Group	采购组	購買グループ	ក្រុមទិញ	구매 그룹	ກຸ່ມຈັດຊື້	ဝယ်ယူရေးအုပ်စု	Nhóm mua hàng	Kumpulan pembelian	Grup pembelian	Grupo ng pagbili
over_delivery_tolerance	ยอมรับรับเกิน	Over Delivery Tolerance	超交货容差	超過納品許容量	ការអត់ធ្មត់ដឹកជញ្ជូនលើស	초과 납품 허용치	ຍອມຮັບການຈັດສົ່ງເກີນ	ပိုမိုပေးပို့ခြင်းခံနိုင်ရည်	Dung sai giao hàng vượt	Toleransi penghantaran berlebihan	Toleransi pengiriman berlebih	Toleransiya ng sobrang paghahatid
under_delivery_tolerance	ยอมรับรับขาด	Under Delivery Tolerance	欠交货容差	不足納品許容量	ការអត់ធ្មត់ដឹកជញ្ជូនខ្វះ	미달 납품 허용치	ຍອมຮັບການຈັດສົ່ງຂາດ	လျော့နည်းပေးပို့ခြင်းခံနိုင်ရည်	Dung sai giao hàng thiếu	Toleransi penghantaran kurang	Toleransi pengiriman kurang	Toleransiya ng kulang na paghahatid
budget	งบประมาณ	Budget	预算	予算	ថវិកា	예산	ງົບປະມານ	ဘတ်ဂျက်	Ngân sách	Bajet	Anggaran	Badyet
budget_over_warning	ยอด PR เกินงบประมาณ	PR exceeds budget by	采购申请超出预算	購買申請が予算を超過	PR លើសថវិកា	PR이 예산 초과	PR ເກີນງົບປະມານ	PR ဘတ်ဂျက်ကျော်လွန်	PR vượt ngân sách	PR melebihi bajet	PR melebihi anggaran	Lampas sa badyet ang PR

procurement_dashboard	แดชบอร์ดจัดซื้อ	Procurement Dashboard	采购仪表板	調達ダッシュボード	ផ្ទាំងគ្រប់គ្រងការលទ្ធកម្ម	조달 대시보드	ແດັຊບອດຈັດຊື້	ဝယ်ယူရေးဒက်ရှ်ဘုတ်	Bảng điều khiển mua sắm	Papan pemuka perolehan	Dasbor pengadaan	Dashboard ng procurement
monthly_procurement_trend	แนวโน้มจัดซื้อรายเดือน	Monthly Procurement Trend	月度采购趋势	月間調達トレンド	និន្នាការលទ្ធកម្មប្រចាំខែ	월별 조달 추세	ແນວໂນ້ມຈັດຊື້ລາຍເດືອນ	လစဉ်ဝယ်ယူရေးလမ်းကြောင်း	Xu hướng mua sắm hàng tháng	Trend perolehan bulanan	Tren pengadaan bulanan	Buwanang trend ng procurement
document_status_summary	สรุปสถานะเอกสาร	Document Status Summary	文件状态汇总	書類ステータス概要	សង្ខេបស្ថានភាពឯកសារ	문서 상태 요약	ສະຫຼຸບສະຖານະເອກະສານ	စာရွက်စာတမ်းအခြေအနေအကျဉ်းချုပ်	Tóm tắt trạng thái chứng từ	Ringkasan status dokumen	Ringkasan status dokumen	Buod ng status ng dokumento
top_vendors	เจ้าหนี้ยอดสูงสุด	Top Vendors	主要供应商	トップ仕入先	អ្នកផ្គត់ផ្គង់កំពូល	상위 거래처	ເຈົ້າໜີ້ຍອດສູງສຸດ	ထိပ်တန်းရောင်းသူများ	Nhà cung cấp hàng đầu	Vendor teratas	Vendor teratas	Nangungunang vendor
vendor_code	รหัสเจ้าหนี้	Vendor Code	供应商编码	仕入先コード	លេខកូដអ្នកផ្គត់ផ្គង់	거래처 코드	ລະຫັດເຈົ້າໜີ້	ရောင်းသူကုဒ်	Mã nhà cung cấp	Kod vendor	Kode vendor	Code ng vendor
document_count	จำนวนเอกสาร	Document Count	文件数量	書類数	ចំនួនឯកសារ	문서 수	ຈຳນວນເອກະສານ	စာရွက်စာတမ်းအရေအတွက်	Số lượng chứng từ	Bilangan dokumen	Jumlah dokumen	Bilang ng dokumento
total_procurement_amount	ยอดจัดซื้อรวม	Total Procurement Amount	采购总金额	調達合計金額	ចំនួនទឹកប្រាក់លទ្ធកម្មសរុប	총 조달 금액	ຍອດຈັດຊື້ລວມ	စုစုပေါင်းဝယ်ယူရေးပမာဏ	Tổng giá trị mua sắm	Jumlah perolehan keseluruhan	Total jumlah pengadaan	Kabuuang halaga ng procurement
days_7	7 วัน	7 Days	7天	7日間	៧ថ្ងៃ	7일	7 ມື້	ရက် ၇ ရက်	7 ngày	7 hari	7 hari	7 araw
days_30	30 วัน	30 Days	30天	30日間	៣០ថ្ងៃ	30일	30 ມື້	ရက် ၃၀	30 ngày	30 hari	30 hari	30 araw
months_3	3 เดือน	3 Months	3个月	3ヶ月	៣ខែ	3개월	3 ເດືອນ	၃ လ	3 tháng	3 bulan	3 bulan	3 buwan
months_6	6 เดือน	6 Months	6个月	6ヶ月	៦ខែ	6개월	6 ເດືອນ	၆ လ	6 tháng	6 bulan	6 bulan	6 buwan
year_1	1 ปี	1 Year	1年	1年間	១ឆ្នាំ	1년	1 ປີ	၁ နှစ်	1 năm	1 tahun	1 tahun	1 taon
custom_date	กำหนดเอง	Custom Date	自定义日期	日付指定	កាលបរិច្ឆេទផ្ទាល់ខ្លួន	사용자 지정 날짜	ກຳນົດເອງ	ရက်စွဲသတ်မှတ်	Ngày tùy chỉnh	Tarikh tersuai	Tanggal kustom	Pasadyang petsa
date_from	วันที่เริ่มต้น	Date From	开始日期	開始日	ចាប់ពីថ្ងៃ	시작일	ວັນທີເລີ່ມຕົ້ນ	စတင်ရက်စွဲ	Từ ngày	Tarikh dari	Tanggal dari	Petsa mula
date_to	วันที่สิ้นสุด	Date To	结束日期	終了日	ដល់ថ្ងៃ	종료일	ວັນທີສິ້ນສຸດ	ကုန်ဆုံးရက်စွဲ	Đến ngày	Tarikh hingga	Tanggal sampai	Petsa hanggang
overview	ภาพรวม	Overview	概览	概要	ទិដ្ឋភាពទូទៅ	개요	ພາບລວມ	ခြုံငုံသုံးသပ်ချက်	Tổng quan	Gambaran keseluruhan	Ikhtisar	Pangkalahatang-ideya
trend	แนวโน้ม	Trend	趋势	トレンド	និន្នាការ	트렌드	ແນວໂນ້ມ	လမ်းကြောင်း	Xu hướng	Trend	Tren	Trend
current_period	งวดปัจจุบัน	Current Period	当前期间	当期	រយៈពេលបច្ចុប្បន្ន	현재 기간	ງວດປັດຈຸບັນ	လက်ရှိကာလ	Kỳ hiện tại	Tempoh semasa	Periode saat ini	Kasalukuyang panahon
previous_period	งวดก่อนหน้า	Previous Period	上一期间	前期	រយៈពេលមុន	이전 기간	ງວດກ່ອນໜ້າ	ယခင်ကာလ	Kỳ trước	Tempoh sebelumnya	Periode sebelumnya	Nakaraang panahon
coming_soon	เร็วๆ นี้	Coming Soon	即将推出	近日公開	មកដល់ឆាប់ៗ	곧 출시	ໃກ້ຈະມາແລ້ວ	မကြာမီလာမည်	Sắp ra mắt	Akan datang	Segera hadir	Malapit nang dumating
report_product_stock_movement	รายงานเคลื่อนไหวสินค้า	Product Stock Movement Report	产品库存变动报告	商品在庫移動レポート	របាយការណ៍ចលនាស្តុកផលិតផល	상품 재고 이동 보고서	ລາຍງານການເຄື່ອນໄຫວສິນຄ້າ	ကုန်ပစ္စည်းစတော့လှုပ်ရှားမှုအစီရင်ခံစာ	Báo cáo biến động tồn kho	Laporan Pergerakan Stok Produk	Laporan Pergerakan Stok Produk	Ulat ng Paggalaw ng Stock ng Produkto
report_product_balance_by_warehouse	รายงานสินค้าคงเหลือตามคลัง	Product Balance by Warehouse Report	按仓库库存余额报告	倉庫別在庫残高レポート	របាយការណ៍សមតុល្យផលិតផលតាមឃ្លាំង	창고별 상품 잔액 보고서	ລາຍງານສິນຄ້າຄົງເຫຼືອຕາມຄັງ	ဂိုဒေါင်အလိုက် ကုန်ပစ္စည်းလက်ကျန်အစီရင်ခံစာ	Báo cáo tồn kho theo kho	Laporan Baki Stok Mengikut Gudang	Laporan Saldo Stok per Gudang	Ulat ng Balanse ng Produkto ayon sa Warehouse
report_product_balance_by_location	รายงานสินค้าคงเหลือตามที่เก็บ	Product Balance by Location Report	按库位库存余额报告	保管場所別在庫残高レポート	របាយការណ៍សមតុល្យផលិតផលតាមទីតាំង	보관 장소별 상품 잔액 보고서	ລາຍງານສິນຄ້າຄົງເຫຼືອຕາມບ່ອນເກັບ	သိုလှောင်နေရာအလိုက် ကုန်ပစ္စည်းလက်ကျန်အစီရင်ခံစာ	Báo cáo tồn kho theo vị trí	Laporan Baki Stok Mengikut Lokasi	Laporan Saldo Stok per Lokasi	Ulat ng Balanse ng Produkto ayon sa Lokasyon
report_as_of	รายงาน ณ วันที่	Report as of	报告截至	レポート日時	របាយការណ៍គិតត្រឹម	보고 기준일	ລາຍງານ ວັນທີ	အစီရင်ခံစာ ရက်စွဲ	Báo cáo đến ngày	Laporan setakat	Laporan per	Ulat hanggang
barcode_list	บาร์โค้ด	Barcode	条形码	バーコード	បាកូដ	바코드	ບາໂຄດ	ဘားကုဒ်	Mã vạch	Kod bar	Kode batang	Barcode
increase_qty	จำนวนเพิ่ม	Increase Qty	增加数量	増加数量	ចំនួនកើន	증가 수량	ຈຳນວນເພີ່ມ	တိုးလာသော အရေအတွက်	Số lượng tăng	Kuantiti Masuk	Jumlah Bertambah	Dagdag na Dami
decrease_qty	จำนวนลด	Decrease Qty	减少数量	減少数量	ចំនួនថយ	감소 수량	ຈຳນວນຫຼຸດ	လျော့သွားသော အရေအတွက်	Số lượng giảm	Kuantiti Keluar	Jumlah Berkurang	Bawas na Dami
avg_cost	ต้นทุนเฉลี่ย	Average Cost	平均成本	平均原価	ថ្លៃដើមមធ្យម	평균 원가	ຕົ້ນທຶນສະເລ່ຍ	ပျမ်းမျှကုန်ကျစရိတ်	Giá vốn bình quân	Kos Purata	Biaya Rata-rata	Average Cost
increase_value	มูลค่าเพิ่ม	Increase Value	增加金额	増加金額	តម្លៃកើន	증가 금액	ມູນຄ່າເພີ່ມ	တိုးလာသော တန်ဖိုး	Giá trị tăng	Nilai Masuk	Nilai Bertambah	Dagdag na Halaga
decrease_value	มูลค่าลด	Decrease Value	减少金额	減少金額	តម្លៃថយ	감소 금액	ມູນຄ່າຫຼຸດ	လျော့သွားသော တန်ဖိုး	Giá trị giảm	Nilai Keluar	Nilai Berkurang	Bawas na Halaga
balance_value	มูลค่าคงเหลือ	Balance Value	余额价值	残高金額	តម្លៃនៅសល់	잔액 가치	ມູນຄ່າຄົງເຫຼືອ	လက်ကျန်တန်ဖိုး	Giá trị tồn	Gabungan Nilai Baki	Nilai Saldo	Halaga ng Balanse
balance_word	ยอดคงเหลือ (ตัวหนังสือ)	Balance Amount (In Words)	余额金额（大写）	残高金額（文字）	ចំនួននៅសល់ជាអក្សរ	잔액 금액(문자)	ຍອດຄົງເຫຼືອເປັນຕົວໜັງສື	လက်ကျန်ပမာဏ (စာဖြင့်)	Số dư bằng chữ	Amaun Baki Dalam Perkataan	Jumlah Saldo dalam Kata	Halaga ng Balanse sa Salita
balance_unit	คงเหลือ (หน่วย)	Balance (Unit)	余额（单位）	残高（単位）	សមតុល្យ (ឯកតា)	잔액(단위)	ຄົງເຫຼືອ (ຫົວໜ່ວຍ)	လက်ကျန် (ယူနစ်)	Tồn kho (đơn vị)	Baki (Unit)	Saldo (Unit)	Balanse (Yunit)
subtotal	รวมย่อย	Subtotal	小计	小計	សរុបរង	소계	ລວມຍ່ອຍ	စုစုပေါင်းခွဲ	Tổng phụ	Subjumlah	Subtotal	Subtotal
select_company	เลือกบริษัท	Select company	选择公司	会社を選択	ជ្រើសក្រុមហ៊ុន	회사 선택	ເລືອກກິດຈະການ	ကုမ္ပဏီ ရွေးရန်	Chọn công ty	Pilih syarikat	Pilih perusahaan	Pumili ng kumpanya
search_company	ค้นหาบริษัท	Search companies	搜索公司	会社を検索	ស្វែងរកក្រុមហ៊ុន	회사 검색	ຄົ້ນຫາກິດຈະການ	ကုမ္ပဏီ ရှာရန်	Tìm công ty	Cari syarikat	Cari perusahaan	Maghanap ng kumpanya
create_company	สร้างบริษัท	Create company	创建公司	会社を作成	បង្កើតក្រុមហ៊ុន	회사 만들기	ສ້າງກິດຈະການ	ကုမ္ပဏီဖန်တီးရန်	Tạo công ty	Cipta syarikat	Buat perusahaan	Gumawa ng kumpanya
frequent_menu	ใช้ประจำ	Frequent	常用	よく使う	ប្រើញឹកញាប់	자주 사용	ໃຊ້ປະຈໍາ	အသုံးများ	Thường dùng	Kerap digunakan	Sering dipakai	Madalas gamitin
system_settings_center	ศูนย์ตั้งค่าระบบ	System settings center	系统设置中心	システム設定センター	មជ្ឈមណ្ឌលការកំណត់ប្រព័ន្ធ	시스템 설정 센터	ສູນຕັ້ງຄ່າລະບົບ	System settings center	Trung tâm cài đặt hệ thống	Pusat tetapan sistem	Pusat pengaturan sistem	Sentro ng system settings
setup_password	รหัสผ่าน Setup	Setup password	Setup 密码	Setup パスワード	ពាក្យសម្ងាត់ Setup	Setup 비밀번호	ລະຫັດຜ່ານ Setup	Setup password	Mật khẩu Setup	Kata laluan Setup	Password Setup	Setup password
connect_backend	เชื่อมต่อ Backend	Connect backend	连接 Backend	Backend に接続	ភ្ជាប់ Backend	Backend 연결	ເຊື່ອມຕໍ່ Backend	Backend ချိတ်ဆက်ရန်	Kết nối Backend	Sambung Backend	Hubungkan Backend	Ikonekta ang Backend
theme_and_language	ธีมและภาษา	Theme and language	主题和语言	テーマと言語	Theme និងភាសា	테마 및 언어	Theme ແລະ ພາສາ	Theme နှင့် language	Giao diện và ngôn ngữ	Tema dan bahasa	Tema dan bahasa	Theme at wika
zoom	ซูม	Zoom	缩放	ズーム	ពង្រីក/បង្រួម	확대/축소	ຊູມ	ဇူးမ်	Thu phóng	Zum	Zoom	Zoom
select_zoom	เลือกขนาดซูม	Select zoom	选择缩放比例	ズームを選択	ជ្រើសកម្រិតពង្រីក	확대/축소 선택	ເລືອກຂະໜາດຊູມ	ဇူးမ် ရွေးရန်	Chọn mức thu phóng	Pilih zum	Pilih zoom	Pumili ng zoom
step_login	1 เข้าสู่ระบบ	1 Login	1 登录	1 ログイン	1 ចូលប្រើ	1 로그인	1 ເຂົ້າລະບົບ	1 ဝင်ရန်	1 Đăng nhập	1 Log masuk	1 Masuk	1 Login
step_company	2 เลือกบริษัท	2 Company	2 公司	2 会社	2 ជ្រើសក្រុមហ៊ុន	2 회사	2 ກິດຈະການ	2 ကုမ္ပဏီ	2 Công ty	2 Syarikat	2 Perusahaan	2 Kumpanya
step_branch	3 เลือกสาขา	3 Branch	3 分支机构	3 支店	3 ជ្រើសសាខា	3 지점	3 ສາຂາ	3 ဌာနခွဲ	3 Chi nhánh	3 Cawangan	3 Cabang	3 Branch
step_main_menu	4 เมนูหลัก	4 Main menu	4 主菜单	4 メインメニュー	4 ម៉ឺនុយ	4 메인 메뉴	4 ເມນູຫຼັກ	4 Main menu	4 Menu chính	4 Menu utama	4 Menu utama	4 Main menu
search_branch	ค้นหาสาขา	Search branches	搜索分支机构	支店を検索	ស្វែងរកសាខា	지점 검색	ຄົ້ນຫາສາຂາ	ဌာနခွဲ ရှာရန်	Tìm chi nhánh	Cari cawangan	Cari cabang	Maghanap ng branch
change_company	เปลี่ยนบริษัท	Change company	更换公司	会社を変更	ប្តូរក្រុមហ៊ុន	회사 변경	ປ່ຽນກິດຈະການ	ကုမ္ပဏီပြောင်းရန်	Đổi công ty	Tukar syarikat	Ganti perusahaan	Palitan ang kumpanya
create_company_new	สร้างบริษัทใหม่	Create new company	创建新公司	新しい会社を作成	បង្កើតក្រុមហ៊ុនថ្មី	새 회사 만들기	ສ້າງກິດຈະການໃໝ່	ကုမ္ပဏီအသစ် ဖန်တီးရန်	Tạo công ty mới	Cipta syarikat baharu	Buat perusahaan baru	Gumawa ng bagong kumpanya
create_company_requires_google	ต้องเข้าสู่ระบบด้วย Google เพื่อสร้างบริษัทใหม่	Sign in with Google to create a new company.	请使用 Google 登录以创建新公司。	新しい会社を作成するには Google でログインしてください。	សូមចូលដោយ Google ដើម្បីបង្កើតក្រុមហ៊ុនថ្មី។	새 회사를 만들려면 Google로 로그인하세요.	ເຂົ້າລະບົບດ້ວຍ Google ເພື່ອສ້າງກິດຈະການໃໝ່.	ကုမ္ပဏီအသစ် ဖန်တီးရန် Google ဖြင့် ဝင်ပါ။	Đăng nhập bằng Google để tạo công ty mới.	Log masuk dengan Google untuk mencipta syarikat baharu.	Masuk dengan Google untuk membuat perusahaan baru.	Mag-login gamit ang Google para gumawa ng bagong kumpanya.
company_logo	โลโก้บริษัท	Company logo	公司标志	会社ロゴ	ឡូហ្គោក្រុមហ៊ុន	회사 로고	ໂລໂກ້ບໍລິສັດ	ကုမ္ပဏီလိုဂို	Logo công ty	Logo syarikat	Logo perusahaan	Logo ng kumpanya
company_registration_no	เลขทะเบียนบริษัท	Company registration number	公司注册号	会社登録番号	លេខចុះបញ្ជីក្រុមហ៊ុន	회사 등록 번호	ເລກທະບຽນບໍລິສັດ	ကုမ္ပဏီမှတ်ပုံတင်နံပါတ်	Số đăng ký công ty	Nombor pendaftaran syarikat	Nomor registrasi perusahaan	Numero ng rehistro ng kumpanya
use_branch_system	ใช้ระบบสาขา	Use branch system	使用分支机构系统	支店システムを使用	ប្រើប្រព័ន្ធសាខា	지점 시스템 사용	ໃຊ້ລະບົບສາຂາ	ဌာနခွဲစနစ်အသုံးပြုရန်	Sử dụng hệ thống chi nhánh	Guna sistem cawangan	Gunakan sistem cabang	Gamitin ang branch system
use_department_system	ใช้ระบบแผนก	Use department system	使用部门系统	部門システムを使用	ប្រើប្រព័ន្ធនាយកដ្ឋាន	부서 시스템 사용	ໃຊ້ລະບົບພະແນກ	ဌာနစနစ်အသုံးပြုရန်	Sử dụng hệ thống phòng ban	Guna sistem jabatan	Gunakan sistem departemen	Gamitin ang department system
vat_status	สถานะ VAT	VAT status	增值税状态	VATステータス	ស្ថានភាព VAT	VAT 상태	ສະຖານະ VAT	VAT အခြေအနေ	Trạng thái VAT	Status VAT	Status VAT	Status VAT
year_type	รูปแบบปี	Year format	年份格式	年形式	ទម្រង់ឆ្នាំ	연도 형식	ຮູບແບບປີ	နှစ်ပုံစံ	Định dạng năm	Format tahun	Format tahun	Format ng taon
ai_provider	AI Provider	AI Provider	AI Provider	AI Provider	AI Provider	AI Provider	AI Provider	AI Provider	AI Provider	AI Provider	AI Provider	AI Provider
copy_uat_dev	โอนข้อมูล UAT ไป DEV	Copy UAT to DEV	将 UAT 数据复制到 DEV	UATデータをDEVへコピー	ចម្លងទិន្នន័យ UAT ទៅ DEV	UAT 데이터를 DEV로 복사	ຄັດລອກຂໍ້ມູນ UAT ໄປ DEV	UAT ဒေတာကို DEV သို့ ကူးယူပါ	Sao chép dữ liệu UAT sang DEV	Salin data UAT ke DEV	Salin data UAT ke DEV	Kopyahin ang UAT data papuntang DEV
rfq	ขอใบเสนอราคา	Request for Quotation	请求报价	見積依頼	ស្នើសុំសម្រង់តម្លៃ	견적 요청	ຂໍໃບສະເໜີລາຄາ	စျေးနှုန်းတောင်းခံလွှာ	Yêu cầu báo giá	Permintaan sebut harga	Permintaan penawaran	Request for quotation
advance_payment_refund	รับคืนเงินล่วงหน้า	Advance Refund	预付款退款	前払い返金	ទទួលคืนប្រាក់បង់មុន	선급금 환불	ຮັບຄືນເງິນລ່ວງໜ້າ	ကြိုတင်ငွေ ပြန်လက်ခံ	Nhận hoàn tiền ứng trước	Terima bayaran balik pendahuluan	Terima pengembalian uang muka	Tumanggap ng refund ng paunang bayad
deposit_refund	รับคืนเงินมัดจำ	Deposit Refund	押金退款	保証金返金	ទទួលคืนប្រាក់កក់	보증금 환불	ຮັບຄືນເງິນມັດຈຳ	အပ်ငွေ ပြန်လက်ခံ	Nhận hoàn tiền đặt cọc	Terima bayaran balik deposit	Terima pengembalian deposit	Tumanggap ng refund ng deposito
return_advance	คืนเงินล่วงหน้า	Return Advance	退还预付款	前払いを返金	คืนប្រាក់បង់មុន	선급금 반환	ຄືນເງິນລ່ວງໜ້າ	ကြိုတင်ငွေ ပြန်ပေး	Hoàn tiền ứng trước	Pulangkan pendahuluan	Kembalikan uang muka	Ibalik ang paunang bayad
sale	ขายสินค้า	Sale	销售商品	販売	លក់ទំនិញ	판매	ຂາຍສິນຄ້າ	ရောင်းချခြင်း	Bán hàng	Jualan	Penjualan	Benta
stock_transfer	โอนสินค้า	Stock Transfer	库存调拨	在庫移動	ផ្ទេរស្តុក	재고 이동	ໂອນສິນຄ້າ	ကုန်ပစ္စည်းလွှဲပြောင်း	Chuyển kho	Pindahan stok	Transfer stok	Paglipat ng stock
slip_in	รูปสลิปเงินเข้า	Money In Slip	收款凭证图片	入金スリップ画像	រូបស្លីបប្រាក់ចូល	입금 전표 이미지	ຮູບສະລິບເງິນເຂົ້າ	ငွေဝင်စလစ်ပုံ	Hình phiếu tiền vào	Imej slip wang masuk	Gambar slip uang masuk	Larawan ng money in slip
slip_out	รูปสลิปเงินออก	Money Out Slip	付款凭证图片	出金スリップ画像	រូបស្លីបប្រាក់ចេញ	출금 전표 이미지	ຮູບສະລິບເງິນອອກ	ငွေထွက်စလစ်ပုံ	Hình phiếu tiền ra	Imej slip wang keluar	Gambar slip uang keluar	Larawan ng money out slip
cash_drawer	รับ-ส่งเงิน POS	POS Cash Drawer	POS 现金抽屉	POSキャッシュドロワー	ថតសាច់ប្រាក់ POS	POS 현금 서랍	ລິ້ນຊັກເງິນ POS	POS ငွေသားအံဆွဲ	Ngăn kéo tiền POS	Laci tunai POS	Laci kas POS	POS cash drawer
stock_balance_item	คงเหลือตามสินค้า	Stock by Item	按商品库存	商品別在庫	ស្តុកតាមទំនិញ	품목별 재고	ສະຕ໊ອກຕາມສິນຄ້າ	ပစ္စည်းအလိုက် လက်ကျန်	Tồn kho theo hàng hóa	Stok mengikut item	Stok per barang	Stock ayon sa item
stock_balance_warehouse	คงเหลือตามคลัง	Stock by Warehouse	按仓库库存	倉庫別在庫	ស្តុកតាមឃ្លាំង	창고별 재고	ສະຕ໊ອກຕາມຄັງ	ဂိုဒေါင်အလိုက် လက်ကျန်	Tồn kho theo kho	Stok mengikut gudang	Stok per gudang	Stock ayon sa warehouse
stock_balance_location	คงเหลือตามที่เก็บ	Stock by Location	按库位库存	保管場所別在庫	ស្តុកតាមទីតាំង	위치별 재고	ສະຕ໊ອກຕາມບ່ອນເກັບ	နေရာအလိုက် လက်ကျန်	Tồn kho theo vị trí	Stok mengikut lokasi	Stok per lokasi	Stock ayon sa lokasyon
stock_movement_cost	เคลื่อนไหวสินค้าพร้อมต้นทุน	Stock Movement with Cost	带成本的库存移动	原価付き在庫移動	ចលនាស្តុកជាមួយថ្លៃដើម	원가 포함 재고 이동	ການເຄື່ອນໄຫວສິນຄ້າພ້ອມຕົ້ນທຶນ	ကုန်ကျစရိတ်ပါ ကုန်ပစ္စည်းရွှေ့ပြောင်းမှု	Biến động tồn kho kèm giá vốn	Pergerakan stok dengan kos	Pergerakan stok dengan biaya	Stock movement na may cost
gross_profit_doc	กำไรขั้นต้นตามเอกสาร	Gross Profit by Document	按单据毛利	伝票別粗利益	ប្រាក់ចំណេញដុលតាមឯកសារ	문서별 매출총이익	ກຳໄລລວມຕາມເອກະສານ	စာရွက်စာတမ်းအလိုက် အကြမ်းအမြတ်	Lợi nhuận gộp theo chứng từ	Untung kasar mengikut dokumen	Laba kotor per dokumen	Gross profit ayon sa dokumento
sales_daily	รายงานขายรายวัน	Daily Sales	每日销售	日次売上	ការលក់ប្រចាំថ្ងៃ	일일 매출	ຍອດຂາຍປະຈຳວັນ	နေ့စဉ်ရောင်းချမှု	Bán hàng hằng ngày	Jualan harian	Penjualan harian	Daily sales
payment_daily	รายงานรับชำระรายวัน	Daily Payment	每日收款	日次入金	ការទូទាត់ប្រចាំថ្ងៃ	일일 결제	ຮັບຊຳລະປະຈຳວັນ	နေ့စဉ်ငွေပေးချေမှု	Thanh toán hằng ngày	Bayaran harian	Pembayaran harian	Daily payment
sale_return_report	รายงานคืนขาย	Sale Return Report	销售退货报告	売上返品レポート	របាយការណ៍ត្រឡប់លក់	판매 반품 보고서	ລາຍງານຄືນຂາຍ	အရောင်းပြန်အမ်းအစီရင်ခံစာ	Báo cáo trả hàng bán	Laporan pulangan jualan	Laporan retur penjualan	Ulat ng sale return
gradual_receipt	รายงานทยอยรับ	Gradual Receipt Report	分批收货报告	段階的受領レポート	របាយការណ៍ទទួលជាបន្តបន្ទាប់	분할 입고 보고서	ລາຍງານທະຍອຍຮັບ	အဆင့်ဆင့်လက်ခံမှုအစီရင်ခံစာ	Báo cáo nhận hàng dần	Laporan penerimaan berperingkat	Laporan penerimaan bertahap	Ulat ng paunti-unting pagtanggap
gross_profit_by_document	กำไรขั้นต้นตามเอกสาร	Gross Profit by Document	按单据毛利	伝票別粗利益	ប្រាក់ចំណេញដុលតាមឯកសារ	문서별 매출총이익	ກຳໄລລວມຕາມເອກະສານ	စာရွက်စာတမ်းအလိုက် အကြမ်းအမြတ်	Lợi nhuận gộp theo chứng từ	Untung kasar mengikut dokumen	Laba kotor per dokumen	Gross profit ayon sa dokumento
gross_profit_by_product	กำไรขั้นต้นตามสินค้า	Gross Profit by Product	按商品毛利	商品別粗利益	ប្រាក់ចំណេញដុលតាមផលិតផល	상품별 매출총이익	ກຳໄລລວມຕາມສິນຄ້າ	ကုန်ပစ္စည်းအလိုက် အကြမ်းအမြတ်	Lợi nhuận gộp theo hàng hóa	Untung kasar mengikut produk	Laba kotor per produk	Gross profit ayon sa produkto
vat_sale	รายงานภาษีขาย	VAT Sale	销项税报告	売上税レポート	របាយការណ៍ពន្ធលក់	매출세 보고서	ລາຍງານພາສີຂາຍ	ရောင်းခွန်အစီရင်ခံစာ	Báo cáo thuế bán ra	Laporan cukai jualan	Laporan pajak penjualan	Ulat ng buwis sa benta
vat_buy	รายงานภาษีซื้อ	VAT Purchase	进项税报告	仕入税レポート	របាយការណ៍ពន្ធទិញ	매입세 보고서	ລາຍງານພາສີຊື້	ဝယ်ယူခွန်အစီရင်ခံစာ	Báo cáo thuế mua vào	Laporan cukai belian	Laporan pajak pembelian	Ulat ng buwis sa pagbili
reprocess	ทดสอบประมวลผลใหม่	Reprocess Test	重新处理测试	再処理テスト	សាកល្បងដំណើរការឡើងវិញ	재처리 테스트	ທົດສອບປະມວນຜົນໃໝ່	ပြန်လည်လုပ်ဆောင်မှုစမ်းသပ်	Kiểm tra xử lý lại	Ujian proses semula	Tes proses ulang	Reprocess test
label_print	พิมพ์ป้ายสินค้า	Print Product Label	打印商品标签	商品ラベル印刷	បោះពុម្ពស្លាកផលិតផល	상품 라벨 인쇄	ພິມປ້າຍສິນຄ້າ	ကုန်ပစ္စည်းတံဆိပ်ပုံနှိပ်	In nhãn hàng hóa	Cetak label produk	Cetak label produk	I-print ang product label
product_tools	เครื่องมือสินค้า	Product Tools	Product Tools	Product Tools	Product Tools	Product Tools	Product Tools	Product Tools	Product Tools	Product Tools	Product Tools	Product Tools
productset	สินค้าชุด	Product Set	Product Set	Product Set	Product Set	Product Set	Product Set	Product Set	Product Set	Product Set	Product Set	Product Set
shopee_mappings	Shopee Mappings	Shopee Mappings	Shopee Mappings	Shopee Mappings	Shopee Mappings	Shopee Mappings	Shopee Mappings	Shopee Mappings	Shopee Mappings	Shopee Mappings	Shopee Mappings	Shopee Mappings
lazada_mappings	Lazada Mappings	Lazada Mappings	Lazada Mappings	Lazada Mappings	Lazada Mappings	Lazada Mappings	Lazada Mappings	Lazada Mappings	Lazada Mappings	Lazada Mappings	Lazada Mappings	Lazada Mappings
tiktok_mappings	TikTok Mappings	TikTok Mappings	TikTok Mappings	TikTok Mappings	TikTok Mappings	TikTok Mappings	TikTok Mappings	TikTok Mappings	TikTok Mappings	TikTok Mappings	TikTok Mappings	TikTok Mappings
bom	สูตรผลิต	Product BOM	产品BOM	製品BOM	BOM ផលិតផល	제품 BOM	ສູດການຜະລິດ	ကုန်ပစ္စည်း BOM	BOM sản phẩm	BOM produk	BOM produk	Product BOM
add_product_branch	เพิ่มสินค้าเข้าตามสาขา	Add Product to Branch	添加商品到分店	支店に商品を追加	បន្ថែមផលិតផលទៅសាខា	지점에 상품 추가	ເພີ່ມສິນຄ້າໃຫ້ສາຂາ	ဌာနခွဲသို့ ကုန်ပစ္စည်းထည့်	Thêm hàng vào chi nhánh	Tambah produk ke cawangan	Tambah produk ke cabang	Magdagdag ng produkto sa branch
add_product_department	เพิ่มสินค้าเข้าตามแผนก	Add Product to Department	添加商品到部门	部門に商品を追加	បន្ថែមផលិតផលទៅនាយកដ្ឋាន	부서에 상품 추가	ເພີ່ມສິນຄ້າໃຫ້ພະແນກ	ဌာနသို့ ကုန်ပစ္စည်းထည့်	Thêm hàng vào phòng ban	Tambah produk ke jabatan	Tambah produk ke departemen	Magdagdag ng produkto sa department
coupon_setting	ตั้งค่าคูปอง	Coupon Setting	优惠券设置	クーポン設定	ការកំណត់គូប៉ុង	쿠폰 설정	ຕັ້ງຄ່າຄູປອງ	ကူပွန်ဆက်တင်	Cài đặt phiếu giảm giá	Tetapan kupon	Pengaturan kupon	Coupon setting
po_approval	อนุมัติใบสั่งซื้อ	PO Approval	采购订单审批	発注承認	អនុម័តបញ្ជាទិញ	PO 승인	ອະນຸມັດໃບສັ່ງຊື້	ဝယ်ယူအော်ဒါ အတည်ပြု	Phê duyệt đơn mua hàng	Kelulusan PO	Persetujuan PO	Pag-apruba ng PO
qt_approval	อนุมัติใบเสนอราคา	Quotation Approval	报价单审批	見積承認	អនុម័តសម្រង់តម្លៃ	견적 승인	ອະນຸມັດໃບສະເໜີລາຄາ	စျေးနှုန်းတင်ပြချက် အတည်ပြု	Phê duyệt báo giá	Kelulusan sebut harga	Persetujuan penawaran	Pag-apruba ng quotation
so_approval	อนุมัติใบสั่งขาย	Sale Order Approval	销售订单审批	受注承認	អនុម័តបញ្ជាលក់	판매 주문 승인	ອະນຸມັດໃບສັ່ງຂາຍ	အရောင်းအော်ဒါ အတည်ပြု	Phê duyệt đơn bán hàng	Kelulusan pesanan jualan	Persetujuan pesanan penjualan	Pag-apruba ng sale order
import_product_file	นำเข้าข้อมูลสินค้า	Import Product Data	导入商品数据	商品データ取込	នាំចូលទិន្នន័យផលិតផល	상품 데이터 가져오기	ນຳເຂົ້າຂໍ້ມູນສິນຄ້າ	ကုန်ပစ္စည်းဒေတာ တင်သွင်း	Nhập dữ liệu hàng hóa	Import data produk	Impor data produk	Mag-import ng product data
knowledge_base	คลังความรู้	Knowledge Base	知识库	ナレッジベース	មូលដ្ឋានចំណេះដឹង	지식 베이스	ຄັງຄວາມຮູ້	အသိပညာဘေ့စ်	Cơ sở tri thức	Pangkalan pengetahuan	Basis pengetahuan	Knowledge base
alert_agent	BC Ai Account Alert Agent	BC Ai Account Alert Agent	BC Ai Account Alert Agent	BC Ai Account Alert Agent	BC Ai Account Alert Agent	BC Ai Account Alert Agent	BC Ai Account Alert Agent	BC Ai Account Alert Agent	BC Ai Account Alert Agent	BC Ai Account Alert Agent	BC Ai Account Alert Agent	BC Ai Account Alert Agent
add_product_kitchen	เพิ่มสินค้าเข้าครัว	Add Product to Kitchen	添加商品到厨房	キッチンに商品を追加	បន្ថែមផលិតផលទៅផ្ទះបាយ	주방에 상품 추가	ເພີ່ມສິນຄ້າໃຫ້ເຮືອນຄົວ	မီးဖိုချောင်သို့ ကုန်ပစ္စည်းထည့်	Thêm hàng vào bếp	Tambah produk ke dapur	Tambah produk ke dapur	Magdagdag ng produkto sa kusina
qr_order	QR Code สั่งอาหาร	QR Order	二维码点餐	QR注文	ការបញ្ជាទិញ QR	QR 주문	ສັ່ງອາຫານດ້ວຍ QR	QR အော်ဒါ	Đặt món bằng QR	Pesanan QR	Pesanan QR	QR order
order_template	ตั้งค่า Template Order	Order Template Setting	订单模板设置	注文テンプレート設定	ការកំណត់គំរូបញ្ជាទិញ	주문 템플릿 설정	ຕັ້ງຄ່າແມ່ແບບອໍເດີ	အော်ဒါပုံစံ ဆက်တင်	Cài đặt mẫu đơn hàng	Tetapan templat pesanan	Pengaturan template pesanan	Order template setting
workday	วันทำงาน	Work Day	工作日	営業日	ថ្ងៃធ្វើការ	근무일	ວັນເຮັດວຽກ	အလုပ်လုပ်ရက်	Ngày làm việc	Hari bekerja	Hari kerja	Araw ng trabaho
activity	กิจกรรม	Activity	活动	アクティビティ	សកម្មភាព	활동	ກິດຈະກຳ	လှုပ်ရှားမှု	Hoạt động	Aktiviti	Aktivitas	Aktibidad
audit_reprocess	ตรวจสอบ/ประมวลผล	Audit / Reprocess	审计/重新处理	監査/再処理	សវនកម្ម/ដំណើរការឡើងវិញ	감사/재처리	ກວດສອບ/ປະມວນຜົນໃໝ່	စစ်ဆေး/ပြန်လည်လုပ်ဆောင်	Kiểm tra / xử lý lại	Audit / proses semula	Audit / proses ulang	Audit / reprocess
close_tab	ปิดแท็บ	Close tab	关闭标签	タブを閉じる	បិទថេប	탭 닫기	ປິດແທັບ	တက်ဘ်ပိတ်	Đóng tab	Tutup tab	Tutup tab	Isara ang tab
columns	คอลัมน์	Columns	列	列	ជួរឈរ	열	ຄໍລຳ	ကော်လံများ	Cột	Lajur	Kolom	Mga column
commands	คำสั่ง	Commands	命令	コマンド	ពាក្យបញ្ជា	명령	ຄຳສັ່ງ	အမိန့်များ	Lệnh	Arahan	Perintah	Mga utos
creditor_debtor	เจ้าหนี้/ลูกหนี้	Creditor / Debtor	债权人/债务人	債権者/債務者	ម្ចាស់បំណុល/កូនបំណុល	채권자/채무자	ເຈົ້າໜີ້/ລູກໜີ້	ကြွေးရှင်/ကြွေးမြီရှင်	Chủ nợ / khách nợ	Pemiutang / penghutang	Kreditor / debitor	Creditor / debtor
displaying	แสดง	Displaying	显示中	表示中	កំពុងបង្ហាញ	표시 중	ສະແດງ	ပြသနေသည်	Hiển thị	Memaparkan	Menampilkan	Ipinapakita
erp_database	ฐานข้อมูล	Database	数据库	データベース	មូលដ្ឋានទិន្នន័យ	데이터베이스	ຖານຂໍ້ມູນ	ဒေတာဘေ့စ်	Cơ sở dữ liệu	Pangkalan data	Basis data	Database
erp_data_table	ตารางข้อมูล	Data Table	数据表	データテーブル	តារាងទិន្នន័យ	데이터 테이블	ຕາຕະລາງຂໍ້ມູນ	ဒေတာဇယား	Bảng dữ liệu	Jadual data	Tabel data	Talahanayan ng data
erp_data_table_description	ค้นหา กรอง เรียงหน้า เปิด/ปิดคอลัมน์ และเปิดเมนูเป็นแท็บด้วย TanStack Table	Search, filter, sort, show/hide columns, and open menus as tabs with TanStack Table	使用 TanStack Table 搜索、筛选、排序、显示/隐藏列并将菜单打开为标签	TanStack Tableで検索、フィルター、並べ替え、列表示切替、メニューをタブで開く	ស្វែងរក ត្រង តម្រៀប បើក/បិទជួរឈរ និងបើកម៉ឺនុយជាថេបដោយ TanStack Table	TanStack Table로 검색, 필터, 정렬, 열 표시 전환, 메뉴 탭 열기	ຄົ້ນຫາ ກັ່ນຕອງ ຈັດລຳດັບ ເປີດ/ປິດຄໍລຳ ແລະເປີດເມນູເປັນແທັບດ້ວຍ TanStack Table	ရှာဖွေ၊ စစ်ထုတ်၊ စီစဉ်၊ ကော်လံဖွင့်/ပိတ်ပြီး မီနူးကို တက်ဘ်အဖြစ် ဖွင့်ပါ	Tìm kiếm, lọc, sắp xếp, bật/tắt cột và mở menu thành tab bằng TanStack Table	Cari, tapis, susun, buka/tutup lajur dan buka menu sebagai tab dengan TanStack Table	Cari, filter, urutkan, tampil/sembunyikan kolom, dan buka menu sebagai tab dengan TanStack Table	Maghanap, mag-filter, mag-sort, ipakita/itago ang column, at buksan ang menu bilang tab gamit ang TanStack Table
erp_menu_ratio	สัดส่วนเมนู	Menu ratio	菜单比例	メニュー比率	សមាមាត្រម៉ឺនុយ	메뉴 비율	ສັດສ່ວນເມນູ	မီနူးအချိုး	Tỷ lệ menu	Nisbah menu	Rasio menu	Ratio ng menu
erp_navigation	เมนู	Navigation	导航	ナビゲーション	ការរុករក	탐색	ເມນູນຳທາງ	လမ်းညွှန်	Điều hướng	Navigasi	Navigasi	Nabigasyon
erp_overview	ภาพรวม	Overview	概览	概要	ទិដ្ឋភាពទូទៅ	개요	ພາບລວມ	ခြုံငုံသုံးသပ်ချက်	Tổng quan	Gambaran keseluruhan	Ikhtisar	Pangkalahatang-ideya
from_count	จาก	from	从	から	ពី	중	ຈາກ	မှ	từ	daripada	dari	mula sa
from_legacy_flutter	จาก Flutter เดิม	From legacy Flutter	来自旧版 Flutter	旧Flutterから	ពី Flutter ចាស់	기존 Flutter 기준	ຈາກ Flutter ເດີມ	ယခင် Flutter မှ	Từ Flutter cũ	Daripada Flutter lama	Dari Flutter lama	Mula sa lumang Flutter
hide_menu	ซ่อนเมนู	Hide menu	隐藏菜单	メニューを隠す	លាក់ម៉ឺនុយ	메뉴 숨기기	ເຊື່ອງເມນູ	မီနူးဖျောက်	Ẩn menu	Sembunyi menu	Sembunyikan menu	Itago ang menu
menu_layout_left	เมนูซ้าย	Left menu	左侧菜单	左メニュー	ម៉ឺនុយខាងឆ្វេង	왼쪽 메뉴	ເມນູຊ້າຍ	ဘယ်မီနူး	Menu trái	Menu kiri	Menu kiri	Kaliwang menu
menu_layout_top	เมนูบน	Top menu	顶部菜单	上部メニュー	ម៉ឺនុយខាងលើ	상단 메뉴	ເມນູເທິງ	အပေါ်မီနူး	Menu trên	Menu atas	Menu atas	Itaas na menu
inventory_reports	รายงานสินค้า	Inventory Reports	库存报告	在庫レポート	របាយការណ៍ស្តុក	재고 보고서	ລາຍງານສິນຄ້າ	ကုန်လက်ကျန်အစီရင်ခံစာများ	Báo cáo tồn kho	Laporan inventori	Laporan inventori	Mga ulat ng inventory
loading_erp_dashboard	กำลังโหลด dashboard	Loading dashboard	正在加载仪表板	ダッシュボードを読み込み中	កំពុងផ្ទុកផ្ទាំងគ្រប់គ្រង	대시보드 로딩 중	ກຳລັງໂຫຼດ dashboard	dashboard တင်နေသည်	Đang tải dashboard	Memuatkan dashboard	Memuat dashboard	Naglo-load ng dashboard
menu_all	เมนูทั้งหมด	All menus	全部菜单	すべてのメニュー	ម៉ឺនុយទាំងអស់	전체 메뉴	ເມນູທັງໝົດ	မီနူးအားလုံး	Tất cả menu	Semua menu	Semua menu	Lahat ng menu
menu_load_failed	โหลดข้อมูลเมนูไม่สำเร็จ	Menu data load failed	菜单数据加载失败	メニューデータの読み込みに失敗	ផ្ទុកទិន្នន័យម៉ឺនុយបរាជ័យ	메뉴 데이터 로드 실패	ໂຫຼດຂໍ້ມູນເມນູບໍ່ສຳເລັດ	မီနူးဒေတာ တင်မအောင်မြင်	Không tải được dữ liệu menu	Gagal memuatkan data menu	Gagal memuat data menu	Hindi na-load ang data ng menu
migrate_business_screen_pending	รอ migrate หน้าจอธุรกิจ	Business screen migration pending	业务页面迁移待处理	業務画面の移行待ち	រង់ចាំ migrate អេក្រង់អាជីវកម្ម	업무 화면 마이그레이션 대기	ລໍຖ້າ migrate ໜ້າຈໍທຸລະກິດ	လုပ်ငန်းမျက်နှာပြင် migration စောင့်နေသည်	Đang chờ migrate màn hình nghiệp vụ	Menunggu migrasi skrin perniagaan	Menunggu migrasi layar bisnis	Naghihintay ng migration ng business screen
migration_placeholder_description	โครงแท็บและ route พร้อมแล้ว ส่วนนี้จะถูกแทนด้วยหน้าจอธุรกิจจริงเมื่อ migrate ทีละ module เช่น ขายสินค้า ซื้อสินค้า รายงาน และข้อมูลหลัก	Tab and route shell is ready. This area will be replaced by real business screens as each module is migrated, such as sales, purchasing, reports, and master data.	标签和路由框架已准备好。迁移各模块时，此区域将替换为真实业务页面，例如销售、采购、报表和主数据。	タブとルートの枠組みは準備済みです。販売、購買、レポート、マスターデータなどの各モジュール移行時に実画面へ置き換わります。	ស៊ុមថេប និង route រួចរាល់ហើយ។ តំបន់នេះនឹងត្រូវជំនួសដោយអេក្រង់អាជីវកម្មពិត នៅពេល migrate module ដូចជា លក់ ទិញ របាយការណ៍ និងទិន្នន័យមេ	탭과 라우트 구조가 준비되었습니다. 판매, 구매, 보고서, 기본 데이터 등 모듈별 마이그레이션 시 실제 업무 화면으로 교체됩니다.	ໂຄງແທັບ ແລະ route ພ້ອມແລ້ວ. ພື້ນທີ່ນີ້ຈະຖືກແທນດ້ວຍໜ້າຈໍທຸລະກິດຈິງເມື່ອ migrate ແຕ່ລະ module ເຊັ່ນ ຂາຍ ຊື້ ລາຍງານ ແລະ ຂໍ້ມູນຫຼັກ	တက်ဘ်နှင့် route ဖွဲ့စည်းပုံ အသင့်ဖြစ်ပါပြီ။ အရောင်း၊ အဝယ်၊ အစီရင်ခံစာနှင့် အခြေခံဒေတာ module များ migrate လုပ်သည့်အခါ ဤနေရာကို လုပ်ငန်းမျက်နှာပြင်အစစ်ဖြင့် အစားထိုးမည်။	Khung tab và route đã sẵn sàng. Khu vực này sẽ được thay bằng màn hình nghiệp vụ thật khi migrate từng module như bán hàng, mua hàng, báo cáo và dữ liệu chính.	Rangka tab dan route sudah tersedia. Kawasan ini akan diganti dengan skrin perniagaan sebenar apabila setiap modul dimigrasi seperti jualan, belian, laporan dan data induk.	Kerangka tab dan route sudah siap. Area ini akan diganti layar bisnis nyata saat tiap modul dimigrasi seperti penjualan, pembelian, laporan, dan master data.	Handa na ang tab at route shell. Papalitan ang bahaging ito ng tunay na business screen habang mina-migrate ang bawat module gaya ng sales, purchasing, reports, at master data.
module	หมวด	Module	模块	モジュール	ម៉ូឌុល	모듈	ໝວດ	မော်ဂျူး	Phân hệ	Modul	Modul	Module
nextjs_screen	หน้าจอ Next.js	Next.js screen	Next.js 页面	Next.js画面	អេក្រង់ Next.js	Next.js 화면	ໜ້າຈໍ Next.js	Next.js မျက်နှာပြင်	Màn hình Next.js	Skrin Next.js	Layar Next.js	Next.js screen
no_data_by_filter	ไม่พบข้อมูลตามเงื่อนไข	No data matches the filter	没有符合筛选条件的数据	条件に一致するデータがありません	គ្មានទិន្នន័យតាមលក្ខខណ្ឌ	필터 조건에 맞는 데이터가 없습니다	ບໍ່ພົບຂໍ້ມູນຕາມເງື່ອນໄຂ	စစ်ထုတ်မှုနှင့်ကိုက်ညီသော ဒေတာမရှိ	Không có dữ liệu theo điều kiện	Tiada data mengikut penapis	Tidak ada data sesuai filter	Walang data na tumutugma sa filter
no_frequent_menu	ยังไม่มีเมนูใช้ประจำ	No frequent menus yet	暂无常用菜单	よく使うメニューはまだありません	មិនទាន់មានម៉ឺនុយប្រើញឹកញាប់	자주 쓰는 메뉴가 아직 없습니다	ຍັງບໍ່ມີເມນູທີ່ໃຊ້ປະຈຳ	အသုံးများမီနူး မရှိသေးပါ	Chưa có menu thường dùng	Belum ada menu kerap digunakan	Belum ada menu sering dipakai	Wala pang madalas gamitin na menu
no_menu_found	ไม่พบเมนู	No menu found	未找到菜单	メニューが見つかりません	រកមិនឃើញម៉ឺនុយ	메뉴를 찾을 수 없습니다	ບໍ່ພົບເມນູ	မီနူးမတွေ့ပါ	Không tìm thấy menu	Menu tidak ditemui	Menu tidak ditemukan	Walang nakitang menu
old_flutter_route	Flutter route เดิม	Legacy Flutter route	旧版 Flutter 路由	旧Flutterルート	Flutter route ចាស់	기존 Flutter 라우트	Flutter route ເດີມ	ယခင် Flutter route	Route Flutter cũ	Route Flutter lama	Route Flutter lama	Lumang Flutter route
open_as_tab	เปิดเป็นแท็บ	Open as tab	打开为标签	タブで開く	បើកជាថេប	탭으로 열기	ເປີດເປັນແທັບ	တက်ဘ်အဖြစ်ဖွင့်	Mở thành tab	Buka sebagai tab	Buka sebagai tab	Buksan bilang tab
open_tabs	แท็บที่เปิดอยู่	Open tabs	已打开标签	開いているタブ	ថេបដែលបានបើក	열린 탭	ແທັບທີ່ເປີດຢູ່	ဖွင့်ထားသော တက်ဘ်များ	Tab đang mở	Tab terbuka	Tab terbuka	Mga bukas na tab
organization_master	ข้อมูลหลักองค์กร	Organization Master	组织主数据	組織マスター	ទិន្នន័យមេអង្គការ	조직 기본 데이터	ຂໍ້ມູນຫຼັກອົງກອນ	အဖွဲ့အစည်းအခြေခံဒေတာ	Dữ liệu chính tổ chức	Induk organisasi	Master organisasi	Organization master
placeholder	ตัวอย่าง	Placeholder	占位	プレースホルダー	កន្លែងដាក់	플레이스홀더	ຕົວຢ່າງ	နေရာယူစာသား	Giữ chỗ	Placeholder	Placeholder	Placeholder
previous	ก่อนหน้า	Previous	上一页	前へ	មុន	이전	ກ່ອນໜ້າ	ယခင်	Trước	Sebelumnya	Sebelumnya	Nakaraan
procurement	จัดซื้อจัดหา	Procurement	采购	調達	លទ្ធកម្ម	조달	ຈັດຊື້ຈັດຫາ	ဝယ်ယူရေး	Mua sắm	Perolehan	Pengadaan	Procurement
product_database	จัดการฐานข้อมูลสินค้า	Product Database	商品数据库	商品データベース	មូលដ្ឋានទិន្នន័យផលិតផល	상품 데이터베이스	ຖານຂໍ້ມູນສິນຄ້າ	ကုန်ပစ္စည်းဒေတာဘေ့စ်	Cơ sở dữ liệu hàng hóa	Pangkalan data produk	Basis data produk	Product database
product_management	จัดการสินค้า	Products	商品管理	商品管理	គ្រប់គ្រងផលិតផល	상품 관리	ຈັດການສິນຄ້າ	ကုန်ပစ္စည်းစီမံခန့်ခွဲမှု	Quản lý hàng hóa	Pengurusan produk	Manajemen produk	Pamamahala ng produkto
purchase_advance_deposit	เงินล่วงหน้า/เงินมัดจำฝั่งซื้อ	Purchase Advance / Deposit	采购预付款/押金	購買前払い/保証金	ប្រាក់បង់មុន/ប្រាក់កក់ផ្នែកទិញ	구매 선급금/보증금	ເງິນລ່ວງໜ້າ/ເງິນມັດຈຳຝັ່ງຊື້	ဝယ်ယူပိုင်း ကြိုတင်ငွေ/အပ်ငွေ	Tạm ứng / đặt cọc mua hàng	Pendahuluan / deposit belian	Uang muka / deposit pembelian	Advance / deposito sa pagbili
purchase_group	ซื้อ	Purchase	采购	購買	ទិញ	구매	ຊື້	ဝယ်ယူ	Mua hàng	Belian	Pembelian	Pagbili
ready_as_tab	พร้อมเปิดเป็นแท็บ	Ready as tabs	可作为标签打开	タブで開く準備済み	រួចរាល់បើកជាថេប	탭으로 열 준비됨	ພ້ອມເປີດເປັນແທັບ	တက်ဘ်အဖြစ်ဖွင့်ရန် အသင့်	Sẵn sàng mở dạng tab	Sedia dibuka sebagai tab	Siap dibuka sebagai tab	Handang buksan bilang tab
receive_pay_money	รับ/จ่ายเงิน	Receive / Pay Money	收/付款	入出金	ទទួល/បង់ប្រាក់	수금/지급	ຮັບ/ຈ່າຍເງິນ	ငွေလက်ခံ/ပေးချေ	Nhận / chi tiền	Terima / bayar wang	Terima / bayar uang	Tanggap / bayad ng pera
route	Route	Route	路由	ルート	Route	라우트	Route	Route	Route	Route	Route	Route
route_count_by_main_category	จำนวน route ที่ migrate มาเป็น Next.js แยกตามหมวดหลัก	Number of routes migrated to Next.js by main category	按主分类统计已迁移到 Next.js 的路由数量	Next.jsへ移行したルート数を主要カテゴリ別に表示	ចំនួន route ដែល migrate ទៅ Next.js តាមប្រភេទមេ	주요 분류별 Next.js로 마이그레이션된 라우트 수	ຈຳນວນ route ທີ່ migrate ມາເປັນ Next.js ແຍກຕາມໝວດຫຼັກ	အဓိကအမျိုးအစားအလိုက် Next.js သို့ migrate လုပ်ထားသော route အရေအတွက်	Số route đã migrate sang Next.js theo nhóm chính	Bilangan route yang dimigrasi ke Next.js mengikut kategori utama	Jumlah route yang dimigrasi ke Next.js per kategori utama	Bilang ng route na na-migrate sa Next.js ayon sa pangunahing kategorya
routine_group	กลุ่มงานประจำ	Routine group	日常业务组	定常業務グループ	ក្រុមការងារប្រចាំ	정기 업무 그룹	ກຸ່ມວຽກປະຈຳ	ပုံမှန်လုပ်ငန်းအုပ်စု	Nhóm nghiệp vụ thường xuyên	Kumpulan rutin	Kelompok rutin	Routine group
sales_group	ขาย	Sales	销售	販売	លក់	판매	ຂາຍ	ရောင်းချ	Bán hàng	Jualan	Penjualan	Benta
sales_reports	รายงานขาย	Sales Reports	销售报告	売上レポート	របាយការណ៍លក់	판매 보고서	ລາຍງານຂາຍ	အရောင်းအစီရင်ခံစာများ	Báo cáo bán hàng	Laporan jualan	Laporan penjualan	Mga ulat ng benta
search_menu_document_route	ค้นหาเมนู เอกสาร หรือ route	Search menu, document, or route	搜索菜单、单据或路由	メニュー、伝票、ルートを検索	ស្វែងរកម៉ឺនុយ ឯកសារ ឬ route	메뉴, 문서, 라우트 검색	ຄົ້ນຫາເມນູ ເອກະສານ ຫຼື route	မီနူး၊ စာရွက်စာတမ်း သို့မဟုတ် route ရှာဖွေ	Tìm menu, chứng từ hoặc route	Cari menu, dokumen atau route	Cari menu, dokumen, atau route	Maghanap ng menu, dokumento, o route
search_menu_group_route	ค้นหาเมนู กลุ่ม หรือ route	Search menu, group, or route	搜索菜单、分组或路由	メニュー、グループ、ルートを検索	ស្វែងរកម៉ឺនុយ ក្រុម ឬ route	메뉴, 그룹, 라우트 검색	ຄົ້ນຫາເມນູ ກຸ່ມ ຫຼື route	မီနူး၊ အုပ်စု သို့မဟုတ် route ရှာဖွေ	Tìm menu, nhóm hoặc route	Cari menu, kumpulan atau route	Cari menu, grup, atau route	Maghanap ng menu, grupo, o route
show_menu	แสดงเมนู	Show menu	显示菜单	メニューを表示	បង្ហាញម៉ឺនុយ	메뉴 보이기	ສະແດງເມນູ	မီနူးပြ	Hiện menu	Tunjuk menu	Tampilkan menu	Ipakita ang menu
status_migration	กำลังย้าย	Migrating	正在迁移	移行中	កំពុង migrate	마이그레이션 중	ກຳລັງຍ້າຍ	ရွှေ့ပြောင်းနေသည်	Đang migrate	Sedang migrasi	Sedang migrasi	Nagmi-migrate
status_planned	วางแผน	Planned	已计划	計画済み	បានគ្រោង	계획됨	ວາງແຜນ	စီစဉ်ထားသည်	Đã lên kế hoạch	Dirancang	Direncanakan	Nakaplano
status_ready	พร้อมใช้	Ready	就绪	準備完了	រួចរាល់	준비됨	ພ້ອມໃຊ້	အသင့်ဖြစ်သည်	Sẵn sàng	Sedia	Siap	Handa
stock_group	คลังสินค้า	Stock	库存	在庫	ស្តុក	재고	ຄັງສິນຄ້າ	ကုန်လက်ကျန်	Tồn kho	Stok	Stok	Stock
target	เป้าหมาย	Target	目标	対象	គោលដៅ	대상	ເປົ້າໝາຍ	ပစ်မှတ်	Mục tiêu	Sasaran	Target	Target
updated_at	อัปเดต	Updated	已更新	更新日	បានអាប់ដេត	업데이트됨	ອັບເດດ	အပ်ဒိတ်လုပ်ပြီး	Đã cập nhật	Dikemas kini	Diperbarui	Na-update
waiting_report_screen_migration	รอ migrate หน้าจอรายงาน	Waiting for report screen migration	等待报表页面迁移	レポート画面の移行待ち	រង់ចាំ migrate អេក្រង់របាយការណ៍	보고서 화면 마이그레이션 대기	ລໍຖ້າ migrate ໜ້າຈໍລາຍງານ	အစီရင်ခံစာမျက်နှာပြင် migration စောင့်နေသည်	Đang chờ migrate màn hình báo cáo	Menunggu migrasi skrin laporan	Menunggu migrasi layar laporan	Naghihintay ng migration ng report screen
book_bank	สมุดบัญชีธนาคาร	Bank Book	银行存折	銀行口座帳	សៀវភៅគណនីធនាគារ	은행 통장	ປື້ມບັນຊີທະນາຄານ	ဘဏ်စာအုပ်	Sổ ngân hàng	Buku bank	Buku bank	Bank book
stock_transfer	โอนสินค้า	Stock Transfer	库存调拨	在庫移動	ផ្ទេរស្តុក	재고 이동	ໂອນສິນຄ້າ	ကုန်ပစ္စည်းလွှဲပြောင်း	Chuyển kho	Pindahan stok	Transfer stok	Paglipat ng stock
new_item	รายการใหม่	New item	新项目	新規項目	ធាតុថ្មី	새 항목	ລາຍການໃໝ່	รายการใหม่	Mục mới	Item baharu	Item baru	Bagong item
permission_code	รหัสสิทธิ์	Permission code	权限代码	権限コード	លេខកូដសិទ្ធិ	권한 코드	ລະຫັດສິດ	ကုဒ်ခွင့်ပြုချက်	Mã quyền	Kod kebenaran	Kode izin	Permission code
permission_name	ชื่อสิทธิ์	Permission name	权限名称	権限名	ឈ្មោះសិទ្ធិ	권한 이름	ຊື່ສິດ	အမည်ခွင့်ပြုချက်	Tên quyền	Nama kebenaran	Nama izin	Permission name
branch_permissions	สิทธิ์ตามสาขา	Branch permissions	分支权限	支店別権限	សិទ្ធិតាមសាខា	지점별 권한	ສິດຕາມສາຂາ	สาขาตามခွင့်ပြုချက်	Quyền theo chi nhánh	Kebenaran cawangan	Izin cabang	Branch permissions
approval_code	รหัสสิทธิ์การอนุมัติ	Approval permission code	审批权限代码	承認権限コード	លេខកូដសិទ្ធិអនុម័ត	승인 권한 코드	ລະຫັດສິດອະນຸມັດ	အတည်ပြုခွင့်ကုဒ်	Mã quyền phê duyệt	Kod kebenaran kelulusan	Kode izin persetujuan	Approval permission code
approval_name	ชื่อสิทธิ์การอนุมัติ	Approval permission name	审批权限名称	承認権限名	ឈ្មោះសិទ្ធិអនុម័ត	승인 권한 이름	ຊື່ສິດອະນຸມັດ	အတည်ပြုခွင့်အမည်	Tên quyền phê duyệt	Nama kebenaran kelulusan	Nama izin persetujuan	Approval permission name
approval_permission	สิทธิ์การอนุมัติ	Approval permission	审批权限	承認権限	សិទ្ធិអនុម័ត	승인 권한	ສິດອະນຸມັດ	အတည်ပြုခွင့်	Quyền phê duyệt	Kebenaran kelulusan	Izin persetujuan	Approval permission
permission_codes	สิทธิ์	Permissions	权限	権限	សិទ្ធិ	권한	ສິດ	ခွင့်ပြုချက်	Quyền	Kebenaran	Izin	Permissions
approval_codes	สิทธิ์การอนุมัติ	Approval permissions	审批权限	承認権限	សិទ្ធិអនុម័ត	승인 권한	ສິດອະນຸມັດ	အတည်ပြုခွင့်	Quyền phê duyệt	Kebenaran kelulusan	Izin persetujuan	Approval permissions
user_employee_code	รหัสผู้ใช้/พนักงาน	User/employee code	用户/员工代码	ユーザー/従業員コード	លេខកូដអ្នកប្រើ/បុគ្គលិក	사용자/직원 코드	ລະຫັດຜູ້ໃຊ້/ພະນັກງານ	အသုံးပြုသူ/ဝန်ထမ်းကုဒ်	Mã người dùng/nhân viên	Kod pengguna/pekerja	Kode pengguna/karyawan	User/employee code
select_user	เลือกผู้ใช้งาน	Select user	选择用户	ユーザーを選択	ជ្រើសរើសអ្នកប្រើ	사용자 선택	ເລືອກຜູ້ໃຊ້	အသုံးပြုသူရွေးပါ	Chọn người dùng	Pilih pengguna	Pilih pengguna	Pumili ng user
select_user_first	กรุณาเลือกผู้ใช้งานก่อน	Select user first	请先选择用户	先にユーザーを選択	សូមជ្រើសរើសអ្នកប្រើជាមុន	먼저 사용자를 선택하세요	ກະລຸນາເລືອກຜູ້ໃຊ້ກ່ອນ	ကျေးဇူးပြု၍ အသုံးပြုသူကို ဦးစွာရွေးပါ	Vui lòng chọn người dùng trước	Pilih pengguna dahulu	Pilih pengguna terlebih dahulu	Pumili muna ng user
search_user_hint	พิมพ์อย่างน้อย 2 ตัวอักษรเพื่อค้นหาผู้ใช้งาน	Type at least 2 characters to search users.	输入至少 2 个字符以搜索用户	ユーザー検索には2文字以上入力	វាយយ៉ាងហោចណាស់ 2 តួអក្សរដើម្បីស្វែងរកអ្នកប្រើ	사용자 검색은 2자 이상 입력	ພິມຢ່າງໜ້ອຍ 2 ຕົວອັກສອນເພື່ອຄົ້ນຫາຜູ້ໃຊ້	အသုံးပြုသူရှာရန် အနည်းဆုံး စာလုံး 2 လုံး ရိုက်ပါ	Nhập ít nhất 2 ký tự để tìm người dùng	Taip sekurang-kurangnya 2 aksara untuk cari pengguna	Ketik minimal 2 karakter untuk mencari pengguna	Mag-type ng hindi bababa sa 2 character para maghanap ng user
no_permission	ไม่มีสิทธิ์	No permission	无权限	権限なし	គ្មានសិទ្ធិ	권한 없음	ບໍ່ມີສິດ	ခွင့်ပြုချက်မရှိ	Không có quyền	Tiada kebenaran	Tidak ada izin	Walang pahintulot
permission_group	กำหนดสิทธิ์ตามกลุ่ม	Permission Group	权限组	権限グループ	ក្រុមសិទ្ធិ	권한 그룹	ກຸ່ມສິດ	ခွင့်ပြုချက်အုပ်စု	Nhóm quyền	Permission Group	Permission Group	Permission Group
